"Date Time","Transaction Type","Card Number","Vehicle Number","Driver Card Number","Product Type","Billing Type","Transaction Volume (Litres)","Transaction Amount (RM)","Station Name","Odometer","Card Type","Cost Centre","Cost Centre Name","Statement Month"
"23/03/2018 20:47","Purchase","'70838153003423959","WXR284","","Diesel","Billed","22.94","50.00","PSS KLUANG AIR HITAM","","Standalone","","","31 Mar 2018"
"23/03/2018 20:46","Reload","'70838153003423959","WXR284","","","Billed","","-50.00","PSS KLUANG AIR HITAM","","Standalone","","","31 Mar 2018"
"20/03/2018 10:31","Purchase","'70838153003423959","WXR284","","PRIMAX 95","Billed","22.94","50.00","PSS BANDAR BARU AIR HITAM","","Standalone","","","31 Mar 2018"
"20/03/2018 10:29","Reload","'70838153003423959","WXR284","","","Billed","","-70.00","PSS BANDAR BARU AIR HITAM","","Standalone","","","31 Mar 2018"
"17/03/2018 12:58","Purchase","'70838153003423959","WXR284","","Diesel","Billed","23.15","50.00","PSS JALAN MENGKIBOL KLUANG","","Standalone","","","31 Mar 2018"
"17/03/2018 12:57","Reload","'70838153003423959","WXR284","","","Billed","","-50.00","PSS JALAN MENGKIBOL KLUANG","","Standalone","","","31 Mar 2018"
"09/03/2018 22:57","Reload","'70838153003423959","WXR284","","","Billed","","-30.00","PSS TAMAN TAMPOI UTAMA","","Standalone","","","31 Mar 2018"