"Date Time","Transaction Type","Card Number","Vehicle Number","Driver Card Number","Product Type","Billing Type","Transaction Volume (Litres)","Transaction Amount (RM)","Station Name","Odometer","Card Type","Cost Centre","Cost Centre Name","Statement Month"
"30/03/2018 07:12","Purchase","'70838153003497763","WXR600","","PRIMAX 95","Billed","22.73","50.00","PSS PADANG MAT SIRAT","","Standalone","","","31 Mar 2018"
"30/03/2018 07:10","Reload","'70838153003497763","WXR600","","","Billed","","-50.00","PSS PADANG MAT SIRAT","","Standalone","","","31 Mar 2018"
"26/03/2018 14:43","Purchase","'70838153003497763","WXR600","","PRIMAX 95","Billed","2.73","6.00","PSS KELEBANG LANGKAWI","","Standalone","","","31 Mar 2018"
"24/03/2018 18:47","Purchase","'70838153003497763","WXR600","","PRIMAX 95","Billed","22.73","50.00","PSS KELEBANG LANGKAWI","","Standalone","","","31 Mar 2018"
"20/03/2018 07:45","Purchase","'70838153003497763","WXR600","","PRIMAX 95","Billed","22.94","50.00","PSS TOK SENIK","","Standalone","","","31 Mar 2018"
"20/03/2018 07:44","Reload","'70838153003497763","WXR600","","","Billed","","-100.00","PSS TOK SENIK","","Standalone","","","31 Mar 2018"
"11/03/2018 15:23","Purchase","'70838153003497763","WXR600","","PRIMAX 95","Billed","22.63","50.00","PSS KEDAWANG LANGKAWI","","Standalone","","","31 Mar 2018"
"11/03/2018 15:23","Reload","'70838153003497763","WXR600","","","Billed","","-50.00","PSS KEDAWANG LANGKAWI","","Standalone","","","31 Mar 2018"
"10/03/2018 07:16","Purchase","'70838153003497763","WXR600","","PRIMAX 95","Billed","11.31","25.00","PSS PADANG MAT SIRAT","","Standalone","","","31 Mar 2018"
"10/03/2018 07:15","Reload","'70838153003497763","WXR600","","","Billed","","-30.00","PSS PADANG MAT SIRAT","","Standalone","","","31 Mar 2018"