"Date Time","Transaction Type","Card Number","Vehicle Number","Driver Card Number","Product Type","Billing Type","Transaction Volume (Litres)","Transaction Amount (RM)","Station Name","Odometer","Card Type","Cost Centre","Cost Centre Name","Statement Month"
"31/03/2018 09:54","Purchase","'70838153003500418","WXR955","","PRIMAX 95","Billed","45.46","100.00","PSS RAWANG RSA","","Standalone","","","31 Mar 2018"
"31/03/2018 09:53","Reload","'70838153003500418","WXR955","","","Billed","","-150.00","PSS RAWANG RSA","","Standalone","","","31 Mar 2018"
"28/03/2018 20:17","Purchase","'70838153003500418","WXR955","","PRIMAX 95","Billed","22.73","50.00","PSS NPE TAMAN DESA","","Standalone","","","31 Mar 2018"
"24/03/2018 21:17","Purchase","'70838153003500418","WXR955","","PRIMAX 95","Billed","22.73","50.00","PSS SEK 7 SHAH ALAM","","Standalone","","","31 Mar 2018"
"24/03/2018 21:16","Reload","'70838153003500418","WXR955","","","Billed","","-100.00","PSS SEK 7 SHAH ALAM","","Standalone","","","31 Mar 2018"
"20/03/2018 19:53","Purchase","'70838153003500418","WXR955","","PRIMAX 95","Billed","22.94","50.00","PSS BATU 3 FEDERAL HIGHWAY","","Standalone","","","31 Mar 2018"
"20/03/2018 19:51","Reload","'70838153003500418","WXR955","","","Billed","","-50.00","PSS BATU 3 FEDERAL HIGHWAY","","Standalone","","","31 Mar 2018"
"11/03/2018 08:47","Purchase","'70838153003500418","WXR955","","PRIMAX 95","Billed","45.25","100.00","PSS SEK 7 SHAH ALAM","","Standalone","","","31 Mar 2018"
"10/03/2018 08:53","Reload","'70838153003500418","WXR955","","","Billed","","-100.00","PSS SEK 15 SHAH ALAM","","Standalone","","","31 Mar 2018"
"04/03/2018 10:03","Purchase","'70838153003500418","WXR955","","PRIMAX 95","Billed","45.46","100.00","PSS BATU 3 FEDERAL HIGHWAY","","Standalone","","","31 Mar 2018"
"03/03/2018 10:08","Reload","'70838153003500418","WXR955","","","Billed","","-100.00","PSS USJ 4 UEP SUBANG JAYA","","Standalone","","","31 Mar 2018"