"Date Time","Transaction Type","Card Number","Vehicle Number","Driver Card Number","Product Type","Billing Type","Transaction Volume (Litres)","Transaction Amount (RM)","Station Name","Odometer","Card Type","Cost Centre","Cost Centre Name","Statement Month"
"28/03/2018 08:17","Purchase","'70838153003423157","WXR93","","PRIMAX 95","Billed","36.02","79.25","PSS SECT 15 BB BANGI","61850","Standalone","","","31 Mar 2018"
"28/03/2018 08:14","Reload","'70838153003423157","WXR93","","","Billed","","-200.00","PSS SECT 15 BB BANGI","","Standalone","","","31 Mar 2018"
"26/03/2018 21:54","Purchase","'70838153003423157","WXR93","","PRIMAX 95","Billed","35.46","78.01","PSS SEK 3 BANDAR BARU BANGI","62000","Standalone","","","31 Mar 2018"
"21/03/2018 22:19","Purchase","'70838153003423157","WXR93","","PRIMAX 95","Billed","21.33","46.50","PSS SECT 15 BB BANGI","70050","Standalone","","","31 Mar 2018"
"18/03/2018 12:31","Purchase","'70838153003423157","WXR93","","PRIMAX 95","Billed","57.56","125.49","PSS SEK 3 BANDAR BARU BANGI","61299","Standalone","","","31 Mar 2018"
"18/03/2018 12:30","Reload","'70838153003423157","WXR93","","","Billed","","-250.00","PSS SEK 3 BANDAR BARU BANGI","","Standalone","","","31 Mar 2018"
"16/03/2018 18:55","Purchase","'70838153003423157","WXR93","","PRIMAX 95","Billed","10.55","22.99","PSS TAMAN SAMUDERA BATU CAVES","15","Standalone","","","31 Mar 2018"
"12/03/2018 07:21","Purchase","'70838153003423157","WXR93","","PRIMAX 95","Billed","57.47","127.01","PSS SEK 3 BANDAR BARU BANGI","60946","Standalone","","","31 Mar 2018"
"12/03/2018 07:20","Reload","'70838153003423157","WXR93","","","Billed","","-150.00","PSS SEK 3 BANDAR BARU BANGI","","Standalone","","","31 Mar 2018"
"10/03/2018 21:37","Purchase","'70838153003423157","WXR93","","PRIMAX 95","Billed","16.81","37.15","PSS SECT 15 BB BANGI","60773","Standalone","","","31 Mar 2018"
"05/03/2018 09:30","Purchase","'70838153003423157","WXR93","","PRIMAX 95","Billed","55.84","122.85","PSS JALAN KOLAM AYER","60362","Standalone","","","31 Mar 2018"
"04/03/2018 19:15","Reload","'70838153003423157","WXR93","","","Billed","","-150.00","PSS KLIA 2","","Standalone","","","31 Mar 2018"
"02/03/2018 08:35","Purchase","'70838153003423157","WXR93","","PRIMAX 95","Billed","43.68","96.10","PSS LOT 4783 BUKIT JALIL","59600","Standalone","","","31 Mar 2018"