"Date Time","Transaction Type","Card Number","Vehicle Number","Driver Card Number","Product Type","Billing Type","Transaction Volume (Litres)","Transaction Amount (RM)","Station Name","Odometer","Card Type","Cost Centre","Cost Centre Name","Statement Month"
"21/03/2018 08:35","Purchase","'70838153003497417","WXR845","","PRIMAX 95","Billed","44.04","96.00","PSS JALAN TRAS BENTONG","112357","Standalone","","","31 Mar 2018"
"21/03/2018 08:34","Reload","'70838153003497417","WXR845","","","Billed","","-100.00","PSS JALAN TRAS BENTONG","","Standalone","","","31 Mar 2018"
"18/03/2018 14:20","Purchase","'70838153003497417","WXR845","","PRIMAX 95","Billed","28.08","61.22","PSS TAMAN MELATI","112720","Standalone","","","31 Mar 2018"
"16/03/2018 17:10","Purchase","'70838153003497417","WXR845","","PRIMAX 95","Billed","60.00","130.80","PSS JALAN KUALA PERLIS","112154","Standalone","","","31 Mar 2018"
"16/03/2018 17:07","Reload","'70838153003497417","WXR845","","","Billed","","-150.00","PSS JALAN KUALA PERLIS","","Standalone","","","31 Mar 2018"
"03/03/2018 11:30","Purchase","'70838153003497417","WXR845","","PRIMAX 95","Billed","45.45","100.00","PSS KANGAR","","Standalone","","","31 Mar 2018"
"03/03/2018 11:28","Reload","'70838153003497417","WXR845","","","Billed","","-60.00","PSS KANGAR","","Standalone","","","31 Mar 2018"