"Date Time","Transaction Type","Card Number","Vehicle Number","Driver Card Number","Product Type","Billing Type","Transaction Volume (Litres)","Transaction Amount (RM)","Station Name","Odometer","Card Type","Cost Centre","Cost Centre Name","Statement Month"
"23/03/2018 16:49","Purchase","'70838153003500954","WXR968","","PRIMAX 95","Billed","37.73","83.00","PSS TAMAN PUTRA","","Standalone","","","31 Mar 2018"
"23/03/2018 16:48","Reload","'70838153003500954","WXR968","","","Billed","","-100.00","PSS TAMAN PUTRA","","Standalone","","","31 Mar 2018"
"16/03/2018 15:22","Purchase","'70838153003500954","WXR968","","PRIMAX 95","Billed","38.79","84.57","PSS TAMAN PUTRA","","Standalone","","","31 Mar 2018"
"10/03/2018 18:24","Purchase","'70838153003500954","WXR968","","PRIMAX 95","Billed","30.00","66.30","PSS BUKIT NANDING","","Standalone","","","31 Mar 2018"
"10/03/2018 18:24","Reload","'70838153003500954","WXR968","","","Billed","","-100.00","PSS BUKIT NANDING","","Standalone","","","31 Mar 2018"
"03/03/2018 19:23","Purchase","'70838153003500954","WXR968","","PRIMAX 95","Billed","30.00","66.00","PSS TAMAN DAGANG","","Standalone","","","31 Mar 2018"
"03/03/2018 19:20","Reload","'70838153003500954","WXR968","","","Billed","","-100.00","PSS TAMAN DAGANG","","Standalone","","","31 Mar 2018"
"01/03/2018 13:42","Purchase","'70838153003500954","WXR968","","PRIMAX 95","Billed","22.73","50.00","PSS JALAN KOLAM AYER","","Standalone","","","31 Mar 2018"