"Date Time","Transaction Type","Card Number","Vehicle Number","Driver Card Number","Product Type","Billing Type","Transaction Volume (Litres)","Transaction Amount (RM)","Station Name","Odometer","Card Type","Cost Centre","Cost Centre Name","Statement Month"
"31/03/2018 20:06","Reload","'70838153003424981","WXR139","","","Un-billed","","-80.00","PSS WANGSA MAJU SEK 2","","Standalone","","","Unbilled Transaction"
"23/03/2018 13:31","Purchase","'70838153003424981","WXR139","","PRIMAX 95","Billed","9.09","20.00","PSS WANGSA MELAWATI","29000","Standalone","","","31 Mar 2018"
"23/03/2018 13:28","Reload","'70838153003424981","WXR139","","","Billed","","-20.00","PSS WANGSA MELAWATI","","Standalone","","","31 Mar 2018"
"12/03/2018 13:53","Purchase","'70838153003424981","WXR139","","PRIMAX 95","Billed","9.05","20.00","PSS WANGSA MAJU SEK 2","29299","Standalone","","","31 Mar 2018"
"12/03/2018 13:49","Reload","'70838153003424981","WXR139","","","Billed","","-20.00","PSS WANGSA MAJU SEK 2","","Standalone","","","31 Mar 2018"
"08/03/2018 19:02","Purchase","'70838153003424981","WXR139","","PRIMAX 95","Billed","31.67","70.00","PSS WANGSA MELAWATI","","Standalone","","","31 Mar 2018"
"08/03/2018 18:57","Reload","'70838153003424981","WXR139","","","Billed","","-70.00","PSS WANGSA MELAWATI","","Standalone","","","31 Mar 2018"