"Date Time","Transaction Type","Card Number","Vehicle Number","Driver Card Number","Product Type","Billing Type","Transaction Volume (Litres)","Transaction Amount (RM)","Station Name","Odometer","Card Type","Cost Centre","Cost Centre Name","Statement Month"
"30/03/2018 14:46","Purchase","'70838153003425004","WXR141","","PRIMAX 95","Billed","26.36","58.00","PSS SEKSYEN 7 BANGI","","Standalone","","","31 Mar 2018"
"30/03/2018 14:45","Reload","'70838153003425004","WXR141","","","Billed","","-100.00","PSS SEKSYEN 7 BANGI","","Standalone","","","31 Mar 2018"
"29/03/2018 20:01","Purchase","'70838153003425004","WXR141","","PRIMAX 95","Billed","13.64","30.00","PSS MRR2 BATU CAVES","","Standalone","","","31 Mar 2018"
"29/03/2018 19:59","Reload","'70838153003425004","WXR141","","","Billed","","-30.00","PSS MRR2 BATU CAVES","","Standalone","","","31 Mar 2018"
"28/03/2018 13:06","Purchase","'70838153003425004","WXR141","","PRIMAX 95","Billed","13.64","30.00","PSS KELANA JAYA 1","","Standalone","","","31 Mar 2018"
"28/03/2018 13:04","Reload","'70838153003425004","WXR141","","","Billed","","-30.00","PSS KELANA JAYA 1","","Standalone","","","31 Mar 2018"
"26/03/2018 09:15","Purchase","'70838153003425004","WXR141","","PRIMAX 95","Billed","22.73","50.00","PSS BUKIT BANDAR RAYA","","Standalone","","","31 Mar 2018"
"26/03/2018 09:14","Reload","'70838153003425004","WXR141","","","Billed","","-50.00","PSS BUKIT BANDAR RAYA","","Standalone","","","31 Mar 2018"
"24/03/2018 13:08","Purchase","'70838153003425004","WXR141","","PRIMAX 95","Billed","9.09","20.00","PSS LOT 4783 BUKIT JALIL","","Standalone","","","31 Mar 2018"
"24/03/2018 13:07","Reload","'70838153003425004","WXR141","","","Billed","","-20.00","PSS LOT 4783 BUKIT JALIL","","Standalone","","","31 Mar 2018"
"20/03/2018 12:04","Purchase","'70838153003425004","WXR141","","PRIMAX 97","Billed","21.22","52.00","PSS MRR2 BATU CAVES","","Standalone","","","31 Mar 2018"
"20/03/2018 12:01","Reload","'70838153003425004","WXR141","","","Billed","","-50.00","PSS MRR2 BATU CAVES","","Standalone","","","31 Mar 2018"
"19/03/2018 17:30","Purchase","'70838153003425004","WXR141","","PRIMAX 97","Billed","16.33","40.00","PSS JALAN SELANGOR","","Standalone","","","31 Mar 2018"
"19/03/2018 11:14","Reload","'70838153003425004","WXR141","","","Billed","","-32.00","PSS SUNGAI BESI - PUCHONG BYPASS","","Standalone","","","31 Mar 2018"
"13/03/2018 19:57","Purchase","'70838153003425004","WXR141","","PRIMAX 95","Billed","22.63","50.00","PSS JALAN JAMBU JERTEH","","Standalone","","","31 Mar 2018"
"12/03/2018 18:00","Reload","'70838153003425004","WXR141","","","Billed","","-60.00","PSS JINJANG","","Standalone","","","31 Mar 2018"