"Date Time","Transaction Type","Card Number","Vehicle Number","Driver Card Number","Product Type","Billing Type","Transaction Volume (Litres)","Transaction Amount (RM)","Station Name","Odometer","Card Type","Cost Centre","Cost Centre Name","Statement Month"
"25/03/2018 22:51","Purchase","'70838153003495916","WXR334","","PRIMAX 95","Billed","22.73","50.00","PSS BANDAR PUTRA 2","","Standalone","","","31 Mar 2018"
"25/03/2018 22:49","Reload","'70838153003495916","WXR334","","","Billed","","-50.00","PSS BANDAR PUTRA 2","","Standalone","","","31 Mar 2018"
"18/03/2018 18:02","Purchase","'70838153003495916","WXR334","","PRIMAX 95","Billed","22.94","50.00","PSS BANDAR PUTRA 3","","Standalone","","","31 Mar 2018"
"18/03/2018 18:00","Reload","'70838153003495916","WXR334","","","Billed","","-50.00","PSS BANDAR PUTRA 3","","Standalone","","","31 Mar 2018"
"17/03/2018 16:48","Purchase","'70838153003495916","WXR334","","PRIMAX 95","Billed","22.94","50.00","PSS DESARU","","Standalone","","","31 Mar 2018"
"17/03/2018 16:47","Reload","'70838153003495916","WXR334","","","Billed","","-50.00","PSS DESARU","","Standalone","","","31 Mar 2018"
"16/03/2018 02:32","Purchase","'70838153003495916","WXR334","","PRIMAX 95","Billed","17.43","38.00","PSS AYER KEROH 3","","Standalone","","","31 Mar 2018"
"16/03/2018 02:32","Purchase","'70838153003495916","WXR334","","PRIMAX 95","Un-billed","17.43","38.00","PSS AYER KEROH 3","","Standalone","","","Unbilled Transaction"
"16/03/2018 02:31","Reload","'70838153003495916","WXR334","","","Billed","","-50.00","PSS AYER KEROH 3","","Standalone","","","31 Mar 2018"
"11/03/2018 13:57","Purchase","'70838153003495916","WXR334","","PRIMAX 95","Billed","33.08","73.10","PSS SENAI","","Standalone","","","31 Mar 2018"
"11/03/2018 13:53","Reload","'70838153003495916","WXR334","","","Billed","","-100.00","PSS SENAI","","Standalone","","","31 Mar 2018"