"Date Time","Transaction Type","Card Number","Vehicle Number","Driver Card Number","Product Type","Billing Type","Transaction Volume (Litres)","Transaction Amount (RM)","Station Name","Odometer","Card Type","Cost Centre","Cost Centre Name","Statement Month"
"22/03/2018 17:26","Purchase","'70838153003498084","WXR411","","PRIMAX 95","Billed","22.73","50.00","PSS BANDAR BARU KERTEH","","Standalone","","","31 Mar 2018"
"20/03/2018 16:01","Purchase","'70838153003498084","WXR411","","PRIMAX 95","Billed","22.84","49.79","PSS BANDAR BARU KERTEH","","Standalone","","","31 Mar 2018"
"17/03/2018 10:36","Purchase","'70838153003498084","WXR411","","PRIMAX 95","Billed","22.94","50.00","PSS TAMAN BALOK MAKMUR","","Standalone","","","31 Mar 2018"
"17/03/2018 10:35","Reload","'70838153003498084","WXR411","","","Billed","","-150.00","PSS TAMAN BALOK MAKMUR","","Standalone","","","31 Mar 2018"
"06/03/2018 19:46","Purchase","'70838153003498084","WXR411","","PRIMAX 95","Billed","22.73","50.00","PSS TAMAN BALOK MAKMUR","","Standalone","","","31 Mar 2018"
"05/03/2018 11:46","Purchase","'70838153003498084","WXR411","","PRIMAX 95","Billed","22.73","50.00","PSS TAMAN BALOK MAKMUR","","Standalone","","","31 Mar 2018"