"Date Time","Transaction Type","Card Number","Vehicle Number","Driver Card Number","Product Type","Billing Type","Transaction Volume (Litres)","Transaction Amount (RM)","Station Name","Odometer","Card Type","Cost Centre","Cost Centre Name","Statement Month"
"28/03/2018 07:44","Purchase","'70838153003498985","WXR639","","PRIMAX 95","Billed","22.73","50.00","PSS KEPONG INDAH","195771","Standalone","","","31 Mar 2018"
"28/03/2018 07:42","Reload","'70838153003498985","WXR639","","","Billed","","-50.00","PSS KEPONG INDAH","","Standalone","","","31 Mar 2018"
"26/03/2018 08:30","Purchase","'70838153003498985","WXR639","","PRIMAX 95","Billed","22.73","50.00","PSS TAMAN DAYA KEPONG","195655","Standalone","","","31 Mar 2018"
"26/03/2018 08:28","Reload","'70838153003498985","WXR639","","","Billed","","-50.00","PSS TAMAN DAYA KEPONG","","Standalone","","","31 Mar 2018"
"22/03/2018 10:09","Purchase","'70838153003498985","WXR639","","PRIMAX 95","Billed","22.73","50.00","PSS SELAYANG BARU","195511","Standalone","","","31 Mar 2018"
"22/03/2018 10:07","Reload","'70838153003498985","WXR639","","","Billed","","-50.00","PSS SELAYANG BARU","","Standalone","","","31 Mar 2018"
"20/03/2018 09:50","Purchase","'70838153003498985","WXR639","","PRIMAX 95","Billed","22.94","50.00","PSS MRR2 BATU CAVES","195338","Standalone","","","31 Mar 2018"
"20/03/2018 09:47","Reload","'70838153003498985","WXR639","","","Billed","","-50.00","PSS MRR2 BATU CAVES","","Standalone","","","31 Mar 2018"
"17/03/2018 10:28","Purchase","'70838153003498985","WXR639","","PRIMAX 95","Billed","27.52","60.00","PSS TAMAN WILAYAH","195191","Standalone","","","31 Mar 2018"
"17/03/2018 10:26","Reload","'70838153003498985","WXR639","","","Billed","","-50.00","PSS TAMAN WILAYAH","","Standalone","","","31 Mar 2018"
"13/03/2018 14:23","Purchase","'70838153003498985","WXR639","","PRIMAX 95","Billed","22.63","50.00","PSS TAMAN WILAYAH","195039","Standalone","","","31 Mar 2018"
"13/03/2018 14:20","Reload","'70838153003498985","WXR639","","","Billed","","-50.00","PSS TAMAN WILAYAH","","Standalone","","","31 Mar 2018"
"12/03/2018 08:25","Purchase","'70838153003498985","WXR639","","PRIMAX 95","Billed","22.63","50.00","PSS TAMAN SAMUDERA BATU CAVES","194878","Standalone","","","31 Mar 2018"
"12/03/2018 08:23","Reload","'70838153003498985","WXR639","","","Billed","","-50.00","PSS TAMAN SAMUDERA BATU CAVES","","Standalone","","","31 Mar 2018"
"08/03/2018 12:52","Purchase","'70838153003498985","WXR639","","PRIMAX 95","Billed","22.62","50.00","PSS MRR2 BATU CAVES","194732","Standalone","","","31 Mar 2018"
"08/03/2018 12:48","Reload","'70838153003498985","WXR639","","","Billed","","-50.00","PSS MRR2 BATU CAVES","","Standalone","","","31 Mar 2018"
"06/03/2018 09:29","Purchase","'70838153003498985","WXR639","","PRIMAX 95","Billed","22.73","50.00","PSS TAMAN WILAYAH","145560","Standalone","","","31 Mar 2018"
"06/03/2018 09:27","Reload","'70838153003498985","WXR639","","","Billed","","-50.00","PSS TAMAN WILAYAH","","Standalone","","","31 Mar 2018"
"02/03/2018 19:02","Purchase","'70838153003498985","WXR639","","PRIMAX 95","Billed","22.73","50.00","PSS TAMAN WILAYAH","194442","Standalone","","","31 Mar 2018"
"02/03/2018 18:56","Reload","'70838153003498985","WXR639","","","Billed","","-50.00","PSS TAMAN WILAYAH","","Standalone","","","31 Mar 2018"