"Date Time","Transaction Type","Card Number","Vehicle Number","Driver Card Number","Product Type","Billing Type","Transaction Volume (Litres)","Transaction Amount (RM)","Station Name","Odometer","Card Type","Cost Centre","Cost Centre Name","Statement Month"
"27/03/2018 19:57","Purchase","'70838153003424312","WXR40","","PRIMAX 95","Billed","22.73","50.00","PSS PADANG BESAR","119002","Standalone","","","31 Mar 2018"
"27/03/2018 19:57","Reload","'70838153003424312","WXR40","","","Billed","","-50.00","PSS PADANG BESAR","","Standalone","","","31 Mar 2018"
"22/03/2018 19:27","Purchase","'70838153003424312","WXR40","","PRIMAX 95","Billed","22.73","50.00","PSS MERGONG (STESEN SERVICES PETRONAS )","123456","Standalone","","","31 Mar 2018"
"22/03/2018 19:25","Reload","'70838153003424312","WXR40","","","Billed","","-50.00","PSS MERGONG (STESEN SERVICES PETRONAS )","","Standalone","","","31 Mar 2018"
"20/03/2018 17:47","Purchase","'70838153003424312","WXR40","","PRIMAX 95","Billed","13.74","29.95","PSS SUNGAI PERAK (U)","12456","Standalone","","","31 Mar 2018"
"18/03/2018 22:37","Purchase","'70838153003424312","WXR40","","PRIMAX 95","Billed","45.96","100.20","PSS SIMPANG DURIAN JELEBU","123456","Standalone","","","31 Mar 2018"
"16/03/2018 07:56","Purchase","'70838153003424312","WXR40","","PRIMAX 95","Billed","34.40","75.00","PSS PADANG BESAR","123456","Standalone","","","31 Mar 2018"
"16/03/2018 07:54","Reload","'70838153003424312","WXR40","","","Billed","","-200.00","PSS PADANG BESAR","","Standalone","","","31 Mar 2018"
"05/03/2018 23:40","Purchase","'70838153003424312","WXR40","","PRIMAX 95","Billed","22.73","50.00","PSS KANGAR","123456","Standalone","","","31 Mar 2018"
"05/03/2018 23:39","Reload","'70838153003424312","WXR40","","","Billed","","-50.00","PSS KANGAR","","Standalone","","","31 Mar 2018"