"Date Time","Transaction Type","Card Number","Vehicle Number","Driver Card Number","Product Type","Billing Type","Transaction Volume (Litres)","Transaction Amount (RM)","Station Name","Odometer","Card Type","Cost Centre","Cost Centre Name","Statement Month"
"31/03/2018 20:33","Purchase","'70838153003425285","WXR73","","PRIMAX 95","Billed","22.73","50.00","PSS PARIT SULONG","","Standalone","","","31 Mar 2018"
"31/03/2018 20:31","Reload","'70838153003425285","WXR73","","","Billed","","-50.00","PSS PARIT SULONG","","Standalone","","","31 Mar 2018"
"29/03/2018 15:23","Purchase","'70838153003425285","WXR73","","PRIMAX 95","Billed","12.94","28.47","PSS BUKIT GAMBIR","","Standalone","","","31 Mar 2018"
"29/03/2018 09:31","Purchase","'70838153003425285","WXR73","","PRIMAX 95","Billed","15.91","35.00","PSS RAWAT & REHAT (U) SBAN-KL","","Standalone","","","31 Mar 2018"
"29/03/2018 09:29","Reload","'70838153003425285","WXR73","","","Billed","","-30.00","PSS RAWAT & REHAT (U) SBAN-KL","","Standalone","","","31 Mar 2018"
"29/03/2018 07:34","Purchase","'70838153003425285","WXR73","","PRIMAX 95","Billed","10.00","22.00","PSS BUKIT KANGKAR","","Standalone","","","31 Mar 2018"
"29/03/2018 07:32","Reload","'70838153003425285","WXR73","","","Billed","","-30.00","PSS BUKIT KANGKAR","","Standalone","","","31 Mar 2018"
"28/03/2018 09:29","Purchase","'70838153003425285","WXR73","","PRIMAX 95","Billed","11.36","25.00","PSS MUKIM KESANG","","Standalone","","","31 Mar 2018"
"28/03/2018 09:28","Reload","'70838153003425285","WXR73","","","Billed","","-50.00","PSS MUKIM KESANG","","Standalone","","","31 Mar 2018"
"26/03/2018 07:14","Purchase","'70838153003425285","WXR73","","PRIMAX 95","Billed","16.82","37.00","PSS BUKIT KANGKAR","","Standalone","","","31 Mar 2018"
"24/03/2018 18:37","Purchase","'70838153003425285","WXR73","","PRIMAX 95","Billed","28.64","63.00","PSS TANJUNG LUMPUR","","Standalone","","","31 Mar 2018"
"24/03/2018 18:36","Reload","'70838153003425285","WXR73","","","Billed","","-100.00","PSS TANJUNG LUMPUR","","Standalone","","","31 Mar 2018"
"22/03/2018 21:37","Purchase","'70838153003425285","WXR73","","PRIMAX 95","Billed","13.64","30.00","PSS MUADZAM SHAH 2 (KM 78)","","Standalone","","","31 Mar 2018"
"22/03/2018 21:31","Reload","'70838153003425285","WXR73","","","Billed","","-30.00","PSS MUADZAM SHAH 2 (KM 78)","","Standalone","","","31 Mar 2018"
"21/03/2018 16:06","Purchase","'70838153003425285","WXR73","","PRIMAX 95","Billed","22.94","50.00","PSS BAKRI 2 MUAR","","Standalone","","","31 Mar 2018"
"21/03/2018 16:05","Reload","'70838153003425285","WXR73","","","Billed","","-50.00","PSS BAKRI 2 MUAR","","Standalone","","","31 Mar 2018"
"17/03/2018 21:01","Purchase","'70838153003425285","WXR73","","PRIMAX 95","Billed","9.17","20.00","PSS BUKIT KANGKAR","","Standalone","","","31 Mar 2018"
"17/03/2018 21:00","Reload","'70838153003425285","WXR73","","","Billed","","-20.00","PSS BUKIT KANGKAR","","Standalone","","","31 Mar 2018"
"17/03/2018 20:31","Purchase","'70838153003425285","WXR73","","PRIMAX 95","Billed","9.17","20.00","PSS BUKIT KANGKAR","","Standalone","","","31 Mar 2018"
"17/03/2018 20:30","Reload","'70838153003425285","WXR73","","","Billed","","-20.00","PSS BUKIT KANGKAR","","Standalone","","","31 Mar 2018"
"15/03/2018 18:19","Purchase","'70838153003425285","WXR73","","PRIMAX 95","Billed","13.76","30.00","PSS KM 16 JALAN GAMBANG","","Standalone","","","31 Mar 2018"
"15/03/2018 18:18","Reload","'70838153003425285","WXR73","","","Billed","","-30.00","PSS KM 16 JALAN GAMBANG","","Standalone","","","31 Mar 2018"
"15/03/2018 09:03","Purchase","'70838153003425285","WXR73","","PRIMAX 95","Billed","22.94","50.00","PSS MUADZAM SHAH 2 (KM 78)","","Standalone","","","31 Mar 2018"
"15/03/2018 09:00","Reload","'70838153003425285","WXR73","","","Billed","","-50.00","PSS MUADZAM SHAH 2 (KM 78)","","Standalone","","","31 Mar 2018"
"12/03/2018 20:32","Purchase","'70838153003425285","WXR73","","PRIMAX 95","Billed","13.57","30.00","PSS BUKIT KANGKAR","","Standalone","","","31 Mar 2018"
"12/03/2018 20:30","Reload","'70838153003425285","WXR73","","","Billed","","-30.00","PSS BUKIT KANGKAR","","Standalone","","","31 Mar 2018"
"12/03/2018 01:33","Purchase","'70838153003425285","WXR73","","PRIMAX 95","Billed","11.31","25.00","PSS BUKIT GAMBIR","","Standalone","","","31 Mar 2018"
"10/03/2018 21:35","Purchase","'70838153003425285","WXR73","","PRIMAX 95","Billed","11.31","25.00","PSS BUKIT GAMBIR","","Standalone","","","31 Mar 2018"
"10/03/2018 21:33","Reload","'70838153003425285","WXR73","","","Billed","","-50.00","PSS BUKIT GAMBIR","","Standalone","","","31 Mar 2018"
"08/03/2018 22:00","Purchase","'70838153003425285","WXR73","","PRIMAX 95","Billed","13.57","30.00","PSS PARIT SULONG","","Standalone","","","31 Mar 2018"
"08/03/2018 21:59","Reload","'70838153003425285","WXR73","","","Billed","","-30.00","PSS PARIT SULONG","","Standalone","","","31 Mar 2018"
"07/03/2018 21:56","Purchase","'70838153003425285","WXR73","","PRIMAX 95","Billed","18.18","40.00","PSS BUKIT GAMBIR","","Standalone","","","31 Mar 2018"
"07/03/2018 21:54","Reload","'70838153003425285","WXR73","","","Billed","","-30.00","PSS BUKIT GAMBIR","","Standalone","","","31 Mar 2018"
"07/03/2018 11:18","Purchase","'70838153003425285","WXR73","","PRIMAX 95","Billed","13.64","30.00","PSS BUKIT GAMBIR","","Standalone","","","31 Mar 2018"
"05/03/2018 20:39","Purchase","'70838153003425285","WXR73","","PRIMAX 95","Billed","13.64","30.00","PSS BUKIT KANGKAR","","Standalone","","","31 Mar 2018"
"05/03/2018 20:38","Reload","'70838153003425285","WXR73","","","Billed","","-30.00","PSS BUKIT KANGKAR","","Standalone","","","31 Mar 2018"
"02/03/2018 07:57","Purchase","'70838153003425285","WXR73","","PRIMAX 95","Billed","12.27","27.00","PSS BUKIT KANGKAR","","Standalone","","","31 Mar 2018"
"02/03/2018 07:56","Reload","'70838153003425285","WXR73","","","Billed","","-50.00","PSS BUKIT KANGKAR","","Standalone","","","31 Mar 2018"