"Date Time","Transaction Type","Card Number","Vehicle Number","Driver Card Number","Product Type","Billing Type","Transaction Volume (Litres)","Transaction Amount (RM)","Station Name","Odometer","Card Type","Cost Centre","Cost Centre Name","Statement Month"
"30/03/2018 18:29","Purchase","'70838153003498118","WXR413","","PRIMAX 95","Billed","22.73","50.00","PSS TUPAI","","Standalone","","","31 Mar 2018"
"30/03/2018 18:27","Reload","'70838153003498118","WXR413","","","Billed","","-50.00","PSS TUPAI","","Standalone","","","31 Mar 2018"
"29/03/2018 11:32","Purchase","'70838153003498118","WXR413","","PRIMAX 95","Billed","22.73","50.00","PSS TUPAI","","Standalone","","","31 Mar 2018"
"29/03/2018 11:31","Reload","'70838153003498118","WXR413","","","Billed","","-50.00","PSS TUPAI","","Standalone","","","31 Mar 2018"
"25/03/2018 15:07","Purchase","'70838153003498118","WXR413","","PRIMAX 95","Billed","22.73","50.00","PSS AULONG","","Standalone","","","31 Mar 2018"
"25/03/2018 15:06","Reload","'70838153003498118","WXR413","","","Billed","","-50.00","PSS AULONG","","Standalone","","","31 Mar 2018"
"25/03/2018 10:22","Purchase","'70838153003498118","WXR413","","PRIMAX 95","Billed","22.73","50.00","PSS AULONG","","Standalone","","","31 Mar 2018"
"25/03/2018 10:20","Reload","'70838153003498118","WXR413","","","Billed","","-50.00","PSS AULONG","","Standalone","","","31 Mar 2018"
"23/03/2018 08:37","Purchase","'70838153003498118","WXR413","","PRIMAX 95","Billed","22.73","50.00","PSS AULONG","","Standalone","","","31 Mar 2018"
"23/03/2018 08:35","Reload","'70838153003498118","WXR413","","","Billed","","-50.00","PSS AULONG","","Standalone","","","31 Mar 2018"
"20/03/2018 18:25","Purchase","'70838153003498118","WXR413","","PRIMAX 95","Billed","22.94","50.00","PSS JALAN SIMPANG TAIPING","","Standalone","","","31 Mar 2018"
"20/03/2018 18:23","Reload","'70838153003498118","WXR413","","","Billed","","-50.00","PSS JALAN SIMPANG TAIPING","","Standalone","","","31 Mar 2018"
"19/03/2018 12:37","Purchase","'70838153003498118","WXR413","","PRIMAX 95","Billed","22.94","50.00","PSS AULONG","","Standalone","","","31 Mar 2018"
"19/03/2018 12:35","Reload","'70838153003498118","WXR413","","","Billed","","-50.00","PSS AULONG","","Standalone","","","31 Mar 2018"
"17/03/2018 14:35","Purchase","'70838153003498118","WXR413","","PRIMAX 95","Billed","22.94","50.00","PSS AULONG","","Standalone","","","31 Mar 2018"
"17/03/2018 14:33","Reload","'70838153003498118","WXR413","","","Billed","","-50.00","PSS AULONG","","Standalone","","","31 Mar 2018"
"15/03/2018 21:27","Purchase","'70838153003498118","WXR413","","PRIMAX 95","Billed","22.94","50.00","PSS AULONG","","Standalone","","","31 Mar 2018"
"15/03/2018 21:25","Reload","'70838153003498118","WXR413","","","Billed","","-50.00","PSS AULONG","","Standalone","","","31 Mar 2018"
"14/03/2018 18:02","Purchase","'70838153003498118","WXR413","","PRIMAX 95","Billed","22.63","50.00","PSS AULONG","","Standalone","","","31 Mar 2018"
"14/03/2018 17:54","Reload","'70838153003498118","WXR413","","","Billed","","-50.00","PSS AULONG","","Standalone","","","31 Mar 2018"
"13/03/2018 12:45","Purchase","'70838153003498118","WXR413","","PRIMAX 95","Billed","22.63","50.00","PSS AULONG","","Standalone","","","31 Mar 2018"
"13/03/2018 12:36","Reload","'70838153003498118","WXR413","","","Billed","","-50.00","PSS AULONG","","Standalone","","","31 Mar 2018"
"12/03/2018 09:59","Purchase","'70838153003498118","WXR413","","PRIMAX 95","Billed","22.63","50.00","PSS JALAN SIMPANG TAIPING","","Standalone","","","31 Mar 2018"
"12/03/2018 09:58","Reload","'70838153003498118","WXR413","","","Billed","","-50.00","PSS JALAN SIMPANG TAIPING","","Standalone","","","31 Mar 2018"
"10/03/2018 21:42","Purchase","'70838153003498118","WXR413","","PRIMAX 95","Billed","22.63","50.00","PSS AULONG","","Standalone","","","31 Mar 2018"
"10/03/2018 21:40","Reload","'70838153003498118","WXR413","","","Billed","","-50.00","PSS AULONG","","Standalone","","","31 Mar 2018"
"09/03/2018 22:32","Purchase","'70838153003498118","WXR413","","PRIMAX 95","Billed","22.63","50.00","PSS AULONG","","Standalone","","","31 Mar 2018"
"09/03/2018 22:28","Reload","'70838153003498118","WXR413","","","Billed","","-50.00","PSS AULONG","","Standalone","","","31 Mar 2018"
"09/03/2018 10:54","Purchase","'70838153003498118","WXR413","","PRIMAX 95","Billed","13.58","30.00","PSS JALAN SIMPANG TAIPING","","Standalone","","","31 Mar 2018"
"09/03/2018 10:53","Reload","'70838153003498118","WXR413","","","Billed","","-30.00","PSS JALAN SIMPANG TAIPING","","Standalone","","","31 Mar 2018"
"07/03/2018 21:17","Purchase","'70838153003498118","WXR413","","PRIMAX 95","Billed","27.28","60.00","PSS JALAN SIMPANG TAIPING","","Standalone","","","31 Mar 2018"
"07/03/2018 21:16","Reload","'70838153003498118","WXR413","","","Billed","","-50.00","PSS JALAN SIMPANG TAIPING","","Standalone","","","31 Mar 2018"
"06/03/2018 08:40","Purchase","'70838153003498118","WXR413","","PRIMAX 95","Billed","22.73","50.00","PSS AULONG","","Standalone","","","31 Mar 2018"
"06/03/2018 08:38","Reload","'70838153003498118","WXR413","","","Billed","","-50.00","PSS AULONG","","Standalone","","","31 Mar 2018"
"04/03/2018 13:06","Purchase","'70838153003498118","WXR413","","PRIMAX 95","Billed","22.73","50.00","PSS AULONG","","Standalone","","","31 Mar 2018"
"04/03/2018 13:05","Reload","'70838153003498118","WXR413","","","Billed","","-50.00","PSS AULONG","","Standalone","","","31 Mar 2018"
"03/03/2018 09:42","Purchase","'70838153003498118","WXR413","","PRIMAX 95","Billed","22.73","50.00","PSS JALAN MESJID NEGERI","","Standalone","","","31 Mar 2018"
"03/03/2018 09:40","Reload","'70838153003498118","WXR413","","","Billed","","-50.00","PSS JALAN MESJID NEGERI","","Standalone","","","31 Mar 2018"
"02/03/2018 10:47","Purchase","'70838153003498118","WXR413","","PRIMAX 95","Billed","22.73","50.00","PSS AULONG","","Standalone","","","31 Mar 2018"
"02/03/2018 10:46","Reload","'70838153003498118","WXR413","","","Billed","","-50.00","PSS AULONG","","Standalone","","","31 Mar 2018"
"01/03/2018 09:11","Purchase","'70838153003498118","WXR413","","PRIMAX 95","Billed","29.55","65.00","PSS AULONG","","Standalone","","","31 Mar 2018"
"01/03/2018 09:09","Reload","'70838153003498118","WXR413","","","Billed","","-50.00","PSS AULONG","","Standalone","","","31 Mar 2018"