"Date Time","Transaction Type","Card Number","Vehicle Number","Driver Card Number","Product Type","Billing Type","Transaction Volume (Litres)","Transaction Amount (RM)","Station Name","Odometer","Card Type","Cost Centre","Cost Centre Name","Statement Month"
"29/03/2018 15:08","Purchase","'70838153003424551","WXR43","","PRIMAX 95","Billed","10.00","22.00","PSS SUNGAI JAGUNG","70859","Standalone","","","31 Mar 2018"
"27/03/2018 15:47","Purchase","'70838153003424551","WXR43","","PRIMAX 95","Billed","15.46","34.00","PSS SUNGAI JAGUNG","62649","Standalone","","","31 Mar 2018"
"15/03/2018 13:29","Purchase","'70838153003424551","WXR43","","PRIMAX 95","Billed","20.18","44.00","PSS SUNGAI JAGUNG","62132","Standalone","","","31 Mar 2018"
"12/03/2018 11:55","Purchase","'70838153003424551","WXR43","","PRIMAX 95","Billed","13.58","30.00","PSS SUNGAI JAGUNG","62945","Standalone","","","31 Mar 2018"
"05/03/2018 15:34","Purchase","'70838153003424551","WXR43","","PRIMAX 95","Billed","13.64","30.00","PSS SUNGAI JAGUNG","62719","Standalone","","","31 Mar 2018"
"02/03/2018 13:55","Purchase","'70838153003424551","WXR43","","PRIMAX 95","Billed","13.64","30.00","PSS SUNGAI JAGUNG","62577","Standalone","","","31 Mar 2018"