"Date Time","Transaction Type","Card Number","Vehicle Number","Driver Card Number","Product Type","Billing Type","Transaction Volume (Litres)","Transaction Amount (RM)","Station Name","Odometer","Card Type","Cost Centre","Cost Centre Name","Statement Month"
"31/03/2018 15:26","Purchase","'70838153003496070","WXR348","","PRIMAX 95","Un-billed","36.37","80.00","PSS TOK JIRING","999","Standalone","","","Unbilled Transaction"
"31/03/2018 10:34","Purchase","'70838153003496070","WXR348","","PRIMAX 95","Billed","9.09","20.00","PSS AWANA KIJAL","999","Standalone","","","31 Mar 2018"
"31/03/2018 10:31","Reload","'70838153003496070","WXR348","","","Billed","","-100.00","PSS AWANA KIJAL","","Standalone","","","31 Mar 2018"
"30/03/2018 19:06","Purchase","'70838153003496070","WXR348","","PRIMAX 95","Billed","22.73","50.00","PSS KUANTAN DAMANSARA","999","Standalone","","","31 Mar 2018"
"29/03/2018 08:53","Purchase","'70838153003496070","WXR348","","PRIMAX 95","Billed","31.82","70.00","PSS KERTEH 2","999","Standalone","","","31 Mar 2018"
"28/03/2018 19:11","Purchase","'70838153003496070","WXR348","","PRIMAX 95","Billed","13.64","30.00","PSS AWANA KIJAL","999","Standalone","","","31 Mar 2018"
"28/03/2018 19:09","Reload","'70838153003496070","WXR348","","","Billed","","-150.00","PSS AWANA KIJAL","","Standalone","","","31 Mar 2018"
"28/03/2018 12:19","Purchase","'70838153003496070","WXR348","","PRIMAX 95","Billed","27.27","60.00","PSS KERTEH 2","999","Standalone","","","31 Mar 2018"
"27/03/2018 13:46","Purchase","'70838153003496070","WXR348","","PRIMAX 95","Billed","31.82","70.00","PSS RANTAU PETRONAS","999","Standalone","","","31 Mar 2018"
"27/03/2018 13:44","Reload","'70838153003496070","WXR348","","","Billed","","-100.00","PSS RANTAU PETRONAS","","Standalone","","","31 Mar 2018"
"26/03/2018 20:05","Purchase","'70838153003496070","WXR348","","PRIMAX 95","Billed","13.64","30.00","PSS KUANTAN DAMANSARA","999","Standalone","","","31 Mar 2018"
"26/03/2018 15:44","Purchase","'70838153003496070","WXR348","","PRIMAX 95","Billed","31.82","70.00","PSS TOK JIRING","999","Standalone","","","31 Mar 2018"
"26/03/2018 15:42","Reload","'70838153003496070","WXR348","","","Billed","","-100.00","PSS TOK JIRING","","Standalone","","","31 Mar 2018"
"25/03/2018 15:59","Purchase","'70838153003496070","WXR348","","PRIMAX 95","Billed","22.73","50.00","PSS KERTEH 2","999","Standalone","","","31 Mar 2018"
"25/03/2018 15:57","Reload","'70838153003496070","WXR348","","","Billed","","-80.00","PSS KERTEH 2","","Standalone","","","31 Mar 2018"
"24/03/2018 16:38","Purchase","'70838153003496070","WXR348","","PRIMAX 95","Billed","24.32","53.50","PSS TOK JIRING","999","Standalone","","","31 Mar 2018"
"24/03/2018 16:34","Reload","'70838153003496070","WXR348","","","Billed","","-50.00","PSS TOK JIRING","","Standalone","","","31 Mar 2018"
"23/03/2018 15:37","Purchase","'70838153003496070","WXR348","","Diesel","Billed","21.33","46.50","PSS BINJAI","999","Standalone","","","31 Mar 2018"
"23/03/2018 15:35","Reload","'70838153003496070","WXR348","","","Billed","","-50.00","PSS BINJAI","","Standalone","","","31 Mar 2018"
"23/03/2018 10:19","Purchase","'70838153003496070","WXR348","","PRIMAX 95","Billed","22.73","50.00","PSS KUANTAN DAMANSARA","999","Standalone","","","31 Mar 2018"
"23/03/2018 10:16","Reload","'70838153003496070","WXR348","","","Billed","","-50.00","PSS KUANTAN DAMANSARA","","Standalone","","","31 Mar 2018"
"22/03/2018 07:52","Purchase","'70838153003496070","WXR348","","PRIMAX 95","Billed","22.73","50.00","PSS AWANA KIJAL","999","Standalone","","","31 Mar 2018"
"22/03/2018 07:50","Reload","'70838153003496070","WXR348","","","Billed","","-50.00","PSS AWANA KIJAL","","Standalone","","","31 Mar 2018"
"19/03/2018 08:32","Purchase","'70838153003496070","WXR348","","PRIMAX 95","Billed","35.02","76.34","PSS KERTEH 2","999","Standalone","","","31 Mar 2018"
"18/03/2018 22:45","Purchase","'70838153003496070","WXR348","","PRIMAX 95","Billed","37.00","80.66","PSS SUNGAI PERAK (S)","999","Standalone","","","31 Mar 2018"
"17/03/2018 13:26","Purchase","'70838153003496070","WXR348","","PRIMAX 95","Billed","42.66","93.00","PSS GELIGA","999","Standalone","","","31 Mar 2018"
"17/03/2018 13:24","Reload","'70838153003496070","WXR348","","","Billed","","-250.00","PSS GELIGA","","Standalone","","","31 Mar 2018"
"17/03/2018 05:04","Purchase","'70838153003496070","WXR348","","PRIMAX 95","Billed","22.94","50.00","PSS CHENDERING","999","Standalone","","","31 Mar 2018"
"16/03/2018 08:20","Purchase","'70838153003496070","WXR348","","PRIMAX 95","Billed","22.94","50.00","PSS AWANA KIJAL","999","Standalone","","","31 Mar 2018"
"16/03/2018 08:18","Reload","'70838153003496070","WXR348","","","Billed","","-100.00","PSS AWANA KIJAL","","Standalone","","","31 Mar 2018"
"14/03/2018 21:02","Purchase","'70838153003496070","WXR348","","PRIMAX 95","Billed","22.58","49.89","PSS GELIGA","999","Standalone","","","31 Mar 2018"
"13/03/2018 07:42","Purchase","'70838153003496070","WXR348","","PRIMAX 95","Billed","45.30","100.11","PSS KERTEH 2","999","Standalone","","","31 Mar 2018"
"12/03/2018 12:31","Purchase","'70838153003496070","WXR348","","PRIMAX 95","Billed","22.62","50.00","PSS KUANTAN DAMANSARA","999","Standalone","","","31 Mar 2018"
"12/03/2018 12:30","Reload","'70838153003496070","WXR348","","","Billed","","-200.00","PSS KUANTAN DAMANSARA","","Standalone","","","31 Mar 2018"
"12/03/2018 08:53","Purchase","'70838153003496070","WXR348","","PRIMAX 95","Billed","13.69","30.26","PSS BANDAR BARU KERTEH","999","Standalone","","","31 Mar 2018"
"11/03/2018 20:52","Purchase","'70838153003496070","WXR348","","PRIMAX 95","Billed","15.72","34.73","PSS SURA 2","999","Standalone","","","31 Mar 2018"
"11/03/2018 16:08","Purchase","'70838153003496070","WXR348","","PRIMAX 95","Billed","15.84","35.01","PSS PAKA 2","999","Standalone","","","31 Mar 2018"
"11/03/2018 13:25","Reload","'70838153003496070","WXR348","","","Billed","","-100.00","PSS KERTEH 2","","Standalone","","","31 Mar 2018"
"10/03/2018 19:08","Purchase","'70838153003496070","WXR348","","PRIMAX 95","Billed","22.62","50.00","PSS KUANTAN BY-PASS PANDAN","999","Standalone","","","31 Mar 2018"
"10/03/2018 19:06","Reload","'70838153003496070","WXR348","","","Billed","","-50.00","PSS KUANTAN BY-PASS PANDAN","","Standalone","","","31 Mar 2018"
"09/03/2018 07:30","Purchase","'70838153003496070","WXR348","","PRIMAX 95","Billed","23.65","52.27","PSS AWANA KIJAL","999","Standalone","","","31 Mar 2018"
"09/03/2018 07:29","Reload","'70838153003496070","WXR348","","","Billed","","-50.00","PSS AWANA KIJAL","","Standalone","","","31 Mar 2018"
"07/03/2018 07:55","Purchase","'70838153003496070","WXR348","","PRIMAX 95","Billed","36.37","80.02","PSS AWANA KIJAL","999","Standalone","","","31 Mar 2018"
"06/03/2018 07:26","Purchase","'70838153003496070","WXR348","","PRIMAX 95","Billed","22.73","50.00","PSS AWANA KIJAL","999","Standalone","","","31 Mar 2018"
"05/03/2018 09:49","Reload","'70838153003496070","WXR348","","","Billed","","-100.00","PSS KERTEH 2","","Standalone","","","31 Mar 2018"
"03/03/2018 18:57","Purchase","'70838153003496070","WXR348","","PRIMAX 95","Billed","22.73","50.00","PSS AWANA KIJAL","999","Standalone","","","31 Mar 2018"
"03/03/2018 10:39","Purchase","'70838153003496070","WXR348","","PRIMAX 95","Billed","22.73","50.00","PSS KERTEH 2","999","Standalone","","","31 Mar 2018"
"03/03/2018 09:51","Reload","'70838153003496070","WXR348","","","Billed","","-100.00","PSS RANTAU PETRONAS","","Standalone","","","31 Mar 2018"
"02/03/2018 07:01","Purchase","'70838153003496070","WXR348","","PRIMAX 95","Billed","22.73","50.00","PSS AWANA KIJAL","999","Standalone","","","31 Mar 2018"
"01/03/2018 12:37","Purchase","'70838153003496070","WXR348","","PRIMAX 95","Billed","22.73","50.00","PSS KUANTAN DAMANSARA","999","Standalone","","","31 Mar 2018"