"Date Time","Transaction Type","Card Number","Vehicle Number","Driver Card Number","Product Type","Billing Type","Transaction Volume (Litres)","Transaction Amount (RM)","Station Name","Odometer","Card Type","Cost Centre","Cost Centre Name","Statement Month"
"17/03/2018 07:21","Purchase","'70838153003498647","WXR433","","PRIMAX 95","Billed","13.76","30.00","PSS JLN KELAB CINTA SAYANG","9563","Standalone","","","31 Mar 2018"
"17/03/2018 07:19","Reload","'70838153003498647","WXR433","","","Billed","","-20.00","PSS JLN KELAB CINTA SAYANG","","Standalone","","","31 Mar 2018"
"12/03/2018 19:05","Purchase","'70838153003498647","WXR433","","PRIMAX 95","Billed","13.58","30.00","PSS TAMAN RIA SG PETANI","9563","Standalone","","","31 Mar 2018"
"12/03/2018 19:03","Reload","'70838153003498647","WXR433","","","Billed","","-30.00","PSS TAMAN RIA SG PETANI","","Standalone","","","31 Mar 2018"
"04/03/2018 06:58","Purchase","'70838153003498647","WXR433","","PRIMAX 95","Billed","13.64","30.00","PSS JLN KELAB CINTA SAYANG","9563","Standalone","","","31 Mar 2018"
"04/03/2018 06:56","Reload","'70838153003498647","WXR433","","","Billed","","-20.00","PSS JLN KELAB CINTA SAYANG","","Standalone","","","31 Mar 2018"
"01/03/2018 13:41","Purchase","'70838153003498647","WXR433","","PRIMAX 95","Billed","13.64","30.00","PSS BANDAR PUTERI JAYA","9563","Standalone","","","31 Mar 2018"
"01/03/2018 13:39","Reload","'70838153003498647","WXR433","","","Billed","","-20.00","PSS BANDAR PUTERI JAYA","","Standalone","","","31 Mar 2018"