"Date Time","Transaction Type","Card Number","Vehicle Number","Driver Card Number","Product Type","Billing Type","Transaction Volume (Litres)","Transaction Amount (RM)","Station Name","Odometer","Card Type","Cost Centre","Cost Centre Name","Statement Month"
"28/03/2018 07:33","Purchase","'70838153003501044","WXR961","","PRIMAX 95","Billed","2.27","5.00","PSS TAMAN SAMUDERA BATU CAVES","5","Standalone","","","31 Mar 2018"
"28/03/2018 07:33","Purchase","'70838153003501044","WXR961","","PRIMAX 95","Un-billed","2.27","5.00","PSS TAMAN SAMUDERA BATU CAVES","5","Standalone","","","Unbilled Transaction"
"25/03/2018 02:19","Purchase","'70838153003501044","WXR961","","PRIMAX 95","Billed","22.73","50.00","PSS SUNGAI PERAK (S)","50","Standalone","","","31 Mar 2018"
"25/03/2018 02:16","Reload","'70838153003501044","WXR961","","","Billed","","-50.00","PSS SUNGAI PERAK (S)","","Standalone","","","31 Mar 2018"
"20/03/2018 11:18","Purchase","'70838153003501044","WXR961","","PRIMAX 95","Billed","2.30","5.00","PSS SENTUL","5","Standalone","","","31 Mar 2018"
"18/03/2018 08:38","Purchase","'70838153003501044","WXR961","","PRIMAX 95","Billed","2.29","5.00","PSS RAWANG INDUSTRIAL PARK 1","5","Standalone","","","31 Mar 2018"