"Date Time","Transaction Type","Card Number","Vehicle Number","Driver Card Number","Product Type","Billing Type","Transaction Volume (Litres)","Transaction Amount (RM)","Station Name","Odometer","Card Type","Cost Centre","Cost Centre Name","Statement Month"
"29/03/2018 07:19","Purchase","'70838153003501499","WXR993","","PRIMAX 95","Billed","18.50","40.69","PSS AULONG","","Standalone","","","31 Mar 2018"
"23/03/2018 08:47","Purchase","'70838153003501499","WXR993","","PRIMAX 95","Billed","13.64","30.00","PSS AULONG","","Standalone","","","31 Mar 2018"
"23/03/2018 08:45","Reload","'70838153003501499","WXR993","","","Billed","","-50.00","PSS AULONG","","Standalone","","","31 Mar 2018"
"08/03/2018 17:39","Purchase","'70838153003501499","WXR993","","PRIMAX 95","Billed","4.53","10.00","PSS AULONG","","Standalone","","","31 Mar 2018"
"03/03/2018 07:42","Purchase","'70838153003501499","WXR993","","PRIMAX 95","Billed","22.73","50.00","PSS AULONG","","Standalone","","","31 Mar 2018"
"03/03/2018 07:39","Reload","'70838153003501499","WXR993","","","Billed","","-80.00","PSS AULONG","","Standalone","","","31 Mar 2018"