"Date Time","Transaction Type","Card Number","Vehicle Number","Driver Card Number","Product Type","Billing Type","Transaction Volume (Litres)","Transaction Amount (RM)","Station Name","Odometer","Card Type","Cost Centre","Cost Centre Name","Statement Month"
"25/03/2018 18:49","Purchase","'70838153003424635","WXR49","","PRIMAX 95","Billed","20.00","44.00","PSS DATUK KUMBAR","70580","Standalone","","","31 Mar 2018"
"25/03/2018 18:48","Reload","'70838153003424635","WXR49","","","Billed","","-50.00","PSS DATUK KUMBAR","","Standalone","","","31 Mar 2018"
"23/03/2018 14:33","Purchase","'70838153003424635","WXR49","","PRIMAX 95","Billed","14.55","32.00","PSS JLN TANJONG BENDAHARA","70357","Standalone","","","31 Mar 2018"
"23/03/2018 14:32","Reload","'70838153003424635","WXR49","","","Billed","","-50.00","PSS JLN TANJONG BENDAHARA","","Standalone","","","31 Mar 2018"
"23/03/2018 14:26","Purchase","'70838153003424635","WXR49","","PRIMAX 95","Billed","4.67","10.28","PSS JLN TANJONG BENDAHARA","70357","Standalone","","","31 Mar 2018"
"21/03/2018 11:34","Purchase","'70838153003424635","WXR49","","PRIMAX 95","Billed","22.94","50.00","PSS TAMAN PKNK (ALOR MALAI)","70000","Standalone","","","31 Mar 2018"
"21/03/2018 11:33","Reload","'70838153003424635","WXR49","","","Billed","","-50.00","PSS TAMAN PKNK (ALOR MALAI)","","Standalone","","","31 Mar 2018"
"19/03/2018 13:27","Purchase","'70838153003424635","WXR49","","PRIMAX 95","Billed","20.18","44.00","PSS SUNGAI JAGUNG","69872","Standalone","","","31 Mar 2018"
"17/03/2018 10:13","Purchase","'70838153003424635","WXR49","","PRIMAX 95","Billed","20.19","44.00","PSS PERDA BUKIT MERTAJAM","69582","Standalone","","","31 Mar 2018"
"17/03/2018 10:12","Reload","'70838153003424635","WXR49","","","Billed","","-50.00","PSS PERDA BUKIT MERTAJAM","","Standalone","","","31 Mar 2018"
"17/03/2018 05:03","Purchase","'70838153003424635","WXR49","","PRIMAX 97","Billed","17.96","44.00","PSS RAWANG RSA","69323","Standalone","","","31 Mar 2018"
"17/03/2018 04:57","Purchase","'70838153003424635","WXR49","","PRIMAX 95","Billed","0.33","0.72","PSS RAWANG RSA","69232","Standalone","","","31 Mar 2018"
"16/03/2018 09:43","Purchase","'70838153003424635","WXR49","","PRIMAX 95","Billed","13.76","30.00","PSS SIMPANG PULAI ARAH SELATAN","68841","Standalone","","","31 Mar 2018"
"15/03/2018 21:48","Purchase","'70838153003424635","WXR49","","PRIMAX 95","Billed","22.02","48.00","PSS TAMAN PKNK (ALOR MALAI)","68255","Standalone","","","31 Mar 2018"
"15/03/2018 21:46","Reload","'70838153003424635","WXR49","","","Billed","","-150.00","PSS TAMAN PKNK (ALOR MALAI)","","Standalone","","","31 Mar 2018"
"14/03/2018 19:15","Purchase","'70838153003424635","WXR49","","PRIMAX 95","Billed","10.86","24.00","PSS LAGUNA MERBUK","58260","Standalone","","","31 Mar 2018"
"13/03/2018 18:01","Purchase","'70838153003424635","WXR49","","PRIMAX 95","Billed","2.27","5.00","PSS NIBONG TEBAL SPS","68222","Standalone","","","31 Mar 2018"
"13/03/2018 17:59","Reload","'70838153003424635","WXR49","'70838153003424635","","Billed","","-50.00","PSS NIBONG TEBAL SPS","","Standalone","","","31 Mar 2018"
"13/03/2018 17:49","Purchase","'70838153003424635","WXR49","","PRIMAX 95","Billed","8.10","17.89","PSS NIBONG TEBAL SPS","68222","Standalone","","","31 Mar 2018"
"10/03/2018 19:35","Purchase","'70838153003424635","WXR49","","PRIMAX 95","Billed","22.17","49.00","PSS TAMAN PKNK (ALOR MALAI)","68010","Standalone","","","31 Mar 2018"
"10/03/2018 19:32","Reload","'70838153003424635","WXR49","","","Billed","","-50.00","PSS TAMAN PKNK (ALOR MALAI)","","Standalone","","","31 Mar 2018"
"07/03/2018 16:50","Purchase","'70838153003424635","WXR49","","PRIMAX 95","Billed","10.00","22.00","PSS JLN TANJONG BENDAHARA","67888","Standalone","","","31 Mar 2018"
"03/03/2018 21:39","Purchase","'70838153003424635","WXR49","","PRIMAX 95","Billed","20.91","46.00","PSS TAMAN PKNK (ALOR MALAI)","67852","Standalone","","","31 Mar 2018"
"03/03/2018 21:32","Reload","'70838153003424635","WXR49","","","Billed","","-50.00","PSS TAMAN PKNK (ALOR MALAI)","","Standalone","","","31 Mar 2018"