"Date Time","Transaction Type","Card Number","Vehicle Number","Driver Card Number","Product Type","Billing Type","Transaction Volume (Litres)","Transaction Amount (RM)","Station Name","Odometer","Card Type","Cost Centre","Cost Centre Name","Statement Month"
"29/03/2018 22:39","Purchase","'70838153003423694","WXR13","","PRIMAX 95","Billed","29.55","65.00","PSS JALAN JELATEK 2","","Standalone","","","31 Mar 2018"
"29/03/2018 03:39","Purchase","'70838153003423694","WXR13","","PRIMAX 95","Billed","46.36","102.00","PSS SIMPANG PULAI ARAH SELATAN","","Standalone","","","31 Mar 2018"
"28/03/2018 21:57","Reload","'70838153003423694","WXR13","","","Billed","","-150.00","PSS JALAN GOPENG II","","Standalone","","","31 Mar 2018"
"27/03/2018 07:14","Purchase","'70838153003423694","WXR13","","PRIMAX 95","Billed","34.10","75.01","PSS SUNGAI PERAK (U)","","Standalone","","","31 Mar 2018"
"27/03/2018 07:13","Reload","'70838153003423694","WXR13","","","Billed","","-150.00","PSS SUNGAI PERAK (U)","","Standalone","","","31 Mar 2018"
"23/03/2018 22:11","Purchase","'70838153003423694","WXR13","","PRIMAX 95","Billed","22.73","50.00","PSS JALAN GOPENG II","","Standalone","","","31 Mar 2018"
"20/03/2018 10:43","Purchase","'70838153003423694","WXR13","","PRIMAX 95","Billed","16.06","35.00","PSS JALAN GOMBAK","","Standalone","","","31 Mar 2018"
"20/03/2018 10:41","Reload","'70838153003423694","WXR13","","","Billed","","-50.00","PSS JALAN GOMBAK","","Standalone","","","31 Mar 2018"
"20/03/2018 08:27","Purchase","'70838153003423694","WXR13","","PRIMAX 95","Billed","29.82","65.00","PSS SUNGKAI","","Standalone","","","31 Mar 2018"
"20/03/2018 08:26","Reload","'70838153003423694","WXR13","","","Billed","","-100.00","PSS SUNGKAI","","Standalone","","","31 Mar 2018"
"18/03/2018 21:35","Purchase","'70838153003423694","WXR13","","PRIMAX 95","Billed","34.40","75.00","PSS JALAN GOPENG II","","Standalone","","","31 Mar 2018"
"17/03/2018 10:37","Purchase","'70838153003423694","WXR13","","PRIMAX 95","Billed","34.41","75.00","PSS MK1 BANDAR SUNWAY","","Standalone","","","31 Mar 2018"
"17/03/2018 10:36","Reload","'70838153003423694","WXR13","","","Billed","","-100.00","PSS MK1 BANDAR SUNWAY","","Standalone","","","31 Mar 2018"
"15/03/2018 08:26","Purchase","'70838153003423694","WXR13","","PRIMAX 95","Billed","25.23","55.00","PSS SIMPANG PULAI LOJING","","Standalone","","","31 Mar 2018"
"15/03/2018 07:13","Reload","'70838153003423694","WXR13","","","Billed","","-100.00","PSS JALAN GOPENG II","","Standalone","","","31 Mar 2018"
"14/03/2018 00:56","Purchase","'70838153003423694","WXR13","","PRIMAX 95","Billed","15.84","35.00","PSS SUNGKAI","","Standalone","","","31 Mar 2018"
"13/03/2018 12:51","Purchase","'70838153003423694","WXR13","","PRIMAX 95","Billed","33.94","75.00","PSS SIMPANG PULAI ARAH SELATAN","","Standalone","","","31 Mar 2018"
"13/03/2018 12:50","Reload","'70838153003423694","WXR13","","","Billed","","-100.00","PSS SIMPANG PULAI ARAH SELATAN","","Standalone","","","31 Mar 2018"
"09/03/2018 15:33","Purchase","'70838153003423694","WXR13","","PRIMAX 95","Billed","29.41","65.00","PSS BANDAR BEHRANG","","Standalone","","","31 Mar 2018"
"09/03/2018 11:46","Reload","'70838153003423694","WXR13","","","Billed","","-50.00","PSS TAMAN SRI GOMBAK","","Standalone","","","31 Mar 2018"
"07/03/2018 22:15","Purchase","'70838153003423694","WXR13","","PRIMAX 95","Billed","41.84","92.04","PSS JALAN GOPENG II","","Standalone","","","31 Mar 2018"
"01/03/2018 19:10","Reload","'70838153003423694","WXR13","","","Billed","","-100.00","PSS BIDOR TAPAH","","Standalone","","","31 Mar 2018"
"01/03/2018 17:22","Purchase","'70838153003423694","WXR13","","PRIMAX 95","Billed","29.55","65.00","PSS BANDAR BEHRANG","","Standalone","","","31 Mar 2018"