"Date Time","Transaction Type","Card Number","Vehicle Number","Driver Card Number","Product Type","Billing Type","Transaction Volume (Litres)","Transaction Amount (RM)","Station Name","Odometer","Card Type","Cost Centre","Cost Centre Name","Statement Month"
"21/03/2018 17:41","Purchase","'70838153003498423","WXR876","","PRIMAX 95","Billed","22.94","50.00","PSS LEBUHRAYA SILK","","Standalone","","","31 Mar 2018"
"21/03/2018 17:39","Reload","'70838153003498423","WXR876","","","Billed","","-50.00","PSS LEBUHRAYA SILK","","Standalone","","","31 Mar 2018"
"19/03/2018 16:54","Purchase","'70838153003498423","WXR876","","PRIMAX 95","Billed","22.94","50.00","PSS KM 305 PLUS ARAH SELATAN","","Standalone","","","31 Mar 2018"
"18/03/2018 12:32","Purchase","'70838153003498423","WXR876","","PRIMAX 95","Billed","45.87","100.00","PSS AIR KEROH RSA NORTH BOUND","","Standalone","","","31 Mar 2018"
"18/03/2018 12:31","Reload","'70838153003498423","WXR876","","","Billed","","-100.00","PSS AIR KEROH RSA NORTH BOUND","","Standalone","","","31 Mar 2018"
"16/03/2018 18:16","Purchase","'70838153003498423","WXR876","","PRIMAX 95","Billed","45.87","100.00","PSS AIR KEROH RSA SOUTH BOUND","","Standalone","","","31 Mar 2018"
"16/03/2018 18:14","Reload","'70838153003498423","WXR876","","","Billed","","-100.00","PSS AIR KEROH RSA SOUTH BOUND","","Standalone","","","31 Mar 2018"
"14/03/2018 15:09","Purchase","'70838153003498423","WXR876","","PRIMAX 95","Billed","22.62","50.00","PSS LEBUHRAYA SILK","","Standalone","","","31 Mar 2018"
"14/03/2018 15:08","Reload","'70838153003498423","WXR876","","","Billed","","-100.00","PSS LEBUHRAYA SILK","","Standalone","","","31 Mar 2018"
"13/03/2018 19:04","Purchase","'70838153003498423","WXR876","","PRIMAX 95","Billed","22.62","50.00","PSS LEBUHRAYA SILK","","Standalone","","","31 Mar 2018"
"12/03/2018 16:41","Purchase","'70838153003498423","WXR876","","PRIMAX 95","Billed","22.62","50.00","PSS KM 305 PLUS ARAH SELATAN","","Standalone","","","31 Mar 2018"
"10/03/2018 19:32","Purchase","'70838153003498423","WXR876","","PRIMAX 95","Billed","22.63","50.00","PSS SEK 3 BANDAR BARU BANGI","","Standalone","","","31 Mar 2018"
"10/03/2018 19:30","Reload","'70838153003498423","WXR876","","","Billed","","-100.00","PSS SEK 3 BANDAR BARU BANGI","","Standalone","","","31 Mar 2018"
"08/03/2018 11:15","Purchase","'70838153003498423","WXR876","","PRIMAX 95","Billed","22.62","50.00","PSS LEBUHRAYA SILK","","Standalone","","","31 Mar 2018"
"08/03/2018 11:13","Reload","'70838153003498423","WXR876","","","Billed","","-100.00","PSS LEBUHRAYA SILK","","Standalone","","","31 Mar 2018"