"Date Time","Transaction Type","Card Number","Vehicle Number","Driver Card Number","Product Type","Billing Type","Transaction Volume (Litres)","Transaction Amount (RM)","Station Name","Odometer","Card Type","Cost Centre","Cost Centre Name","Statement Month"
"29/03/2018 13:38","Purchase","'70838153003580667","WXR1059","","PRIMAX 95","Billed","22.73","50.00","PSS MASJID TANAH","","Standalone","","","31 Mar 2018"
"24/03/2018 17:33","Purchase","'70838153003580667","WXR1059","","PRIMAX 95","Billed","22.73","50.00","PSS RAWAT & REHAT (U) SBAN-KL","","Standalone","","","31 Mar 2018"
"21/03/2018 23:36","Purchase","'70838153003580667","WXR1059","","PRIMAX 95","Billed","22.94","50.00","PSS MASJID TANAH","","Standalone","","","31 Mar 2018"
"18/03/2018 11:34","Purchase","'70838153003580667","WXR1059","","PRIMAX 95","Billed","22.94","50.00","PSS MASJID TANAH","","Standalone","","","31 Mar 2018"
"11/03/2018 22:58","Purchase","'70838153003580667","WXR1059","","PRIMAX 95","Billed","22.62","50.00","PSS MASJID TANAH","","Standalone","","","31 Mar 2018"
"11/03/2018 22:56","Reload","'70838153003580667","WXR1059","","","Billed","","-200.00","PSS MASJID TANAH","","Standalone","","","31 Mar 2018"
"07/03/2018 16:23","Purchase","'70838153003580667","WXR1059","","PRIMAX 95","Billed","22.73","50.00","PSS MASJID TANAH","","Standalone","","","31 Mar 2018"
"02/03/2018 21:59","Purchase","'70838153003580667","WXR1059","","PRIMAX 95","Billed","22.73","50.00","PSS MASJID TANAH","","Standalone","","","31 Mar 2018"
"02/03/2018 21:58","Reload","'70838153003580667","WXR1059","","","Billed","","-200.00","PSS MASJID TANAH","","Standalone","","","31 Mar 2018"