"Date Time","Transaction Type","Card Number","Vehicle Number","Driver Card Number","Product Type","Billing Type","Transaction Volume (Litres)","Transaction Amount (RM)","Station Name","Odometer","Card Type","Cost Centre","Cost Centre Name","Statement Month"
"12/03/2018 08:09","Purchase","'70838153003500657","WXR509","","Diesel","Billed","23.04","50.00","PSS PADANG MAT SIRAT","","Standalone","","","31 Mar 2018"
"12/03/2018 08:07","Reload","'70838153003500657","WXR509","","","Billed","","-50.00","PSS PADANG MAT SIRAT","","Standalone","","","31 Mar 2018"
"07/03/2018 12:11","Purchase","'70838153003500657","WXR509","","Diesel","Billed","22.94","50.00","PSS PADANG MAT SIRAT","","Standalone","","","31 Mar 2018"
"07/03/2018 12:09","Reload","'70838153003500657","WXR509","","","Billed","","-50.00","PSS PADANG MAT SIRAT","","Standalone","","","31 Mar 2018"
"03/03/2018 11:13","Purchase","'70838153003500657","WXR509","","Diesel","Billed","32.11","70.00","PSS PANTAI KOK","","Standalone","","","31 Mar 2018"
"03/03/2018 11:08","Reload","'70838153003500657","WXR509","","","Billed","","-70.00","PSS PANTAI KOK","","Standalone","","","31 Mar 2018"