"Date Time","Transaction Type","Card Number","Vehicle Number","Driver Card Number","Product Type","Billing Type","Transaction Volume (Litres)","Transaction Amount (RM)","Station Name","Odometer","Card Type","Cost Centre","Cost Centre Name","Statement Month"
"31/03/2018 22:57","Purchase","'70838153003581095","WXR1083","","PRIMAX 95","Un-billed","18.18","40.00","PSS LUBUK CHINA","","Standalone","","","Unbilled Transaction"
"27/03/2018 14:34","Purchase","'70838153003581095","WXR1083","","PRIMAX 95","Billed","18.18","40.00","PSS MASJID TANAH","","Standalone","","","31 Mar 2018"
"27/03/2018 14:30","Reload","'70838153003581095","WXR1083","","","Billed","","-100.00","PSS MASJID TANAH","","Standalone","","","31 Mar 2018"
"19/03/2018 16:25","Purchase","'70838153003581095","WXR1083","","PRIMAX 95","Billed","18.35","40.00","PSS MASJID TANAH","","Standalone","","","31 Mar 2018"
"15/03/2018 22:58","Purchase","'70838153003581095","WXR1083","","PRIMAX 95","Billed","18.35","40.00","PSS MASJID TANAH","20","Standalone","","","31 Mar 2018"
"06/03/2018 21:14","Reload","'70838153003581095","WXR1083","","","Billed","","-100.00","PSS MASJID TANAH","","Standalone","","","31 Mar 2018"