"Date Time","Transaction Type","Card Number","Vehicle Number","Driver Card Number","Product Type","Billing Type","Transaction Volume (Litres)","Transaction Amount (RM)","Station Name","Odometer","Card Type","Cost Centre","Cost Centre Name","Statement Month"
"29/03/2018 11:37","Purchase","'70838153003495585","WXR546","","PRIMAX 95","Billed","18.18","40.00","PSS BUKIT KAYU HITAM","","Standalone","","","31 Mar 2018"
"29/03/2018 11:36","Reload","'70838153003495585","WXR546","","","Billed","","-30.00","PSS BUKIT KAYU HITAM","","Standalone","","","31 Mar 2018"
"25/03/2018 10:39","Purchase","'70838153003495585","WXR546","","PRIMAX 95","Billed","9.09","20.00","PSS TOK SENIK","","Standalone","","","31 Mar 2018"
"25/03/2018 10:38","Reload","'70838153003495585","WXR546","","","Billed","","-25.00","PSS TOK SENIK","","Standalone","","","31 Mar 2018"
"22/03/2018 14:06","Purchase","'70838153003495585","WXR546","","PRIMAX 95","Billed","9.09","20.00","PSS KEDAWANG LANGKAWI","","Standalone","","","31 Mar 2018"
"22/03/2018 14:05","Reload","'70838153003495585","WXR546","","","Billed","","-30.00","PSS KEDAWANG LANGKAWI","","Standalone","","","31 Mar 2018"
"20/03/2018 12:12","Purchase","'70838153003495585","WXR546","","PRIMAX 95","Billed","9.18","20.00","PSS TOK SENIK","","Standalone","","","31 Mar 2018"
"20/03/2018 12:11","Reload","'70838153003495585","WXR546","","","Billed","","-20.00","PSS TOK SENIK","","Standalone","","","31 Mar 2018"
"17/03/2018 18:26","Purchase","'70838153003495585","WXR546","","PRIMAX 95","Billed","23.86","52.00","PSS TOK SENIK","","Standalone","","","31 Mar 2018"
"17/03/2018 18:25","Reload","'70838153003495585","WXR546","","","Billed","","-50.00","PSS TOK SENIK","","Standalone","","","31 Mar 2018"
"13/03/2018 21:34","Purchase","'70838153003495585","WXR546","","PRIMAX 95","Billed","13.58","30.00","PSS KEDAWANG LANGKAWI","","Standalone","","","31 Mar 2018"
"13/03/2018 21:33","Reload","'70838153003495585","WXR546","","","Billed","","-20.00","PSS KEDAWANG LANGKAWI","","Standalone","","","31 Mar 2018"
"08/03/2018 19:01","Reload","'70838153003495585","WXR546","","","Billed","","-10.00","PSS KEDAWANG LANGKAWI","","Standalone","","","31 Mar 2018"
"03/03/2018 12:56","Purchase","'70838153003495585","WXR546","","PRIMAX 95","Billed","9.09","20.00","PSS PADANG MAT SIRAT","","Standalone","","","31 Mar 2018"
"03/03/2018 12:54","Reload","'70838153003495585","WXR546","","","Billed","","-15.00","PSS PADANG MAT SIRAT","","Standalone","","","31 Mar 2018"