"Date Time","Transaction Type","Card Number","Vehicle Number","Driver Card Number","Product Type","Billing Type","Transaction Volume (Litres)","Transaction Amount (RM)","Station Name","Odometer","Card Type","Cost Centre","Cost Centre Name","Statement Month"
"29/03/2018 11:49","Purchase","'70838153003500053","WXR664","","PRIMAX 95","Billed","36.37","80.00","PSS KAMPUNG RAJA BESUT","","Standalone","","","31 Mar 2018"
"29/03/2018 11:48","Reload","'70838153003500053","WXR664","'70838153003500053","","Billed","","-80.00","PSS KAMPUNG RAJA BESUT","","Standalone","","","31 Mar 2018"
"25/03/2018 16:05","Purchase","'70838153003500053","WXR664","","PRIMAX 95","Billed","36.36","80.00","PSS BANDAR JERTEH","","Standalone","","","31 Mar 2018"
"25/03/2018 16:04","Reload","'70838153003500053","WXR664","","","Billed","","-60.00","PSS BANDAR JERTEH","","Standalone","","","31 Mar 2018"
"21/03/2018 18:54","Purchase","'70838153003500053","WXR664","","PRIMAX 95","Billed","36.70","80.00","PSS BANDAR JERTEH","","Standalone","","","31 Mar 2018"
"21/03/2018 18:53","Reload","'70838153003500053","WXR664","","","Billed","","-80.00","PSS BANDAR JERTEH","","Standalone","","","31 Mar 2018"
"18/03/2018 07:32","Purchase","'70838153003500053","WXR664","","PRIMAX 95","Billed","36.70","80.00","PSS KAMPUNG RAJA BESUT","","Standalone","","","31 Mar 2018"
"18/03/2018 07:30","Reload","'70838153003500053","WXR664","'70838153003500053","","Billed","","-80.00","PSS KAMPUNG RAJA BESUT","","Standalone","","","31 Mar 2018"
"11/03/2018 11:11","Purchase","'70838153003500053","WXR664","","PRIMAX 95","Billed","35.29","78.00","PSS DURIAN MAS DUNGUN","","Standalone","","","31 Mar 2018"
"11/03/2018 11:10","Reload","'70838153003500053","WXR664","","","Billed","","-80.00","PSS DURIAN MAS DUNGUN","","Standalone","","","31 Mar 2018"
"08/03/2018 15:36","Purchase","'70838153003500053","WXR664","","PRIMAX 95","Billed","36.20","80.00","PSS KAMPUNG RAJA BESUT","","Standalone","","","31 Mar 2018"
"08/03/2018 15:35","Reload","'70838153003500053","WXR664","'70838153003500053","","Billed","","-80.00","PSS KAMPUNG RAJA BESUT","","Standalone","","","31 Mar 2018"