"Date Time","Transaction Type","Card Number","Vehicle Number","Driver Card Number","Product Type","Billing Type","Transaction Volume (Litres)","Transaction Amount (RM)","Station Name","Odometer","Card Type","Cost Centre","Cost Centre Name","Statement Month"
"30/03/2018 11:01","Purchase","'70838153003579156","WXR1004","","PRIMAX 95","Billed","3.02","6.64","PSS BAYAN BARU","8779","Standalone","","","31 Mar 2018"
"27/03/2018 19:29","Purchase","'70838153003579156","WXR1004","","PRIMAX 95","Billed","2.66","5.84","PSS JLN AHMAD BADAWI","8779","Standalone","","","31 Mar 2018"
"26/03/2018 19:43","Purchase","'70838153003579156","WXR1004","","PRIMAX 95","Billed","2.92","6.42","PSS JLN AHMAD BADAWI","8779","Standalone","","","31 Mar 2018"
"24/03/2018 18:18","Purchase","'70838153003579156","WXR1004","","PRIMAX 95","Billed","2.73","6.00","PSS JLN AHMAD BADAWI","8779","Standalone","","","31 Mar 2018"
"20/03/2018 19:18","Purchase","'70838153003579156","WXR1004","","PRIMAX 95","Billed","2.53","5.52","PSS JLN AHMAD BADAWI","8779","Standalone","","","31 Mar 2018"
"18/03/2018 16:07","Purchase","'70838153003579156","WXR1004","","PRIMAX 95","Billed","3.01","6.56","PSS JLN AHMAD BADAWI","879","Standalone","","","31 Mar 2018"
"16/03/2018 23:20","Purchase","'70838153003579156","WXR1004","","PRIMAX 95","Billed","2.17","4.72","PSS JLN AHMAD BADAWI","8779","Standalone","","","31 Mar 2018"
"12/03/2018 19:39","Purchase","'70838153003579156","WXR1004","","PRIMAX 95","Billed","3.47","7.66","PSS JLN AHMAD BADAWI","8779","Standalone","","","31 Mar 2018"
"10/03/2018 15:48","Purchase","'70838153003579156","WXR1004","","PRIMAX 95","Billed","3.00","6.63","PSS JLN BUKIT GAMBIR","8779","Standalone","","","31 Mar 2018"
"08/03/2018 19:32","Reload","'70838153003579156","WXR1004","","","Billed","","-50.00","PSS JLN AHMAD BADAWI","","Standalone","","","31 Mar 2018"
"08/03/2018 19:27","Purchase","'70838153003579156","WXR1004","","PRIMAX 95","Billed","2.65","5.85","PSS JLN AHMAD BADAWI","8779","Standalone","","","31 Mar 2018"
"07/03/2018 07:36","Purchase","'70838153003579156","WXR1004","","PRIMAX 95","Billed","12.02","26.44","PSS JLN AHMAD BADAWI","8779","Standalone","","","31 Mar 2018"