"Date Time","Transaction Type","Card Number","Vehicle Number","Driver Card Number","Product Type","Billing Type","Transaction Volume (Litres)","Transaction Amount (RM)","Station Name","Odometer","Card Type","Cost Centre","Cost Centre Name","Statement Month"
"29/03/2018 12:17","Purchase","'70838153003498761","WXR443","","PRIMAX 95","Billed","30.91","68.00","PSS LDP PUCHONG UTAMA","","Standalone","","","31 Mar 2018"
"25/03/2018 14:23","Reload","'70838153003498761","WXR443","","","Billed","","-500.00","PSS TAMAN MERANTI JAYA","","Standalone","","","31 Mar 2018"
"15/03/2018 19:19","Purchase","'70838153003498761","WXR443","","PRIMAX 95","Billed","31.01","67.60","PSS LDP PUCHONG UTAMA","","Standalone","","","31 Mar 2018"
"14/03/2018 14:57","Purchase","'70838153003498761","WXR443","","PRIMAX 95","Billed","44.89","99.20","PSS SIMPANG PULAI ARAH SELATAN","","Standalone","","","31 Mar 2018"
"12/03/2018 15:49","Purchase","'70838153003498761","WXR443","","PRIMAX 95","Billed","23.03","50.90","PSS PUCHONG BT 14","","Standalone","","","31 Mar 2018"
"12/03/2018 12:22","Purchase","'70838153003498761","WXR443","","PRIMAX 95","Billed","66.51","147.00","PSS PUCHONG BT 14","","Standalone","","","31 Mar 2018"
"07/03/2018 09:10","Purchase","'70838153003498761","WXR443","","PRIMAX 95","Billed","29.32","64.50","PSS LDP PUCHONG UTAMA","","Standalone","","","31 Mar 2018"