"Date Time","Transaction Type","Card Number","Vehicle Number","Driver Card Number","Product Type","Billing Type","Transaction Volume (Litres)","Transaction Amount (RM)","Station Name","Odometer","Card Type","Cost Centre","Cost Centre Name","Statement Month"
"17/03/2018 19:47","Purchase","'70838153003497474","WXR840","","Diesel","Billed","58.14","125.57","PSS MUKIM SUNGAI PASIR","150","Standalone","","","31 Mar 2018"
"16/03/2018 17:43","Purchase","'70838153003497474","WXR840","","Diesel","Billed","35.53","76.75","PSS LAGUNA MERBUK","150","Standalone","","","31 Mar 2018"
"15/03/2018 20:56","Purchase","'70838153003497474","WXR840","","Diesel","Billed","46.93","101.36","PSS LAGUNA MERBUK","150","Standalone","","","31 Mar 2018"
"14/03/2018 22:59","Purchase","'70838153003497474","WXR840","","Diesel","Billed","50.38","109.32","PSS GURUN","150","Standalone","","","31 Mar 2018"
"12/03/2018 16:42","Purchase","'70838153003497474","WXR840","","Diesel","Billed","74.84","162.40","PSS LAGUNA MERBUK","200","Standalone","","","31 Mar 2018"
"10/03/2018 21:36","Purchase","'70838153003497474","WXR840","","Diesel","Billed","61.50","133.44","PSS GURUN","150","Standalone","","","31 Mar 2018"
"10/03/2018 13:37","Reload","'70838153003497474","WXR840","","","Billed","","-500.00","PSS TAMAN RIA SG PETANI","","Standalone","","","31 Mar 2018"
"08/03/2018 19:20","Purchase","'70838153003497474","WXR840","","Diesel","Billed","39.05","84.73","PSS SUNGAI SELUANG","150","Standalone","","","31 Mar 2018"
"07/03/2018 19:25","Purchase","'70838153003497474","WXR840","","Diesel","Billed","63.43","138.27","PSS MUKIM SUNGAI PASIR","150","Standalone","","","31 Mar 2018"
"06/03/2018 15:24","Purchase","'70838153003497474","WXR840","","Diesel","Billed","87.49","190.73","PSS TAMAN RIA SG PETANI","150","Standalone","","","31 Mar 2018"
"05/03/2018 18:34","Purchase","'70838153003497474","WXR840","","Diesel","Billed","42.81","93.33","PSS SUNGAI SELUANG","150","Standalone","","","31 Mar 2018"
"04/03/2018 17:17","Purchase","'70838153003497474","WXR840","","Diesel","Billed","41.63","90.74","PSS SUNGAI SELUANG","150","Standalone","","","31 Mar 2018"
"03/03/2018 18:37","Purchase","'70838153003497474","WXR840","","Diesel","Billed","40.26","87.77","PSS SUNGAI SELUANG","150","Standalone","","","31 Mar 2018"
"02/03/2018 13:28","Purchase","'70838153003497474","WXR840","","Diesel","Billed","65.33","142.41","PSS LAGUNA MERBUK","150","Standalone","","","31 Mar 2018"
"01/03/2018 11:02","Reload","'70838153003497474","WXR840","","","Billed","","-1,000.00","PSS TAMAN RIA SG PETANI","","Standalone","","","31 Mar 2018"