"Date Time","Transaction Type","Card Number","Vehicle Number","Driver Card Number","Product Type","Billing Type","Transaction Volume (Litres)","Transaction Amount (RM)","Station Name","Odometer","Card Type","Cost Centre","Cost Centre Name","Statement Month"
"30/03/2018 23:40","Purchase","'70838153003581533","WXR1102","","PRIMAX 95","Billed","2.27","5.00","PSS LATAR 1 (KLS ARAH KUALA SEL)","4","Standalone","","","31 Mar 2018"
"28/03/2018 23:40","Purchase","'70838153003581533","WXR1102","","PRIMAX 95","Billed","2.27","5.00","PSS LATAR 1 (KLS ARAH KUALA SEL)","4","Standalone","","","31 Mar 2018"
"27/03/2018 23:43","Purchase","'70838153003581533","WXR1102","","PRIMAX 95","Billed","9.09","20.00","PSS LATAR 1 (KLS ARAH KUALA SEL)","4","Standalone","","","31 Mar 2018"
"24/03/2018 18:41","Purchase","'70838153003581533","WXR1102","","PRIMAX 95","Billed","11.36","25.00","PSS BATU 6 PEKAN MERU","16","Standalone","","","31 Mar 2018"
"24/03/2018 18:40","Reload","'70838153003581533","WXR1102","","","Billed","","-50.00","PSS BATU 6 PEKAN MERU","","Standalone","","","31 Mar 2018"
"23/03/2018 20:35","Purchase","'70838153003581533","WXR1102","","PRIMAX 97","Billed","8.50","21.00","PSS SETIA ALAM","1","Standalone","","","31 Mar 2018"
"23/03/2018 06:03","Purchase","'70838153003581533","WXR1102","","PRIMAX 95","Billed","2.27","5.00","PSS JERAM","1","Standalone","","","31 Mar 2018"
"21/03/2018 23:23","Purchase","'70838153003581533","WXR1102","","PRIMAX 95","Billed","9.18","20.00","PSS JERAM","2","Standalone","","","31 Mar 2018"
"21/03/2018 23:18","Reload","'70838153003581533","WXR1102","","","Billed","","-50.00","PSS JERAM","","Standalone","","","31 Mar 2018"
"19/03/2018 13:47","Purchase","'70838153003581533","WXR1102","","PRIMAX 95","Billed","9.18","20.00","PSS MERBAU INDAH","8","Standalone","","","31 Mar 2018"
"17/03/2018 12:11","Purchase","'70838153003581533","WXR1102","","PRIMAX 95","Billed","20.66","45.03","PSS CHERATING SG KARANG","5","Standalone","","","31 Mar 2018"
"17/03/2018 04:57","Purchase","'70838153003581533","WXR1102","","PRIMAX 95","Billed","22.94","50.00","PSS MRR2 BATU CAVES","11","Standalone","","","31 Mar 2018"
"16/03/2018 19:26","Reload","'70838153003581533","WXR1102","","","Billed","","-100.00","PSS MERBAU INDAH","","Standalone","","","31 Mar 2018"
"16/03/2018 19:12","Purchase","'70838153003581533","WXR1102","","PRIMAX 95","Billed","2.30","5.00","PSS KUANG","1","Standalone","","","31 Mar 2018"
"15/03/2018 23:39","Purchase","'70838153003581533","WXR1102","","PRIMAX 95","Billed","3.21","7.00","PSS LATAR 1 (KLS ARAH KUALA SEL)","4","Standalone","","","31 Mar 2018"
"14/03/2018 23:39","Purchase","'70838153003581533","WXR1102","","PRIMAX 95","Billed","2.26","5.00","PSS LATAR 1 (KLS ARAH KUALA SEL)","2","Standalone","","","31 Mar 2018"
"13/03/2018 23:40","Purchase","'70838153003581533","WXR1102","","PRIMAX 97","Billed","6.07","15.00","PSS LATAR 1 (KLS ARAH KUALA SEL)","10","Standalone","","","31 Mar 2018"
"13/03/2018 23:39","Reload","'70838153003581533","WXR1102","","","Billed","","-50.00","PSS LATAR 1 (KLS ARAH KUALA SEL)","","Standalone","","","31 Mar 2018"
"13/03/2018 11:06","Purchase","'70838153003581533","WXR1102","","PRIMAX 97","Billed","4.05","10.00","PSS JERAM","3","Standalone","","","31 Mar 2018"
"12/03/2018 23:45","Purchase","'70838153003581533","WXR1102","","PRIMAX 95","Billed","3.17","7.00","PSS LATAR 1 (KLS ARAH KUALA SEL)","4","Standalone","","","31 Mar 2018"
"11/03/2018 19:48","Purchase","'70838153003581533","WXR1102","","PRIMAX 97","Billed","12.15","30.00","PSS JLN HJ SIRAT KLANG","30","Standalone","","","31 Mar 2018"
"11/03/2018 19:46","Reload","'70838153003581533","WXR1102","","","Billed","","-50.00","PSS JLN HJ SIRAT KLANG","","Standalone","","","31 Mar 2018"