"Date Time","Transaction Type","Card Number","Vehicle Number","Driver Card Number","Product Type","Billing Type","Transaction Volume (Litres)","Transaction Amount (RM)","Station Name","Odometer","Card Type","Cost Centre","Cost Centre Name","Statement Month"
"17/03/2018 22:10","Purchase","'70838153003498381","WXR879","","PRIMAX 95","Billed","22.94","50.00","PSS TAMAN DAYA","524","Standalone","","","31 Mar 2018"
"17/03/2018 22:08","Reload","'70838153003498381","WXR879","","","Billed","","-50.00","PSS TAMAN DAYA","","Standalone","","","31 Mar 2018"
"14/03/2018 09:52","Purchase","'70838153003498381","WXR879","","PRIMAX 95","Billed","22.62","50.00","PSS DESA TEBRAU","524","Standalone","","","31 Mar 2018"
"14/03/2018 09:45","Purchase","'70838153003498381","WXR879","","PRIMAX 95","Billed","2.22","4.91","PSS DESA TEBRAU","524","Standalone","","","31 Mar 2018"
"14/03/2018 09:41","Reload","'70838153003498381","WXR879","","","Billed","","-10.00","PSS DESA TEBRAU","","Standalone","","","31 Mar 2018"
"14/03/2018 09:40","Reload","'70838153003498381","WXR879","","","Billed","","-40.00","PSS DESA TEBRAU","","Standalone","","","31 Mar 2018"
"09/03/2018 13:27","Purchase","'70838153003498381","WXR879","","PRIMAX 95","Billed","11.31","25.00","PSS ROSMERAH","524","Standalone","","","31 Mar 2018"
"09/03/2018 13:25","Reload","'70838153003498381","WXR879","","","Billed","","-20.00","PSS ROSMERAH","","Standalone","","","31 Mar 2018"
"06/03/2018 11:20","Purchase","'70838153003498381","WXR879","","PRIMAX 95","Billed","22.73","50.00","PSS DESA TEBRAU","524","Standalone","","","31 Mar 2018"
"06/03/2018 11:16","Reload","'70838153003498381","WXR879","","","Billed","","-50.00","PSS DESA TEBRAU","","Standalone","","","31 Mar 2018"
"01/03/2018 14:21","Purchase","'70838153003498381","WXR879","","PRIMAX 95","Billed","22.73","50.00","PSS DESA TEBRAU","524","Standalone","","","31 Mar 2018"