"Date Time","Transaction Type","Card Number","Vehicle Number","Driver Card Number","Product Type","Billing Type","Transaction Volume (Litres)","Transaction Amount (RM)","Station Name","Odometer","Card Type","Cost Centre","Cost Centre Name","Statement Month"
"22/03/2018 17:51","Purchase","'70838153003499223","WXR910","","PRIMAX 95","Billed","13.64","30.00","PSS CHANGLOON","","Standalone","","","31 Mar 2018"
"22/03/2018 15:51","Purchase","'70838153003499223","WXR910","","PRIMAX 95","Billed","22.73","50.00","PSS JURU LAYBAY","","Standalone","","","31 Mar 2018"
"22/03/2018 11:57","Purchase","'70838153003499223","WXR910","","PRIMAX 95","Billed","31.82","70.00","PSS TAPAH ARAH UTARA","","Standalone","","","31 Mar 2018"
"19/03/2018 22:36","Purchase","'70838153003499223","WXR910","","PRIMAX 95","Billed","22.94","50.00","PSS NKVE HIGHWAY","","Standalone","","","31 Mar 2018"
"17/03/2018 18:57","Reload","'70838153003499223","WXR910","","","Billed","","-200.00","PSS KM 305 PLUS ARAH SELATAN","","Standalone","","","31 Mar 2018"
"02/03/2018 11:44","Purchase","'70838153003499223","WXR910","","PRIMAX 95","Billed","22.73","50.00","PSS KANGAR","","Standalone","","","31 Mar 2018"