"Date Time","Transaction Type","Card Number","Vehicle Number","Driver Card Number","Product Type","Billing Type","Transaction Volume (Litres)","Transaction Amount (RM)","Station Name","Odometer","Card Type","Cost Centre","Cost Centre Name","Statement Month"
"31/03/2018 08:10","Purchase","'70838153003580600","WXR1057","","PRIMAX 95","Billed","20.00","44.00","PSS LEBUHRAYA SILK","","Standalone","","","31 Mar 2018"
"29/03/2018 21:40","Purchase","'70838153003580600","WXR1057","","PRIMAX 95","Billed","2.27","5.00","PSS SEKSYEN 16 BANDAR BARU BANGI","","Standalone","","","31 Mar 2018"
"29/03/2018 21:37","Reload","'70838153003580600","WXR1057","","","Billed","","-50.00","PSS SEKSYEN 16 BANDAR BARU BANGI","","Standalone","","","31 Mar 2018"
"25/03/2018 12:27","Purchase","'70838153003580600","WXR1057","","PRIMAX 95","Billed","22.73","50.00","PSS MASJID TANAH","","Standalone","","","31 Mar 2018"
"23/03/2018 19:17","Purchase","'70838153003580600","WXR1057","","PRIMAX 95","Billed","22.73","50.00","PSS GERIK","","Standalone","","","31 Mar 2018"
"23/03/2018 17:28","Reload","'70838153003580600","WXR1057","","","Billed","","-100.00","PSS SIMPANG PULAI ARAH UTARA","","Standalone","","","31 Mar 2018"
"23/03/2018 14:03","Purchase","'70838153003580600","WXR1057","","PRIMAX 95","Billed","15.46","34.00","PSS RAWANG RSA","","Standalone","","","31 Mar 2018"
"22/03/2018 11:03","Purchase","'70838153003580600","WXR1057","","PRIMAX 95","Billed","20.00","44.00","PSS AIR KEROH RSA SOUTH BOUND","","Standalone","","","31 Mar 2018"
"21/03/2018 15:45","Purchase","'70838153003580600","WXR1057","","PRIMAX 95","Billed","10.09","22.00","PSS SEKSYEN 16 BANDAR BARU BANGI","","Standalone","","","31 Mar 2018"
"21/03/2018 15:44","Reload","'70838153003580600","WXR1057","","","Billed","","-100.00","PSS SEKSYEN 16 BANDAR BARU BANGI","","Standalone","","","31 Mar 2018"
"21/03/2018 07:26","Purchase","'70838153003580600","WXR1057","","PRIMAX 95","Billed","2.75","6.00","PSS SEKSYEN 16 BANDAR BARU BANGI","","Standalone","","","31 Mar 2018"
"16/03/2018 15:34","Purchase","'70838153003580600","WXR1057","","PRIMAX 95","Billed","2.29","5.00","PSS PRECINT 9D","","Standalone","","","31 Mar 2018"
"15/03/2018 21:35","Purchase","'70838153003580600","WXR1057","","PRIMAX 95","Billed","20.19","44.00","PSS SEKSYEN 16 BANDAR BARU BANGI","","Standalone","","","31 Mar 2018"
"15/03/2018 21:34","Reload","'70838153003580600","WXR1057","","","Billed","","-50.00","PSS SEKSYEN 16 BANDAR BARU BANGI","","Standalone","","","31 Mar 2018"
"14/03/2018 13:36","Purchase","'70838153003580600","WXR1057","","PRIMAX 95","Billed","11.31","25.00","PSS SEKSYEN 16 BANDAR BARU BANGI","","Standalone","","","31 Mar 2018"
"14/03/2018 13:20","Purchase","'70838153003580600","WXR1057","","PRIMAX 95","Billed","9.05","20.00","PSS SEKSYEN 16 BANDAR BARU BANGI","","Standalone","","","31 Mar 2018"
"14/03/2018 13:19","Reload","'70838153003580600","WXR1057","","","Billed","","-50.00","PSS SEKSYEN 16 BANDAR BARU BANGI","","Standalone","","","31 Mar 2018"
"12/03/2018 14:10","Purchase","'70838153003580600","WXR1057","","PRIMAX 95","Billed","1.45","3.20","PSS SUNGAI MERAB KAJANG","","Standalone","","","31 Mar 2018"
"08/03/2018 18:43","Purchase","'70838153003580600","WXR1057","","PRIMAX 95","Billed","2.26","5.00","PSS SEKSYEN 16 BANDAR BARU BANGI","","Standalone","","","31 Mar 2018"
"07/03/2018 21:16","Purchase","'70838153003580600","WXR1057","","PRIMAX 95","Billed","10.00","22.00","PSS SEKSYEN 16 BANDAR BARU BANGI","","Standalone","","","31 Mar 2018"
"06/03/2018 11:17","Purchase","'70838153003580600","WXR1057","","PRIMAX 95","Billed","10.00","22.00","PSS MANTIN","","Standalone","","","31 Mar 2018"
"06/03/2018 11:16","Reload","'70838153003580600","WXR1057","","","Billed","","-50.00","PSS MANTIN","","Standalone","","","31 Mar 2018"
"05/03/2018 07:28","Purchase","'70838153003580600","WXR1057","","PRIMAX 95","Billed","2.27","5.00","PSS SEKSYEN 16 BANDAR BARU BANGI","","Standalone","","","31 Mar 2018"
"04/03/2018 16:18","Purchase","'70838153003580600","WXR1057","","PRIMAX 95","Billed","10.00","22.00","PSS LUBUK CHINA","","Standalone","","","31 Mar 2018"
"03/03/2018 22:02","Purchase","'70838153003580600","WXR1057","","PRIMAX 95","Billed","10.00","22.00","PSS SEKSYEN 16 BANDAR BARU BANGI","","Standalone","","","31 Mar 2018"
"03/03/2018 20:10","Reload","'70838153003580600","WXR1057","","","Billed","","-50.00","PSS SECT 15 BB BANGI","","Standalone","","","31 Mar 2018"