"Date Time","Transaction Type","Card Number","Vehicle Number","Driver Card Number","Product Type","Billing Type","Transaction Volume (Litres)","Transaction Amount (RM)","Station Name","Odometer","Card Type","Cost Centre","Cost Centre Name","Statement Month"
"30/03/2018 18:59","Purchase","'70838153003587217","WXR1881","","PRIMAX 95","Billed","9.09","20.00","PSS PERSIARAN APEC","","Standalone","","","31 Mar 2018"
"30/03/2018 18:58","Reload","'70838153003587217","WXR1881","","","Billed","","-20.00","PSS PERSIARAN APEC","","Standalone","","","31 Mar 2018"
"28/03/2018 18:27","Purchase","'70838153003587217","WXR1881","","PRIMAX 95","Billed","9.09","20.00","PSS CYBERJAYA","","Standalone","","","31 Mar 2018"
"28/03/2018 18:26","Reload","'70838153003587217","WXR1881","","","Billed","","-20.00","PSS CYBERJAYA","","Standalone","","","31 Mar 2018"
"27/03/2018 19:31","Purchase","'70838153003587217","WXR1881","","PRIMAX 95","Billed","4.55","10.00","PSS CYBERJAYA","","Standalone","","","31 Mar 2018"
"27/03/2018 19:30","Reload","'70838153003587217","WXR1881","","","Billed","","-10.00","PSS CYBERJAYA","","Standalone","","","31 Mar 2018"
"25/03/2018 03:52","Purchase","'70838153003587217","WXR1881","","PRIMAX 95","Billed","9.09","20.00","PSS LOT 4783 BUKIT JALIL","","Standalone","","","31 Mar 2018"
"25/03/2018 03:50","Reload","'70838153003587217","WXR1881","","","Billed","","-20.00","PSS LOT 4783 BUKIT JALIL","","Standalone","","","31 Mar 2018"
"11/03/2018 21:41","Purchase","'70838153003587217","WXR1881","","PRIMAX 95","Billed","4.53","10.00","PSS CYBERJAYA","","Standalone","","","31 Mar 2018"
"11/03/2018 21:40","Reload","'70838153003587217","WXR1881","","","Billed","","-10.00","PSS CYBERJAYA","","Standalone","","","31 Mar 2018"
"08/03/2018 19:18","Purchase","'70838153003587217","WXR1881","","PRIMAX 95","Billed","4.53","10.00","PSS PERSIARAN APEC","","Standalone","","","31 Mar 2018"
"08/03/2018 19:16","Reload","'70838153003587217","WXR1881","","","Billed","","-10.00","PSS PERSIARAN APEC","","Standalone","","","31 Mar 2018"