"Date Time","Transaction Type","Card Number","Vehicle Number","Driver Card Number","Product Type","Billing Type","Transaction Volume (Litres)","Transaction Amount (RM)","Station Name","Odometer","Card Type","Cost Centre","Cost Centre Name","Statement Month"
"31/03/2018 17:41","Purchase","'70838153003500699","WXR513","","PRIMAX 95","Un-billed","13.64","30.00","PSS PADANG MAT SIRAT","","Standalone","","","Unbilled Transaction"
"31/03/2018 17:40","Reload","'70838153003500699","WXR513","","","Un-billed","","-100.00","PSS PADANG MAT SIRAT","","Standalone","","","Unbilled Transaction"
"29/03/2018 21:34","Purchase","'70838153003500699","WXR513","","PRIMAX 95","Billed","13.64","30.00","PSS KEDAWANG LANGKAWI","","Standalone","","","31 Mar 2018"
"28/03/2018 19:29","Purchase","'70838153003500699","WXR513","","PRIMAX 95","Billed","13.64","30.00","PSS KEDAWANG LANGKAWI","1","Standalone","","","31 Mar 2018"
"27/03/2018 18:16","Purchase","'70838153003500699","WXR513","","PRIMAX 95","Billed","13.64","30.00","PSS KELEBANG LANGKAWI","","Standalone","","","31 Mar 2018"
"27/03/2018 18:15","Reload","'70838153003500699","WXR513","","","Billed","","-100.00","PSS KELEBANG LANGKAWI","","Standalone","","","31 Mar 2018"