"Date Time","Transaction Type","Card Number","Vehicle Number","Driver Card Number","Product Type","Billing Type","Transaction Volume (Litres)","Transaction Amount (RM)","Station Name","Odometer","Card Type","Cost Centre","Cost Centre Name","Statement Month"
"27/03/2018 21:24","Purchase","'70838153003499447","WXR901","","PRIMAX 95","Billed","9.09","20.00","PSS ARA DAMANSARA","20","Standalone","","","31 Mar 2018"
"22/03/2018 18:06","Purchase","'70838153003499447","WXR901","","PRIMAX 95","Billed","13.64","30.00","PSS ARA DAMANSARA","30","Standalone","","","31 Mar 2018"
"22/03/2018 18:01","Reload","'70838153003499447","WXR901","","","Billed","","-50.00","PSS ARA DAMANSARA","","Standalone","","","31 Mar 2018"
"18/03/2018 21:42","Purchase","'70838153003499447","WXR901","","PRIMAX 95","Billed","9.17","20.00","PSS ARA DAMANSARA","20","Standalone","","","31 Mar 2018"
"18/03/2018 21:38","Reload","'70838153003499447","WXR901","","","Billed","","-30.00","PSS ARA DAMANSARA","","Standalone","","","31 Mar 2018"
"15/03/2018 18:55","Purchase","'70838153003499447","WXR901","","PRIMAX 95","Billed","9.17","20.00","PSS ARA DAMANSARA","20","Standalone","","","31 Mar 2018"
"15/03/2018 18:54","Reload","'70838153003499447","WXR901","","","Billed","","-20.00","PSS ARA DAMANSARA","","Standalone","","","31 Mar 2018"
"15/03/2018 17:00","Purchase","'70838153003499447","WXR901","","PRIMAX 95","Billed","9.17","20.00","PSS ARA DAMANSARA","20","Standalone","","","31 Mar 2018"
"15/03/2018 16:57","Reload","'70838153003499447","WXR901","","","Billed","","-20.00","PSS ARA DAMANSARA","","Standalone","","","31 Mar 2018"
"12/03/2018 19:41","Purchase","'70838153003499447","WXR901","","PRIMAX 95","Billed","9.05","20.00","PSS ARA DAMANSARA","20","Standalone","","","31 Mar 2018"
"10/03/2018 16:18","Purchase","'70838153003499447","WXR901","","PRIMAX 95","Billed","13.58","30.00","PSS ARA DAMANSARA","","Standalone","","","31 Mar 2018"
"10/03/2018 15:22","Reload","'70838153003499447","WXR901","","","Billed","","-50.00","PSS ARA DAMANSARA","","Standalone","","","31 Mar 2018"
"08/03/2018 22:26","Purchase","'70838153003499447","WXR901","","PRIMAX 95","Billed","9.05","20.00","PSS ARA DAMANSARA","20","Standalone","","","31 Mar 2018"
"08/03/2018 22:23","Reload","'70838153003499447","WXR901","","","Billed","","-20.00","PSS ARA DAMANSARA","","Standalone","","","31 Mar 2018"
"05/03/2018 15:23","Purchase","'70838153003499447","WXR901","","PRIMAX 95","Billed","9.09","20.00","PSS BUKIT RAHMAN PUTRA","20","Standalone","","","31 Mar 2018"
"05/03/2018 15:20","Reload","'70838153003499447","WXR901","","","Billed","","-20.00","PSS BUKIT RAHMAN PUTRA","","Standalone","","","31 Mar 2018"
"03/03/2018 20:57","Purchase","'70838153003499447","WXR901","","PRIMAX 95","Billed","9.09","20.00","PSS ARA DAMANSARA","20","Standalone","","","31 Mar 2018"
"03/03/2018 20:53","Reload","'70838153003499447","WXR901","","","Billed","","-30.00","PSS ARA DAMANSARA","","Standalone","","","31 Mar 2018"