"Date Time","Transaction Type","Card Number","Vehicle Number","Driver Card Number","Product Type","Billing Type","Transaction Volume (Litres)","Transaction Amount (RM)","Station Name","Odometer","Card Type","Cost Centre","Cost Centre Name","Statement Month"
"31/03/2018 18:37","Purchase","'70838153003498183","WXR419","","PRIMAX 95","Billed","30.01","66.02","PSS TAMAN TAMPOI UTAMA","","Standalone","","","31 Mar 2018"
"31/03/2018 14:33","Purchase","'70838153003498183","WXR419","","PRIMAX 97","Billed","24.29","60.00","PSS TMN BUKIT DAHLIA","","Standalone","","","31 Mar 2018"
"31/03/2018 14:32","Reload","'70838153003498183","WXR419","","","Billed","","-100.00","PSS TMN BUKIT DAHLIA","","Standalone","","","31 Mar 2018"
"30/03/2018 13:05","Purchase","'70838153003498183","WXR419","","PRIMAX 95","Billed","27.27","60.00","PSS TMN PASIR PUTIH","","Standalone","","","31 Mar 2018"
"30/03/2018 13:04","Reload","'70838153003498183","WXR419","","","Billed","","-100.00","PSS TMN PASIR PUTIH","","Standalone","","","31 Mar 2018"
"29/03/2018 15:10","Purchase","'70838153003498183","WXR419","","PRIMAX 95","Billed","22.73","50.00","PSS TAMAN DAYA","","Standalone","","","31 Mar 2018"
"27/03/2018 16:37","Purchase","'70838153003498183","WXR419","","PRIMAX 97","Billed","24.29","60.00","PSS JLN BANDAR PASIR GUDANG","","Standalone","","","31 Mar 2018"
"24/03/2018 15:25","Purchase","'70838153003498183","WXR419","","PRIMAX 97","Billed","24.29","60.00","PSS BANDAR BARU UDA 1","","Standalone","","","31 Mar 2018"
"22/03/2018 18:26","Purchase","'70838153003498183","WXR419","","PRIMAX 95","Billed","26.82","59.00","PSS TMN PASIR PUTIH","","Standalone","","","31 Mar 2018"
"22/03/2018 18:25","Reload","'70838153003498183","WXR419","","","Billed","","-200.00","PSS TMN PASIR PUTIH","","Standalone","","","31 Mar 2018"
"20/03/2018 20:00","Purchase","'70838153003498183","WXR419","","PRIMAX 95","Billed","27.52","60.00","PSS TMN PASIR PUTIH","","Standalone","","","31 Mar 2018"
"20/03/2018 19:58","Reload","'70838153003498183","WXR419","","","Billed","","-100.00","PSS TMN PASIR PUTIH","","Standalone","","","31 Mar 2018"
"15/03/2018 14:08","Purchase","'70838153003498183","WXR419","","PRIMAX 97","Billed","20.41","50.00","PSS TAMAN CEMPAKA","","Standalone","","","31 Mar 2018"
"14/03/2018 11:39","Purchase","'70838153003498183","WXR419","","PRIMAX 95","Billed","22.62","50.00","PSS TMN PASIR PUTIH","","Standalone","","","31 Mar 2018"
"14/03/2018 11:37","Reload","'70838153003498183","WXR419","","","Billed","","-50.00","PSS TMN PASIR PUTIH","","Standalone","","","31 Mar 2018"
"10/03/2018 12:49","Purchase","'70838153003498183","WXR419","","PRIMAX 97","Billed","40.49","100.00","PSS BAYU SENIBONG","","Standalone","","","31 Mar 2018"
"10/03/2018 12:47","Reload","'70838153003498183","WXR419","","","Billed","","-150.00","PSS BAYU SENIBONG","","Standalone","","","31 Mar 2018"
"08/03/2018 13:45","Purchase","'70838153003498183","WXR419","","PRIMAX 97","Billed","28.87","71.30","PSS BAYU PUTERI","","Standalone","","","31 Mar 2018"
"08/03/2018 13:44","Reload","'70838153003498183","WXR419","","","Billed","","-20.00","PSS BAYU PUTERI","","Standalone","","","31 Mar 2018"
"07/03/2018 17:25","Purchase","'70838153003498183","WXR419","","PRIMAX 97","Billed","24.29","60.00","PSS JLN BANDAR PASIR GUDANG","","Standalone","","","31 Mar 2018"
"07/03/2018 17:23","Reload","'70838153003498183","WXR419","","","Billed","","-100.00","PSS JLN BANDAR PASIR GUDANG","","Standalone","","","31 Mar 2018"
"03/03/2018 20:14","Purchase","'70838153003498183","WXR419","","PRIMAX 97","Billed","22.27","55.00","PSS JLN BANDAR PASIR GUDANG","","Standalone","","","31 Mar 2018"
"03/03/2018 15:38","Purchase","'70838153003498183","WXR419","","PRIMAX 95","Billed","22.73","50.00","PSS JALAN GANGSA","","Standalone","","","31 Mar 2018"
"03/03/2018 15:37","Reload","'70838153003498183","WXR419","","","Billed","","-100.00","PSS JALAN GANGSA","","Standalone","","","31 Mar 2018"