"Date Time","Transaction Type","Card Number","Vehicle Number","Driver Card Number","Product Type","Billing Type","Transaction Volume (Litres)","Transaction Amount (RM)","Station Name","Odometer","Card Type","Cost Centre","Cost Centre Name","Statement Month"
"31/03/2018 14:38","Purchase","'70838153003497706","WXR407","","PRIMAX 95","Billed","13.64","30.00","PSS TAMAN PUTRA INDAH","","Standalone","","","31 Mar 2018"
"31/03/2018 14:34","Reload","'70838153003497706","WXR407","","","Billed","","-30.00","PSS TAMAN PUTRA INDAH","","Standalone","","","31 Mar 2018"
"24/03/2018 18:20","Purchase","'70838153003497706","WXR407","","PRIMAX 95","Billed","9.09","20.00","PSS TAMAN PUTRA INDAH","","Standalone","","","31 Mar 2018"
"24/03/2018 18:16","Reload","'70838153003497706","WXR407","","","Billed","","-20.00","PSS TAMAN PUTRA INDAH","","Standalone","","","31 Mar 2018"
"10/03/2018 08:48","Purchase","'70838153003497706","WXR407","","PRIMAX 95","Billed","13.58","30.00","PSS TAMAN PUTRA INDAH","","Standalone","","","31 Mar 2018"
"04/03/2018 18:15","Reload","'70838153003497706","WXR407","","","Billed","","-30.00","PSS BANDAR PUTERI JAYA","","Standalone","","","31 Mar 2018"