"Date Time","Transaction Type","Card Number","Vehicle Number","Driver Card Number","Product Type","Billing Type","Transaction Volume (Litres)","Transaction Amount (RM)","Station Name","Odometer","Card Type","Cost Centre","Cost Centre Name","Statement Month"
"30/03/2018 17:50","Purchase","'70838153003423553","WXR101","","PRIMAX 95","Billed","45.45","100.00","PSS PEKAN AIR MOLEK","","Standalone","","","31 Mar 2018"
"27/03/2018 20:13","Purchase","'70838153003423553","WXR101","","PRIMAX 95","Billed","45.46","100.00","PSS LEBOH AMJ SEMABOK","","Standalone","","","31 Mar 2018"
"27/03/2018 20:11","Reload","'70838153003423553","WXR101","","","Billed","","-200.00","PSS LEBOH AMJ SEMABOK","","Standalone","","","31 Mar 2018"
"22/03/2018 16:15","Purchase","'70838153003423553","WXR101","","PRIMAX 95","Billed","48.16","105.96","PSS AIR KEROH 2","","Standalone","","","31 Mar 2018"
"22/03/2018 16:14","Reload","'70838153003423553","WXR101","","","Billed","","-100.00","PSS AIR KEROH 2","","Standalone","","","31 Mar 2018"
"19/03/2018 22:40","Purchase","'70838153003423553","WXR101","","PRIMAX 95","Billed","20.20","44.03","PSS LEBOH AMJ SEMABOK","","Standalone","","","31 Mar 2018"
"18/03/2018 11:51","Purchase","'70838153003423553","WXR101","","PRIMAX 95","Billed","45.87","100.00","PSS AIR KEROH RSA NORTH BOUND","","Standalone","","","31 Mar 2018"
"16/03/2018 18:29","Purchase","'70838153003423553","WXR101","","PRIMAX 95","Billed","22.94","50.01","PSS JAKAR","","Standalone","","","31 Mar 2018"
"16/03/2018 18:27","Reload","'70838153003423553","WXR101","","","Billed","","-200.00","PSS JAKAR","","Standalone","","","31 Mar 2018"
"15/03/2018 15:28","Purchase","'70838153003423553","WXR101","","PRIMAX 95","Billed","48.84","106.48","PSS GELIGA","","Standalone","","","31 Mar 2018"
"13/03/2018 13:57","Purchase","'70838153003423553","WXR101","","PRIMAX 95","Billed","43.44","96.00","PSS SELANDAR","","Standalone","","","31 Mar 2018"
"13/03/2018 13:55","Reload","'70838153003423553","WXR101","","","Billed","","-200.00","PSS SELANDAR","","Standalone","","","31 Mar 2018"
"12/03/2018 07:38","Purchase","'70838153003423553","WXR101","","PRIMAX 95","Billed","27.15","60.00","PSS LEBOH AMJ SEMABOK","","Standalone","","","31 Mar 2018"
"10/03/2018 17:18","Purchase","'70838153003423553","WXR101","","PRIMAX 95","Billed","50.68","112.01","PSS BEMBAN JASIN","","Standalone","","","31 Mar 2018"
"10/03/2018 17:16","Reload","'70838153003423553","WXR101","","","Billed","","-150.00","PSS BEMBAN JASIN","","Standalone","","","31 Mar 2018"
"07/03/2018 13:49","Purchase","'70838153003423553","WXR101","","PRIMAX 95","Billed","25.00","55.00","PSS JASIN BESTARI","","Standalone","","","31 Mar 2018"
"05/03/2018 18:19","Purchase","'70838153003423553","WXR101","","PRIMAX 95","Billed","25.45","56.00","PSS AYER KEROH 3","","Standalone","","","31 Mar 2018"
"04/03/2018 19:26","Purchase","'70838153003423553","WXR101","","PRIMAX 95","Billed","38.64","85.00","PSS LEBOH AMJ SEMABOK","","Standalone","","","31 Mar 2018"
"04/03/2018 19:25","Reload","'70838153003423553","WXR101","","","Billed","","-200.00","PSS LEBOH AMJ SEMABOK","","Standalone","","","31 Mar 2018"
"01/03/2018 20:01","Purchase","'70838153003423553","WXR101","","PRIMAX 95","Billed","27.82","61.19","PSS AYER KEROH 3","","Standalone","","","31 Mar 2018"