"Date Time","Transaction Type","Card Number","Vehicle Number","Driver Card Number","Product Type","Billing Type","Transaction Volume (Litres)","Transaction Amount (RM)","Station Name","Odometer","Card Type","Cost Centre","Cost Centre Name","Statement Month"
"31/03/2018 09:38","Purchase","'70838153003424148","WXR300","","PRIMAX 95","Billed","9.09","20.00","PSS BATU FERINGGI","","Standalone","","","31 Mar 2018"
"31/03/2018 09:36","Reload","'70838153003424148","WXR300","","","Billed","","-30.00","PSS BATU FERINGGI","","Standalone","","","31 Mar 2018"
"29/03/2018 16:06","Purchase","'70838153003424148","WXR300","","PRIMAX 95","Billed","9.09","20.00","PSS BATU FERINGGI","","Standalone","","","31 Mar 2018"
"29/03/2018 16:05","Reload","'70838153003424148","WXR300","","","Billed","","-20.00","PSS BATU FERINGGI","","Standalone","","","31 Mar 2018"
"28/03/2018 21:30","Purchase","'70838153003424148","WXR300","","PRIMAX 95","Billed","9.09","20.00","PSS BATU FERINGGI","","Standalone","","","31 Mar 2018"
"28/03/2018 21:29","Reload","'70838153003424148","WXR300","","","Billed","","-20.00","PSS BATU FERINGGI","","Standalone","","","31 Mar 2018"
"27/03/2018 16:59","Purchase","'70838153003424148","WXR300","","PRIMAX 95","Billed","9.09","20.00","PSS BATU FERINGGI","","Standalone","","","31 Mar 2018"
"27/03/2018 16:58","Reload","'70838153003424148","WXR300","","","Billed","","-20.00","PSS BATU FERINGGI","","Standalone","","","31 Mar 2018"
"24/03/2018 21:23","Purchase","'70838153003424148","WXR300","","PRIMAX 95","Billed","9.09","20.00","PSS BATU FERINGGI","","Standalone","","","31 Mar 2018"
"24/03/2018 21:22","Reload","'70838153003424148","WXR300","","","Billed","","-20.00","PSS BATU FERINGGI","","Standalone","","","31 Mar 2018"
"23/03/2018 18:45","Purchase","'70838153003424148","WXR300","","PRIMAX 95","Billed","9.09","20.00","PSS BATU FERINGGI","","Standalone","","","31 Mar 2018"
"21/03/2018 09:14","Purchase","'70838153003424148","WXR300","","PRIMAX 95","Billed","13.76","30.00","PSS BATU FERINGGI","","Standalone","","","31 Mar 2018"
"21/03/2018 09:13","Reload","'70838153003424148","WXR300","","","Billed","","-30.00","PSS BATU FERINGGI","","Standalone","","","31 Mar 2018"
"19/03/2018 17:53","Purchase","'70838153003424148","WXR300","","PRIMAX 95","Billed","9.18","20.00","PSS BATU FERINGGI","","Standalone","","","31 Mar 2018"
"19/03/2018 17:42","Reload","'70838153003424148","WXR300","","","Billed","","-30.00","PSS BATU FERINGGI","","Standalone","","","31 Mar 2018"
"18/03/2018 12:15","Purchase","'70838153003424148","WXR300","","PRIMAX 95","Billed","13.76","30.00","PSS BATU FERINGGI","","Standalone","","","31 Mar 2018"
"18/03/2018 12:13","Reload","'70838153003424148","WXR300","","","Billed","","-30.00","PSS BATU FERINGGI","","Standalone","","","31 Mar 2018"
"17/03/2018 20:04","Purchase","'70838153003424148","WXR300","","PRIMAX 95","Billed","13.76","30.00","PSS BATU FERINGGI","","Standalone","","","31 Mar 2018"
"17/03/2018 20:02","Reload","'70838153003424148","WXR300","","","Billed","","-30.00","PSS BATU FERINGGI","","Standalone","","","31 Mar 2018"
"16/03/2018 18:18","Purchase","'70838153003424148","WXR300","","PRIMAX 95","Billed","9.18","20.00","PSS BATU FERINGGI","","Standalone","","","31 Mar 2018"
"16/03/2018 18:17","Reload","'70838153003424148","WXR300","","","Billed","","-20.00","PSS BATU FERINGGI","","Standalone","","","31 Mar 2018"
"16/03/2018 11:06","Purchase","'70838153003424148","WXR300","","PRIMAX 95","Billed","9.18","20.00","PSS BATU FERINGGI","","Standalone","","","31 Mar 2018"
"16/03/2018 11:05","Reload","'70838153003424148","WXR300","","","Billed","","-30.00","PSS BATU FERINGGI","","Standalone","","","31 Mar 2018"
"12/03/2018 18:26","Purchase","'70838153003424148","WXR300","","PRIMAX 95","Billed","13.58","30.00","PSS BATU FERINGGI","","Standalone","","","31 Mar 2018"
"12/03/2018 18:24","Reload","'70838153003424148","WXR300","","","Billed","","-30.00","PSS BATU FERINGGI","","Standalone","","","31 Mar 2018"
"11/03/2018 20:07","Purchase","'70838153003424148","WXR300","","PRIMAX 95","Billed","13.58","30.00","PSS BATU FERINGGI","","Standalone","","","31 Mar 2018"
"11/03/2018 20:02","Reload","'70838153003424148","WXR300","","","Billed","","-30.00","PSS BATU FERINGGI","","Standalone","","","31 Mar 2018"
"11/03/2018 09:56","Purchase","'70838153003424148","WXR300","","PRIMAX 95","Billed","13.58","30.00","PSS BATU FERINGGI","","Standalone","","","31 Mar 2018"
"11/03/2018 09:55","Reload","'70838153003424148","WXR300","","","Billed","","-20.00","PSS BATU FERINGGI","","Standalone","","","31 Mar 2018"
"10/03/2018 21:58","Purchase","'70838153003424148","WXR300","","PRIMAX 95","Billed","13.58","30.00","PSS BATU FERINGGI","","Standalone","","","31 Mar 2018"
"10/03/2018 21:56","Reload","'70838153003424148","WXR300","","","Billed","","-30.00","PSS BATU FERINGGI","","Standalone","","","31 Mar 2018"
"09/03/2018 19:14","Purchase","'70838153003424148","WXR300","","PRIMAX 95","Billed","9.05","20.00","PSS BATU FERINGGI","","Standalone","","","31 Mar 2018"
"09/03/2018 19:13","Reload","'70838153003424148","WXR300","","","Billed","","-20.00","PSS BATU FERINGGI","","Standalone","","","31 Mar 2018"
"09/03/2018 04:27","Purchase","'70838153003424148","WXR300","","PRIMAX 95","Billed","9.05","20.00","PSS BATU FERINGGI","","Standalone","","","31 Mar 2018"
"09/03/2018 04:25","Reload","'70838153003424148","WXR300","","","Billed","","-30.00","PSS BATU FERINGGI","","Standalone","","","31 Mar 2018"
"08/03/2018 15:15","Purchase","'70838153003424148","WXR300","","PRIMAX 95","Billed","13.58","30.00","PSS TANJONG TOKONG","","Standalone","","","31 Mar 2018"
"07/03/2018 19:24","Purchase","'70838153003424148","WXR300","","PRIMAX 95","Billed","9.09","20.00","PSS BATU FERINGGI","","Standalone","","","31 Mar 2018"
"07/03/2018 19:23","Reload","'70838153003424148","WXR300","","","Billed","","-20.00","PSS BATU FERINGGI","","Standalone","","","31 Mar 2018"
"06/03/2018 18:26","Purchase","'70838153003424148","WXR300","","PRIMAX 95","Billed","9.09","20.00","PSS BATU FERINGGI","","Standalone","","","31 Mar 2018"
"06/03/2018 18:23","Reload","'70838153003424148","WXR300","","","Billed","","-30.00","PSS BATU FERINGGI","","Standalone","","","31 Mar 2018"