"Date Time","Transaction Type","Card Number","Vehicle Number","Driver Card Number","Product Type","Billing Type","Transaction Volume (Litres)","Transaction Amount (RM)","Station Name","Odometer","Card Type","Cost Centre","Cost Centre Name","Statement Month"
"20/03/2018 17:32","Purchase","'70838153003423215","WXR87","","PRIMAX 95","Billed","24.17","52.70","PSS KLUANG AIR HITAM","","Standalone","","","31 Mar 2018"
"20/03/2018 17:29","Reload","'70838153003423215","WXR87","","","Billed","","-50.00","PSS KLUANG AIR HITAM","","Standalone","","","31 Mar 2018"
"10/03/2018 01:28","Purchase","'70838153003423215","WXR87","","PRIMAX 95","Billed","19.21","42.45","PSS GUNUNG LANG","","Standalone","","","31 Mar 2018"
"04/03/2018 20:05","Purchase","'70838153003423215","WXR87","","PRIMAX 95","Billed","27.28","60.00","PSS JALAN GOPENG II","","Standalone","","","31 Mar 2018"
"04/03/2018 20:03","Reload","'70838153003423215","WXR87","","","Billed","","-50.00","PSS JALAN GOPENG II","","Standalone","","","31 Mar 2018"
"03/03/2018 05:40","Purchase","'70838153003423215","WXR87","","PRIMAX 95","Billed","36.37","80.00","PSS SUNWAY CITY","","Standalone","","","31 Mar 2018"
"03/03/2018 05:37","Reload","'70838153003423215","WXR87","","","Billed","","-50.00","PSS SUNWAY CITY","","Standalone","","","31 Mar 2018"
"01/03/2018 09:55","Purchase","'70838153003423215","WXR87","","PRIMAX 95","Billed","22.73","50.00","PSS GAJAH PERDANA","","Standalone","","","31 Mar 2018"
"01/03/2018 09:54","Reload","'70838153003423215","WXR87","","","Billed","","-100.00","PSS GAJAH PERDANA","","Standalone","","","31 Mar 2018"