"Date Time","Transaction Type","Card Number","Vehicle Number","Driver Card Number","Product Type","Billing Type","Transaction Volume (Litres)","Transaction Amount (RM)","Station Name","Odometer","Card Type","Cost Centre","Cost Centre Name","Statement Month"
"26/03/2018 11:16","Purchase","'70838153003499991","WXR661","","Diesel","Billed","22.94","50.00","PSS JALAN KUANTAN SG LEMBING","9999","Standalone","","","31 Mar 2018"
"26/03/2018 11:15","Reload","'70838153003499991","WXR661","","","Billed","","-100.00","PSS JALAN KUANTAN SG LEMBING","","Standalone","","","31 Mar 2018"
"20/03/2018 21:35","Purchase","'70838153003499991","WXR661","","Diesel","Billed","23.15","50.00","PSS JAYA GADING","9999","Standalone","","","31 Mar 2018"
"19/03/2018 20:22","Purchase","'70838153003499991","WXR661","","Diesel","Billed","23.15","50.00","PSS KM 16 JALAN GAMBANG","9999","Standalone","","","31 Mar 2018"
"19/03/2018 20:21","Reload","'70838153003499991","WXR661","","","Billed","","-100.00","PSS KM 16 JALAN GAMBANG","","Standalone","","","31 Mar 2018"
"19/03/2018 20:18","Purchase","'70838153003499991","WXR661","","Diesel","Billed","1.81","3.90","PSS KM 16 JALAN GAMBANG","9999","Standalone","","","31 Mar 2018"
"15/03/2018 15:16","Purchase","'70838153003499991","WXR661","","Diesel","Billed","23.15","50.00","PSS KUANTAN BY-PASS PANDAN","9999","Standalone","","","31 Mar 2018"
"14/03/2018 13:24","Purchase","'70838153003499991","WXR661","","Diesel","Billed","23.04","50.00","PSS KUANTAN BY-PASS PANDAN","9998","Standalone","","","31 Mar 2018"
"14/03/2018 13:22","Reload","'70838153003499991","WXR661","","","Billed","","-100.00","PSS KUANTAN BY-PASS PANDAN","","Standalone","","","31 Mar 2018"
"10/03/2018 12:45","Purchase","'70838153003499991","WXR661","","Diesel","Billed","23.04","50.00","PSS KM 16 JALAN GAMBANG","6969","Standalone","","","31 Mar 2018"
"04/03/2018 13:23","Purchase","'70838153003499991","WXR661","","Diesel (EURO 5)","Billed","21.93","50.00","PSS GAMBANG RSA EAST","6969","Standalone","","","31 Mar 2018"
"04/03/2018 13:21","Reload","'70838153003499991","WXR661","","","Billed","","-100.00","PSS GAMBANG RSA EAST","","Standalone","","","31 Mar 2018"