"Date Time","Transaction Type","Card Number","Vehicle Number","Driver Card Number","Product Type","Billing Type","Transaction Volume (Litres)","Transaction Amount (RM)","Station Name","Odometer","Card Type","Cost Centre","Cost Centre Name","Statement Month"
"31/03/2018 16:05","Purchase","'70838153003495684","WXR322","","PRIMAX 95","Billed","22.73","50.00","PSS BANDAR BARU SELAYANG FASA 2A","471858","Standalone","","","31 Mar 2018"
"31/03/2018 16:02","Reload","'70838153003495684","WXR322","","","Billed","","-50.00","PSS BANDAR BARU SELAYANG FASA 2A","","Standalone","","","31 Mar 2018"
"28/03/2018 18:33","Purchase","'70838153003495684","WXR322","","PRIMAX 95","Billed","22.73","50.00","PSS SALAK SOUTH","471732","Standalone","","","31 Mar 2018"
"28/03/2018 18:32","Reload","'70838153003495684","WXR322","","","Billed","","-50.00","PSS SALAK SOUTH","","Standalone","","","31 Mar 2018"
"28/03/2018 00:14","Purchase","'70838153003495684","WXR322","","PRIMAX 95","Billed","22.73","50.00","PSS COCHRANE PERKASA","471574","Standalone","","","31 Mar 2018"
"28/03/2018 00:12","Reload","'70838153003495684","WXR322","","","Billed","","-50.00","PSS COCHRANE PERKASA","","Standalone","","","31 Mar 2018"
"18/03/2018 06:24","Purchase","'70838153003495684","WXR322","","PRIMAX 95","Billed","22.94","50.00","PSS WANGSA MELAWATI","471303","Standalone","","","31 Mar 2018"
"18/03/2018 06:21","Reload","'70838153003495684","WXR322","","","Billed","","-50.00","PSS WANGSA MELAWATI","","Standalone","","","31 Mar 2018"
"17/03/2018 10:02","Purchase","'70838153003495684","WXR322","","PRIMAX 95","Billed","22.94","50.00","PSS TAMAN CEMPAKA","471150","Standalone","","","31 Mar 2018"
"17/03/2018 09:59","Reload","'70838153003495684","WXR322","","","Billed","","-50.00","PSS TAMAN CEMPAKA","","Standalone","","","31 Mar 2018"
"15/03/2018 14:39","Purchase","'70838153003495684","WXR322","","PRIMAX 95","Billed","22.94","50.00","PSS KLANG GATE","471008","Standalone","","","31 Mar 2018"
"15/03/2018 14:38","Reload","'70838153003495684","WXR322","","","Billed","","-50.00","PSS KLANG GATE","","Standalone","","","31 Mar 2018"
"10/03/2018 09:48","Purchase","'70838153003495684","WXR322","","PRIMAX 95","Billed","45.31","100.13","PSS KLANG GATE","490496","Standalone","","","31 Mar 2018"
"10/03/2018 09:47","Reload","'70838153003495684","WXR322","","","Billed","","-100.00","PSS KLANG GATE","","Standalone","","","31 Mar 2018"