"Date Time","Transaction Type","Card Number","Vehicle Number","Driver Card Number","Product Type","Billing Type","Transaction Volume (Litres)","Transaction Amount (RM)","Station Name","Odometer","Card Type","Cost Centre","Cost Centre Name","Statement Month"
"29/03/2018 16:42","Purchase","'70838153003498712","WXR439","","PRIMAX 95","Billed","18.18","40.00","PSS KM 2 LDP","","Standalone","","","31 Mar 2018"
"28/03/2018 06:02","Purchase","'70838153003498712","WXR439","","PRIMAX 95","Billed","13.64","30.00","PSS BANDAR PUTRA 2","","Standalone","","","31 Mar 2018"
"24/03/2018 14:21","Purchase","'70838153003498712","WXR439","","PRIMAX 95","Billed","27.27","60.00","PSS BANDAR PUTRA 2","","Standalone","","","31 Mar 2018"
"24/03/2018 14:16","Reload","'70838153003498712","WXR439","","","Billed","","-100.00","PSS BANDAR PUTRA 3","","Standalone","","","31 Mar 2018"
"09/03/2018 07:13","Purchase","'70838153003498712","WXR439","","PRIMAX 95","Billed","27.15","60.00","PSS BANDAR PUTRA 2","","Standalone","","","31 Mar 2018"
"03/03/2018 09:42","Purchase","'70838153003498712","WXR439","","PRIMAX 95","Billed","18.18","40.00","PSS BANDAR PUTRA 3","","Standalone","","","31 Mar 2018"
"03/03/2018 09:38","Reload","'70838153003498712","WXR439","","","Billed","","-100.00","PSS BANDAR PUTRA 3","","Standalone","","","31 Mar 2018"
"01/03/2018 06:54","Purchase","'70838153003498712","WXR439","","PRIMAX 95","Billed","18.18","40.00","PSS PLOT 1 BDR PUTRA","","Standalone","","","31 Mar 2018"