"Date Time","Transaction Type","Card Number","Vehicle Number","Driver Card Number","Product Type","Billing Type","Transaction Volume (Litres)","Transaction Amount (RM)","Station Name","Odometer","Card Type","Cost Centre","Cost Centre Name","Statement Month"
"31/03/2018 21:10","Purchase","'70838153003498696","WXR437","","PRIMAX 95","Un-billed","22.73","50.00","PSS KM 12.3 LEBUHRAYA PERSEKUTUAN","","Standalone","","","Unbilled Transaction"
"31/03/2018 21:09","Reload","'70838153003498696","WXR437","","","Un-billed","","-50.00","PSS KM 12.3 LEBUHRAYA PERSEKUTUAN","","Standalone","","","Unbilled Transaction"
"31/03/2018 08:22","Purchase","'70838153003498696","WXR437","","PRIMAX 95","Billed","9.09","20.00","PSS KESAS ARAH SUBANG","","Standalone","","","31 Mar 2018"
"31/03/2018 08:21","Reload","'70838153003498696","WXR437","","","Billed","","-20.00","PSS KESAS ARAH SUBANG","","Standalone","","","31 Mar 2018"
"30/03/2018 12:27","Purchase","'70838153003498696","WXR437","","PRIMAX 95","Billed","22.73","50.00","PSS JALAN 20/1 SEKSYEN 20","","Standalone","","","31 Mar 2018"
"30/03/2018 12:23","Reload","'70838153003498696","WXR437","","","Billed","","-50.00","PSS JALAN 20/1 SEKSYEN 20","","Standalone","","","31 Mar 2018"
"29/03/2018 09:24","Purchase","'70838153003498696","WXR437","","PRIMAX 95","Billed","13.64","30.00","PSS USJ 2 SUBANG JAYA","","Standalone","","","31 Mar 2018"
"29/03/2018 09:23","Reload","'70838153003498696","WXR437","","","Billed","","-30.00","PSS USJ 2 SUBANG JAYA","","Standalone","","","31 Mar 2018"
"28/03/2018 08:36","Purchase","'70838153003498696","WXR437","","PRIMAX 95","Billed","27.27","60.00","PSS GLENMARIE TTDI JAYA","","Standalone","","","31 Mar 2018"
"28/03/2018 08:35","Reload","'70838153003498696","WXR437","","","Billed","","-60.00","PSS GLENMARIE TTDI JAYA","","Standalone","","","31 Mar 2018"
"27/03/2018 11:20","Purchase","'70838153003498696","WXR437","","PRIMAX 95","Billed","13.64","30.00","PSS JALAN 20/1 SEKSYEN 20","","Standalone","","","31 Mar 2018"
"27/03/2018 11:19","Reload","'70838153003498696","WXR437","","","Billed","","-30.00","PSS JALAN 20/1 SEKSYEN 20","","Standalone","","","31 Mar 2018"
"26/03/2018 12:11","Purchase","'70838153003498696","WXR437","","PRIMAX 95","Billed","22.73","50.00","PSS SEKSYEN 13","","Standalone","","","31 Mar 2018"
"26/03/2018 12:09","Reload","'70838153003498696","WXR437","","","Billed","","-50.00","PSS SEKSYEN 13","","Standalone","","","31 Mar 2018"
"25/03/2018 14:06","Purchase","'70838153003498696","WXR437","","PRIMAX 95","Billed","13.64","30.00","PSS LT911 ULU KLANG MRR2","","Standalone","","","31 Mar 2018"
"25/03/2018 14:05","Reload","'70838153003498696","WXR437","","","Billed","","-30.00","PSS LT911 ULU KLANG MRR2","","Standalone","","","31 Mar 2018"
"22/03/2018 14:56","Purchase","'70838153003498696","WXR437","","PRIMAX 95","Billed","27.27","60.00","PSS JALAN 20/1 SEKSYEN 20","","Standalone","","","31 Mar 2018"
"22/03/2018 14:55","Reload","'70838153003498696","WXR437","","","Billed","","-60.00","PSS JALAN 20/1 SEKSYEN 20","","Standalone","","","31 Mar 2018"
"21/03/2018 14:15","Purchase","'70838153003498696","WXR437","","PRIMAX 95","Billed","22.94","50.00","PSS PETALING UTAMA","","Standalone","","","31 Mar 2018"
"21/03/2018 14:12","Reload","'70838153003498696","WXR437","","","Billed","","-50.00","PSS PETALING UTAMA","","Standalone","","","31 Mar 2018"
"20/03/2018 09:47","Purchase","'70838153003498696","WXR437","","PRIMAX 95","Billed","22.94","50.00","PSS USJ 2 SUBANG JAYA","","Standalone","","","31 Mar 2018"
"20/03/2018 09:46","Reload","'70838153003498696","WXR437","","","Billed","","-50.00","PSS USJ 2 SUBANG JAYA","","Standalone","","","31 Mar 2018"
"17/03/2018 18:03","Purchase","'70838153003498696","WXR437","","PRIMAX 95","Billed","17.71","38.60","PSS KESAS ARAH KELANG","","Standalone","","","31 Mar 2018"
"17/03/2018 18:01","Reload","'70838153003498696","WXR437","","","Billed","","-40.00","PSS KESAS ARAH KELANG","","Standalone","","","31 Mar 2018"
"16/03/2018 16:39","Purchase","'70838153003498696","WXR437","","PRIMAX 95","Billed","13.76","30.00","PSS JALAN 20/1 SEKSYEN 20","","Standalone","","","31 Mar 2018"
"16/03/2018 16:39","Reload","'70838153003498696","WXR437","","","Billed","","-30.00","PSS JALAN 20/1 SEKSYEN 20","","Standalone","","","31 Mar 2018"
"15/03/2018 12:38","Purchase","'70838153003498696","WXR437","","PRIMAX 95","Billed","22.94","50.00","PSS JALAN LANGAT","","Standalone","","","31 Mar 2018"
"15/03/2018 12:36","Reload","'70838153003498696","WXR437","","","Billed","","-50.00","PSS JALAN LANGAT","","Standalone","","","31 Mar 2018"
"14/03/2018 08:19","Purchase","'70838153003498696","WXR437","","PRIMAX 95","Billed","22.62","50.00","PSS GLENMARIE TTDI JAYA","","Standalone","","","31 Mar 2018"
"14/03/2018 08:18","Reload","'70838153003498696","WXR437","","","Billed","","-50.00","PSS GLENMARIE TTDI JAYA","","Standalone","","","31 Mar 2018"
"13/03/2018 08:30","Purchase","'70838153003498696","WXR437","","PRIMAX 95","Billed","22.62","50.00","PSS GLENMARIE TTDI JAYA","","Standalone","","","31 Mar 2018"
"13/03/2018 08:29","Reload","'70838153003498696","WXR437","","","Billed","","-50.00","PSS GLENMARIE TTDI JAYA","","Standalone","","","31 Mar 2018"
"10/03/2018 12:08","Purchase","'70838153003498696","WXR437","","PRIMAX 95","Billed","18.10","40.00","PSS BATU 3 FEDERAL HIGHWAY","","Standalone","","","31 Mar 2018"
"10/03/2018 12:06","Reload","'70838153003498696","WXR437","","","Billed","","-40.00","PSS BATU 3 FEDERAL HIGHWAY","","Standalone","","","31 Mar 2018"
"09/03/2018 11:03","Purchase","'70838153003498696","WXR437","","PRIMAX 95","Billed","18.10","40.00","PSS FAS","","Standalone","","","31 Mar 2018"
"09/03/2018 11:02","Reload","'70838153003498696","WXR437","","","Billed","","-40.00","PSS FAS","","Standalone","","","31 Mar 2018"
"08/03/2018 16:02","Purchase","'70838153003498696","WXR437","","PRIMAX 95","Billed","13.58","30.00","PSS SEKSYEN 13","","Standalone","","","31 Mar 2018"
"08/03/2018 16:00","Reload","'70838153003498696","WXR437","","","Billed","","-30.00","PSS SEKSYEN 13","","Standalone","","","31 Mar 2018"
"07/03/2018 15:34","Purchase","'70838153003498696","WXR437","","PRIMAX 95","Billed","22.73","50.00","PSS SEK 26 SHAH ALAM","","Standalone","","","31 Mar 2018"
"07/03/2018 15:33","Reload","'70838153003498696","WXR437","","","Billed","","-50.00","PSS SEK 26 SHAH ALAM","","Standalone","","","31 Mar 2018"
"06/03/2018 13:11","Purchase","'70838153003498696","WXR437","","PRIMAX 95","Billed","22.73","50.00","PSS GLENMARIE TTDI JAYA","","Standalone","","","31 Mar 2018"
"06/03/2018 13:10","Reload","'70838153003498696","WXR437","","","Billed","","-50.00","PSS GLENMARIE TTDI JAYA","","Standalone","","","31 Mar 2018"
"05/03/2018 10:16","Purchase","'70838153003498696","WXR437","","PRIMAX 95","Billed","22.73","50.00","PSS SEK 26 SHAH ALAM","","Standalone","","","31 Mar 2018"
"05/03/2018 10:15","Reload","'70838153003498696","WXR437","","","Billed","","-50.00","PSS SEK 26 SHAH ALAM","","Standalone","","","31 Mar 2018"
"03/03/2018 10:20","Purchase","'70838153003498696","WXR437","","PRIMAX 95","Billed","9.09","20.00","PSS SEKSYEN 18","","Standalone","","","31 Mar 2018"
"03/03/2018 10:19","Reload","'70838153003498696","WXR437","","","Billed","","-20.00","PSS SEKSYEN 18","","Standalone","","","31 Mar 2018"
"02/03/2018 08:14","Purchase","'70838153003498696","WXR437","","PRIMAX 95","Billed","22.73","50.00","PSS GLENMARIE TTDI JAYA","","Standalone","","","31 Mar 2018"
"02/03/2018 08:12","Reload","'70838153003498696","WXR437","","","Billed","","-50.00","PSS GLENMARIE TTDI JAYA","","Standalone","","","31 Mar 2018"