"Date Time","Transaction Type","Card Number","Vehicle Number","Driver Card Number","Product Type","Billing Type","Transaction Volume (Litres)","Transaction Amount (RM)","Station Name","Odometer","Card Type","Cost Centre","Cost Centre Name","Statement Month"
"23/03/2018 10:51","Purchase","'70838153003501754","WXR727","","PRIMAX 95","Billed","40.01","88.01","PSS SIMPANG PULAI ARAH UTARA","","Standalone","","","31 Mar 2018"
"23/03/2018 10:49","Reload","'70838153003501754","WXR727","","","Billed","","-100.00","PSS SIMPANG PULAI ARAH UTARA","","Standalone","","","31 Mar 2018"
"17/03/2018 23:45","Purchase","'70838153003501754","WXR727","","PRIMAX 95","Billed","54.59","119.00","PSS R & R GUNUNG SEMANGGOL","","Standalone","","","31 Mar 2018"
"16/03/2018 20:43","Purchase","'70838153003501754","WXR727","","PRIMAX 95","Billed","45.88","100.01","PSS SIMPANG PULAI ARAH UTARA","","Standalone","","","31 Mar 2018"
"16/03/2018 20:41","Reload","'70838153003501754","WXR727","","","Billed","","-200.00","PSS SIMPANG PULAI ARAH UTARA","","Standalone","","","31 Mar 2018"
"13/03/2018 20:44","Purchase","'70838153003501754","WXR727","","PRIMAX 95","Billed","22.63","50.00","PSS BIDOR TAPAH","","Standalone","","","31 Mar 2018"
"13/03/2018 20:39","Reload","'70838153003501754","WXR727","","","Billed","","-100.00","PSS BIDOR TAPAH","","Standalone","","","31 Mar 2018"