"Date Time","Transaction Type","Card Number","Vehicle Number","Driver Card Number","Product Type","Billing Type","Transaction Volume (Litres)","Transaction Amount (RM)","Station Name","Odometer","Card Type","Cost Centre","Cost Centre Name","Statement Month"
"21/03/2018 17:58","Purchase","'70838153003581624","WXR1111","","PRIMAX 95","Billed","27.98","61.00","PSS PRECINT 9D","","Standalone","","","31 Mar 2018"
"21/03/2018 17:57","Reload","'70838153003581624","WXR1111","","","Billed","","-200.00","PSS PRECINT 9D","","Standalone","","","31 Mar 2018"
"21/03/2018 17:54","Purchase","'70838153003581624","WXR1111","","PRIMAX 95","Billed","10.61","23.14","PSS PRECINT 9D","","Standalone","","","31 Mar 2018"
"09/03/2018 13:42","Purchase","'70838153003581624","WXR1111","","PRIMAX 95","Billed","27.83","61.51","PSS TAMAN SRI GOMBAK","","Standalone","","","31 Mar 2018"
"05/03/2018 15:38","Purchase","'70838153003581624","WXR1111","","PRIMAX 95","Billed","31.67","69.67","PSS TAMAN SETIAWANGSA","","Standalone","","","31 Mar 2018"