"Date Time","Transaction Type","Card Number","Vehicle Number","Driver Card Number","Product Type","Billing Type","Transaction Volume (Litres)","Transaction Amount (RM)","Station Name","Odometer","Card Type","Cost Centre","Cost Centre Name","Statement Month"
"31/03/2018 12:52","Purchase","'70838153003497623","WXR400","","PRIMAX 95","Billed","40.00","88.00","PSS SALAK SOUTH","","Standalone","","","31 Mar 2018"
"31/03/2018 12:49","Reload","'70838153003497623","WXR400","","","Billed","","-250.00","PSS SALAK SOUTH","","Standalone","","","31 Mar 2018"
"27/03/2018 10:42","Purchase","'70838153003497623","WXR400","","PRIMAX 97","Billed","56.00","138.32","PSS LEBUHRAYA SILK","","Standalone","","","31 Mar 2018"
"27/03/2018 10:38","Reload","'70838153003497623","WXR400","","","Billed","","-250.00","PSS LEBUHRAYA SILK","","Standalone","","","31 Mar 2018"
"20/03/2018 16:38","Purchase","'70838153003497623","WXR400","","PRIMAX 97","Billed","8.53","20.89","PSS BALAKONG II","","Standalone","","","31 Mar 2018"
"15/03/2018 07:51","Purchase","'70838153003497623","WXR400","","PRIMAX 97","Billed","54.00","132.30","PSS EAST-WEST LINK","","Standalone","","","31 Mar 2018"
"14/03/2018 12:57","Purchase","'70838153003497623","WXR400","","PRIMAX 97","Billed","20.24","50.00","PSS KM72 L/RAYA KARAK ARAH KL","","Standalone","","","31 Mar 2018"
"14/03/2018 05:49","Purchase","'70838153003497623","WXR400","","PRIMAX 97","Billed","16.20","40.00","PSS PETRONAS KARAK REST","","Standalone","","","31 Mar 2018"
"13/03/2018 14:12","Purchase","'70838153003497623","WXR400","","PRIMAX 97","Billed","23.00","56.81","PSS SKVE","","Standalone","","","31 Mar 2018"
"13/03/2018 14:10","Reload","'70838153003497623","WXR400","","","Billed","","-300.00","PSS SKVE","","Standalone","","","31 Mar 2018"
"07/03/2018 22:47","Purchase","'70838153003497623","WXR400","","PRIMAX 97","Billed","29.12","71.93","PSS TAMAN SETIAWANGSA","","Standalone","","","31 Mar 2018"
"06/03/2018 16:08","Purchase","'70838153003497623","WXR400","","PRIMAX 97","Billed","29.15","72.00","PSS PERSIARAN APEC","","Standalone","","","31 Mar 2018"
"06/03/2018 10:26","Purchase","'70838153003497623","WXR400","","PRIMAX 97","Billed","19.43","48.00","PSS LEBUHRAYA SILK","","Standalone","","","31 Mar 2018"
"02/03/2018 16:15","Purchase","'70838153003497623","WXR400","","PRIMAX 97","Billed","51.00","125.97","PSS PERSIARAN APEC","","Standalone","","","31 Mar 2018"
"02/03/2018 16:13","Reload","'70838153003497623","WXR400","","","Billed","","-300.00","PSS PERSIARAN APEC","","Standalone","","","31 Mar 2018"