"Date Time","Transaction Type","Card Number","Vehicle Number","Driver Card Number","Product Type","Billing Type","Transaction Volume (Litres)","Transaction Amount (RM)","Station Name","Odometer","Card Type","Cost Centre","Cost Centre Name","Statement Month"
"11/03/2018 01:01","Purchase","'70838153003497565","WXR395","","Diesel","Billed","46.08","100.00","PSS JLN BANDAR PASIR GUDANG","90409","Standalone","","","31 Mar 2018"
"09/03/2018 22:28","Purchase","'70838153003497565","WXR395","","Diesel","Billed","46.08","100.00","PSS SECT 15 BB BANGI","89849","Standalone","","","31 Mar 2018"
"09/03/2018 22:24","Reload","'70838153003497565","WXR395","","","Billed","","-200.00","PSS SECT 15 BB BANGI","","Standalone","","","31 Mar 2018"
"07/03/2018 16:16","Purchase","'70838153003497565","WXR395","","Diesel","Billed","45.87","100.00","PSS MACHAP ARAH UTARA","89487","Standalone","","","31 Mar 2018"
"07/03/2018 12:37","Reload","'70838153003497565","WXR395","","","Billed","","-100.00","PSS DESARU","","Standalone","","","31 Mar 2018"
"07/03/2018 04:15","Purchase","'70838153003497565","WXR395","","Diesel","Billed","45.87","100.00","PSS AIR KEROH RSA SOUTH BOUND","89021","Standalone","","","31 Mar 2018"
"07/03/2018 04:10","Reload","'70838153003497565","WXR395","","","Billed","","-100.00","PSS AIR KEROH RSA SOUTH BOUND","","Standalone","","","31 Mar 2018"