"Date Time","Transaction Type","Card Number","Vehicle Number","Driver Card Number","Product Type","Billing Type","Transaction Volume (Litres)","Transaction Amount (RM)","Station Name","Odometer","Card Type","Cost Centre","Cost Centre Name","Statement Month"
"23/03/2018 08:39","Purchase","'70838153003497631","WXR401","","PRIMAX 95","Billed","2.77","6.09","PSS USJ 6 UEP SUBANG JAYA","","Standalone","","","31 Mar 2018"
"22/03/2018 08:30","Purchase","'70838153003497631","WXR401","","PRIMAX 95","Billed","2.55","5.61","PSS JALAN KUARI","","Standalone","","","31 Mar 2018"
"12/03/2018 15:32","Purchase","'70838153003497631","WXR401","","PRIMAX 95","Billed","3.04","6.73","PSS PUCHONG PRIMA","","Standalone","","","31 Mar 2018"
"01/03/2018 20:59","Reload","'70838153003497631","WXR401","","","Billed","","-20.00","PSS TMN EQUINE SERI KEMBANGAN","","Standalone","","","31 Mar 2018"
"01/03/2018 08:49","Purchase","'70838153003497631","WXR401","","PRIMAX 97","Billed","2.83","7.00","PSS PUCHONG PRIMA","","Standalone","","","31 Mar 2018"