"Date Time","Transaction Type","Card Number","Vehicle Number","Driver Card Number","Product Type","Billing Type","Transaction Volume (Litres)","Transaction Amount (RM)","Station Name","Odometer","Card Type","Cost Centre","Cost Centre Name","Statement Month"
"31/03/2018 20:45","Purchase","'70838153003422928","WXR85","","PRIMAX 95","Billed","13.64","30.00","PSS JALAN LAHAT MENGLEMBU","","Standalone","","","31 Mar 2018"
"31/03/2018 20:44","Reload","'70838153003422928","WXR85","","","Billed","","-30.00","PSS JALAN LAHAT MENGLEMBU","","Standalone","","","31 Mar 2018"
"30/03/2018 09:41","Purchase","'70838153003422928","WXR85","","PRIMAX 95","Billed","13.64","30.00","PSS TAMAN SAUJANA BATU GAJAH","","Standalone","","","31 Mar 2018"
"30/03/2018 09:38","Reload","'70838153003422928","WXR85","","","Billed","","-30.00","PSS TAMAN SAUJANA BATU GAJAH","","Standalone","","","31 Mar 2018"
"29/03/2018 11:44","Purchase","'70838153003422928","WXR85","","PRIMAX 95","Billed","13.64","30.00","PSS TAMAN SAUJANA BATU GAJAH","","Standalone","","","31 Mar 2018"
"29/03/2018 11:42","Reload","'70838153003422928","WXR85","","","Billed","","-30.00","PSS TAMAN SAUJANA BATU GAJAH","","Standalone","","","31 Mar 2018"
"28/03/2018 10:21","Purchase","'70838153003422928","WXR85","","PRIMAX 95","Billed","13.64","30.00","PSS TAMAN SAUJANA BATU GAJAH","","Standalone","","","31 Mar 2018"
"28/03/2018 10:20","Reload","'70838153003422928","WXR85","","","Billed","","-30.00","PSS TAMAN SAUJANA BATU GAJAH","","Standalone","","","31 Mar 2018"
"27/03/2018 00:16","Purchase","'70838153003422928","WXR85","","PRIMAX 95","Billed","18.18","40.00","PSS GAJAH PERDANA","","Standalone","","","31 Mar 2018"
"27/03/2018 00:13","Reload","'70838153003422928","WXR85","","","Billed","","-40.00","PSS GAJAH PERDANA","","Standalone","","","31 Mar 2018"
"26/03/2018 09:53","Purchase","'70838153003422928","WXR85","","PRIMAX 95","Billed","9.09","20.00","PSS TAMAN SAUJANA BATU GAJAH","","Standalone","","","31 Mar 2018"
"26/03/2018 09:52","Reload","'70838153003422928","WXR85","","","Billed","","-20.00","PSS TAMAN SAUJANA BATU GAJAH","","Standalone","","","31 Mar 2018"
"25/03/2018 18:54","Purchase","'70838153003422928","WXR85","","PRIMAX 95","Billed","9.09","20.00","PSS JALAN LAHAT MENGLEMBU","","Standalone","","","31 Mar 2018"
"25/03/2018 18:52","Reload","'70838153003422928","WXR85","","","Billed","","-20.00","PSS JALAN LAHAT MENGLEMBU","","Standalone","","","31 Mar 2018"
"24/03/2018 19:37","Purchase","'70838153003422928","WXR85","","PRIMAX 95","Billed","9.09","20.00","PSS JALAN LAHAT MENGLEMBU","","Standalone","","","31 Mar 2018"
"24/03/2018 19:35","Reload","'70838153003422928","WXR85","","","Billed","","-20.00","PSS JALAN LAHAT MENGLEMBU","","Standalone","","","31 Mar 2018"
"23/03/2018 11:08","Purchase","'70838153003422928","WXR85","","PRIMAX 95","Billed","13.64","30.00","PSS TAMAN SAUJANA BATU GAJAH","","Standalone","","","31 Mar 2018"
"23/03/2018 11:06","Reload","'70838153003422928","WXR85","","","Billed","","-30.00","PSS TAMAN SAUJANA BATU GAJAH","","Standalone","","","31 Mar 2018"
"21/03/2018 19:10","Purchase","'70838153003422928","WXR85","","PRIMAX 95","Billed","13.76","30.00","PSS JALAN LAHAT MENGLEMBU","","Standalone","","","31 Mar 2018"
"21/03/2018 19:08","Reload","'70838153003422928","WXR85","","","Billed","","-30.00","PSS JALAN LAHAT MENGLEMBU","","Standalone","","","31 Mar 2018"
"20/03/2018 12:13","Purchase","'70838153003422928","WXR85","","PRIMAX 95","Billed","13.76","30.00","PSS BATU GAJAH","","Standalone","","","31 Mar 2018"
"20/03/2018 12:11","Reload","'70838153003422928","WXR85","","","Billed","","-30.00","PSS BATU GAJAH","","Standalone","","","31 Mar 2018"
"18/03/2018 19:11","Purchase","'70838153003422928","WXR85","","PRIMAX 95","Billed","9.17","20.00","PSS JALAN LAHAT MENGLEMBU","","Standalone","","","31 Mar 2018"
"18/03/2018 19:09","Reload","'70838153003422928","WXR85","","","Billed","","-20.00","PSS JALAN LAHAT MENGLEMBU","","Standalone","","","31 Mar 2018"
"18/03/2018 11:09","Purchase","'70838153003422928","WXR85","","PRIMAX 95","Billed","9.18","20.00","PSS BATU GAJAH","","Standalone","","","31 Mar 2018"
"18/03/2018 11:08","Reload","'70838153003422928","WXR85","","","Billed","","-20.00","PSS BATU GAJAH","","Standalone","","","31 Mar 2018"
"17/03/2018 10:53","Purchase","'70838153003422928","WXR85","","PRIMAX 95","Billed","9.18","20.00","PSS TAMAN SAUJANA BATU GAJAH","","Standalone","","","31 Mar 2018"
"17/03/2018 10:51","Reload","'70838153003422928","WXR85","","","Billed","","-20.00","PSS TAMAN SAUJANA BATU GAJAH","","Standalone","","","31 Mar 2018"
"16/03/2018 18:28","Purchase","'70838153003422928","WXR85","","PRIMAX 95","Billed","9.17","20.00","PSS JALAN LAHAT MENGLEMBU","","Standalone","","","31 Mar 2018"
"16/03/2018 18:26","Reload","'70838153003422928","WXR85","","","Billed","","-20.00","PSS JALAN LAHAT MENGLEMBU","","Standalone","","","31 Mar 2018"
"15/03/2018 19:09","Purchase","'70838153003422928","WXR85","","PRIMAX 95","Billed","9.17","20.00","PSS JALAN LAHAT MENGLEMBU","","Standalone","","","31 Mar 2018"
"15/03/2018 19:08","Reload","'70838153003422928","WXR85","","","Billed","","-20.00","PSS JALAN LAHAT MENGLEMBU","","Standalone","","","31 Mar 2018"
"14/03/2018 08:49","Purchase","'70838153003422928","WXR85","","PRIMAX 95","Billed","9.05","20.00","PSS TAMAN SAUJANA BATU GAJAH","","Standalone","","","31 Mar 2018"
"14/03/2018 08:47","Reload","'70838153003422928","WXR85","","","Billed","","-20.00","PSS TAMAN SAUJANA BATU GAJAH","","Standalone","","","31 Mar 2018"
"12/03/2018 18:26","Purchase","'70838153003422928","WXR85","","PRIMAX 95","Billed","9.23","20.39","PSS TAMAN SAUJANA BATU GAJAH","","Standalone","","","31 Mar 2018"
"12/03/2018 18:25","Reload","'70838153003422928","WXR85","","","Billed","","-20.00","PSS TAMAN SAUJANA BATU GAJAH","","Standalone","","","31 Mar 2018"
"11/03/2018 12:05","Purchase","'70838153003422928","WXR85","","PRIMAX 95","Billed","18.10","40.00","PSS TAMAN SAUJANA BATU GAJAH","","Standalone","","","31 Mar 2018"
"11/03/2018 12:03","Reload","'70838153003422928","WXR85","","","Billed","","-20.00","PSS TAMAN SAUJANA BATU GAJAH","","Standalone","","","31 Mar 2018"
"10/03/2018 11:30","Purchase","'70838153003422928","WXR85","","PRIMAX 95","Billed","13.57","30.00","PSS JALAN LAHAT MENGLEMBU","","Standalone","","","31 Mar 2018"
"10/03/2018 11:27","Reload","'70838153003422928","WXR85","","","Billed","","-30.00","PSS JALAN LAHAT MENGLEMBU","","Standalone","","","31 Mar 2018"
"09/03/2018 09:54","Purchase","'70838153003422928","WXR85","","PRIMAX 95","Billed","13.58","30.00","PSS TAMAN SAUJANA BATU GAJAH","","Standalone","","","31 Mar 2018"
"09/03/2018 09:51","Reload","'70838153003422928","WXR85","","","Billed","","-30.00","PSS TAMAN SAUJANA BATU GAJAH","","Standalone","","","31 Mar 2018"
"07/03/2018 18:23","Purchase","'70838153003422928","WXR85","","PRIMAX 95","Billed","13.64","30.00","PSS TAMAN SAUJANA BATU GAJAH","","Standalone","","","31 Mar 2018"
"07/03/2018 18:20","Reload","'70838153003422928","WXR85","","","Billed","","-30.00","PSS TAMAN SAUJANA BATU GAJAH","","Standalone","","","31 Mar 2018"
"06/03/2018 18:56","Purchase","'70838153003422928","WXR85","","PRIMAX 95","Billed","9.09","20.00","PSS JALAN LAHAT MENGLEMBU","","Standalone","","","31 Mar 2018"
"06/03/2018 18:54","Reload","'70838153003422928","WXR85","","","Billed","","-20.00","PSS JALAN LAHAT MENGLEMBU","","Standalone","","","31 Mar 2018"
"06/03/2018 10:02","Purchase","'70838153003422928","WXR85","","PRIMAX 95","Billed","9.09","20.00","PSS BATU GAJAH","","Standalone","","","31 Mar 2018"
"06/03/2018 10:01","Reload","'70838153003422928","WXR85","","","Billed","","-20.00","PSS BATU GAJAH","","Standalone","","","31 Mar 2018"
"04/03/2018 21:19","Purchase","'70838153003422928","WXR85","","PRIMAX 95","Billed","13.64","30.00","PSS JALAN LAHAT MENGLEMBU","","Standalone","","","31 Mar 2018"
"04/03/2018 21:18","Reload","'70838153003422928","WXR85","","","Billed","","-30.00","PSS JALAN LAHAT MENGLEMBU","","Standalone","","","31 Mar 2018"
"04/03/2018 16:33","Purchase","'70838153003422928","WXR85","","PRIMAX 95","Billed","9.09","20.00","PSS SERI ISKANDAR","","Standalone","","","31 Mar 2018"
"04/03/2018 16:32","Reload","'70838153003422928","WXR85","","","Billed","","-20.00","PSS SERI ISKANDAR","","Standalone","","","31 Mar 2018"
"03/03/2018 16:14","Purchase","'70838153003422928","WXR85","","PRIMAX 95","Billed","13.64","30.00","PSS JALAN LAHAT MENGLEMBU","","Standalone","","","31 Mar 2018"
"03/03/2018 16:12","Reload","'70838153003422928","WXR85","","","Billed","","-30.00","PSS JALAN LAHAT MENGLEMBU","","Standalone","","","31 Mar 2018"
"03/03/2018 09:14","Purchase","'70838153003422928","WXR85","","PRIMAX 95","Billed","9.09","20.00","PSS TAMAN SAUJANA BATU GAJAH","","Standalone","","","31 Mar 2018"
"03/03/2018 09:12","Reload","'70838153003422928","WXR85","","","Billed","","-20.00","PSS TAMAN SAUJANA BATU GAJAH","","Standalone","","","31 Mar 2018"
"01/03/2018 17:38","Purchase","'70838153003422928","WXR85","","PRIMAX 95","Billed","13.64","30.00","PSS BATU GAJAH","","Standalone","","","31 Mar 2018"
"01/03/2018 17:37","Reload","'70838153003422928","WXR85","","","Billed","","-30.00","PSS BATU GAJAH","","Standalone","","","31 Mar 2018"