"Date Time","Transaction Type","Card Number","Vehicle Number","Driver Card Number","Product Type","Billing Type","Transaction Volume (Litres)","Transaction Amount (RM)","Station Name","Odometer","Card Type","Cost Centre","Cost Centre Name","Statement Month"
"31/03/2018 12:53","Purchase","'70838153003495577","WXR545","","PRIMAX 95","Billed","13.64","30.00","PSS PADANG MAT SIRAT","","Standalone","","","31 Mar 2018"
"31/03/2018 12:51","Reload","'70838153003495577","WXR545","","","Billed","","-50.00","PSS PADANG MAT SIRAT","","Standalone","","","31 Mar 2018"
"29/03/2018 19:24","Purchase","'70838153003495577","WXR545","","PRIMAX 95","Billed","13.64","30.00","PSS TOK SENIK","","Standalone","","","31 Mar 2018"
"27/03/2018 17:12","Purchase","'70838153003495577","WXR545","","PRIMAX 95","Billed","13.64","30.00","PSS KEDAWANG LANGKAWI","","Standalone","","","31 Mar 2018"
"27/03/2018 17:11","Reload","'70838153003495577","WXR545","","","Billed","","-50.00","PSS KEDAWANG LANGKAWI","","Standalone","","","31 Mar 2018"
"25/03/2018 11:30","Purchase","'70838153003495577","WXR545","","PRIMAX 95","Billed","13.64","30.00","PSS PADANG MAT SIRAT","","Standalone","","","31 Mar 2018"
"25/03/2018 11:22","Reload","'70838153003495577","WXR545","","","Billed","","-50.00","PSS PADANG MAT SIRAT","","Standalone","","","31 Mar 2018"
"24/03/2018 00:48","Purchase","'70838153003495577","WXR545","","PRIMAX 95","Billed","11.37","25.00","PSS PADANG MAT SIRAT","","Standalone","","","31 Mar 2018"
"22/03/2018 07:36","Purchase","'70838153003495577","WXR545","","PRIMAX 95","Billed","11.36","25.00","PSS KELEBANG LANGKAWI","","Standalone","","","31 Mar 2018"
"22/03/2018 07:35","Reload","'70838153003495577","WXR545","","","Billed","","-50.00","PSS KELEBANG LANGKAWI","","Standalone","","","31 Mar 2018"
"22/03/2018 05:50","Purchase","'70838153003495577","WXR545","","PRIMAX 95","Billed","11.04","24.28","PSS PADANG MAT SIRAT","","Standalone","","","31 Mar 2018"
"20/03/2018 15:25","Purchase","'70838153003495577","WXR545","","PRIMAX 95","Billed","14.24","31.05","PSS KUAH LANGKAWI","","Standalone","","","31 Mar 2018"
"20/03/2018 15:24","Reload","'70838153003495577","WXR545","","","Billed","","-50.00","PSS KUAH LANGKAWI","","Standalone","","","31 Mar 2018"
"18/03/2018 15:56","Purchase","'70838153003495577","WXR545","","PRIMAX 95","Billed","11.47","25.00","PSS PANTAI KOK","","Standalone","","","31 Mar 2018"
"16/03/2018 13:34","Purchase","'70838153003495577","WXR545","","PRIMAX 95","Billed","9.18","20.00","PSS PADANG MAT SIRAT","","Standalone","","","31 Mar 2018"
"16/03/2018 13:33","Reload","'70838153003495577","WXR545","","","Billed","","-50.00","PSS PADANG MAT SIRAT","","Standalone","","","31 Mar 2018"
"14/03/2018 10:11","Purchase","'70838153003495577","WXR545","","PRIMAX 95","Billed","11.31","25.00","PSS PADANG MAT SIRAT","","Standalone","","","31 Mar 2018"
"12/03/2018 15:15","Purchase","'70838153003495577","WXR545","","PRIMAX 95","Billed","11.31","25.00","PSS PADANG MAT SIRAT","","Standalone","","","31 Mar 2018"
"12/03/2018 15:13","Reload","'70838153003495577","WXR545","","","Billed","","-50.00","PSS PADANG MAT SIRAT","","Standalone","","","31 Mar 2018"
"09/03/2018 15:46","Purchase","'70838153003495577","WXR545","","PRIMAX 95","Billed","6.33","14.00","PSS KUAH LANGKAWI","","Standalone","","","31 Mar 2018"
"07/03/2018 13:48","Purchase","'70838153003495577","WXR545","","PRIMAX 95","Billed","11.37","25.00","PSS PADANG MAT SIRAT","","Standalone","","","31 Mar 2018"
"06/03/2018 11:33","Purchase","'70838153003495577","WXR545","","PRIMAX 95","Billed","11.37","25.00","PSS TOK SENIK","","Standalone","","","31 Mar 2018"
"06/03/2018 11:32","Reload","'70838153003495577","WXR545","","","Billed","","-50.00","PSS TOK SENIK","","Standalone","","","31 Mar 2018"
"04/03/2018 15:18","Purchase","'70838153003495577","WXR545","","PRIMAX 95","Billed","12.27","27.00","PSS PADANG MAT SIRAT","","Standalone","","","31 Mar 2018"
"03/03/2018 09:11","Purchase","'70838153003495577","WXR545","","PRIMAX 95","Billed","12.27","27.00","PSS PADANG MAT SIRAT","","Standalone","","","31 Mar 2018"
"03/03/2018 09:05","Reload","'70838153003495577","WXR545","","","Billed","","-50.00","PSS PADANG MAT SIRAT","","Standalone","","","31 Mar 2018"
"01/03/2018 10:53","Purchase","'70838153003495577","WXR545","","PRIMAX 95","Billed","11.37","25.00","PSS KEDAWANG LANGKAWI","","Standalone","","","31 Mar 2018"