"Date Time","Transaction Type","Card Number","Vehicle Number","Driver Card Number","Product Type","Billing Type","Transaction Volume (Litres)","Transaction Amount (RM)","Station Name","Odometer","Card Type","Cost Centre","Cost Centre Name","Statement Month"
"29/03/2018 07:31","Purchase","'70838153003497383","WXR848","","PRIMAX 95","Billed","1.82","4.00","PSS MERBOK","1","Standalone","","","31 Mar 2018"
"28/03/2018 09:19","Purchase","'70838153003497383","WXR848","","PRIMAX 95","Billed","9.09","20.00","PSS MERBOK","1","Standalone","","","31 Mar 2018"
"27/03/2018 21:31","Purchase","'70838153003497383","WXR848","","PRIMAX 95","Billed","2.28","5.00","PSS MERBOK","1","Standalone","","","31 Mar 2018"
"27/03/2018 21:29","Reload","'70838153003497383","WXR848","","","Billed","","-25.00","PSS MERBOK","","Standalone","","","31 Mar 2018"
"26/03/2018 08:53","Purchase","'70838153003497383","WXR848","","PRIMAX 95","Billed","6.82","15.00","PSS MERBOK","1","Standalone","","","31 Mar 2018"
"26/03/2018 08:52","Reload","'70838153003497383","WXR848","","","Billed","","-20.00","PSS MERBOK","","Standalone","","","31 Mar 2018"
"24/03/2018 18:28","Purchase","'70838153003497383","WXR848","","PRIMAX 95","Billed","4.55","10.00","PSS LAGUNA MERBUK","1","Standalone","","","31 Mar 2018"
"24/03/2018 18:27","Reload","'70838153003497383","WXR848","","","Billed","","-10.00","PSS LAGUNA MERBUK","","Standalone","","","31 Mar 2018"
"23/03/2018 09:12","Purchase","'70838153003497383","WXR848","","PRIMAX 95","Billed","6.82","15.00","PSS MERBOK","1","Standalone","","","31 Mar 2018"
"23/03/2018 08:05","Reload","'70838153003497383","WXR848","","","Billed","","-15.00","PSS MERBOK","","Standalone","","","31 Mar 2018"
"21/03/2018 08:41","Purchase","'70838153003497383","WXR848","","PRIMAX 95","Billed","6.88","15.00","PSS MERBOK","1","Standalone","","","31 Mar 2018"
"21/03/2018 08:10","Reload","'70838153003497383","WXR848","","","Billed","","-10.00","PSS MERBOK","","Standalone","","","31 Mar 2018"
"19/03/2018 18:35","Purchase","'70838153003497383","WXR848","","PRIMAX 95","Billed","6.88","15.00","PSS LAGUNA MERBUK","1","Standalone","","","31 Mar 2018"
"19/03/2018 18:34","Reload","'70838153003497383","WXR848","","","Billed","","-15.00","PSS LAGUNA MERBUK","","Standalone","","","31 Mar 2018"
"16/03/2018 09:36","Purchase","'70838153003497383","WXR848","","PRIMAX 95","Billed","13.76","30.00","PSS LAGUNA MERBUK","2","Standalone","","","31 Mar 2018"
"16/03/2018 08:29","Reload","'70838153003497383","WXR848","","","Billed","","-20.00","PSS MERBOK","","Standalone","","","31 Mar 2018"
"13/03/2018 09:38","Purchase","'70838153003497383","WXR848","","PRIMAX 95","Billed","9.05","20.00","PSS MERBOK","1","Standalone","","","31 Mar 2018"
"12/03/2018 12:40","Purchase","'70838153003497383","WXR848","","PRIMAX 95","Billed","9.05","20.00","PSS MERBOK","","Standalone","","","31 Mar 2018"
"12/03/2018 12:39","Reload","'70838153003497383","WXR848","","","Billed","","-50.00","PSS MERBOK","","Standalone","","","31 Mar 2018"
"09/03/2018 09:18","Purchase","'70838153003497383","WXR848","","PRIMAX 95","Billed","11.31","25.00","PSS MERBOK","","Standalone","","","31 Mar 2018"
"09/03/2018 09:16","Reload","'70838153003497383","WXR848","","","Billed","","-20.00","PSS MERBOK","","Standalone","","","31 Mar 2018"
"06/03/2018 09:23","Purchase","'70838153003497383","WXR848","","PRIMAX 95","Billed","9.09","20.00","PSS MERBOK","","Standalone","","","31 Mar 2018"
"06/03/2018 09:20","Reload","'70838153003497383","WXR848","","","Billed","","-25.00","PSS MERBOK","","Standalone","","","31 Mar 2018"
"01/03/2018 09:47","Purchase","'70838153003497383","WXR848","","PRIMAX 95","Billed","6.82","15.00","PSS MERBOK","","Standalone","","","31 Mar 2018"
"01/03/2018 09:45","Reload","'70838153003497383","WXR848","","","Billed","","-10.00","PSS MERBOK","","Standalone","","","31 Mar 2018"