"Date Time","Transaction Type","Card Number","Vehicle Number","Driver Card Number","Product Type","Billing Type","Transaction Volume (Litres)","Transaction Amount (RM)","Station Name","Odometer","Card Type","Cost Centre","Cost Centre Name","Statement Month"
"31/03/2018 08:33","Purchase","'70838153003500079","WXR666","","PRIMAX 95","Billed","22.73","50.00","PSS BANDAR BARU AIR HITAM","","Standalone","","","31 Mar 2018"
"31/03/2018 08:31","Reload","'70838153003500079","WXR666","","","Billed","","-50.00","PSS BANDAR BARU AIR HITAM","","Standalone","","","31 Mar 2018"
"29/03/2018 10:04","Purchase","'70838153003500079","WXR666","","PRIMAX 95","Billed","22.73","50.00","PSS TAMAN SETIA INDAH","","Standalone","","","31 Mar 2018"
"29/03/2018 09:59","Reload","'70838153003500079","WXR666","","","Billed","","-50.00","PSS TAMAN SETIA INDAH","","Standalone","","","31 Mar 2018"
"25/03/2018 16:03","Purchase","'70838153003500079","WXR666","","PRIMAX 95","Billed","45.46","100.00","PSS JALAN MENGKIBOL KLUANG","","Standalone","","","31 Mar 2018"
"25/03/2018 16:01","Reload","'70838153003500079","WXR666","","","Billed","","-100.00","PSS JALAN MENGKIBOL KLUANG","","Standalone","","","31 Mar 2018"
"24/03/2018 19:37","Purchase","'70838153003500079","WXR666","","PRIMAX 95","Billed","22.73","50.00","PSS JALAN MENGKIBOL KLUANG","","Standalone","","","31 Mar 2018"
"22/03/2018 07:59","Purchase","'70838153003500079","WXR666","","PRIMAX 95","Billed","22.73","50.00","PSS TAMAN DAYA","","Standalone","","","31 Mar 2018"
"22/03/2018 07:58","Reload","'70838153003500079","WXR666","","","Billed","","-100.00","PSS TAMAN DAYA","","Standalone","","","31 Mar 2018"
"19/03/2018 07:52","Purchase","'70838153003500079","WXR666","","PRIMAX 95","Billed","40.10","87.42","PSS TAMAN SETIA INDAH","","Standalone","","","31 Mar 2018"
"19/03/2018 07:50","Reload","'70838153003500079","WXR666","","","Billed","","-50.00","PSS TAMAN SETIA INDAH","","Standalone","","","31 Mar 2018"
"14/03/2018 07:56","Purchase","'70838153003500079","WXR666","","PRIMAX 95","Billed","22.62","50.00","PSS TAMAN DAYA","","Standalone","","","31 Mar 2018"
"14/03/2018 07:55","Reload","'70838153003500079","WXR666","","","Billed","","-50.00","PSS TAMAN DAYA","","Standalone","","","31 Mar 2018"
"11/03/2018 08:08","Purchase","'70838153003500079","WXR666","","PRIMAX 95","Billed","22.62","50.00","PSS TAMAN DAYA","","Standalone","","","31 Mar 2018"
"11/03/2018 08:07","Reload","'70838153003500079","WXR666","","","Billed","","-50.00","PSS TAMAN DAYA","","Standalone","","","31 Mar 2018"
"04/03/2018 18:59","Purchase","'70838153003500079","WXR666","","PRIMAX 95","Billed","22.73","50.00","PSS TAMAN SETIA INDAH","","Standalone","","","31 Mar 2018"
"04/03/2018 18:56","Reload","'70838153003500079","WXR666","","","Billed","","-50.00","PSS TAMAN SETIA INDAH","","Standalone","","","31 Mar 2018"
"03/03/2018 14:40","Purchase","'70838153003500079","WXR666","","PRIMAX 95","Billed","22.73","50.00","PSS JALAN MENGKIBOL KLUANG","","Standalone","","","31 Mar 2018"
"03/03/2018 14:38","Reload","'70838153003500079","WXR666","","","Billed","","-50.00","PSS JALAN MENGKIBOL KLUANG","","Standalone","","","31 Mar 2018"