"Date Time","Transaction Type","Card Number","Vehicle Number","Driver Card Number","Product Type","Billing Type","Transaction Volume (Litres)","Transaction Amount (RM)","Station Name","Odometer","Card Type","Cost Centre","Cost Centre Name","Statement Month"
"30/03/2018 10:30","Purchase","'70838153003499058","WXR644","","PRIMAX 95","Billed","13.64","30.00","PSS TAMAN WILAYAH","8030","Standalone","","","31 Mar 2018"
"24/03/2018 17:09","Purchase","'70838153003499058","WXR644","","PRIMAX 95","Billed","3.16","6.94","PSS MRR2 BATU CAVES","8030","Standalone","","","31 Mar 2018"
"24/03/2018 17:07","Reload","'70838153003499058","WXR644","","","Billed","","-100.00","PSS MRR2 BATU CAVES","","Standalone","","","31 Mar 2018"
"15/03/2018 11:08","Purchase","'70838153003499058","WXR644","","PRIMAX 95","Billed","3.21","7.00","PSS TAMAN SAMUDERA BATU CAVES","8030","Standalone","","","31 Mar 2018"
"10/03/2018 07:38","Purchase","'70838153003499058","WXR644","","PRIMAX 95","Billed","18.11","40.01","PSS RAWANG TEMPLER","8030","Standalone","","","31 Mar 2018"
"01/03/2018 15:28","Purchase","'70838153003499058","WXR644","","PRIMAX 95","Billed","18.18","40.00","PSS CHERATING SG KARANG","8030","Standalone","","","31 Mar 2018"