"Date Time","Transaction Type","Card Number","Vehicle Number","Driver Card Number","Product Type","Billing Type","Transaction Volume (Litres)","Transaction Amount (RM)","Station Name","Odometer","Card Type","Cost Centre","Cost Centre Name","Statement Month"
"31/03/2018 18:15","Purchase","'70838153003498837","WXR895","","PRIMAX 95","Un-billed","27.27","60.00","PSS RAWANG RSA","229062","Standalone","","","Unbilled Transaction"
"30/03/2018 20:06","Purchase","'70838153003498837","WXR895","","PRIMAX 95","Billed","36.37","80.00","PSS TASEK","228735","Standalone","","","31 Mar 2018"
"27/03/2018 14:09","Purchase","'70838153003498837","WXR895","","PRIMAX 95","Billed","22.73","50.00","PSS TASEK","228517","Standalone","","","31 Mar 2018"
"27/03/2018 14:08","Reload","'70838153003498837","WXR895","","","Billed","","-200.00","PSS TASEK","","Standalone","","","31 Mar 2018"
"24/03/2018 14:20","Purchase","'70838153003498837","WXR895","","PRIMAX 95","Billed","22.73","50.00","PSS JALAN SULTAN AZLAN SHAH","228146","Standalone","","","31 Mar 2018"
"21/03/2018 14:42","Purchase","'70838153003498837","WXR895","","PRIMAX 95","Billed","22.94","50.00","PSS GUNUNG LANG","227963","Standalone","","","31 Mar 2018"
"21/03/2018 14:41","Reload","'70838153003498837","WXR895","","","Billed","","-100.00","PSS GUNUNG LANG","","Standalone","","","31 Mar 2018"
"19/03/2018 05:56","Purchase","'70838153003498837","WXR895","","PRIMAX 95","Billed","22.94","50.00","PSS SUNGAI PERAK (S)","227783","Standalone","","","31 Mar 2018"
"19/03/2018 05:54","Reload","'70838153003498837","WXR895","","","Billed","","-50.00","PSS SUNGAI PERAK (S)","","Standalone","","","31 Mar 2018"
"18/03/2018 11:57","Purchase","'70838153003498837","WXR895","","PRIMAX 95","Billed","22.94","50.00","PSS GUNUNG LANG","227414","Standalone","","","31 Mar 2018"
"18/03/2018 11:54","Reload","'70838153003498837","WXR895","","","Billed","","-50.00","PSS GUNUNG LANG","","Standalone","","","31 Mar 2018"
"18/03/2018 11:52","Purchase","'70838153003498837","WXR895","","PRIMAX 95","Billed","3.86","8.41","PSS GUNUNG LANG","227414","Standalone","","","31 Mar 2018"
"16/03/2018 14:21","Purchase","'70838153003498837","WXR895","","PRIMAX 95","Billed","22.94","50.00","PSS TASEK","227150","Standalone","","","31 Mar 2018"
"14/03/2018 10:54","Purchase","'70838153003498837","WXR895","","PRIMAX 95","Billed","22.63","50.00","PSS GUNUNG LANG","227060","Standalone","","","31 Mar 2018"
"11/03/2018 22:21","Purchase","'70838153003498837","WXR895","","PRIMAX 95","Billed","22.63","50.00","PSS SUNGAI PERAK (S)","226825","Standalone","","","31 Mar 2018"
"10/03/2018 16:06","Purchase","'70838153003498837","WXR895","","PRIMAX 95","Billed","22.63","50.00","PSS GUNUNG LANG","226648","Standalone","","","31 Mar 2018"
"08/03/2018 11:24","Purchase","'70838153003498837","WXR895","","PRIMAX 95","Billed","31.68","70.00","PSS SUNGAI PERAK (S)","226398","Standalone","","","31 Mar 2018"
"08/03/2018 11:22","Reload","'70838153003498837","WXR895","","","Billed","","-200.00","PSS SUNGAI PERAK (S)","","Standalone","","","31 Mar 2018"
"06/03/2018 10:27","Purchase","'70838153003498837","WXR895","","PRIMAX 95","Billed","22.73","50.00","PSS TASEK","226216","Standalone","","","31 Mar 2018"
"02/03/2018 18:21","Purchase","'70838153003498837","WXR895","","PRIMAX 95","Billed","45.46","100.00","PSS PEKAN SIMPANG TAIPING","225816","Standalone","","","31 Mar 2018"
"02/03/2018 18:19","Reload","'70838153003498837","WXR895","","","Billed","","-200.00","PSS PEKAN SIMPANG TAIPING","","Standalone","","","31 Mar 2018"