"Date Time","Transaction Type","Card Number","Vehicle Number","Driver Card Number","Product Type","Billing Type","Transaction Volume (Litres)","Transaction Amount (RM)","Station Name","Odometer","Card Type","Cost Centre","Cost Centre Name","Statement Month"
"30/03/2018 21:00","Purchase","'70838153003495890","WXR332","","PRIMAX 95","Billed","50.07","110.15","PSS JLN LORONG PANDAN","872500","Standalone","","","31 Mar 2018"
"30/03/2018 20:58","Reload","'70838153003495890","WXR332","","","Billed","","-120.00","PSS JLN LORONG PANDAN","","Standalone","","","31 Mar 2018"
"30/03/2018 02:44","Purchase","'70838153003495890","WXR332","","PRIMAX 95","Billed","22.73","50.00","PSS LEBUH AMJ BALAI PANJANG","872100","Standalone","","","31 Mar 2018"
"30/03/2018 02:42","Reload","'70838153003495890","WXR332","","","Billed","","-50.00","PSS LEBUH AMJ BALAI PANJANG","","Standalone","","","31 Mar 2018"
"28/03/2018 18:29","Purchase","'70838153003495890","WXR332","","PRIMAX 95","Billed","22.73","50.00","PSS JLN LORONG PANDAN","871300","Standalone","","","31 Mar 2018"
"28/03/2018 18:27","Reload","'70838153003495890","WXR332","","","Billed","","-40.00","PSS JLN LORONG PANDAN","","Standalone","","","31 Mar 2018"
"27/03/2018 19:54","Purchase","'70838153003495890","WXR332","","PRIMAX 95","Billed","13.34","29.35","PSS JLN LORONG PANDAN","871500","Standalone","","","31 Mar 2018"
"27/03/2018 19:52","Reload","'70838153003495890","WXR332","","","Billed","","-30.00","PSS JLN LORONG PANDAN","","Standalone","","","31 Mar 2018"
"26/03/2018 18:16","Purchase","'70838153003495890","WXR332","","PRIMAX 95","Billed","13.52","29.75","PSS JLN LORONG PANDAN","871400","Standalone","","","31 Mar 2018"
"26/03/2018 18:13","Reload","'70838153003495890","WXR332","","","Billed","","-30.00","PSS JLN LORONG PANDAN","","Standalone","","","31 Mar 2018"
"25/03/2018 17:10","Purchase","'70838153003495890","WXR332","","PRIMAX 95","Billed","54.54","119.99","PSS JLN LORONG PANDAN","821280","Standalone","","","31 Mar 2018"
"25/03/2018 17:07","Reload","'70838153003495890","WXR332","","","Billed","","-120.00","PSS JLN LORONG PANDAN","","Standalone","","","31 Mar 2018"
"24/03/2018 14:24","Purchase","'70838153003495890","WXR332","","PRIMAX 95","Billed","18.73","41.21","PSS KLIA 2","870700","Standalone","","","31 Mar 2018"
"24/03/2018 14:22","Reload","'70838153003495890","WXR332","","","Billed","","-30.00","PSS KLIA 2","","Standalone","","","31 Mar 2018"
"23/03/2018 18:44","Purchase","'70838153003495890","WXR332","","PRIMAX 95","Billed","14.59","32.10","PSS JLN LORONG PANDAN","870500","Standalone","","","31 Mar 2018"
"23/03/2018 18:39","Reload","'70838153003495890","WXR332","","","Billed","","-35.00","PSS JLN LORONG PANDAN","","Standalone","","","31 Mar 2018"
"22/03/2018 17:37","Purchase","'70838153003495890","WXR332","","PRIMAX 95","Billed","21.59","47.50","PSS JLN LORONG PANDAN","870400","Standalone","","","31 Mar 2018"
"22/03/2018 17:33","Reload","'70838153003495890","WXR332","","","Billed","","-40.00","PSS JLN LORONG PANDAN","","Standalone","","","31 Mar 2018"
"21/03/2018 21:25","Purchase","'70838153003495890","WXR332","","PRIMAX 95","Billed","37.71","82.20","PSS JLN LORONG PANDAN","870170","Standalone","","","31 Mar 2018"
"21/03/2018 21:22","Reload","'70838153003495890","WXR332","","","Billed","","-100.00","PSS JLN LORONG PANDAN","","Standalone","","","31 Mar 2018"
"20/03/2018 17:34","Purchase","'70838153003495890","WXR332","","PRIMAX 95","Billed","32.58","71.01","PSS JLN LORONG PANDAN","869800","Standalone","","","31 Mar 2018"
"20/03/2018 17:27","Reload","'70838153003495890","WXR332","","","Billed","","-70.00","PSS JLN LORONG PANDAN","","Standalone","","","31 Mar 2018"
"19/03/2018 20:58","Purchase","'70838153003495890","WXR332","","PRIMAX 95","Billed","34.40","75.00","PSS LEBUH AMJ BALAI PANJANG","869500","Standalone","","","31 Mar 2018"
"19/03/2018 20:56","Reload","'70838153003495890","WXR332","","","Billed","","-80.00","PSS LEBUH AMJ BALAI PANJANG","","Standalone","","","31 Mar 2018"
"18/03/2018 19:20","Purchase","'70838153003495890","WXR332","","PRIMAX 95","Billed","30.28","66.01","PSS JLN LORONG PANDAN","869150","Standalone","","","31 Mar 2018"
"18/03/2018 19:18","Reload","'70838153003495890","WXR332","","","Billed","","-70.00","PSS JLN LORONG PANDAN","","Standalone","","","31 Mar 2018"
"17/03/2018 16:18","Purchase","'70838153003495890","WXR332","","PRIMAX 95","Billed","41.28","90.00","PSS JLN LORONG PANDAN","868860","Standalone","","","31 Mar 2018"
"17/03/2018 16:16","Reload","'70838153003495890","WXR332","","","Billed","","-90.00","PSS JLN LORONG PANDAN","","Standalone","","","31 Mar 2018"
"16/03/2018 20:00","Purchase","'70838153003495890","WXR332","","PRIMAX 95","Billed","16.51","36.00","PSS JLN LORONG PANDAN","868450","Standalone","","","31 Mar 2018"
"16/03/2018 19:58","Reload","'70838153003495890","WXR332","","","Billed","","-20.00","PSS JLN LORONG PANDAN","","Standalone","","","31 Mar 2018"
"15/03/2018 11:53","Purchase","'70838153003495890","WXR332","","PRIMAX 95","Billed","59.68","130.10","PSS JLN LORONG PANDAN","868300","Standalone","","","31 Mar 2018"
"15/03/2018 11:51","Reload","'70838153003495890","WXR332","","","Billed","","-140.00","PSS JLN LORONG PANDAN","","Standalone","","","31 Mar 2018"
"13/03/2018 18:41","Purchase","'70838153003495890","WXR332","","PRIMAX 95","Billed","2.04","4.50","PSS JLN LORONG PANDAN","","Standalone","","","31 Mar 2018"
"13/03/2018 18:39","Reload","'70838153003495890","WXR332","","","Billed","","-10.00","PSS JLN LORONG PANDAN","","Standalone","","","31 Mar 2018"
"13/03/2018 18:35","Purchase","'70838153003495890","WXR332","","PRIMAX 95","Billed","36.20","80.00","PSS JLN LORONG PANDAN","867700","Standalone","","","31 Mar 2018"
"13/03/2018 18:32","Reload","'70838153003495890","WXR332","","","Billed","","-80.00","PSS JLN LORONG PANDAN","","Standalone","","","31 Mar 2018"
"13/03/2018 08:18","Purchase","'70838153003495890","WXR332","","PRIMAX 95","Billed","54.30","120.00","PSS LEBOH AMJ SEMABOK","867300","Standalone","","","31 Mar 2018"
"13/03/2018 08:17","Reload","'70838153003495890","WXR332","","","Billed","","-120.00","PSS LEBOH AMJ SEMABOK","","Standalone","","","31 Mar 2018"
"11/03/2018 22:21","Purchase","'70838153003495890","WXR332","","PRIMAX 95","Billed","36.20","80.00","PSS JLN LORONG PANDAN","866750","Standalone","","","31 Mar 2018"
"11/03/2018 22:20","Reload","'70838153003495890","WXR332","","","Billed","","-80.00","PSS JLN LORONG PANDAN","","Standalone","","","31 Mar 2018"
"11/03/2018 09:47","Purchase","'70838153003495890","WXR332","","PRIMAX 95","Billed","31.67","70.00","PSS JLN LORONG PANDAN","866430","Standalone","","","31 Mar 2018"
"11/03/2018 09:43","Reload","'70838153003495890","WXR332","","","Billed","","-70.00","PSS JLN LORONG PANDAN","","Standalone","","","31 Mar 2018"
"09/03/2018 23:16","Purchase","'70838153003495890","WXR332","","PRIMAX 95","Billed","38.91","86.00","PSS LEBUH AMJ BALAI PANJANG","866120","Standalone","","","31 Mar 2018"
"09/03/2018 23:14","Reload","'70838153003495890","WXR332","","","Billed","","-85.00","PSS LEBUH AMJ BALAI PANJANG","","Standalone","","","31 Mar 2018"
"07/03/2018 19:48","Purchase","'70838153003495890","WXR332","","PRIMAX 95","Billed","4.09","9.00","PSS JLN LORONG PANDAN","","Standalone","","","31 Mar 2018"
"07/03/2018 19:48","Reload","'70838153003495890","WXR332","","","Billed","","-10.00","PSS JLN LORONG PANDAN","","Standalone","","","31 Mar 2018"
"07/03/2018 19:44","Purchase","'70838153003495890","WXR332","","PRIMAX 95","Billed","38.64","85.00","PSS JLN LORONG PANDAN","865686","Standalone","","","31 Mar 2018"
"07/03/2018 19:43","Reload","'70838153003495890","WXR332","","","Billed","","-80.00","PSS JLN LORONG PANDAN","","Standalone","","","31 Mar 2018"
"06/03/2018 19:55","Purchase","'70838153003495890","WXR332","","PRIMAX 95","Billed","35.91","79.00","PSS JLN LORONG PANDAN","865200","Standalone","","","31 Mar 2018"
"06/03/2018 19:54","Reload","'70838153003495890","WXR332","","","Billed","","-75.00","PSS JLN LORONG PANDAN","","Standalone","","","31 Mar 2018"
"05/03/2018 18:10","Purchase","'70838153003495890","WXR332","","PRIMAX 95","Billed","50.23","110.50","PSS JLN LORONG PANDAN","864852","Standalone","","","31 Mar 2018"
"05/03/2018 18:06","Reload","'70838153003495890","WXR332","","","Billed","","-120.00","PSS JLN LORONG PANDAN","","Standalone","","","31 Mar 2018"
"01/03/2018 21:28","Purchase","'70838153003495890","WXR332","","PRIMAX 95","Billed","18.18","40.00","PSS JLN LORONG PANDAN","863535","Standalone","","","31 Mar 2018"
"01/03/2018 21:26","Reload","'70838153003495890","WXR332","","","Billed","","-25.00","PSS JLN LORONG PANDAN","","Standalone","","","31 Mar 2018"