"Date Time","Transaction Type","Card Number","Vehicle Number","Driver Card Number","Product Type","Billing Type","Transaction Volume (Litres)","Transaction Amount (RM)","Station Name","Odometer","Card Type","Cost Centre","Cost Centre Name","Statement Month"
"12/03/2018 19:02","Purchase","'70838153003580998","WXR1073","","PRIMAX 95","Billed","6.79","15.00","PSS MERBAU INDAH","925","Standalone","","","31 Mar 2018"
"10/03/2018 22:39","Purchase","'70838153003580998","WXR1073","","PRIMAX 95","Billed","6.79","15.00","PSS SG BULOH LAYBY","9552","Standalone","","","31 Mar 2018"
"08/03/2018 13:48","Purchase","'70838153003580998","WXR1073","","PRIMAX 95","Billed","13.58","30.00","PSS PEKAN BARU HICOM","8255","Standalone","","","31 Mar 2018"
"08/03/2018 13:45","Reload","'70838153003580998","WXR1073","","","Billed","","-50.00","PSS PEKAN BARU HICOM","","Standalone","","","31 Mar 2018"
"07/03/2018 16:43","Purchase","'70838153003580998","WXR1073","","PRIMAX 95","Billed","15.91","35.00","PSS AXIS INDUSTRIAL PARK","925","Standalone","","","31 Mar 2018"
"06/03/2018 12:56","Purchase","'70838153003580998","WXR1073","","PRIMAX 95","Billed","18.18","40.00","PSS NKVE (SUBANG TOLL)","825","Standalone","","","31 Mar 2018"
"04/03/2018 15:22","Purchase","'70838153003580998","WXR1073","","Diesel","Billed","6.88","15.00","PSS LEBUHRAYA SILK","733","Standalone","","","31 Mar 2018"
"01/03/2018 13:48","Reload","'70838153003580998","WXR1073","","","Billed","","-100.00","PSS HULU KELANG","","Standalone","","","31 Mar 2018"