"Date Time","Transaction Type","Card Number","Vehicle Number","Driver Card Number","Product Type","Billing Type","Transaction Volume (Litres)","Transaction Amount (RM)","Station Name","Odometer","Card Type","Cost Centre","Cost Centre Name","Statement Month"
"31/03/2018 16:49","Purchase","'70838153003423926","WXR114","","PRIMAX 95","Un-billed","4.55","10.00","PSS TAMAN MALURI","","Standalone","","","Unbilled Transaction"
"25/03/2018 07:27","Purchase","'70838153003423926","WXR114","","PRIMAX 95","Billed","13.64","30.00","PSS KLIA 1","","Standalone","","","31 Mar 2018"
"25/03/2018 07:26","Reload","'70838153003423926","WXR114","","","Billed","","-30.00","PSS KLIA 1","","Standalone","","","31 Mar 2018"
"20/03/2018 10:09","Purchase","'70838153003423926","WXR114","","PRIMAX 95","Billed","13.76","30.00","PSS KLIA 1","","Standalone","","","31 Mar 2018"
"19/03/2018 10:36","Purchase","'70838153003423926","WXR114","","PRIMAX 95","Billed","13.76","30.00","PSS KL-KARAK","","Standalone","","","31 Mar 2018"
"19/03/2018 10:35","Reload","'70838153003423926","WXR114","","","Billed","","-50.00","PSS KL-KARAK","","Standalone","","","31 Mar 2018"
"17/03/2018 13:45","Purchase","'70838153003423926","WXR114","","PRIMAX 95","Billed","9.17","20.00","PSS SETAPAK","","Standalone","","","31 Mar 2018"
"09/03/2018 09:03","Purchase","'70838153003423926","WXR114","","PRIMAX 95","Billed","13.58","30.00","PSS COCHRANE PERKASA","","Standalone","","","31 Mar 2018"
"09/03/2018 09:02","Reload","'70838153003423926","WXR114","","","Billed","","-30.00","PSS COCHRANE PERKASA","","Standalone","","","31 Mar 2018"
"03/03/2018 20:11","Purchase","'70838153003423926","WXR114","","PRIMAX 95","Billed","9.09","20.00","PSS JALAN KOLAM AYER","","Standalone","","","31 Mar 2018"
"03/03/2018 09:50","Purchase","'70838153003423926","WXR114","","PRIMAX 95","Billed","9.09","20.00","PSS COCHRANE PERKASA","","Standalone","","","31 Mar 2018"