"Date Time","Transaction Type","Card Number","Vehicle Number","Driver Card Number","Product Type","Billing Type","Transaction Volume (Litres)","Transaction Amount (RM)","Station Name","Odometer","Card Type","Cost Centre","Cost Centre Name","Statement Month"
"31/03/2018 14:51","Purchase","'70838153003425350","WXR217","","PRIMAX 95","Billed","19.91","43.80","PSS BANDAR KINRARA 2","99999","Standalone","","","31 Mar 2018"
"30/03/2018 07:43","Purchase","'70838153003425350","WXR217","","PRIMAX 97","Billed","2.51","6.20","PSS BANDAR KINRARA 2","6666","Standalone","","","31 Mar 2018"
"30/03/2018 07:41","Reload","'70838153003425350","WXR217","","","Billed","","-50.00","PSS BANDAR KINRARA 2","","Standalone","","","31 Mar 2018"
"28/03/2018 21:31","Purchase","'70838153003425350","WXR217","","PRIMAX 95","Billed","14.75","32.44","PSS BANDAR KINRARA 2","999","Standalone","","","31 Mar 2018"
"28/03/2018 17:42","Purchase","'70838153003425350","WXR217","","PRIMAX 97","Billed","2.65","6.55","PSS BANDAR KINRARA 2","999","Standalone","","","31 Mar 2018"
"26/03/2018 11:09","Purchase","'70838153003425350","WXR217","","PRIMAX 95","Billed","27.73","61.01","PSS PRESINT 18 PUTRAJAYA","666666","Standalone","","","31 Mar 2018"
"26/03/2018 11:08","Reload","'70838153003425350","WXR217","","","Billed","","-100.00","PSS PRESINT 18 PUTRAJAYA","","Standalone","","","31 Mar 2018"
"20/03/2018 13:10","Purchase","'70838153003425350","WXR217","","PRIMAX 95","Billed","19.92","43.42","PSS BANDAR KINRARA 2","88","Standalone","","","31 Mar 2018"
"16/03/2018 08:33","Purchase","'70838153003425350","WXR217","","PRIMAX 97","Billed","2.69","6.58","PSS BANDAR KINRARA 2","9999","Standalone","","","31 Mar 2018"
"16/03/2018 08:32","Reload","'70838153003425350","WXR217","","","Billed","","-50.00","PSS BANDAR KINRARA 2","","Standalone","","","31 Mar 2018"
"15/03/2018 02:43","Purchase","'70838153003425350","WXR217","","PRIMAX 95","Billed","23.96","52.23","PSS SRI KEMBANGAN 2","9999","Standalone","","","31 Mar 2018"
"12/03/2018 12:28","Purchase","'70838153003425350","WXR217","","PRIMAX 95","Billed","21.62","47.77","PSS BANDAR KINRARA 2","55555","Standalone","","","31 Mar 2018"
"12/03/2018 12:26","Reload","'70838153003425350","WXR217","","","Billed","","-100.00","PSS BANDAR KINRARA 2","","Standalone","","","31 Mar 2018"
"11/03/2018 23:05","Purchase","'70838153003425350","WXR217","","PRIMAX 95","Billed","14.43","31.90","PSS RNR KINRARA","666","Standalone","","","31 Mar 2018"
"09/03/2018 11:43","Purchase","'70838153003425350","WXR217","","PRIMAX 95","Billed","22.63","50.00","PSS BANDAR KINRARA 2","9999","Standalone","","","31 Mar 2018"
"09/03/2018 11:42","Reload","'70838153003425350","WXR217","","","Billed","","-50.00","PSS BANDAR KINRARA 2","","Standalone","","","31 Mar 2018"
"08/03/2018 11:47","Purchase","'70838153003425350","WXR217","","PRIMAX 97","Billed","2.51","6.19","PSS BANDAR KINRARA 2","88888","Standalone","","","31 Mar 2018"
"05/03/2018 11:05","Purchase","'70838153003425350","WXR217","","PRIMAX 97","Billed","2.61","6.45","PSS BANDAR KINRARA 2","4444","Standalone","","","31 Mar 2018"
"04/03/2018 23:29","Purchase","'70838153003425350","WXR217","","PRIMAX 95","Billed","18.53","40.76","PSS PRECINT 9D","28888","Standalone","","","31 Mar 2018"