"Date Time","Transaction Type","Card Number","Vehicle Number","Driver Card Number","Product Type","Billing Type","Transaction Volume (Litres)","Transaction Amount (RM)","Station Name","Odometer","Card Type","Cost Centre","Cost Centre Name","Statement Month"
"29/03/2018 21:19","Purchase","'70838153003497649","WXR402","","PRIMAX 95","Billed","24.10","53.02","PSS SUNGAI SELUANG","33675","Standalone","","","31 Mar 2018"
"27/03/2018 18:53","Reload","'70838153003497649","WXR402","","","Billed","","-50.00","PSS SUNGAI SELUANG","","Standalone","","","31 Mar 2018"
"21/03/2018 18:48","Purchase","'70838153003497649","WXR402","","PRIMAX 95","Billed","17.90","39.03","PSS SUNGAI SELUANG","32752","Standalone","","","31 Mar 2018"
"20/03/2018 19:18","Reload","'70838153003497649","WXR402","","","Billed","","-20.00","PSS SUNGAI SELUANG","","Standalone","","","31 Mar 2018"
"19/03/2018 19:01","Purchase","'70838153003497649","WXR402","","PRIMAX 95","Billed","17.43","38.00","PSS SUNGAI SELUANG","32524","Standalone","","","31 Mar 2018"
"19/03/2018 18:59","Reload","'70838153003497649","WXR402","","","Billed","","-20.00","PSS SUNGAI SELUANG","","Standalone","","","31 Mar 2018"
"15/03/2018 13:58","Purchase","'70838153003497649","WXR402","","PRIMAX 95","Billed","17.43","38.00","PSS KUALA KETIL","32127","Standalone","","","31 Mar 2018"
"15/03/2018 13:57","Reload","'70838153003497649","WXR402","","","Billed","","-50.00","PSS KUALA KETIL","","Standalone","","","31 Mar 2018"
"12/03/2018 20:54","Purchase","'70838153003497649","WXR402","","PRIMAX 95","Billed","17.20","38.00","PSS SUNGAI SELUANG","31761","Standalone","","","31 Mar 2018"
"12/03/2018 20:52","Reload","'70838153003497649","WXR402","","","Billed","","-40.00","PSS SUNGAI SELUANG","","Standalone","","","31 Mar 2018"
"10/03/2018 18:09","Purchase","'70838153003497649","WXR402","","PRIMAX 95","Billed","18.10","40.00","PSS BANDAR MUTIARA","31000","Standalone","","","31 Mar 2018"
"02/03/2018 13:28","Purchase","'70838153003497649","WXR402","","PRIMAX 95","Billed","31.83","70.02","PSS PARIT PANJANG","132466","Standalone","","","31 Mar 2018"
"02/03/2018 13:26","Reload","'70838153003497649","WXR402","","","Billed","","-100.00","PSS PARIT PANJANG","","Standalone","","","31 Mar 2018"