"Date Time","Transaction Type","Card Number","Vehicle Number","Driver Card Number","Product Type","Billing Type","Transaction Volume (Litres)","Transaction Amount (RM)","Station Name","Odometer","Card Type","Cost Centre","Cost Centre Name","Statement Month"
"12/03/2018 21:48","Purchase","'70838153003423512","WXR97","","PRIMAX 95","Billed","31.68","70.00","PSS TAMAN SAMUDERA BATU CAVES","","Standalone","","","31 Mar 2018"
"12/03/2018 21:40","Reload","'70838153003423512","WXR97","","","Billed","","-70.00","PSS TAMAN SAMUDERA BATU CAVES","","Standalone","","","31 Mar 2018"
"09/03/2018 13:27","Purchase","'70838153003423512","WXR97","","PRIMAX 95","Billed","13.58","30.00","PSS TAMAN SAMUDERA BATU CAVES","","Standalone","","","31 Mar 2018"
"06/03/2018 12:40","Purchase","'70838153003423512","WXR97","","PRIMAX 95","Billed","13.64","30.00","PSS TAMAN SAMUDERA BATU CAVES","30","Standalone","","","31 Mar 2018"
"06/03/2018 12:29","Reload","'70838153003423512","WXR97","","","Billed","","-50.00","PSS TAMAN SAMUDERA BATU CAVES","","Standalone","","","31 Mar 2018"