"Date Time","Transaction Type","Card Number","Vehicle Number","Driver Card Number","Product Type","Billing Type","Transaction Volume (Litres)","Transaction Amount (RM)","Station Name","Odometer","Card Type","Cost Centre","Cost Centre Name","Statement Month"
"30/03/2018 20:54","Purchase","'70838153003497789","WXR602","","PRIMAX 95","Billed","22.73","50.00","PSS SUNGAI PERAK (S)","","Standalone","","","31 Mar 2018"
"30/03/2018 20:52","Reload","'70838153003497789","WXR602","","","Billed","","-70.00","PSS SUNGAI PERAK (S)","","Standalone","","","31 Mar 2018"
"25/03/2018 18:17","Purchase","'70838153003497789","WXR602","","PRIMAX 95","Billed","31.82","70.01","PSS JALAN SELANGOR","","Standalone","","","31 Mar 2018"
"25/03/2018 18:16","Reload","'70838153003497789","WXR602","","","Billed","","-70.00","PSS JALAN SELANGOR","","Standalone","","","31 Mar 2018"
"23/03/2018 22:15","Purchase","'70838153003497789","WXR602","","PRIMAX 95","Billed","31.69","69.70","PSS LANGKAP","","Standalone","","","31 Mar 2018"
"22/03/2018 09:11","Purchase","'70838153003497789","WXR602","","PRIMAX 95","Billed","22.73","50.00","PSS TELUK INTAN I (JLN SULTAN ABDULLAH)","","Standalone","","","31 Mar 2018"
"22/03/2018 09:09","Reload","'70838153003497789","WXR602","'70838153003497789","","Billed","","-50.00","PSS TELUK INTAN I (JLN SULTAN ABDULLAH)","","Standalone","","","31 Mar 2018"
"20/03/2018 19:15","Purchase","'70838153003497789","WXR602","","PRIMAX 95","Billed","9.17","20.00","PSS SUNGAI BESAR","","Standalone","","","31 Mar 2018"
"20/03/2018 19:13","Reload","'70838153003497789","WXR602","","","Billed","","-50.00","PSS SUNGAI BESAR","","Standalone","","","31 Mar 2018"
"19/03/2018 19:43","Purchase","'70838153003497789","WXR602","","PRIMAX 95","Billed","6.88","15.00","PSS HUTAN MELINTANG","","Standalone","","","31 Mar 2018"
"19/03/2018 19:41","Reload","'70838153003497789","WXR602","","","Billed","","-50.00","PSS HUTAN MELINTANG","","Standalone","","","31 Mar 2018"
"16/03/2018 14:22","Purchase","'70838153003497789","WXR602","","PRIMAX 95","Billed","22.95","50.04","PSS SIMPANG PULAI","","Standalone","","","31 Mar 2018"
"15/03/2018 16:26","Purchase","'70838153003497789","WXR602","","PRIMAX 95","Billed","22.94","50.00","PSS LANGKAP","","Standalone","","","31 Mar 2018"
"15/03/2018 16:25","Reload","'70838153003497789","WXR602","","","Billed","","-70.00","PSS LANGKAP","","Standalone","","","31 Mar 2018"
"10/03/2018 20:35","Purchase","'70838153003497789","WXR602","","PRIMAX 95","Billed","31.68","70.00","PSS JALAN GOPENG I","","Standalone","","","31 Mar 2018"
"10/03/2018 20:34","Reload","'70838153003497789","WXR602","","","Billed","","-70.00","PSS JALAN GOPENG I","","Standalone","","","31 Mar 2018"
"07/03/2018 08:06","Purchase","'70838153003497789","WXR602","","PRIMAX 95","Billed","31.82","70.00","PSS PENDANG","","Standalone","","","31 Mar 2018"
"07/03/2018 08:03","Reload","'70838153003497789","WXR602","","","Billed","","-100.00","PSS PENDANG","","Standalone","","","31 Mar 2018"
"01/03/2018 21:19","Purchase","'70838153003497789","WXR602","","PRIMAX 95","Billed","44.86","98.70","PSS SUNGAI BESAR","","Standalone","","","31 Mar 2018"
"01/03/2018 21:17","Reload","'70838153003497789","WXR602","","","Billed","","-100.00","PSS SUNGAI BESAR","","Standalone","","","31 Mar 2018"