"Date Time","Transaction Type","Card Number","Vehicle Number","Driver Card Number","Product Type","Billing Type","Transaction Volume (Litres)","Transaction Amount (RM)","Station Name","Odometer","Card Type","Cost Centre","Cost Centre Name","Statement Month"
"31/03/2018 09:32","Purchase","'70838153003423744","WXR15","","PRIMAX 97","Billed","19.89","49.12","PSS GERIK","","Standalone","","","31 Mar 2018"
"31/03/2018 09:31","Reload","'70838153003423744","WXR15","","","Billed","","-200.00","PSS GERIK","","Standalone","","","31 Mar 2018"
"19/03/2018 12:03","Purchase","'70838153003423744","WXR15","","PRIMAX 97","Billed","19.05","46.66","PSS GERIK","","Standalone","","","31 Mar 2018"
"18/03/2018 06:49","Purchase","'70838153003423744","WXR15","","PRIMAX 97","Billed","28.57","70.00","PSS GERIK","","Standalone","","","31 Mar 2018"
"07/03/2018 20:07","Purchase","'70838153003423744","WXR15","","PRIMAX 97","Billed","33.57","82.91","PSS GERIK","","Standalone","","","31 Mar 2018"
"07/03/2018 14:06","Purchase","'70838153003423744","WXR15","","PRIMAX 97","Billed","2.31","5.71","PSS GERIK","","Standalone","","","31 Mar 2018"
"07/03/2018 14:05","Reload","'70838153003423744","WXR15","","","Billed","","-200.00","PSS GERIK","","Standalone","","","31 Mar 2018"