"Date Time","Transaction Type","Card Number","Vehicle Number","Driver Card Number","Product Type","Billing Type","Transaction Volume (Litres)","Transaction Amount (RM)","Station Name","Odometer","Card Type","Cost Centre","Cost Centre Name","Statement Month"
"25/03/2018 18:32","Purchase","'70838153003423736","WXR270","","PRIMAX 95","Billed","4.55","10.00","PSS DAMANSARA DAMAI","","Standalone","","","31 Mar 2018"
"25/03/2018 18:31","Purchase","'70838153003423736","WXR270","","PRIMAX 95","Billed","4.55","10.00","PSS DAMANSARA DAMAI","","Standalone","","","31 Mar 2018"
"25/03/2018 15:44","Reload","'70838153003423736","WXR270","","","Billed","","-50.00","PSS KLIA 1","","Standalone","","","31 Mar 2018"
"25/03/2018 15:38","Purchase","'70838153003423736","WXR270","","PRIMAX 95","Billed","9.87","21.72","PSS KLIA 1","","Standalone","","","31 Mar 2018"
"24/03/2018 08:11","Purchase","'70838153003423736","WXR270","","PRIMAX 95","Billed","9.09","20.00","PSS NKVE HIGHWAY","","Standalone","","","31 Mar 2018"
"22/03/2018 01:45","Purchase","'70838153003423736","WXR270","","PRIMAX 95","Billed","9.09","20.00","PSS DAMANSARA DAMAI","","Standalone","","","31 Mar 2018"
"22/03/2018 01:43","Reload","'70838153003423736","WXR270","","","Billed","","-30.00","PSS DAMANSARA DAMAI","","Standalone","","","31 Mar 2018"
"18/03/2018 22:33","Purchase","'70838153003423736","WXR270","","PRIMAX 95","Billed","22.94","50.00","PSS BAKAR ARANG SG PETANI","","Standalone","","","31 Mar 2018"
"18/03/2018 22:31","Reload","'70838153003423736","WXR270","","","Billed","","-50.00","PSS BAKAR ARANG SG PETANI","","Standalone","","","31 Mar 2018"
"17/03/2018 21:17","Purchase","'70838153003423736","WXR270","","PRIMAX 95","Billed","9.21","20.07","PSS KESAS ARAH SUBANG","","Standalone","","","31 Mar 2018"
"14/03/2018 23:39","Purchase","'70838153003423736","WXR270","","PRIMAX 95","Billed","9.05","20.00","PSS DAMANSARA DAMAI","","Standalone","","","31 Mar 2018"
"14/03/2018 23:37","Reload","'70838153003423736","WXR270","","","Billed","","-50.00","PSS DAMANSARA DAMAI","","Standalone","","","31 Mar 2018"
"12/03/2018 11:33","Purchase","'70838153003423736","WXR270","","PRIMAX 95","Billed","13.57","30.00","PSS AYER KEROH 3","","Standalone","","","31 Mar 2018"
"12/03/2018 11:31","Reload","'70838153003423736","WXR270","","","Billed","","-50.00","PSS AYER KEROH 3","","Standalone","","","31 Mar 2018"
"11/03/2018 20:15","Purchase","'70838153003423736","WXR270","","PRIMAX 95","Billed","9.05","20.00","PSS KESAS ARAH KELANG","","Standalone","","","31 Mar 2018"
"11/03/2018 18:15","Purchase","'70838153003423736","WXR270","","PRIMAX 97","Billed","20.25","50.00","PSS BIDOR","","Standalone","","","31 Mar 2018"
"11/03/2018 18:14","Reload","'70838153003423736","WXR270","","","Billed","","-50.00","PSS BIDOR","","Standalone","","","31 Mar 2018"
"09/03/2018 14:34","Purchase","'70838153003423736","WXR270","","PRIMAX 95","Billed","13.58","30.00","PSS BIDOR TAPAH","","Standalone","","","31 Mar 2018"
"06/03/2018 13:04","Purchase","'70838153003423736","WXR270","","PRIMAX 95","Billed","4.55","10.00","PSS BANDAR KELANG","","Standalone","","","31 Mar 2018"
"04/03/2018 23:58","Purchase","'70838153003423736","WXR270","","PRIMAX 95","Billed","9.09","20.00","PSS KM 12.3 LEBUHRAYA PERSEKUTUAN","","Standalone","","","31 Mar 2018"
"04/03/2018 23:56","Reload","'70838153003423736","WXR270","","","Billed","","-50.00","PSS KM 12.3 LEBUHRAYA PERSEKUTUAN","","Standalone","","","31 Mar 2018"
"04/03/2018 01:01","Purchase","'70838153003423736","WXR270","","PRIMAX 95","Billed","9.09","20.00","PSS BATU 6 PEKAN MERU","","Standalone","","","31 Mar 2018"
"04/03/2018 00:59","Reload","'70838153003423736","WXR270","","","Billed","","-50.00","PSS BATU 6 PEKAN MERU","","Standalone","","","31 Mar 2018"
"03/03/2018 18:03","Purchase","'70838153003423736","WXR270","","PRIMAX 95","Billed","9.09","20.00","PSS BATU 6 PEKAN MERU","","Standalone","","","31 Mar 2018"