"Date Time","Transaction Type","Card Number","Vehicle Number","Driver Card Number","Product Type","Billing Type","Transaction Volume (Litres)","Transaction Amount (RM)","Station Name","Odometer","Card Type","Cost Centre","Cost Centre Name","Statement Month"
"30/03/2018 22:32","Purchase","'70838153003676622","WXR 2204","","PRIMAX 95","Billed","36.36","80.00","PSS BANTING","100","Standalone","","","31 Mar 2018"
"28/03/2018 19:24","Purchase","'70838153003676622","WXR 2204","","PRIMAX 95","Billed","36.36","80.00","PSS BANTING","100","Standalone","","","31 Mar 2018"
"25/03/2018 08:24","Purchase","'70838153003676622","WXR 2204","","PRIMAX 95","Billed","44.55","98.02","PSS TELOK PANGLIMA GARANG","100","Standalone","","","31 Mar 2018"
"19/03/2018 19:13","Purchase","'70838153003676622","WXR 2204","","PRIMAX 95","Billed","27.52","60.00","PSS BANTING","8080","Standalone","","","31 Mar 2018"
"18/03/2018 16:48","Purchase","'70838153003676622","WXR 2204","","PRIMAX 95","Billed","45.87","100.01","PSS TELOK PANGLIMA GARANG","100","Standalone","","","31 Mar 2018"
"18/03/2018 16:46","Reload","'70838153003676622","WXR 2204","","","Billed","","-500.00","PSS TELOK PANGLIMA GARANG","","Standalone","","","31 Mar 2018"