"Date Time","Transaction Type","Card Number","Vehicle Number","Driver Card Number","Product Type","Billing Type","Transaction Volume (Litres)","Transaction Amount (RM)","Station Name","Odometer","Card Type","Cost Centre","Cost Centre Name","Statement Month"
"31/03/2018 17:35","Purchase","'70838153003673116","WXR 2119","","PRIMAX 95","Un-billed","22.73","50.00","PSS JALAN MESJID NEGERI","","Standalone","","","Unbilled Transaction"
"31/03/2018 17:34","Reload","'70838153003673116","WXR 2119","","","Un-billed","","-50.00","PSS JALAN MESJID NEGERI","","Standalone","","","Unbilled Transaction"
"21/03/2018 21:26","Purchase","'70838153003673116","WXR 2119","","PRIMAX 95","Billed","29.82","65.00","PSS JALAN ROZHAN ALMA","2","Standalone","","","31 Mar 2018"
"19/03/2018 19:16","Purchase","'70838153003673116","WXR 2119","","PRIMAX 95","Billed","16.06","35.00","PSS CHERUK TOK KUN","45","Standalone","","","31 Mar 2018"
"19/03/2018 19:14","Reload","'70838153003673116","WXR 2119","","","Billed","","-110.00","PSS CHERUK TOK KUN","","Standalone","","","31 Mar 2018"
"18/03/2018 14:25","Purchase","'70838153003673116","WXR 2119","","PRIMAX 95","Billed","13.76","30.00","PSS JALAN ROZHAN ALMA","30","Standalone","","","31 Mar 2018"
"18/03/2018 14:22","Reload","'70838153003673116","WXR 2119","","","Billed","","-30.00","PSS JALAN ROZHAN ALMA","","Standalone","","","31 Mar 2018"