"Date Time","Transaction Type","Card Number","Vehicle Number","Driver Card Number","Product Type","Billing Type","Transaction Volume (Litres)","Transaction Amount (RM)","Station Name","Odometer","Card Type","Cost Centre","Cost Centre Name","Statement Month"
"18/03/2018 09:41","Purchase","'70838153003499066","WXR645","","PRIMAX 95","Billed","13.76","30.00","PSS BATU 6 JALAN IPOH","4147","Standalone","","","31 Mar 2018"
"18/03/2018 09:38","Reload","'70838153003499066","WXR645","","","Billed","","-30.00","PSS BATU 6 JALAN IPOH","","Standalone","","","31 Mar 2018"
"11/03/2018 15:42","Purchase","'70838153003499066","WXR645","","PRIMAX 95","Billed","13.58","30.00","PSS SUNGAI PETAI ALOR GAJAH","40800","Standalone","","","31 Mar 2018"
"11/03/2018 15:41","Reload","'70838153003499066","WXR645","","","Billed","","-30.00","PSS SUNGAI PETAI ALOR GAJAH","","Standalone","","","31 Mar 2018"
"09/03/2018 09:47","Purchase","'70838153003499066","WXR645","","PRIMAX 95","Billed","13.58","30.00","PSS SUNWAY BATU CAVES","4808","Standalone","","","31 Mar 2018"
"09/03/2018 09:45","Reload","'70838153003499066","WXR645","","","Billed","","-30.00","PSS SUNWAY BATU CAVES","","Standalone","","","31 Mar 2018"
"07/03/2018 11:58","Purchase","'70838153003499066","WXR645","","PRIMAX 95","Billed","27.27","60.00","PSS RAWANG INDUSTRIAL PARK 2","4708","Standalone","","","31 Mar 2018"
"07/03/2018 11:53","Reload","'70838153003499066","WXR645","","","Billed","","-50.00","PSS RAWANG INDUSTRIAL PARK 2","","Standalone","","","31 Mar 2018"
"01/03/2018 10:42","Purchase","'70838153003499066","WXR645","","PRIMAX 95","Billed","15.98","35.16","PSS SUNWAY BATU CAVES","4680","Standalone","","","31 Mar 2018"
"01/03/2018 10:40","Reload","'70838153003499066","WXR645","","","Billed","","-30.00","PSS SUNWAY BATU CAVES","","Standalone","","","31 Mar 2018"