"Date Time","Transaction Type","Card Number","Vehicle Number","Driver Card Number","Product Type","Billing Type","Transaction Volume (Litres)","Transaction Amount (RM)","Station Name","Odometer","Card Type","Cost Centre","Cost Centre Name","Statement Month"
"30/03/2018 08:56","Purchase","'70838153003579172","WXR1006","","PRIMAX 95","Billed","11.81","25.99","PSS BATU 1 JALAN SEMENYIH","","Standalone","","","31 Mar 2018"
"29/03/2018 08:54","Purchase","'70838153003579172","WXR1006","","PRIMAX 95","Billed","19.55","43.01","PSS BATU 1 JALAN SEMENYIH","","Standalone","","","31 Mar 2018"
"27/03/2018 14:47","Purchase","'70838153003579172","WXR1006","","PRIMAX 95","Billed","14.09","31.00","PSS BANDAR SERI PUTRA","","Standalone","","","31 Mar 2018"
"27/03/2018 14:45","Reload","'70838153003579172","WXR1006","","","Billed","","-100.00","PSS BANDAR SERI PUTRA","","Standalone","","","31 Mar 2018"
"26/03/2018 16:45","Purchase","'70838153003579172","WXR1006","","PRIMAX 95","Billed","23.64","52.00","PSS BATU 1 JALAN SEMENYIH","","Standalone","","","31 Mar 2018"
"26/03/2018 07:19","Purchase","'70838153003579172","WXR1006","","PRIMAX 95","Billed","12.73","28.00","PSS BATU 1 JALAN SEMENYIH","","Standalone","","","31 Mar 2018"
"24/03/2018 10:51","Reload","'70838153003579172","WXR1006","","","Billed","","-80.00","PSS PRIMA SAUJANA 1","","Standalone","","","31 Mar 2018"
"23/03/2018 12:47","Purchase","'70838153003579172","WXR1006","","PRIMAX 95","Billed","14.55","32.00","PSS HULU KELANG","","Standalone","","","31 Mar 2018"
"22/03/2018 12:18","Purchase","'70838153003579172","WXR1006","","PRIMAX 95","Billed","13.64","30.00","PSS PRIMA SAUJANA 2","","Standalone","","","31 Mar 2018"
"21/03/2018 08:55","Purchase","'70838153003579172","WXR1006","","PRIMAX 95","Billed","17.43","38.00","PSS SEMENYIH","","Standalone","","","31 Mar 2018"
"21/03/2018 08:53","Reload","'70838153003579172","WXR1006","","","Billed","","-100.00","PSS SEMENYIH","","Standalone","","","31 Mar 2018"
"20/03/2018 10:09","Purchase","'70838153003579172","WXR1006","","PRIMAX 95","Billed","5.49","11.97","PSS BATU 1 JALAN SEMENYIH","","Standalone","","","31 Mar 2018"
"17/03/2018 20:54","Purchase","'70838153003579172","WXR1006","","PRIMAX 95","Billed","23.86","52.01","PSS RENGIT","","Standalone","","","31 Mar 2018"
"17/03/2018 07:09","Purchase","'70838153003579172","WXR1006","","PRIMAX 95","Billed","19.73","43.01","PSS BATU 1 JALAN SEMENYIH","","Standalone","","","31 Mar 2018"
"16/03/2018 07:38","Purchase","'70838153003579172","WXR1006","","PRIMAX 95","Billed","21.11","46.01","PSS SEMENYIH","","Standalone","","","31 Mar 2018"
"16/03/2018 07:36","Reload","'70838153003579172","WXR1006","","","Billed","","-120.00","PSS SEMENYIH","","Standalone","","","31 Mar 2018"
"14/03/2018 08:07","Purchase","'70838153003579172","WXR1006","","PRIMAX 95","Billed","28.06","62.00","PSS SEMENYIH","","Standalone","","","31 Mar 2018"
"14/03/2018 08:05","Reload","'70838153003579172","WXR1006","","","Billed","","-80.00","PSS SEMENYIH","","Standalone","","","31 Mar 2018"
"12/03/2018 09:36","Purchase","'70838153003579172","WXR1006","","PRIMAX 95","Billed","16.29","36.00","PSS BATU 1 JALAN SEMENYIH","","Standalone","","","31 Mar 2018"
"10/03/2018 11:08","Purchase","'70838153003579172","WXR1006","","PRIMAX 95","Billed","27.15","60.00","PSS BATU 1 JALAN SEMENYIH","","Standalone","","","31 Mar 2018"
"09/03/2018 10:21","Purchase","'70838153003579172","WXR1006","","PRIMAX 95","Billed","17.65","39.00","PSS PRIMA SAUJANA 2","","Standalone","","","31 Mar 2018"
"09/03/2018 10:20","Reload","'70838153003579172","WXR1006","","","Billed","","-150.00","PSS PRIMA SAUJANA 2","","Standalone","","","31 Mar 2018"
"08/03/2018 08:41","Purchase","'70838153003579172","WXR1006","","PRIMAX 95","Billed","21.25","46.97","PSS BATU 1 JALAN SEMENYIH","","Standalone","","","31 Mar 2018"
"06/03/2018 08:31","Purchase","'70838153003579172","WXR1006","","PRIMAX 95","Billed","10.47","23.03","PSS SEMENYIH","","Standalone","","","31 Mar 2018"
"06/03/2018 08:29","Reload","'70838153003579172","WXR1006","","","Billed","","-60.00","PSS SEMENYIH","","Standalone","","","31 Mar 2018"
"05/03/2018 17:09","Purchase","'70838153003579172","WXR1006","","PRIMAX 95","Billed","22.22","48.88","PSS BATU 1 JALAN SEMENYIH","","Standalone","","","31 Mar 2018"
"03/03/2018 10:25","Purchase","'70838153003579172","WXR1006","","PRIMAX 95","Billed","23.24","51.12","PSS PRIMA SAUJANA 1","","Standalone","","","31 Mar 2018"
"03/03/2018 10:24","Reload","'70838153003579172","WXR1006","","","Billed","","-100.00","PSS PRIMA SAUJANA 1","","Standalone","","","31 Mar 2018"
"01/03/2018 08:46","Purchase","'70838153003579172","WXR1006","","PRIMAX 95","Billed","24.90","54.78","PSS BATU 1 JALAN SEMENYIH","","Standalone","","","31 Mar 2018"