"Date Time","Transaction Type","Card Number","Vehicle Number","Driver Card Number","Product Type","Billing Type","Transaction Volume (Litres)","Transaction Amount (RM)","Station Name","Odometer","Card Type","Cost Centre","Cost Centre Name","Statement Month"
"28/03/2018 14:22","Purchase","'70838153003424064","WXR26","","PRIMAX 95","Billed","35.91","79.00","PSS BANDAR BARU BANGI","","Standalone","","","31 Mar 2018"
"28/03/2018 11:18","Purchase","'70838153003424064","WXR26","","PRIMAX 95","Billed","46.40","102.07","PSS SEK 3 BANDAR BARU BANGI","","Standalone","","","31 Mar 2018"
"28/03/2018 11:16","Reload","'70838153003424064","WXR26","","","Billed","","-300.00","PSS SEK 3 BANDAR BARU BANGI","","Standalone","","","31 Mar 2018"
"15/03/2018 17:04","Purchase","'70838153003424064","WXR26","","PRIMAX 95","Billed","22.94","50.00","PSS SEK 3 BANDAR BARU BANGI","","Standalone","","","31 Mar 2018"
"15/03/2018 17:02","Reload","'70838153003424064","WXR26","","","Billed","","-50.00","PSS SEK 3 BANDAR BARU BANGI","","Standalone","","","31 Mar 2018"