"Date Time","Transaction Type","Card Number","Vehicle Number","Driver Card Number","Product Type","Billing Type","Transaction Volume (Litres)","Transaction Amount (RM)","Station Name","Odometer","Card Type","Cost Centre","Cost Centre Name","Statement Month"
"27/03/2018 15:40","Purchase","'70838153003501036","WXR962","","PRIMAX 95","Billed","3.18","7.00","PSS JALAN TUN RAZAK","","Standalone","","","31 Mar 2018"
"27/03/2018 15:39","Reload","'70838153003501036","WXR962","","","Billed","","-20.00","PSS JALAN TUN RAZAK","","Standalone","","","31 Mar 2018"
"23/03/2018 12:44","Purchase","'70838153003501036","WXR962","","PRIMAX 97","Billed","1.40","3.46","PSS JALAN TUN RAZAK","","Standalone","","","31 Mar 2018"
"15/03/2018 18:57","Purchase","'70838153003501036","WXR962","","PRIMAX 95","Billed","2.75","5.99","PSS JALAN COCHRANE","","Standalone","","","31 Mar 2018"
"12/03/2018 18:39","Purchase","'70838153003501036","WXR962","","PRIMAX 95","Billed","2.72","6.00","PSS JALAN COCHRANE","6","Standalone","","","31 Mar 2018"
"10/03/2018 10:47","Purchase","'70838153003501036","WXR962","","PRIMAX 95","Billed","9.05","20.00","PSS SETAPAK","","Standalone","","","31 Mar 2018"
"07/03/2018 18:40","Purchase","'70838153003501036","WXR962","","PRIMAX 95","Billed","2.38","5.24","PSS JALAN COCHRANE","","Standalone","","","31 Mar 2018"
"05/03/2018 11:53","Purchase","'70838153003501036","WXR962","","PRIMAX 97","Billed","2.77","6.84","PSS JALAN TUN RAZAK","","Standalone","","","31 Mar 2018"