"Date Time","Transaction Type","Card Number","Vehicle Number","Driver Card Number","Product Type","Billing Type","Transaction Volume (Litres)","Transaction Amount (RM)","Station Name","Odometer","Card Type","Cost Centre","Cost Centre Name","Statement Month"
"22/03/2018 08:49","Purchase","'70838153003422589","WXR230","","PRIMAX 95","Billed","9.09","20.00","PSS TAMAN MELATI","","Standalone","","","31 Mar 2018"
"19/03/2018 12:32","Purchase","'70838153003422589","WXR230","","PRIMAX 95","Billed","22.94","50.00","PSS JALAN DATIN HALIMAH","","Standalone","","","31 Mar 2018"
"19/03/2018 12:31","Reload","'70838153003422589","WXR230","","","Billed","","-50.00","PSS JALAN DATIN HALIMAH","","Standalone","","","31 Mar 2018"
"18/03/2018 02:07","Purchase","'70838153003422589","WXR230","","PRIMAX 95","Billed","22.94","50.00","PSS RAWAT & REHAT(S) KL- SEREMBAN","","Standalone","","","31 Mar 2018"
"18/03/2018 02:05","Reload","'70838153003422589","WXR230","","","Billed","","-50.00","PSS RAWAT & REHAT(S) KL- SEREMBAN","","Standalone","","","31 Mar 2018"
"16/03/2018 23:02","Purchase","'70838153003422589","WXR230","","PRIMAX 95","Billed","13.76","30.00","PSS TAMAN MELATI","","Standalone","","","31 Mar 2018"
"16/03/2018 23:00","Reload","'70838153003422589","WXR230","","","Billed","","-50.00","PSS TAMAN MELATI","","Standalone","","","31 Mar 2018"
"05/03/2018 22:46","Purchase","'70838153003422589","WXR230","","PRIMAX 95","Billed","9.09","20.00","PSS KLANG GATE","","Standalone","","","31 Mar 2018"
"02/03/2018 18:32","Purchase","'70838153003422589","WXR230","","PRIMAX 95","Billed","13.64","30.00","PSS KL-KARAK","","Standalone","","","31 Mar 2018"
"02/03/2018 18:31","Reload","'70838153003422589","WXR230","","","Billed","","-50.00","PSS KL-KARAK","","Standalone","","","31 Mar 2018"