"Date Time","Transaction Type","Card Number","Vehicle Number","Driver Card Number","Product Type","Billing Type","Transaction Volume (Litres)","Transaction Amount (RM)","Station Name","Odometer","Card Type","Cost Centre","Cost Centre Name","Statement Month"
"14/03/2018 19:45","Purchase","'70838153003497466","WXR841","","Diesel","Billed","1.04","2.26","PSS MUKIM SUNGAI PASIR","150","Standalone","","","31 Mar 2018"
"13/03/2018 23:56","Purchase","'70838153003497466","WXR841","","Diesel","Billed","34.18","74.17","PSS LAGUNA MERBUK","150","Standalone","","","31 Mar 2018"
"12/03/2018 22:37","Purchase","'70838153003497466","WXR841","","Diesel","Billed","46.12","100.07","PSS MUKIM SUNGAI PASIR","150","Standalone","","","31 Mar 2018"
"12/03/2018 14:51","Purchase","'70838153003497466","WXR841","","Diesel","Billed","21.07","45.72","PSS LAGUNA MERBUK","150","Standalone","","","31 Mar 2018"
"11/03/2018 22:46","Purchase","'70838153003497466","WXR841","","Diesel","Billed","45.69","99.15","PSS GURUN","150","Standalone","","","31 Mar 2018"
"11/03/2018 14:46","Purchase","'70838153003497466","WXR841","","Diesel","Billed","38.35","83.21","PSS LAGUNA MERBUK","150","Standalone","","","31 Mar 2018"
"10/03/2018 13:53","Purchase","'70838153003497466","WXR841","","Diesel","Billed","40.64","88.19","PSS LAGUNA MERBUK","150","Standalone","","","31 Mar 2018"
"09/03/2018 13:16","Purchase","'70838153003497466","WXR841","","Diesel","Billed","25.56","55.47","PSS LAGUNA MERBUK","150","Standalone","","","31 Mar 2018"
"08/03/2018 13:58","Purchase","'70838153003497466","WXR841","","Diesel","Billed","22.32","48.44","PSS SUNGAI LALANG 2","150","Standalone","","","31 Mar 2018"
"06/03/2018 14:35","Purchase","'70838153003497466","WXR841","","Diesel","Billed","31.64","68.98","PSS BANDAR MUTIARA","150","Standalone","","","31 Mar 2018"
"05/03/2018 15:04","Purchase","'70838153003497466","WXR841","","Diesel","Billed","24.96","54.40","PSS LAGUNA MERBUK","150","Standalone","","","31 Mar 2018"
"04/03/2018 15:12","Purchase","'70838153003497466","WXR841","","Diesel","Billed","19.51","42.53","PSS LAGUNA MERBUK","150","Standalone","","","31 Mar 2018"
"03/03/2018 15:11","Purchase","'70838153003497466","WXR841","","Diesel","Billed","44.19","96.34","PSS BANDAR MUTIARA","150","Standalone","","","31 Mar 2018"
"02/03/2018 15:59","Purchase","'70838153003497466","WXR841","","Diesel","Billed","38.68","84.33","PSS LAGUNA MERBUK","150","Standalone","","","31 Mar 2018"
"01/03/2018 16:42","Purchase","'70838153003497466","WXR841","","Diesel","Billed","26.63","58.05","PSS SUNGAI LALANG 2","150","Standalone","","","31 Mar 2018"
"01/03/2018 11:02","Reload","'70838153003497466","WXR841","","","Billed","","-1,000.00","PSS TAMAN RIA SG PETANI","","Standalone","","","31 Mar 2018"