"Date Time","Transaction Type","Card Number","Vehicle Number","Driver Card Number","Product Type","Billing Type","Transaction Volume (Litres)","Transaction Amount (RM)","Station Name","Odometer","Card Type","Cost Centre","Cost Centre Name","Statement Month"
"31/03/2018 07:44","Purchase","'70838153003495882","WXR331","","PRIMAX 95","Billed","22.73","50.00","PSS BUKIT NANDING","298614","Standalone","","","31 Mar 2018"
"26/03/2018 01:25","Purchase","'70838153003495882","WXR331","","PRIMAX 95","Billed","22.73","50.00","PSS KM5.5 JALAN CHERAS","298100","Standalone","","","31 Mar 2018"
"20/03/2018 09:02","Purchase","'70838153003495882","WXR331","","PRIMAX 95","Billed","22.94","50.00","PSS BRICKFIELDS","297336","Standalone","","","31 Mar 2018"
"18/03/2018 14:25","Purchase","'70838153003495882","WXR331","","PRIMAX 95","Billed","9.18","20.00","PSS PRIMA SAUJANA 2","296875","Standalone","","","31 Mar 2018"
"09/03/2018 21:45","Purchase","'70838153003495882","WXR331","","PRIMAX 95","Billed","13.57","30.00","PSS LAVENDER HEIGHTS","296000","Standalone","","","31 Mar 2018"