"Date Time","Transaction Type","Card Number","Vehicle Number","Driver Card Number","Product Type","Billing Type","Transaction Volume (Litres)","Transaction Amount (RM)","Station Name","Odometer","Card Type","Cost Centre","Cost Centre Name","Statement Month"
"28/03/2018 08:15","Purchase","'70838153003424189","WXR297","","PRIMAX 95","Billed","47.73","105.00","PSS TAMAN SUNGAI KAPAR INDAH","","Standalone","","","31 Mar 2018"
"28/03/2018 08:13","Reload","'70838153003424189","WXR297","","","Billed","","-100.00","PSS TAMAN SUNGAI KAPAR INDAH","","Standalone","","","31 Mar 2018"
"25/03/2018 20:36","Purchase","'70838153003424189","WXR297","","PRIMAX 95","Billed","56.82","125.00","PSS BT 2 1/2 JALAN KAPAR","","Standalone","","","31 Mar 2018"
"25/03/2018 20:35","Reload","'70838153003424189","WXR297","","","Billed","","-120.00","PSS BT 2 1/2 JALAN KAPAR","","Standalone","","","31 Mar 2018"
"18/03/2018 21:15","Purchase","'70838153003424189","WXR297","","PRIMAX 95","Billed","45.87","100.00","PSS BT 2 1/2 JALAN KAPAR","","Standalone","","","31 Mar 2018"
"18/03/2018 18:43","Reload","'70838153003424189","WXR297","","","Billed","","-100.00","PSS BT 2 1/2 JALAN KAPAR","","Standalone","","","31 Mar 2018"
"17/03/2018 07:22","Purchase","'70838153003424189","WXR297","","PRIMAX 95","Billed","18.35","40.00","PSS BATU BELAH","","Standalone","","","31 Mar 2018"
"17/03/2018 07:21","Reload","'70838153003424189","WXR297","","","Billed","","-50.00","PSS BATU BELAH","","Standalone","","","31 Mar 2018"
"14/03/2018 14:31","Purchase","'70838153003424189","WXR297","","PRIMAX 95","Billed","46.15","102.00","PSS BT 2 1/2 JALAN KAPAR","","Standalone","","","31 Mar 2018"
"14/03/2018 14:30","Reload","'70838153003424189","WXR297","","","Billed","","-100.00","PSS BT 2 1/2 JALAN KAPAR","","Standalone","","","31 Mar 2018"
"11/03/2018 21:12","Purchase","'70838153003424189","WXR297","","PRIMAX 95","Billed","57.92","128.00","PSS BT 2 1/2 JALAN KAPAR","","Standalone","","","31 Mar 2018"
"11/03/2018 21:10","Reload","'70838153003424189","WXR297","","","Billed","","-130.00","PSS BT 2 1/2 JALAN KAPAR","","Standalone","","","31 Mar 2018"
"07/03/2018 08:25","Purchase","'70838153003424189","WXR297","","PRIMAX 95","Billed","45.46","100.00","PSS TAMAN SUNGAI KAPAR INDAH","","Standalone","","","31 Mar 2018"
"07/03/2018 08:23","Reload","'70838153003424189","WXR297","","","Billed","","-100.00","PSS TAMAN SUNGAI KAPAR INDAH","","Standalone","","","31 Mar 2018"
"04/03/2018 21:59","Purchase","'70838153003424189","WXR297","","PRIMAX 95","Billed","58.41","128.50","PSS BT 2 1/2 JALAN KAPAR","","Standalone","","","31 Mar 2018"
"04/03/2018 21:57","Reload","'70838153003424189","WXR297","","","Billed","","-130.00","PSS BT 2 1/2 JALAN KAPAR","","Standalone","","","31 Mar 2018"