"Date Time","Transaction Type","Card Number","Vehicle Number","Driver Card Number","Product Type","Billing Type","Transaction Volume (Litres)","Transaction Amount (RM)","Station Name","Odometer","Card Type","Cost Centre","Cost Centre Name","Statement Month"
"26/03/2018 10:56","Purchase","'70838153003424882","WXR58","","PRIMAX 95","Billed","41.81","91.98","PSS TAMAN MELATI","","Standalone","","","31 Mar 2018"
"20/03/2018 13:13","Purchase","'70838153003424882","WXR58","","PRIMAX 95","Billed","13.92","30.35","PSS TAMAN MELATI","","Standalone","","","31 Mar 2018"
"18/03/2018 16:13","Purchase","'70838153003424882","WXR58","","PRIMAX 95","Billed","22.97","50.06","PSS BUKIT ANTARABANGSA","","Standalone","","","31 Mar 2018"
"17/03/2018 13:07","Reload","'70838153003424882","WXR58","","","Billed","","-300.00","PSS TAMAN MELATI","","Standalone","","","31 Mar 2018"
"16/03/2018 10:05","Purchase","'70838153003424882","WXR58","","PRIMAX 95","Billed","42.56","92.78","PSS TAMAN MELATI","","Standalone","","","31 Mar 2018"
"11/03/2018 16:13","Purchase","'70838153003424882","WXR58","","PRIMAX 95","Billed","52.95","117.02","PSS TAMAN MELATI","","Standalone","","","31 Mar 2018"