"Date Time","Transaction Type","Card Number","Vehicle Number","Driver Card Number","Product Type","Billing Type","Transaction Volume (Litres)","Transaction Amount (RM)","Station Name","Odometer","Card Type","Cost Centre","Cost Centre Name","Statement Month"
"31/03/2018 13:21","Purchase","'70838153003582135","WXR1137","","PRIMAX 95","Billed","13.64","30.00","PSS SUNWAY CITY","","Standalone","","","31 Mar 2018"
"31/03/2018 13:19","Reload","'70838153003582135","WXR1137","","","Billed","","-50.00","PSS SUNWAY CITY","","Standalone","","","31 Mar 2018"
"28/03/2018 08:05","Purchase","'70838153003582135","WXR1137","","PRIMAX 95","Billed","13.64","30.00","PSS JLN RAJA DIHILIR","","Standalone","","","31 Mar 2018"
"28/03/2018 08:03","Reload","'70838153003582135","WXR1137","","","Billed","","-50.00","PSS JLN RAJA DIHILIR","","Standalone","","","31 Mar 2018"
"23/03/2018 15:49","Purchase","'70838153003582135","WXR1137","","PRIMAX 95","Billed","13.64","30.00","PSS SUNWAY CITY","","Standalone","","","31 Mar 2018"
"22/03/2018 09:15","Purchase","'70838153003582135","WXR1137","","PRIMAX 95","Billed","13.64","30.00","PSS TAMAN PUTRA INDAH","","Standalone","","","31 Mar 2018"
"22/03/2018 09:13","Reload","'70838153003582135","WXR1137","","","Billed","","-50.00","PSS TAMAN PUTRA INDAH","","Standalone","","","31 Mar 2018"
"19/03/2018 07:54","Purchase","'70838153003582135","WXR1137","","PRIMAX 95","Billed","9.17","20.00","PSS JLN RAJA DIHILIR","","Standalone","","","31 Mar 2018"
"17/03/2018 21:11","Purchase","'70838153003582135","WXR1137","","PRIMAX 95","Billed","22.94","50.00","PSS SIMPANG PULAI ARAH UTARA","","Standalone","","","31 Mar 2018"
"15/03/2018 11:59","Purchase","'70838153003582135","WXR1137","","PRIMAX 95","Billed","9.18","20.00","PSS SUNWAY CITY","","Standalone","","","31 Mar 2018"
"15/03/2018 11:55","Reload","'70838153003582135","WXR1137","","","Billed","","-120.00","PSS SUNWAY CITY","","Standalone","","","31 Mar 2018"