"Date Time","Transaction Type","Card Number","Vehicle Number","Driver Card Number","Product Type","Billing Type","Transaction Volume (Litres)","Transaction Amount (RM)","Station Name","Odometer","Card Type","Cost Centre","Cost Centre Name","Statement Month"
"30/03/2018 09:07","Purchase","'70838153003500293","WXR673","","PRIMAX 95","Billed","6.82","15.00","PSS KAMPUNG RAJA BESUT","","Standalone","","","31 Mar 2018"
"27/03/2018 10:10","Purchase","'70838153003500293","WXR673","","PRIMAX 95","Billed","18.18","40.00","PSS BANDAR JERTEH","40","Standalone","","","31 Mar 2018"
"27/03/2018 10:08","Reload","'70838153003500293","WXR673","","","Billed","","-50.00","PSS BANDAR JERTEH","","Standalone","","","31 Mar 2018"
"24/03/2018 13:42","Purchase","'70838153003500293","WXR673","","PRIMAX 95","Billed","13.64","30.00","PSS KAMPUNG RAJA BESUT","","Standalone","","","31 Mar 2018"
"24/03/2018 13:40","Reload","'70838153003500293","WXR673","'70838153003500293","","Billed","","-50.00","PSS KAMPUNG RAJA BESUT","","Standalone","","","31 Mar 2018"
"22/03/2018 17:16","Purchase","'70838153003500293","WXR673","","PRIMAX 95","Billed","13.64","30.00","PSS KAMPUNG RAJA BESUT","","Standalone","","","31 Mar 2018"
"22/03/2018 17:15","Reload","'70838153003500293","WXR673","'70838153003500293","","Billed","","-30.00","PSS KAMPUNG RAJA BESUT","","Standalone","","","31 Mar 2018"
"19/03/2018 13:48","Purchase","'70838153003500293","WXR673","","PRIMAX 95","Billed","22.94","50.00","PSS KAMPUNG RAJA BESUT","","Standalone","","","31 Mar 2018"
"19/03/2018 13:47","Reload","'70838153003500293","WXR673","'70838153003500293","","Billed","","-50.00","PSS KAMPUNG RAJA BESUT","","Standalone","","","31 Mar 2018"
"18/03/2018 07:57","Purchase","'70838153003500293","WXR673","","PRIMAX 95","Billed","27.52","60.00","PSS KAMPUNG RAJA BESUT","","Standalone","","","31 Mar 2018"
"18/03/2018 07:55","Reload","'70838153003500293","WXR673","'70838153003500293","","Billed","","-50.00","PSS KAMPUNG RAJA BESUT","","Standalone","","","31 Mar 2018"
"15/03/2018 18:30","Purchase","'70838153003500293","WXR673","","PRIMAX 95","Billed","18.35","40.00","PSS MERANG","","Standalone","","","31 Mar 2018"
"15/03/2018 17:53","Reload","'70838153003500293","WXR673","","","Billed","","-50.00","PSS WAKAF BHARU","","Standalone","","","31 Mar 2018"
"15/03/2018 16:50","Purchase","'70838153003500293","WXR673","","PRIMAX 95","Billed","9.18","20.00","PSS MERANG","","Standalone","","","31 Mar 2018"
"12/03/2018 18:43","Purchase","'70838153003500293","WXR673","","PRIMAX 95","Billed","13.58","30.00","PSS KAMPUNG RAJA BESUT","","Standalone","","","31 Mar 2018"
"12/03/2018 18:42","Reload","'70838153003500293","WXR673","'70838153003500293","","Billed","","-20.00","PSS KAMPUNG RAJA BESUT","","Standalone","","","31 Mar 2018"
"08/03/2018 11:25","Purchase","'70838153003500293","WXR673","","PRIMAX 95","Billed","13.58","30.00","PSS KAMPUNG RAJA BESUT","","Standalone","","","31 Mar 2018"
"08/03/2018 11:24","Reload","'70838153003500293","WXR673","'70838153003500293","","Billed","","-50.00","PSS KAMPUNG RAJA BESUT","","Standalone","","","31 Mar 2018"
"05/03/2018 08:03","Purchase","'70838153003500293","WXR673","","PRIMAX 95","Billed","18.18","40.00","PSS MELOR","","Standalone","","","31 Mar 2018"
"05/03/2018 08:02","Reload","'70838153003500293","WXR673","","","Billed","","-50.00","PSS MELOR","","Standalone","","","31 Mar 2018"
"04/03/2018 19:13","Purchase","'70838153003500293","WXR673","","PRIMAX 95","Billed","13.64","30.00","PSS KAMPUNG RAJA BESUT","","Standalone","","","31 Mar 2018"
"03/03/2018 13:30","Purchase","'70838153003500293","WXR673","","PRIMAX 95","Billed","18.18","40.00","PSS WAKAF BHARU","","Standalone","","","31 Mar 2018"
"03/03/2018 13:29","Reload","'70838153003500293","WXR673","","","Billed","","-50.00","PSS WAKAF BHARU","","Standalone","","","31 Mar 2018"
"02/03/2018 20:25","Purchase","'70838153003500293","WXR673","","PRIMAX 95","Billed","13.64","30.00","PSS KAMPUNG RAJA BESUT","","Standalone","","","31 Mar 2018"
"02/03/2018 20:23","Reload","'70838153003500293","WXR673","'70838153003500293","","Billed","","-50.00","PSS KAMPUNG RAJA BESUT","","Standalone","","","31 Mar 2018"
"01/03/2018 12:01","Purchase","'70838153003500293","WXR673","","PRIMAX 95","Billed","22.73","50.00","PSS KAMPUNG RAJA BESUT","","Standalone","","","31 Mar 2018"
"01/03/2018 12:00","Reload","'70838153003500293","WXR673","'70838153003500293","","Billed","","-50.00","PSS KAMPUNG RAJA BESUT","","Standalone","","","31 Mar 2018"