"Date Time","Transaction Type","Card Number","Vehicle Number","Driver Card Number","Product Type","Billing Type","Transaction Volume (Litres)","Transaction Amount (RM)","Station Name","Odometer","Card Type","Cost Centre","Cost Centre Name","Statement Month"
"28/03/2018 08:55","Purchase","'70838153003499744","WXR921","","PRIMAX 95","Billed","9.09","20.00","PSS PEKAN SALAK","","Standalone","","","31 Mar 2018"
"28/03/2018 08:53","Reload","'70838153003499744","WXR921","","","Billed","","-20.00","PSS PEKAN SALAK","","Standalone","","","31 Mar 2018"
"23/03/2018 20:20","Purchase","'70838153003499744","WXR921","","PRIMAX 95","Billed","9.09","20.00","PSS BANDAR BARU NILAI","","Standalone","","","31 Mar 2018"
"23/03/2018 20:18","Reload","'70838153003499744","WXR921","","","Billed","","-20.00","PSS BANDAR BARU NILAI","","Standalone","","","31 Mar 2018"
"21/03/2018 09:11","Purchase","'70838153003499744","WXR921","","PRIMAX 95","Billed","9.18","20.00","PSS PEKAN SALAK","","Standalone","","","31 Mar 2018"
"21/03/2018 09:10","Reload","'70838153003499744","WXR921","","","Billed","","-20.00","PSS PEKAN SALAK","","Standalone","","","31 Mar 2018"
"18/03/2018 20:00","Purchase","'70838153003499744","WXR921","","PRIMAX 95","Billed","9.17","20.00","PSS BANDAR BARU SALAK TINGGI","","Standalone","","","31 Mar 2018"
"18/03/2018 19:59","Reload","'70838153003499744","WXR921","","","Billed","","-20.00","PSS BANDAR BARU SALAK TINGGI","","Standalone","","","31 Mar 2018"
"13/03/2018 17:10","Purchase","'70838153003499744","WXR921","","PRIMAX 95","Billed","9.05","20.00","PSS TAMAN SEMARAK","","Standalone","","","31 Mar 2018"
"13/03/2018 17:08","Reload","'70838153003499744","WXR921","","","Billed","","-20.00","PSS TAMAN SEMARAK","","Standalone","","","31 Mar 2018"
"11/03/2018 21:15","Purchase","'70838153003499744","WXR921","","PRIMAX 95","Billed","9.05","20.00","PSS NILAI PAJAM","","Standalone","","","31 Mar 2018"
"11/03/2018 21:14","Reload","'70838153003499744","WXR921","","","Billed","","-20.00","PSS NILAI PAJAM","","Standalone","","","31 Mar 2018"
"06/03/2018 00:41","Purchase","'70838153003499744","WXR921","","PRIMAX 95","Billed","4.55","10.00","PSS NILAI PAJAM","","Standalone","","","31 Mar 2018"
"06/03/2018 00:39","Purchase","'70838153003499744","WXR921","","PRIMAX 95","Billed","22.73","50.00","PSS NILAI PAJAM","","Standalone","","","31 Mar 2018"
"06/03/2018 00:38","Reload","'70838153003499744","WXR921","","","Billed","","-30.00","PSS NILAI PAJAM","","Standalone","","","31 Mar 2018"
"05/03/2018 09:51","Purchase","'70838153003499744","WXR921","","PRIMAX 95","Billed","13.64","30.00","PSS NILAI PAJAM","","Standalone","","","31 Mar 2018"
"05/03/2018 09:50","Purchase","'70838153003499744","WXR921","","PRIMAX 95","Billed","13.64","30.00","PSS NILAI PAJAM","","Standalone","","","31 Mar 2018"
"05/03/2018 09:50","Purchase","'70838153003499744","WXR921","","PRIMAX 95","Billed","18.18","40.00","PSS NILAI PAJAM","","Standalone","","","31 Mar 2018"
"05/03/2018 09:48","Reload","'70838153003499744","WXR921","","","Billed","","-70.00","PSS NILAI PAJAM","","Standalone","","","31 Mar 2018"
"05/03/2018 09:47","Reload","'70838153003499744","WXR921","","","Billed","","-50.00","PSS NILAI PAJAM","","Standalone","","","31 Mar 2018"
"01/03/2018 08:35","Purchase","'70838153003499744","WXR921","","PRIMAX 95","Billed","6.82","15.00","PSS NILAI PAJAM","","Standalone","","","31 Mar 2018"
"01/03/2018 08:33","Reload","'70838153003499744","WXR921","","","Billed","","-20.00","PSS NILAI PAJAM","","Standalone","","","31 Mar 2018"