"Date Time","Transaction Type","Card Number","Vehicle Number","Driver Card Number","Product Type","Billing Type","Transaction Volume (Litres)","Transaction Amount (RM)","Station Name","Odometer","Card Type","Cost Centre","Cost Centre Name","Statement Month"
"31/03/2018 11:59","Purchase","'70838153003496773","WXR571","","PRIMAX 95","Billed","15.91","35.00","PSS BATU FERINGGI","","Standalone","","","31 Mar 2018"
"31/03/2018 11:50","Reload","'70838153003496773","WXR571","","","Billed","","-35.00","PSS BATU FERINGGI","","Standalone","","","31 Mar 2018"
"29/03/2018 14:15","Purchase","'70838153003496773","WXR571","","PRIMAX 95","Billed","27.27","60.00","PSS BATU FERINGGI","","Standalone","","","31 Mar 2018"
"29/03/2018 14:13","Reload","'70838153003496773","WXR571","","","Billed","","-60.00","PSS BATU FERINGGI","","Standalone","","","31 Mar 2018"
"27/03/2018 07:07","Purchase","'70838153003496773","WXR571","","PRIMAX 95","Billed","18.18","40.00","PSS BATU FERINGGI","3","Standalone","","","31 Mar 2018"
"27/03/2018 07:05","Reload","'70838153003496773","WXR571","","","Billed","","-40.00","PSS BATU FERINGGI","","Standalone","","","31 Mar 2018"
"25/03/2018 10:33","Purchase","'70838153003496773","WXR571","","PRIMAX 95","Billed","22.73","50.00","PSS BATU FERINGGI","","Standalone","","","31 Mar 2018"
"25/03/2018 10:31","Reload","'70838153003496773","WXR571","","","Billed","","-50.00","PSS BATU FERINGGI","","Standalone","","","31 Mar 2018"
"23/03/2018 14:10","Purchase","'70838153003496773","WXR571","","PRIMAX 95","Billed","31.82","70.00","PSS BATU FERINGGI","","Standalone","","","31 Mar 2018"
"23/03/2018 14:09","Reload","'70838153003496773","WXR571","","","Billed","","-70.00","PSS BATU FERINGGI","","Standalone","","","31 Mar 2018"
"21/03/2018 19:15","Purchase","'70838153003496773","WXR571","","PRIMAX 95","Billed","18.35","40.00","PSS PAYA TERUBONG","","Standalone","","","31 Mar 2018"
"21/03/2018 19:14","Reload","'70838153003496773","WXR571","","","Billed","","-40.00","PSS PAYA TERUBONG","","Standalone","","","31 Mar 2018"
"21/03/2018 08:13","Purchase","'70838153003496773","WXR571","","PRIMAX 95","Billed","18.35","40.00","PSS JALAN PAYA TERUBUNG","","Standalone","","","31 Mar 2018"
"21/03/2018 08:11","Reload","'70838153003496773","WXR571","","","Billed","","-40.00","PSS JALAN PAYA TERUBUNG","","Standalone","","","31 Mar 2018"
"19/03/2018 09:52","Purchase","'70838153003496773","WXR571","","PRIMAX 95","Billed","22.94","50.00","PSS BATU FERINGGI","","Standalone","","","31 Mar 2018"
"19/03/2018 09:51","Reload","'70838153003496773","WXR571","","","Billed","","-50.00","PSS BATU FERINGGI","","Standalone","","","31 Mar 2018"
"17/03/2018 09:13","Purchase","'70838153003496773","WXR571","","PRIMAX 95","Billed","27.52","60.00","PSS BATU FERINGGI","","Standalone","","","31 Mar 2018"
"17/03/2018 09:11","Reload","'70838153003496773","WXR571","","","Billed","","-60.00","PSS BATU FERINGGI","","Standalone","","","31 Mar 2018"
"14/03/2018 08:30","Purchase","'70838153003496773","WXR571","","PRIMAX 95","Billed","31.68","70.00","PSS BATU FERINGGI","","Standalone","","","31 Mar 2018"
"14/03/2018 08:30","Purchase","'70838153003496773","WXR571","","PRIMAX 95","Un-billed","31.68","70.00","PSS BATU FERINGGI","","Standalone","","","Unbilled Transaction"
"14/03/2018 08:28","Reload","'70838153003496773","WXR571","","","Billed","","-70.00","PSS BATU FERINGGI","","Standalone","","","31 Mar 2018"
"12/03/2018 12:31","Purchase","'70838153003496773","WXR571","","PRIMAX 95","Billed","22.63","50.00","PSS BATU FERINGGI","","Standalone","","","31 Mar 2018"
"12/03/2018 12:30","Reload","'70838153003496773","WXR571","","","Billed","","-50.00","PSS BATU FERINGGI","","Standalone","","","31 Mar 2018"
"11/03/2018 13:10","Purchase","'70838153003496773","WXR571","","PRIMAX 95","Billed","9.05","20.00","PSS BIDOR","","Standalone","","","31 Mar 2018"
"09/03/2018 06:20","Purchase","'70838153003496773","WXR571","","PRIMAX 95","Billed","22.63","50.00","PSS BATU FERINGGI","","Standalone","","","31 Mar 2018"
"09/03/2018 06:18","Reload","'70838153003496773","WXR571","","","Billed","","-50.00","PSS BATU FERINGGI","","Standalone","","","31 Mar 2018"
"07/03/2018 16:21","Purchase","'70838153003496773","WXR571","","PRIMAX 95","Billed","27.27","60.00","PSS BATU FERINGGI","","Standalone","","","31 Mar 2018"
"07/03/2018 16:19","Reload","'70838153003496773","WXR571","","","Billed","","-60.00","PSS BATU FERINGGI","","Standalone","","","31 Mar 2018"
"06/03/2018 08:22","Purchase","'70838153003496773","WXR571","","PRIMAX 95","Billed","27.27","60.00","PSS BATU FERINGGI","","Standalone","","","31 Mar 2018"
"06/03/2018 08:20","Reload","'70838153003496773","WXR571","","","Billed","","-60.00","PSS BATU FERINGGI","","Standalone","","","31 Mar 2018"
"03/03/2018 09:26","Purchase","'70838153003496773","WXR571","","PRIMAX 95","Billed","22.73","50.00","PSS BATU FERINGGI","","Standalone","","","31 Mar 2018"
"03/03/2018 09:22","Reload","'70838153003496773","WXR571","","","Billed","","-50.00","PSS BATU FERINGGI","","Standalone","","","31 Mar 2018"
"02/03/2018 07:48","Purchase","'70838153003496773","WXR571","","PRIMAX 95","Billed","22.73","50.00","PSS JALAN MESJID NEGERI","","Standalone","","","31 Mar 2018"
"02/03/2018 07:47","Reload","'70838153003496773","WXR571","","","Billed","","-50.00","PSS JALAN MESJID NEGERI","","Standalone","","","31 Mar 2018"