"Date Time","Transaction Type","Card Number","Vehicle Number","Driver Card Number","Product Type","Billing Type","Transaction Volume (Litres)","Transaction Amount (RM)","Station Name","Odometer","Card Type","Cost Centre","Cost Centre Name","Statement Month"
"29/03/2018 16:17","Purchase","'70838153003425186","WXR70","","PRIMAX 95","Billed","33.52","73.74","PSS SUNGAI PERAK (S)","36800","Standalone","","","31 Mar 2018"
"28/03/2018 20:27","Purchase","'70838153003425186","WXR70","","PRIMAX 95","Billed","35.73","78.60","PSS JURU LAYBAY","36500","Standalone","","","31 Mar 2018"
"26/03/2018 16:19","Reload","'70838153003425186","WXR70","","","Billed","","-200.00","PSS SUNGAI PERAK (U)","","Standalone","","","31 Mar 2018"
"26/03/2018 16:10","Purchase","'70838153003425186","WXR70","","PRIMAX 95","Billed","41.84","92.04","PSS SUNGAI PERAK (U)","35800","Standalone","","","31 Mar 2018"
"24/03/2018 21:09","Purchase","'70838153003425186","WXR70","","PRIMAX 95","Billed","41.87","92.10","PSS SERI KEMBANGAN 1","35500","Standalone","","","31 Mar 2018"
"24/03/2018 21:06","Reload","'70838153003425186","WXR70","","","Billed","","-100.00","PSS SERI KEMBANGAN 1","","Standalone","","","31 Mar 2018"
"19/03/2018 15:34","Purchase","'70838153003425186","WXR70","","PRIMAX 95","Billed","48.39","105.48","PSS RAWAT & REHAT(S) KL- SEREMBAN","35000","Standalone","","","31 Mar 2018"
"15/03/2018 11:18","Purchase","'70838153003425186","WXR70","","PRIMAX 95","Billed","45.42","99.01","PSS LEBUHRAYA SILK","33400","Standalone","","","31 Mar 2018"
"15/03/2018 11:11","Reload","'70838153003425186","WXR70","","","Billed","","-200.00","PSS LEBUHRAYA SILK","","Standalone","","","31 Mar 2018"
"11/03/2018 21:44","Purchase","'70838153003425186","WXR70","","PRIMAX 95","Billed","41.58","91.88","PSS JLN SEREMBAN-JELEBU","33900","Standalone","","","31 Mar 2018"
"07/03/2018 08:38","Purchase","'70838153003425186","WXR70","","PRIMAX 95","Billed","30.53","67.16","PSS SENAWANG - PAROI","33500","Standalone","","","31 Mar 2018"
"06/03/2018 10:34","Purchase","'70838153003425186","WXR70","","PRIMAX 95","Billed","24.48","53.86","PSS JAYA GADING","33200","Standalone","","","31 Mar 2018"
"05/03/2018 11:58","Purchase","'70838153003425186","WXR70","","PRIMAX 95","Billed","39.56","87.04","PSS PETRONAS KARAK REST","32900","Standalone","","","31 Mar 2018"
"05/03/2018 11:57","Reload","'70838153003425186","WXR70","","","Billed","","-100.00","PSS PETRONAS KARAK REST","","Standalone","","","31 Mar 2018"
"04/03/2018 10:57","Purchase","'70838153003425186","WXR70","","PRIMAX 95","Billed","31.82","70.00","PSS KM 0.7 BESRAYA ARAH UTARA","32888","Standalone","","","31 Mar 2018"
"03/03/2018 12:48","Reload","'70838153003425186","WXR70","","","Billed","","-200.00","PSS SERI KEMBANGAN 1","","Standalone","","","31 Mar 2018"