"Date Time","Transaction Type","Card Number","Vehicle Number","Driver Card Number","Product Type","Billing Type","Transaction Volume (Litres)","Transaction Amount (RM)","Station Name","Odometer","Card Type","Cost Centre","Cost Centre Name","Statement Month"
"26/03/2018 08:01","Purchase","'70838153003579305","WXR1009","","PRIMAX 95","Billed","34.09","75.00","PSS KG. GAUNG","206159","Standalone","","","31 Mar 2018"
"26/03/2018 07:59","Reload","'70838153003579305","WXR1009","","","Billed","","-80.00","PSS KG. GAUNG","","Standalone","","","31 Mar 2018"
"21/03/2018 11:24","Purchase","'70838153003579305","WXR1009","","PRIMAX 95","Billed","32.11","70.00","PSS TANAH MERAH","204750","Standalone","","","31 Mar 2018"
"15/03/2018 20:44","Purchase","'70838153003579305","WXR1009","","PRIMAX 95","Billed","8.89","19.38","PSS MUKIM LEMAL","204535","Standalone","","","31 Mar 2018"
"13/03/2018 09:23","Purchase","'70838153003579305","WXR1009","","PRIMAX 95","Billed","32.58","72.00","PSS MAKA","204303","Standalone","","","31 Mar 2018"
"12/03/2018 08:06","Reload","'70838153003579305","WXR1009","","","Billed","","-80.00","PSS BANDAR BARU TUNJONG","","Standalone","","","31 Mar 2018"
"08/03/2018 08:12","Purchase","'70838153003579305","WXR1009","","PRIMAX 95","Billed","31.67","70.00","PSS BANDAR BARU TUNJONG","203588","Standalone","","","31 Mar 2018"
"08/03/2018 08:10","Reload","'70838153003579305","WXR1009","","","Billed","","-70.00","PSS BANDAR BARU TUNJONG","","Standalone","","","31 Mar 2018"
"05/03/2018 10:28","Purchase","'70838153003579305","WXR1009","","PRIMAX 95","Billed","22.73","50.00","PSS MUKIM LEMAL","203437","Standalone","","","31 Mar 2018"
"05/03/2018 10:27","Reload","'70838153003579305","WXR1009","","","Billed","","-50.00","PSS MUKIM LEMAL","","Standalone","","","31 Mar 2018"
"01/03/2018 12:21","Purchase","'70838153003579305","WXR1009","","PRIMAX 95","Billed","27.27","60.00","PSS KG. GAUNG","203047","Standalone","","","31 Mar 2018"
"01/03/2018 12:20","Reload","'70838153003579305","WXR1009","","","Billed","","-70.00","PSS KG. GAUNG","","Standalone","","","31 Mar 2018"