"Date Time","Transaction Type","Card Number","Vehicle Number","Driver Card Number","Product Type","Billing Type","Transaction Volume (Litres)","Transaction Amount (RM)","Station Name","Odometer","Card Type","Cost Centre","Cost Centre Name","Statement Month"
"25/03/2018 18:36","Purchase","'70838153003424213","WXR34","","PRIMAX 95","Billed","39.73","87.40","PSS ELITE LAYBY","123","Standalone","","","31 Mar 2018"
"25/03/2018 18:35","Reload","'70838153003424213","WXR34","","","Billed","","-100.00","PSS ELITE LAYBY","","Standalone","","","31 Mar 2018"
"17/03/2018 18:55","Purchase","'70838153003424213","WXR34","","PRIMAX 95","Billed","49.22","107.30","PSS ELITE LAYBY","123","Standalone","","","31 Mar 2018"
"17/03/2018 18:54","Reload","'70838153003424213","WXR34","","","Billed","","-150.00","PSS ELITE LAYBY","","Standalone","","","31 Mar 2018"
"09/03/2018 21:07","Purchase","'70838153003424213","WXR34","","PRIMAX 95","Billed","49.77","110.00","PSS ELITE LAYBY","123","Standalone","","","31 Mar 2018"