"Date Time","Transaction Type","Card Number","Vehicle Number","Driver Card Number","Product Type","Billing Type","Transaction Volume (Litres)","Transaction Amount (RM)","Station Name","Odometer","Card Type","Cost Centre","Cost Centre Name","Statement Month"
"30/03/2018 14:34","Purchase","'70838153003499231","WXR451","","PRIMAX 95","Billed","22.73","50.00","PSS ANY JALAN KIM CHUAN","","Standalone","","","31 Mar 2018"
"26/03/2018 15:18","Purchase","'70838153003499231","WXR451","","PRIMAX 95","Billed","22.73","50.00","PSS SUNGAI JATI ARAH KLANG","4960","Standalone","","","31 Mar 2018"
"26/03/2018 15:09","Reload","'70838153003499231","WXR451","","","Billed","","-300.00","PSS SUNGAI JATI ARAH KLANG","","Standalone","","","31 Mar 2018"
"26/03/2018 12:52","Purchase","'70838153003499231","WXR451","","PRIMAX 95","Billed","22.34","49.15","PSS ANY JALAN KIM CHUAN","","Standalone","","","31 Mar 2018"
"20/03/2018 18:28","Purchase","'70838153003499231","WXR451","","PRIMAX 95","Billed","32.48","70.80","PSS PEKAN PANDAMARAN","","Standalone","","","31 Mar 2018"
"15/03/2018 15:13","Purchase","'70838153003499231","WXR451","","PRIMAX 95","Billed","27.52","60.00","PSS SUNGAI JATI ARAH KLANG","","Standalone","","","31 Mar 2018"
"15/03/2018 07:57","Purchase","'70838153003499231","WXR451","","PRIMAX 95","Billed","55.07","120.05","PSS SUNGAI JATI ARAH KLANG","","Standalone","","","31 Mar 2018"
"15/03/2018 07:56","Reload","'70838153003499231","WXR451","","","Billed","","-300.00","PSS SUNGAI JATI ARAH KLANG","","Standalone","","","31 Mar 2018"
"14/03/2018 12:30","Purchase","'70838153003499231","WXR451","","PRIMAX 95","Billed","9.05","20.00","PSS ANY JALAN KIM CHUAN","","Standalone","","","31 Mar 2018"
"14/03/2018 12:29","Reload","'70838153003499231","WXR451","","","Billed","","-20.00","PSS ANY JALAN KIM CHUAN","","Standalone","","","31 Mar 2018"
"14/03/2018 12:26","Purchase","'70838153003499231","WXR451","","PRIMAX 95","Billed","3.17","7.00","PSS ANY JALAN KIM CHUAN","","Standalone","","","31 Mar 2018"
"08/03/2018 09:37","Purchase","'70838153003499231","WXR451","","PRIMAX 95","Billed","55.66","123.00","PSS PEKAN PANDAMARAN","","Standalone","","","31 Mar 2018"
"08/03/2018 09:36","Reload","'70838153003499231","WXR451","","","Billed","","-130.00","PSS PEKAN PANDAMARAN","","Standalone","","","31 Mar 2018"
"07/03/2018 18:38","Purchase","'70838153003499231","WXR451","","PRIMAX 95","Billed","27.27","59.99","PSS ANY JALAN KIM CHUAN","","Standalone","","","31 Mar 2018"
"04/03/2018 14:19","Purchase","'70838153003499231","WXR451","","PRIMAX 95","Billed","22.73","50.01","PSS BUKIT JELUTONG RESIDENTIAL","","Standalone","","","31 Mar 2018"
"04/03/2018 14:18","Reload","'70838153003499231","WXR451","","","Billed","","-100.00","PSS BUKIT JELUTONG RESIDENTIAL","","Standalone","","","31 Mar 2018"
"01/03/2018 20:24","Purchase","'70838153003499231","WXR451","","PRIMAX 95","Billed","24.89","54.76","PSS PEKAN PANDAMARAN","","Standalone","","","31 Mar 2018"