"Date Time","Transaction Type","Card Number","Vehicle Number","Driver Card Number","Product Type","Billing Type","Transaction Volume (Litres)","Transaction Amount (RM)","Station Name","Odometer","Card Type","Cost Centre","Cost Centre Name","Statement Month"
"29/03/2018 21:12","Purchase","'70838153003500947","WXR969","","PRIMAX 95","Billed","22.73","50.00","PSS LUBUK CHINA","","Standalone","","","31 Mar 2018"
"29/03/2018 21:10","Reload","'70838153003500947","WXR969","","","Billed","","-50.00","PSS LUBUK CHINA","","Standalone","","","31 Mar 2018"
"28/03/2018 16:31","Purchase","'70838153003500947","WXR969","","PRIMAX 95","Billed","31.82","70.00","PSS LUBUK CHINA","","Standalone","","","31 Mar 2018"
"24/03/2018 00:22","Purchase","'70838153003500947","WXR969","","PRIMAX 95","Billed","29.55","65.00","PSS GAMBANG RSA EAST","","Standalone","","","31 Mar 2018"
"24/03/2018 00:21","Reload","'70838153003500947","WXR969","","","Billed","","-200.00","PSS GAMBANG RSA EAST","","Standalone","","","31 Mar 2018"
"24/03/2018 00:18","Purchase","'70838153003500947","WXR969","","PRIMAX 95","Billed","2.41","5.30","PSS GAMBANG RSA EAST","","Standalone","","","31 Mar 2018"
"22/03/2018 14:17","Purchase","'70838153003500947","WXR969","","PRIMAX 95","Billed","22.73","50.00","PSS RAWAT & REHAT (U) SBAN-KL","","Standalone","","","31 Mar 2018"
"20/03/2018 10:57","Purchase","'70838153003500947","WXR969","","PRIMAX 95","Billed","22.94","50.00","PSS SIMPANG CHINI PEKAN","","Standalone","","","31 Mar 2018"
"18/03/2018 22:17","Purchase","'70838153003500947","WXR969","","PRIMAX 95","Billed","32.11","70.00","PSS LUBUK CHINA","","Standalone","","","31 Mar 2018"
"17/03/2018 09:56","Purchase","'70838153003500947","WXR969","","PRIMAX 95","Billed","3.21","7.00","PSS LUBUK CHINA","","Standalone","","","31 Mar 2018"
"16/03/2018 23:09","Purchase","'70838153003500947","WXR969","","PRIMAX 95","Billed","32.11","70.00","PSS LUBUK CHINA","","Standalone","","","31 Mar 2018"
"16/03/2018 21:02","Reload","'70838153003500947","WXR969","","","Billed","","-250.00","PSS LUBUK CHINA","","Standalone","","","31 Mar 2018"
"14/03/2018 22:48","Purchase","'70838153003500947","WXR969","","PRIMAX 95","Billed","22.62","50.00","PSS RAWAT & REHAT(S) KL- SEREMBAN","","Standalone","","","31 Mar 2018"
"11/03/2018 17:33","Purchase","'70838153003500947","WXR969","","PRIMAX 95","Billed","22.62","50.00","PSS LUBUK CHINA","","Standalone","","","31 Mar 2018"
"11/03/2018 17:30","Reload","'70838153003500947","WXR969","","","Billed","","-100.00","PSS LUBUK CHINA","","Standalone","","","31 Mar 2018"
"07/03/2018 21:14","Purchase","'70838153003500947","WXR969","","PRIMAX 95","Billed","22.73","50.00","PSS LUBUK CHINA","","Standalone","","","31 Mar 2018"
"03/03/2018 18:22","Purchase","'70838153003500947","WXR969","","PRIMAX 95","Billed","22.73","50.00","PSS LUBUK CHINA","","Standalone","","","31 Mar 2018"
"03/03/2018 18:20","Reload","'70838153003500947","WXR969","","","Billed","","-100.00","PSS LUBUK CHINA","","Standalone","","","31 Mar 2018"