"Date Time","Transaction Type","Card Number","Vehicle Number","Driver Card Number","Product Type","Billing Type","Transaction Volume (Litres)","Transaction Amount (RM)","Station Name","Odometer","Card Type","Cost Centre","Cost Centre Name","Statement Month"
"27/03/2018 10:48","Purchase","'70838153003501556","WXR989","","PRIMAX 95","Billed","22.73","50.00","PSS LUBUK CHINA","","Standalone","","","31 Mar 2018"
"27/03/2018 10:47","Reload","'70838153003501556","WXR989","","","Billed","","-100.00","PSS LUBUK CHINA","","Standalone","","","31 Mar 2018"
"25/03/2018 13:16","Purchase","'70838153003501556","WXR989","","PRIMAX 95","Billed","13.64","30.00","PSS LUBUK CHINA","","Standalone","","","31 Mar 2018"
"21/03/2018 16:22","Purchase","'70838153003501556","WXR989","","PRIMAX 95","Billed","9.17","20.00","PSS LUBUK CHINA","","Standalone","","","31 Mar 2018"
"18/03/2018 20:16","Purchase","'70838153003501556","WXR989","","PRIMAX 95","Billed","22.94","50.00","PSS LUBUK CHINA","","Standalone","","","31 Mar 2018"
"18/03/2018 20:14","Reload","'70838153003501556","WXR989","","","Billed","","-100.00","PSS LUBUK CHINA","","Standalone","","","31 Mar 2018"
"18/03/2018 11:07","Reload","'70838153003501556","WXR989","","","Billed","","-50.00","PSS LUBUK CHINA","","Standalone","","","31 Mar 2018"
"18/03/2018 11:03","Purchase","'70838153003501556","WXR989","","PRIMAX 95","Billed","22.94","50.00","PSS LUBUK CHINA","","Standalone","","","31 Mar 2018"
"05/03/2018 11:10","Purchase","'70838153003501556","WXR989","","PRIMAX 95","Billed","22.73","50.00","PSS MASJID TANAH","","Standalone","","","31 Mar 2018"