"Date Time","Transaction Type","Card Number","Vehicle Number","Driver Card Number","Product Type","Billing Type","Transaction Volume (Litres)","Transaction Amount (RM)","Station Name","Odometer","Card Type","Cost Centre","Cost Centre Name","Statement Month"
"30/03/2018 16:22","Purchase","'70838153003498498","WXR870","","PRIMAX 97","Billed","44.56","110.06","PSS RAWAT & REHAT(S) KL- SEREMBAN","","Standalone","","","31 Mar 2018"
"24/03/2018 12:57","Purchase","'70838153003498498","WXR870","","PRIMAX 97","Billed","46.86","115.74","PSS TAMAN DAYA","","Standalone","","","31 Mar 2018"
"24/03/2018 12:47","Reload","'70838153003498498","WXR870","","","Billed","","-200.00","PSS TAMAN DAYA","","Standalone","","","31 Mar 2018"
"20/03/2018 19:02","Purchase","'70838153003498498","WXR870","","PRIMAX 97","Billed","4.89","11.99","PSS TAMAN DAYA","","Standalone","","","31 Mar 2018"
"20/03/2018 19:00","Reload","'70838153003498498","WXR870","","","Billed","","-50.00","PSS TAMAN DAYA","","Standalone","","","31 Mar 2018"