"Date Time","Transaction Type","Card Number","Vehicle Number","Driver Card Number","Product Type","Billing Type","Transaction Volume (Litres)","Transaction Amount (RM)","Station Name","Odometer","Card Type","Cost Centre","Cost Centre Name","Statement Month"
"29/03/2018 19:09","Purchase","'70838153003500848","WXR525","","PRIMAX 95","Billed","15.00","33.00","PSS KELEBANG LANGKAWI","","Standalone","","","31 Mar 2018"
"29/03/2018 19:08","Reload","'70838153003500848","WXR525","","","Billed","","-50.00","PSS KELEBANG LANGKAWI","","Standalone","","","31 Mar 2018"
"27/03/2018 22:31","Purchase","'70838153003500848","WXR525","","PRIMAX 95","Billed","25.00","55.00","PSS KELEBANG LANGKAWI","","Standalone","","","31 Mar 2018"
"26/03/2018 18:19","Purchase","'70838153003500848","WXR525","","PRIMAX 95","Billed","36.37","80.00","PSS TOK SENIK","","Standalone","","","31 Mar 2018"
"26/03/2018 18:17","Reload","'70838153003500848","WXR525","","","Billed","","-100.00","PSS TOK SENIK","","Standalone","","","31 Mar 2018"
"24/03/2018 17:52","Purchase","'70838153003500848","WXR525","","PRIMAX 95","Billed","25.00","55.00","PSS TOK SENIK","","Standalone","","","31 Mar 2018"
"24/03/2018 17:51","Reload","'70838153003500848","WXR525","","","Billed","","-100.00","PSS TOK SENIK","","Standalone","","","31 Mar 2018"
"22/03/2018 18:31","Purchase","'70838153003500848","WXR525","","PRIMAX 95","Billed","35.98","79.16","PSS PANTAI KOK","","Standalone","","","31 Mar 2018"
"21/03/2018 13:38","Purchase","'70838153003500848","WXR525","","PRIMAX 95","Billed","20.00","43.60","PSS TOK SENIK","","Standalone","","","31 Mar 2018"
"21/03/2018 13:36","Reload","'70838153003500848","WXR525","","","Billed","","-100.00","PSS TOK SENIK","","Standalone","","","31 Mar 2018"
"19/03/2018 15:44","Purchase","'70838153003500848","WXR525","","PRIMAX 95","Billed","20.00","43.60","PSS KUAH LANGKAWI","","Standalone","","","31 Mar 2018"
"19/03/2018 15:43","Reload","'70838153003500848","WXR525","","","Billed","","-50.00","PSS KUAH LANGKAWI","","Standalone","","","31 Mar 2018"
"01/03/2018 00:57","Purchase","'70838153003500848","WXR525","","PRIMAX 95","Billed","6.82","15.00","PSS KELEBANG LANGKAWI","","Standalone","","","31 Mar 2018"