"Date Time","Transaction Type","Card Number","Vehicle Number","Driver Card Number","Product Type","Billing Type","Transaction Volume (Litres)","Transaction Amount (RM)","Station Name","Odometer","Card Type","Cost Centre","Cost Centre Name","Statement Month"
"31/03/2018 16:23","Purchase","'70838153003498142","WXR416","","PRIMAX 95","Billed","2.27","5.00","PSS JALAN GOPENG I","20","Standalone","","","31 Mar 2018"
"26/03/2018 16:03","Purchase","'70838153003498142","WXR416","","PRIMAX 95","Billed","6.82","15.00","PSS JLN RAJA DIHILIR","15","Standalone","","","31 Mar 2018"
"26/03/2018 16:01","Reload","'70838153003498142","WXR416","","","Billed","","-20.00","PSS JLN RAJA DIHILIR","","Standalone","","","31 Mar 2018"
"26/03/2018 15:59","Purchase","'70838153003498142","WXR416","","PRIMAX 95","Billed","1.36","3.00","PSS JLN RAJA DIHILIR","20","Standalone","","","31 Mar 2018"
"25/03/2018 17:10","Purchase","'70838153003498142","WXR416","","PRIMAX 95","Billed","9.09","20.00","PSS JALAN GOPENG I","20","Standalone","","","31 Mar 2018"
"22/03/2018 22:04","Purchase","'70838153003498142","WXR416","","PRIMAX 95","Billed","6.82","15.00","PSS JALAN GOPENG I","15","Standalone","","","31 Mar 2018"
"21/03/2018 23:57","Purchase","'70838153003498142","WXR416","","PRIMAX 95","Billed","5.51","12.00","PSS TAMAN PENGKALAN JAYA","12","Standalone","","","31 Mar 2018"
"21/03/2018 23:56","Reload","'70838153003498142","WXR416","","","Billed","","-50.00","PSS TAMAN PENGKALAN JAYA","","Standalone","","","31 Mar 2018"
"21/03/2018 23:54","Purchase","'70838153003498142","WXR416","","PRIMAX 95","Billed","3.67","8.00","PSS TAMAN PENGKALAN JAYA","20","Standalone","","","31 Mar 2018"
"17/03/2018 12:05","Purchase","'70838153003498142","WXR416","","PRIMAX 95","Billed","9.18","20.00","PSS JALAN GOPENG I","20","Standalone","","","31 Mar 2018"
"13/03/2018 00:58","Purchase","'70838153003498142","WXR416","","PRIMAX 95","Billed","5.43","12.00","PSS JALAN GOPENG I","20","Standalone","","","31 Mar 2018"
"10/03/2018 21:52","Purchase","'70838153003498142","WXR416","","PRIMAX 95","Billed","22.63","50.00","PSS JALAN GOPENG I","50","Standalone","","","31 Mar 2018"
"08/03/2018 21:27","Purchase","'70838153003498142","WXR416","","PRIMAX 95","Billed","9.05","20.00","PSS JALAN GOPENG I","20","Standalone","","","31 Mar 2018"
"08/03/2018 09:06","Purchase","'70838153003498142","WXR416","","PRIMAX 95","Billed","9.05","20.00","PSS JALAN GOPENG I","20","Standalone","","","31 Mar 2018"
"08/03/2018 09:05","Reload","'70838153003498142","WXR416","","","Billed","","-100.00","PSS JALAN GOPENG I","","Standalone","","","31 Mar 2018"
"06/03/2018 20:42","Purchase","'70838153003498142","WXR416","","PRIMAX 95","Billed","9.09","20.00","PSS SIMPANG PULAI ARAH UTARA","20","Standalone","","","31 Mar 2018"
"06/03/2018 20:39","Reload","'70838153003498142","WXR416","","","Billed","","-50.00","PSS SIMPANG PULAI ARAH UTARA","","Standalone","","","31 Mar 2018"
"06/03/2018 09:49","Purchase","'70838153003498142","WXR416","","PRIMAX 95","Billed","29.01","63.83","PSS SIMPANG PULAI ARAH SELATAN","50","Standalone","","","31 Mar 2018"
"05/03/2018 21:48","Purchase","'70838153003498142","WXR416","","PRIMAX 95","Billed","9.09","20.00","PSS JALAN GOPENG I","20","Standalone","","","31 Mar 2018"
"05/03/2018 16:51","Purchase","'70838153003498142","WXR416","","PRIMAX 95","Billed","9.09","20.00","PSS JALAN GOPENG I","50","Standalone","","","31 Mar 2018"
"05/03/2018 16:49","Reload","'70838153003498142","WXR416","","","Billed","","-100.00","PSS JALAN GOPENG I","","Standalone","","","31 Mar 2018"