"Date Time","Transaction Type","Card Number","Vehicle Number","Driver Card Number","Product Type","Billing Type","Transaction Volume (Litres)","Transaction Amount (RM)","Station Name","Odometer","Card Type","Cost Centre","Cost Centre Name","Statement Month"
"30/03/2018 13:48","Purchase","'70838153003495676","WXR323","","PRIMAX 95","Billed","19.69","43.32","PSS TANDOP","","Standalone","","","31 Mar 2018"
"28/03/2018 07:51","Purchase","'70838153003495676","WXR323","","PRIMAX 95","Billed","16.30","35.86","PSS TANDOP","","Standalone","","","31 Mar 2018"
"26/03/2018 14:22","Purchase","'70838153003495676","WXR323","","PRIMAX 95","Billed","15.40","33.88","PSS TANDOP","","Standalone","","","31 Mar 2018"
"26/03/2018 14:20","Reload","'70838153003495676","WXR323","","","Billed","","-100.00","PSS TANDOP","","Standalone","","","31 Mar 2018"
"23/03/2018 12:32","Purchase","'70838153003495676","WXR323","","PRIMAX 95","Billed","23.79","52.33","PSS LENCONGAN BARAT (PG KUNDOR)","","Standalone","","","31 Mar 2018"
"18/03/2018 12:46","Purchase","'70838153003495676","WXR323","","PRIMAX 95","Billed","20.33","44.32","PSS BATAS PAIP","","Standalone","","","31 Mar 2018"
"15/03/2018 12:46","Purchase","'70838153003495676","WXR323","","PRIMAX 95","Billed","20.66","45.03","PSS LENCONGAN BARAT (PG KUNDOR)","","Standalone","","","31 Mar 2018"
"15/03/2018 12:45","Reload","'70838153003495676","WXR323","","","Billed","","-100.00","PSS LENCONGAN BARAT (PG KUNDOR)","","Standalone","","","31 Mar 2018"
"13/03/2018 11:59","Purchase","'70838153003495676","WXR323","","PRIMAX 95","Billed","17.22","38.06","PSS TANDOP","","Standalone","","","31 Mar 2018"
"11/03/2018 15:52","Purchase","'70838153003495676","WXR323","","PRIMAX 97","Billed","11.83","29.21","PSS JALAN PEGAWAI","","Standalone","","","31 Mar 2018"
"08/03/2018 13:56","Purchase","'70838153003495676","WXR323","","PRIMAX 95","Billed","21.72","47.99","PSS BATAS PAIP","","Standalone","","","31 Mar 2018"
"06/03/2018 07:52","Purchase","'70838153003495676","WXR323","","PRIMAX 95","Billed","23.51","51.72","PSS TANDOP","","Standalone","","","31 Mar 2018"
"04/03/2018 08:11","Reload","'70838153003495676","WXR323","","","Billed","","-150.00","PSS TANDOP","","Standalone","","","31 Mar 2018"
"04/03/2018 08:01","Purchase","'70838153003495676","WXR323","","PRIMAX 97","Billed","23.99","59.26","PSS TANDOP","","Standalone","","","31 Mar 2018"