"Date Time","Transaction Type","Card Number","Vehicle Number","Driver Card Number","Product Type","Billing Type","Transaction Volume (Litres)","Transaction Amount (RM)","Station Name","Odometer","Card Type","Cost Centre","Cost Centre Name","Statement Month"
"12/03/2018 11:49","Purchase","'70838153003500038","WXR662","","Diesel","Billed","23.04","50.00","PSS KM 16 JALAN GAMBANG","1122","Standalone","","","31 Mar 2018"
"12/03/2018 11:48","Reload","'70838153003500038","WXR662","","","Billed","","-50.00","PSS KM 16 JALAN GAMBANG","","Standalone","","","31 Mar 2018"
"11/03/2018 22:24","Purchase","'70838153003500038","WXR662","","PRIMAX 95","Billed","2.72","6.00","PSS KM 16 JALAN GAMBANG","1122","Standalone","","","31 Mar 2018"
"10/03/2018 12:56","Purchase","'70838153003500038","WXR662","","PRIMAX 95","Billed","1.81","4.00","PSS KM 16 JALAN GAMBANG","1122","Standalone","","","31 Mar 2018"
"09/03/2018 22:05","Purchase","'70838153003500038","WXR662","","PRIMAX 95","Billed","4.53","10.00","PSS KM 16 JALAN GAMBANG","1122","Standalone","","","31 Mar 2018"
"06/03/2018 19:11","Reload","'70838153003500038","WXR662","","","Billed","","-20.00","PSS KM 16 JALAN GAMBANG","","Standalone","","","31 Mar 2018"
"05/03/2018 21:37","Purchase","'70838153003500038","WXR662","","PRIMAX 95","Billed","4.55","10.00","PSS TELOK SISEK","1122","Standalone","","","31 Mar 2018"
"04/03/2018 10:02","Purchase","'70838153003500038","WXR662","","PRIMAX 95","Billed","5.57","12.25","PSS KM 16 JALAN GAMBANG","1122","Standalone","","","31 Mar 2018"
"04/03/2018 10:00","Reload","'70838153003500038","WXR662","","","Billed","","-20.00","PSS KM 16 JALAN GAMBANG","","Standalone","","","31 Mar 2018"
"02/03/2018 19:36","Purchase","'70838153003500038","WXR662","","PRIMAX 95","Billed","2.73","6.00","PSS KM 16 JALAN GAMBANG","1122","Standalone","","","31 Mar 2018"