"Date Time","Transaction Type","Card Number","Vehicle Number","Driver Card Number","Product Type","Billing Type","Transaction Volume (Litres)","Transaction Amount (RM)","Station Name","Odometer","Card Type","Cost Centre","Cost Centre Name","Statement Month"
"30/03/2018 13:32","Purchase","'70838153003498217","WXR421","","PRIMAX 95","Billed","18.18","40.00","PSS TANJONG TOKONG","","Standalone","","","31 Mar 2018"
"30/03/2018 13:31","Reload","'70838153003498217","WXR421","","","Billed","","-50.00","PSS TANJONG TOKONG","","Standalone","","","31 Mar 2018"
"26/03/2018 21:38","Purchase","'70838153003498217","WXR421","","PRIMAX 95","Billed","9.09","20.00","PSS AULONG","","Standalone","","","31 Mar 2018"
"25/03/2018 13:22","Purchase","'70838153003498217","WXR421","","PRIMAX 95","Billed","13.64","30.00","PSS AULONG","","Standalone","","","31 Mar 2018"
"25/03/2018 13:20","Reload","'70838153003498217","WXR421","","","Billed","","-50.00","PSS AULONG","","Standalone","","","31 Mar 2018"
"22/03/2018 18:49","Purchase","'70838153003498217","WXR421","","PRIMAX 95","Billed","22.73","50.00","PSS AULONG","","Standalone","","","31 Mar 2018"
"22/03/2018 18:48","Reload","'70838153003498217","WXR421","","","Billed","","-50.00","PSS AULONG","","Standalone","","","31 Mar 2018"
"11/03/2018 12:35","Purchase","'70838153003498217","WXR421","","PRIMAX 97","Billed","20.24","50.00","PSS AULONG","","Standalone","","","31 Mar 2018"
"11/03/2018 12:33","Reload","'70838153003498217","WXR421","","","Billed","","-50.00","PSS AULONG","","Standalone","","","31 Mar 2018"
"05/03/2018 21:11","Purchase","'70838153003498217","WXR421","","PRIMAX 95","Billed","22.73","50.00","PSS AULONG","","Standalone","","","31 Mar 2018"
"05/03/2018 19:18","Purchase","'70838153003498217","WXR421","","PRIMAX 95","Billed","2.28","5.00","PSS JALAN SIMPANG TAIPING","","Standalone","","","31 Mar 2018"
"02/03/2018 12:49","Purchase","'70838153003498217","WXR421","","PRIMAX 95","Billed","22.73","50.00","PSS AULONG","","Standalone","","","31 Mar 2018"
"01/03/2018 15:41","Reload","'70838153003498217","WXR421","","","Billed","","-100.00","PSS AULONG","","Standalone","","","31 Mar 2018"