"Date Time","Transaction Type","Card Number","Vehicle Number","Driver Card Number","Product Type","Billing Type","Transaction Volume (Litres)","Transaction Amount (RM)","Station Name","Odometer","Card Type","Cost Centre","Cost Centre Name","Statement Month"
"29/03/2018 15:55","Purchase","'70838153003498266","WXR426","","PRIMAX 95","Billed","13.64","30.00","PSS UNIKEB BANGI","","Standalone","","","31 Mar 2018"
"29/03/2018 15:54","Reload","'70838153003498266","WXR426","","","Billed","","-20.00","PSS UNIKEB BANGI","","Standalone","","","31 Mar 2018"
"28/03/2018 07:46","Purchase","'70838153003498266","WXR426","","PRIMAX 97","Billed","8.10","20.00","PSS SECT 15 BB BANGI","","Standalone","","","31 Mar 2018"
"23/03/2018 21:40","Purchase","'70838153003498266","WXR426","","PRIMAX 95","Billed","9.09","20.00","PSS SECT 15 BB BANGI","","Standalone","","","31 Mar 2018"
"23/03/2018 21:37","Reload","'70838153003498266","WXR426","","","Billed","","-50.00","PSS SECT 15 BB BANGI","","Standalone","","","31 Mar 2018"
"22/03/2018 10:19","Purchase","'70838153003498266","WXR426","","PRIMAX 95","Billed","3.01","6.62","PSS SEK 3 BANDAR BARU BANGI","","Standalone","","","31 Mar 2018"
"16/03/2018 09:11","Purchase","'70838153003498266","WXR426","","PRIMAX 95","Billed","13.76","30.00","PSS SEK 3 BANDAR BARU BANGI","","Standalone","","","31 Mar 2018"
"14/03/2018 13:50","Purchase","'70838153003498266","WXR426","","PRIMAX 95","Billed","13.58","30.00","PSS JALAN REKO2","","Standalone","","","31 Mar 2018"
"14/03/2018 13:49","Reload","'70838153003498266","WXR426","","","Billed","","-50.00","PSS JALAN REKO2","","Standalone","","","31 Mar 2018"
"03/03/2018 09:28","Purchase","'70838153003498266","WXR426","","PRIMAX 95","Billed","9.09","20.00","PSS SEKSYEN 16 BANDAR BARU BANGI","","Standalone","","","31 Mar 2018"