"Date Time","Transaction Type","Card Number","Vehicle Number","Driver Card Number","Product Type","Billing Type","Transaction Volume (Litres)","Transaction Amount (RM)","Station Name","Odometer","Card Type","Cost Centre","Cost Centre Name","Statement Month"
"20/03/2018 20:30","Purchase","'70838153003498027","WXR611","","Diesel","Billed","41.67","90.00","PSS KUALA SELANGOR","","Standalone","","","31 Mar 2018"
"20/03/2018 20:24","Reload","'70838153003498027","WXR611","","","Billed","","-100.00","PSS KUALA SELANGOR","","Standalone","","","31 Mar 2018"
"15/03/2018 13:55","Purchase","'70838153003498027","WXR611","","Diesel","Billed","27.78","60.00","PSS PANTAI REMIS","","Standalone","","","31 Mar 2018"
"15/03/2018 13:53","Reload","'70838153003498027","WXR611","","","Billed","","-100.00","PSS PANTAI REMIS","","Standalone","","","31 Mar 2018"
"13/03/2018 13:15","Purchase","'70838153003498027","WXR611","","Diesel","Billed","35.00","75.95","PSS TANJUNG KARANG 2","","Standalone","","","31 Mar 2018"
"13/03/2018 13:13","Reload","'70838153003498027","WXR611","","","Billed","","-100.00","PSS TANJUNG KARANG 2","","Standalone","","","31 Mar 2018"
"05/03/2018 10:33","Purchase","'70838153003498027","WXR611","","Diesel","Billed","22.94","50.00","PSS AYER TAWAR","","Standalone","","","31 Mar 2018"
"02/03/2018 09:16","Purchase","'70838153003498027","WXR611","","Diesel","Billed","27.52","60.00","PSS BDR SRI MANJUNG 2","13637","Standalone","","","31 Mar 2018"
"02/03/2018 09:13","Reload","'70838153003498027","WXR611","","","Billed","","-100.00","PSS BDR SRI MANJUNG 2","","Standalone","","","31 Mar 2018"