"Date Time","Transaction Type","Card Number","Vehicle Number","Driver Card Number","Product Type","Billing Type","Transaction Volume (Litres)","Transaction Amount (RM)","Station Name","Odometer","Card Type","Cost Centre","Cost Centre Name","Statement Month"
"31/03/2018 18:44","Purchase","'70838153003496104","WXR350","","PRIMAX 95","Un-billed","35.00","77.00","PSS KLIA 1","","Standalone","","","Unbilled Transaction"
"31/03/2018 18:40","Reload","'70838153003496104","WXR350","","","Un-billed","","-100.00","PSS KLIA 1","","Standalone","","","Unbilled Transaction"
"30/03/2018 18:27","Purchase","'70838153003496104","WXR350","","PRIMAX 95","Billed","47.28","104.01","PSS KM 16 JALAN GAMBANG","","Standalone","","","31 Mar 2018"
"30/03/2018 18:25","Reload","'70838153003496104","WXR350","","","Billed","","-50.00","PSS KM 16 JALAN GAMBANG","","Standalone","","","31 Mar 2018"
"28/03/2018 14:35","Purchase","'70838153003496104","WXR350","","PRIMAX 95","Billed","47.88","105.33","PSS KM 4 JALAN GAMBANG","","Standalone","","","31 Mar 2018"
"28/03/2018 14:33","Reload","'70838153003496104","WXR350","","","Billed","","-200.00","PSS KM 4 JALAN GAMBANG","","Standalone","","","31 Mar 2018"
"28/03/2018 09:19","Purchase","'70838153003496104","WXR350","","PRIMAX 95","Billed","13.14","28.90","PSS KM 4 JALAN GAMBANG","","Standalone","","","31 Mar 2018"
"21/03/2018 18:31","Purchase","'70838153003496104","WXR350","","PRIMAX 95","Billed","52.80","115.10","PSS KM 4 JALAN GAMBANG","","Standalone","","","31 Mar 2018"
"21/03/2018 18:30","Reload","'70838153003496104","WXR350","","","Billed","","-100.00","PSS KM 4 JALAN GAMBANG","","Standalone","","","31 Mar 2018"
"18/03/2018 16:09","Purchase","'70838153003496104","WXR350","","PRIMAX 95","Billed","48.63","106.00","PSS TAMAN TUALANG INDAH","","Standalone","","","31 Mar 2018"
"18/03/2018 16:07","Reload","'70838153003496104","WXR350","","","Billed","","-150.00","PSS TAMAN TUALANG INDAH","","Standalone","","","31 Mar 2018"
"17/03/2018 12:11","Purchase","'70838153003496104","WXR350","","PRIMAX 95","Billed","29.63","64.60","PSS SUBANG AIRPORT","","Standalone","","","31 Mar 2018"
"16/03/2018 21:55","Purchase","'70838153003496104","WXR350","","PRIMAX 95","Billed","27.53","60.00","PSS GEMENCHEH","","Standalone","","","31 Mar 2018"
"15/03/2018 18:28","Purchase","'70838153003496104","WXR350","","PRIMAX 95","Billed","57.52","125.40","PSS JAYA GADING","","Standalone","","","31 Mar 2018"
"15/03/2018 18:23","Reload","'70838153003496104","WXR350","","","Billed","","-200.00","PSS JAYA GADING","","Standalone","","","31 Mar 2018"
"13/03/2018 15:04","Reload","'70838153003496104","WXR350","","","Billed","","-50.00","PSS JAYA GADING","","Standalone","","","31 Mar 2018"
"13/03/2018 14:50","Purchase","'70838153003496104","WXR350","","PRIMAX 95","Billed","11.61","25.66","PSS JAYA GADING","","Standalone","","","31 Mar 2018"
"09/03/2018 19:04","Purchase","'70838153003496104","WXR350","","PRIMAX 95","Billed","34.71","76.70","PSS KM 4 JALAN GAMBANG","","Standalone","","","31 Mar 2018"
"09/03/2018 19:02","Reload","'70838153003496104","WXR350","","","Billed","","-50.00","PSS KM 4 JALAN GAMBANG","","Standalone","","","31 Mar 2018"
"07/03/2018 16:10","Purchase","'70838153003496104","WXR350","","PRIMAX 95","Billed","29.27","64.40","PSS JAYA GADING","","Standalone","","","31 Mar 2018"
"07/03/2018 16:05","Reload","'70838153003496104","WXR350","","","Billed","","-50.00","PSS JAYA GADING","","Standalone","","","31 Mar 2018"