"Date Time","Transaction Type","Card Number","Vehicle Number","Driver Card Number","Product Type","Billing Type","Transaction Volume (Litres)","Transaction Amount (RM)","Station Name","Odometer","Card Type","Cost Centre","Cost Centre Name","Statement Month"
"29/03/2018 18:33","Purchase","'70838153003495387","WXR320","","PRIMAX 97","Billed","24.29","60.00","PSS KULIM SQUARE","99","Standalone","","","31 Mar 2018"
"28/03/2018 12:10","Reload","'70838153003495387","WXR320","","","Billed","","-100.00","PSS KULIM SQUARE","","Standalone","","","31 Mar 2018"
"27/03/2018 14:43","Purchase","'70838153003495387","WXR320","","PRIMAX 95","Billed","27.27","60.00","PSS KULIM SQUARE","59","Standalone","","","31 Mar 2018"
"21/03/2018 21:10","Purchase","'70838153003495387","WXR320","","PRIMAX 97","Billed","20.00","49.00","PSS KULIM SQUARE","","Standalone","","","31 Mar 2018"
"21/03/2018 21:07","Reload","'70838153003495387","WXR320","","","Billed","","-100.00","PSS KULIM SQUARE","","Standalone","","","31 Mar 2018"
"16/03/2018 14:50","Purchase","'70838153003495387","WXR320","","PRIMAX 95","Billed","20.00","43.60","PSS KULIM SQUARE","","Standalone","","","31 Mar 2018"
"16/03/2018 14:48","Reload","'70838153003495387","WXR320","","","Billed","","-50.00","PSS KULIM SQUARE","","Standalone","","","31 Mar 2018"
"14/03/2018 12:28","Purchase","'70838153003495387","WXR320","","PRIMAX 95","Billed","10.00","22.10","PSS TAMAN SELUANG","99","Standalone","","","31 Mar 2018"
"14/03/2018 12:27","Reload","'70838153003495387","WXR320","","","Billed","","-50.00","PSS TAMAN SELUANG","","Standalone","","","31 Mar 2018"
"14/03/2018 12:21","Purchase","'70838153003495387","WXR320","","PRIMAX 95","Billed","1.09","2.41","PSS TAMAN SELUANG","99","Standalone","","","31 Mar 2018"
"13/03/2018 15:28","Purchase","'70838153003495387","WXR320","","PRIMAX 95","Billed","9.96","22.00","PSS L/RAYA BWORTH-KULIM","99","Standalone","","","31 Mar 2018"
"12/03/2018 08:18","Purchase","'70838153003495387","WXR320","","PRIMAX 95","Billed","13.58","30.00","PSS KULIM SQUARE","99","Standalone","","","31 Mar 2018"
"06/03/2018 13:33","Reload","'70838153003495387","WXR320","","","Billed","","-50.00","PSS KULIM SQUARE","","Standalone","","","31 Mar 2018"
"06/03/2018 13:32","Purchase","'70838153003495387","WXR320","","PRIMAX 95","Billed","10.00","22.00","PSS KULIM SQUARE","22","Standalone","","","31 Mar 2018"