"Date Time","Transaction Type","Card Number","Vehicle Number","Driver Card Number","Product Type","Billing Type","Transaction Volume (Litres)","Transaction Amount (RM)","Station Name","Odometer","Card Type","Cost Centre","Cost Centre Name","Statement Month"
"29/03/2018 15:58","Purchase","'70838153003424700","WXR131","","PRIMAX 95","Billed","31.16","68.54","PSS LEBUHRAYA PASIR GUDANG 3","","Standalone","","","31 Mar 2018"
"29/03/2018 15:55","Reload","'70838153003424700","WXR131","","","Billed","","-100.00","PSS LEBUHRAYA PASIR GUDANG 3","","Standalone","","","31 Mar 2018"
"24/03/2018 16:05","Purchase","'70838153003424700","WXR131","","PRIMAX 95","Billed","13.64","30.00","PSS TAMAN AUSTIN PERDANA","","Standalone","","","31 Mar 2018"
"24/03/2018 16:03","Reload","'70838153003424700","WXR131","","","Billed","","-20.00","PSS TAMAN AUSTIN PERDANA","","Standalone","","","31 Mar 2018"
"18/03/2018 18:19","Purchase","'70838153003424700","WXR131","","PRIMAX 95","Billed","32.11","70.00","PSS CHERAS PERDANA","","Standalone","","","31 Mar 2018"
"18/03/2018 18:17","Reload","'70838153003424700","WXR131","","","Billed","","-40.00","PSS CHERAS PERDANA","","Standalone","","","31 Mar 2018"
"15/03/2018 09:10","Purchase","'70838153003424700","WXR131","","PRIMAX 95","Billed","26.94","58.74","PSS TAMAN AUSTIN PERDANA","","Standalone","","","31 Mar 2018"
"15/03/2018 09:09","Reload","'70838153003424700","WXR131","","","Billed","","-100.00","PSS TAMAN AUSTIN PERDANA","","Standalone","","","31 Mar 2018"
"01/03/2018 20:19","Purchase","'70838153003424700","WXR131","","PRIMAX 95","Billed","22.73","50.00","PSS TAMAN AUSTIN PERDANA","","Standalone","","","31 Mar 2018"
"01/03/2018 19:55","Reload","'70838153003424700","WXR131","","","Billed","","-50.00","PSS TAMAN AUSTIN PERDANA","","Standalone","","","31 Mar 2018"