"Date Time","Transaction Type","Card Number","Vehicle Number","Driver Card Number","Product Type","Billing Type","Transaction Volume (Litres)","Transaction Amount (RM)","Station Name","Odometer","Card Type","Cost Centre","Cost Centre Name","Statement Month"
"31/03/2018 05:31","Purchase","'70838153003501226","WXR986","","PRIMAX 95","Billed","26.58","58.48","PSS MACHANG BYPASS","1","Standalone","","","31 Mar 2018"
"31/03/2018 00:13","Purchase","'70838153003501226","WXR986","","PRIMAX 95","Billed","30.47","67.03","PSS PETRONAS KARAK REST","1","Standalone","","","31 Mar 2018"
"31/03/2018 00:10","Reload","'70838153003501226","WXR986","","","Billed","","-100.00","PSS PETRONAS KARAK REST","","Standalone","","","31 Mar 2018"
"29/03/2018 08:08","Purchase","'70838153003501226","WXR986","","PRIMAX 95","Billed","10.06","22.14","PSS JOHAN SETIA","1","Standalone","","","31 Mar 2018"
"24/03/2018 17:04","Purchase","'70838153003501226","WXR986","","PRIMAX 95","Billed","10.47","23.04","PSS JOHAN SETIA","1","Standalone","","","31 Mar 2018"
"19/03/2018 19:58","Purchase","'70838153003501226","WXR986","","PRIMAX 95","Billed","6.94","15.13","PSS SEKSYEN 18","1","Standalone","","","31 Mar 2018"
"19/03/2018 03:54","Purchase","'70838153003501226","WXR986","","PRIMAX 95","Billed","25.24","55.02","PSS MUKIM GALI","1","Standalone","","","31 Mar 2018"
"18/03/2018 21:21","Purchase","'70838153003501226","WXR986","","PRIMAX 95","Billed","29.87","65.11","PSS KG. GAUNG","1","Standalone","","","31 Mar 2018"
"17/03/2018 19:54","Purchase","'70838153003501226","WXR986","","PRIMAX 95","Billed","0.92","2.00","PSS MUKIM LEMAL","","Standalone","","","31 Mar 2018"
"17/03/2018 18:57","Purchase","'70838153003501226","WXR986","","PRIMAX 95","Billed","0.92","2.00","PSS MUKIM LEMAL","","Standalone","","","31 Mar 2018"
"17/03/2018 18:44","Purchase","'70838153003501226","WXR986","","PRIMAX 95","Billed","9.17","20.00","PSS MUKIM LEMAL","","Standalone","","","31 Mar 2018"
"17/03/2018 18:34","Purchase","'70838153003501226","WXR986","","PRIMAX 95","Billed","22.94","50.00","PSS MUKIM LEMAL","","Standalone","","","31 Mar 2018"
"17/03/2018 18:33","Purchase","'70838153003501226","WXR986","","PRIMAX 95","Billed","22.94","50.00","PSS MUKIM LEMAL","","Standalone","","","31 Mar 2018"
"17/03/2018 18:31","Purchase","'70838153003501226","WXR986","","PRIMAX 95","Billed","22.94","50.00","PSS MUKIM LEMAL","","Standalone","","","31 Mar 2018"
"17/03/2018 18:26","Purchase","'70838153003501226","WXR986","","PRIMAX 95","Billed","22.94","50.00","PSS MUKIM LEMAL","","Standalone","","","31 Mar 2018"
"17/03/2018 18:18","Purchase","'70838153003501226","WXR986","","PRIMAX 95","Billed","27.52","60.00","PSS MUKIM LEMAL","","Standalone","","","31 Mar 2018"
"17/03/2018 18:15","Purchase","'70838153003501226","WXR986","","PRIMAX 95","Billed","22.94","50.00","PSS MUKIM LEMAL","","Standalone","","","31 Mar 2018"
"17/03/2018 18:12","Purchase","'70838153003501226","WXR986","","PRIMAX 95","Billed","13.76","30.00","PSS MUKIM LEMAL","","Standalone","","","31 Mar 2018"
"17/03/2018 18:09","Purchase","'70838153003501226","WXR986","","PRIMAX 95","Billed","13.76","30.00","PSS MUKIM LEMAL","","Standalone","","","31 Mar 2018"
"17/03/2018 18:07","Purchase","'70838153003501226","WXR986","","PRIMAX 95","Billed","9.17","20.00","PSS MUKIM LEMAL","","Standalone","","","31 Mar 2018"
"17/03/2018 18:06","Purchase","'70838153003501226","WXR986","","PRIMAX 95","Billed","18.35","40.00","PSS MUKIM LEMAL","","Standalone","","","31 Mar 2018"
"17/03/2018 18:05","Purchase","'70838153003501226","WXR986","","PRIMAX 95","Billed","13.76","30.00","PSS MUKIM LEMAL","","Standalone","","","31 Mar 2018"
"17/03/2018 18:04","Purchase","'70838153003501226","WXR986","","PRIMAX 95","Billed","22.94","50.00","PSS MUKIM LEMAL","","Standalone","","","31 Mar 2018"
"17/03/2018 18:03","Purchase","'70838153003501226","WXR986","","PRIMAX 97","Billed","20.41","50.00","PSS MUKIM LEMAL","","Standalone","","","31 Mar 2018"
"17/03/2018 18:00","Purchase","'70838153003501226","WXR986","","PRIMAX 95","Billed","22.94","50.00","PSS MUKIM LEMAL","","Standalone","","","31 Mar 2018"
"17/03/2018 17:59","Purchase","'70838153003501226","WXR986","","PRIMAX 95","Billed","22.94","50.00","PSS MUKIM LEMAL","","Standalone","","","31 Mar 2018"
"17/03/2018 17:58","Purchase","'70838153003501226","WXR986","","PRIMAX 95","Billed","22.96","50.05","PSS MUKIM LEMAL","","Standalone","","","31 Mar 2018"
"17/03/2018 17:54","Purchase","'70838153003501226","WXR986","","PRIMAX 95","Billed","22.94","50.00","PSS MUKIM LEMAL","","Standalone","","","31 Mar 2018"
"17/03/2018 17:47","Purchase","'70838153003501226","WXR986","","PRIMAX 95","Billed","13.76","30.00","PSS MUKIM LEMAL","","Standalone","","","31 Mar 2018"
"17/03/2018 17:43","Purchase","'70838153003501226","WXR986","","PRIMAX 95","Billed","22.94","50.00","PSS MUKIM LEMAL","","Standalone","","","31 Mar 2018"
"17/03/2018 17:33","Purchase","'70838153003501226","WXR986","","PRIMAX 95","Billed","13.76","30.00","PSS MUKIM LEMAL","","Standalone","","","31 Mar 2018"
"17/03/2018 17:28","Purchase","'70838153003501226","WXR986","","PRIMAX 95","Billed","13.76","30.00","PSS MUKIM LEMAL","","Standalone","","","31 Mar 2018"
"17/03/2018 17:25","Purchase","'70838153003501226","WXR986","","PRIMAX 95","Billed","22.94","50.00","PSS MUKIM LEMAL","","Standalone","","","31 Mar 2018"
"17/03/2018 17:22","Purchase","'70838153003501226","WXR986","","PRIMAX 95","Billed","13.76","30.00","PSS MUKIM LEMAL","","Standalone","","","31 Mar 2018"
"17/03/2018 17:18","Purchase","'70838153003501226","WXR986","","PRIMAX 95","Billed","22.94","50.00","PSS MUKIM LEMAL","","Standalone","","","31 Mar 2018"
"17/03/2018 17:13","Purchase","'70838153003501226","WXR986","","PRIMAX 95","Billed","22.94","50.00","PSS MUKIM LEMAL","","Standalone","","","31 Mar 2018"
"17/03/2018 17:10","Purchase","'70838153003501226","WXR986","","PRIMAX 95","Billed","22.94","50.00","PSS MUKIM LEMAL","","Standalone","","","31 Mar 2018"
"17/03/2018 17:02","Purchase","'70838153003501226","WXR986","","PRIMAX 95","Billed","22.94","50.00","PSS MUKIM LEMAL","","Standalone","","","31 Mar 2018"
"17/03/2018 17:01","Purchase","'70838153003501226","WXR986","","PRIMAX 95","Billed","13.76","30.00","PSS MUKIM LEMAL","","Standalone","","","31 Mar 2018"
"17/03/2018 16:48","Purchase","'70838153003501226","WXR986","","PRIMAX 95","Billed","18.35","40.00","PSS MUKIM LEMAL","","Standalone","","","31 Mar 2018"
"17/03/2018 16:34","Purchase","'70838153003501226","WXR986","","PRIMAX 95","Billed","13.76","30.00","PSS MUKIM LEMAL","","Standalone","","","31 Mar 2018"
"17/03/2018 16:32","Purchase","'70838153003501226","WXR986","","PRIMAX 95","Billed","18.35","40.00","PSS MUKIM LEMAL","","Standalone","","","31 Mar 2018"
"17/03/2018 16:31","Purchase","'70838153003501226","WXR986","","PRIMAX 95","Billed","22.94","50.00","PSS MUKIM LEMAL","","Standalone","","","31 Mar 2018"
"17/03/2018 16:23","Purchase","'70838153003501226","WXR986","","PRIMAX 95","Billed","22.94","50.00","PSS MUKIM LEMAL","","Standalone","","","31 Mar 2018"
"17/03/2018 16:15","Purchase","'70838153003501226","WXR986","","PRIMAX 95","Billed","18.35","40.00","PSS MUKIM LEMAL","","Standalone","","","31 Mar 2018"
"17/03/2018 15:52","Purchase","'70838153003501226","WXR986","","PRIMAX 95","Billed","36.70","80.00","PSS MUKIM LEMAL","","Standalone","","","31 Mar 2018"
"17/03/2018 15:47","Purchase","'70838153003501226","WXR986","","PRIMAX 95","Billed","22.94","50.00","PSS MUKIM LEMAL","","Standalone","","","31 Mar 2018"
"17/03/2018 15:40","Purchase","'70838153003501226","WXR986","","PRIMAX 95","Billed","18.35","40.00","PSS MUKIM LEMAL","","Standalone","","","31 Mar 2018"
"17/03/2018 15:39","Purchase","'70838153003501226","WXR986","","PRIMAX 95","Billed","18.35","40.00","PSS MUKIM LEMAL","","Standalone","","","31 Mar 2018"
"17/03/2018 15:07","Purchase","'70838153003501226","WXR986","","PRIMAX 97","Billed","20.41","50.00","PSS MUKIM LEMAL","","Standalone","","","31 Mar 2018"
"17/03/2018 14:54","Purchase","'70838153003501226","WXR986","","PRIMAX 97","Billed","20.41","50.00","PSS MUKIM LEMAL","","Standalone","","","31 Mar 2018"
"17/03/2018 14:16","Purchase","'70838153003501226","WXR986","","PRIMAX 95","Billed","27.52","60.00","PSS MUKIM LEMAL","1","Standalone","","","31 Mar 2018"
"17/03/2018 13:58","Reload","'70838153003501226","WXR986","","","Billed","","-2,000.00","PSS MUKIM LEMAL","","Standalone","","","31 Mar 2018"
"08/03/2018 14:23","Purchase","'70838153003501226","WXR986","","PRIMAX 95","Billed","22.62","50.00","PSS TUMPAT","1","Standalone","","","31 Mar 2018"
"08/03/2018 14:22","Reload","'70838153003501226","WXR986","","","Billed","","-100.00","PSS TUMPAT","","Standalone","","","31 Mar 2018"
"06/03/2018 16:53","Purchase","'70838153003501226","WXR986","","PRIMAX 95","Billed","7.19","15.82","PSS KUSIAL","1","Standalone","","","31 Mar 2018"
"02/03/2018 22:49","Purchase","'70838153003501226","WXR986","","PRIMAX 95","Billed","13.64","30.00","PSS KG. GAUNG","1","Standalone","","","31 Mar 2018"
"02/03/2018 18:04","Purchase","'70838153003501226","WXR986","","PRIMAX 95","Billed","22.73","50.00","PSS PENGKALAN KUBOR","1","Standalone","","","31 Mar 2018"