"Date Time","Transaction Type","Card Number","Vehicle Number","Driver Card Number","Product Type","Billing Type","Transaction Volume (Litres)","Transaction Amount (RM)","Station Name","Odometer","Card Type","Cost Centre","Cost Centre Name","Statement Month"
"21/03/2018 18:25","Purchase","'70838153003497607","WXR399","","PRIMAX 95","Billed","20.64","45.00","PSS PUNCAK ALAM 2","","Standalone","","","31 Mar 2018"
"21/03/2018 18:24","Reload","'70838153003497607","WXR399","","","Billed","","-100.00","PSS PUNCAK ALAM 2","","Standalone","","","31 Mar 2018"
"21/03/2018 18:19","Purchase","'70838153003497607","WXR399","","PRIMAX 95","Billed","3.57","7.78","PSS PUNCAK ALAM 2","","Standalone","","","31 Mar 2018"
"17/03/2018 18:39","Purchase","'70838153003497607","WXR399","","PRIMAX 95","Billed","9.17","20.00","PSS PUNCAK ALAM 2","","Standalone","","","31 Mar 2018"
"16/03/2018 19:20","Purchase","'70838153003497607","WXR399","","PRIMAX 95","Billed","13.76","30.00","PSS FAS","","Standalone","","","31 Mar 2018"
"15/03/2018 18:02","Purchase","'70838153003497607","WXR399","","PRIMAX 95","Billed","32.02","69.80","PSS BATU 6 PEKAN MERU","","Standalone","","","31 Mar 2018"
"14/03/2018 18:04","Purchase","'70838153003497607","WXR399","","PRIMAX 95","Billed","4.53","10.00","PSS BATU 6 PEKAN MERU","","Standalone","","","31 Mar 2018"
"08/03/2018 18:28","Purchase","'70838153003497607","WXR399","","PRIMAX 95","Billed","25.16","55.61","PSS PUNCAK ALAM 2","","Standalone","","","31 Mar 2018"
"02/03/2018 19:15","Purchase","'70838153003497607","WXR399","","PRIMAX 95","Billed","13.64","30.00","PSS ELITE LAYBY","","Standalone","","","31 Mar 2018"