"Date Time","Transaction Type","Card Number","Vehicle Number","Driver Card Number","Product Type","Billing Type","Transaction Volume (Litres)","Transaction Amount (RM)","Station Name","Odometer","Card Type","Cost Centre","Cost Centre Name","Statement Month"
"30/03/2018 16:46","Purchase","'70838153003496393","WXR355","","PRIMAX 95","Billed","22.73","50.00","PSS KUANTAN BY-PASS PANDAN","","Standalone","","","31 Mar 2018"
"30/03/2018 16:45","Reload","'70838153003496393","WXR355","","","Billed","","-50.00","PSS KUANTAN BY-PASS PANDAN","","Standalone","","","31 Mar 2018"
"29/03/2018 15:22","Purchase","'70838153003496393","WXR355","","PRIMAX 95","Billed","9.09","20.00","PSS KUANTAN DAMANSARA","","Standalone","","","31 Mar 2018"
"29/03/2018 15:22","Purchase","'70838153003496393","WXR355","","PRIMAX 95","Un-billed","9.09","20.00","PSS KUANTAN DAMANSARA","","Standalone","","","Unbilled Transaction"
"29/03/2018 15:19","Reload","'70838153003496393","WXR355","","","Billed","","-40.00","PSS KUANTAN DAMANSARA","","Standalone","","","31 Mar 2018"
"28/03/2018 08:14","Purchase","'70838153003496393","WXR355","","PRIMAX 95","Billed","13.64","30.00","PSS BANDAR INDERA MAHKOTA","","Standalone","","","31 Mar 2018"
"28/03/2018 08:11","Reload","'70838153003496393","WXR355","","","Billed","","-30.00","PSS BANDAR INDERA MAHKOTA","","Standalone","","","31 Mar 2018"
"17/03/2018 18:11","Purchase","'70838153003496393","WXR355","","PRIMAX 95","Billed","22.94","50.00","PSS JALAN GAMBANG","","Standalone","","","31 Mar 2018"
"17/03/2018 18:11","Reload","'70838153003496393","WXR355","","","Billed","","-50.00","PSS JALAN GAMBANG","","Standalone","","","31 Mar 2018"
"16/03/2018 16:24","Purchase","'70838153003496393","WXR355","","PRIMAX 95","Billed","22.94","50.00","PSS TAMAN BALOK MAKMUR","","Standalone","","","31 Mar 2018"
"16/03/2018 16:23","Reload","'70838153003496393","WXR355","","","Billed","","-50.00","PSS TAMAN BALOK MAKMUR","","Standalone","","","31 Mar 2018"
"15/03/2018 08:34","Purchase","'70838153003496393","WXR355","","PRIMAX 95","Billed","18.35","40.00","PSS JALAN KUANTAN SG LEMBING","","Standalone","","","31 Mar 2018"
"15/03/2018 08:34","Reload","'70838153003496393","WXR355","","","Billed","","-30.00","PSS JALAN KUANTAN SG LEMBING","","Standalone","","","31 Mar 2018"
"12/03/2018 17:37","Purchase","'70838153003496393","WXR355","","PRIMAX 95","Billed","22.63","50.00","PSS JALAN KUANTAN SG LEMBING","","Standalone","","","31 Mar 2018"
"12/03/2018 17:37","Reload","'70838153003496393","WXR355","","","Billed","","-50.00","PSS JALAN KUANTAN SG LEMBING","","Standalone","","","31 Mar 2018"
"09/03/2018 15:19","Purchase","'70838153003496393","WXR355","","PRIMAX 95","Billed","18.10","40.00","PSS JALAN KUANTAN SG LEMBING","","Standalone","","","31 Mar 2018"
"09/03/2018 15:17","Reload","'70838153003496393","WXR355","","","Billed","","-40.00","PSS JALAN KUANTAN SG LEMBING","","Standalone","","","31 Mar 2018"
"07/03/2018 07:05","Purchase","'70838153003496393","WXR355","","PRIMAX 95","Billed","22.73","50.00","PSS JALAN KUANTAN SG LEMBING","","Standalone","","","31 Mar 2018"
"07/03/2018 07:04","Reload","'70838153003496393","WXR355","","","Billed","","-50.00","PSS JALAN KUANTAN SG LEMBING","","Standalone","","","31 Mar 2018"
"05/03/2018 09:58","Purchase","'70838153003496393","WXR355","","PRIMAX 95","Billed","21.22","46.68","PSS JALAN KUANTAN SG LEMBING","","Standalone","","","31 Mar 2018"
"05/03/2018 09:57","Reload","'70838153003496393","WXR355","","","Billed","","-40.00","PSS JALAN KUANTAN SG LEMBING","","Standalone","","","31 Mar 2018"
"01/03/2018 16:30","Purchase","'70838153003496393","WXR355","","PRIMAX 95","Billed","22.73","50.00","PSS BINJAI","","Standalone","","","31 Mar 2018"
"01/03/2018 16:29","Reload","'70838153003496393","WXR355","","","Billed","","-50.00","PSS BINJAI","","Standalone","","","31 Mar 2018"