"Date Time","Transaction Type","Card Number","Vehicle Number","Driver Card Number","Product Type","Billing Type","Transaction Volume (Litres)","Transaction Amount (RM)","Station Name","Odometer","Card Type","Cost Centre","Cost Centre Name","Statement Month"
"14/03/2018 16:25","Purchase","'70838153003423082","WXR177","","PRIMAX 97","Billed","2.43","6.00","PSS KM 12.3 LEBUHRAYA PERSEKUTUAN","","Standalone","","","31 Mar 2018"
"09/03/2018 21:49","Purchase","'70838153003423082","WXR177","","PRIMAX 97","Billed","2.83","7.00","PSS FAS","","Standalone","","","31 Mar 2018"
"08/03/2018 13:29","Purchase","'70838153003423082","WXR177","","PRIMAX 97","Billed","4.05","10.00","PSS BUKIT TINGGI","","Standalone","","","31 Mar 2018"
"05/03/2018 19:12","Reload","'70838153003423082","WXR177","","","Billed","","-20.00","PSS JALAN PANDANGAN KLANG","","Standalone","","","31 Mar 2018"
"05/03/2018 19:12","Reload","'70838153003423082","WXR177","","","Billed","","-20.00","PSS JALAN PANDANGAN KLANG","","Standalone","","","31 Mar 2018"