"Date Time","Transaction Type","Card Number","Vehicle Number","Driver Card Number","Product Type","Billing Type","Transaction Volume (Litres)","Transaction Amount (RM)","Station Name","Odometer","Card Type","Cost Centre","Cost Centre Name","Statement Month"
"25/03/2018 19:41","Purchase","'70838153003501762","WXR728","","PRIMAX 95","Billed","9.09","20.00","PSS KOTA KEMUNING","","Standalone","","","31 Mar 2018"
"25/03/2018 19:13","Purchase","'70838153003501762","WXR728","","PRIMAX 95","Billed","13.64","30.00","PSS KOTA KEMUNING","","Standalone","","","31 Mar 2018"
"25/03/2018 19:11","Reload","'70838153003501762","WXR728","","","Billed","","-50.00","PSS KOTA KEMUNING","","Standalone","","","31 Mar 2018"
"16/03/2018 12:38","Purchase","'70838153003501762","WXR728","","PRIMAX 97","Billed","8.16","20.00","PSS BANDAR BARU NILAI","","Standalone","","","31 Mar 2018"
"16/03/2018 12:37","Reload","'70838153003501762","WXR728","","","Billed","","-50.00","PSS BANDAR BARU NILAI","","Standalone","","","31 Mar 2018"
"13/03/2018 13:27","Purchase","'70838153003501762","WXR728","","PRIMAX 95","Billed","9.05","20.00","PSS JALAN SUNGAI UJONG","","Standalone","","","31 Mar 2018"
"08/03/2018 14:03","Purchase","'70838153003501762","WXR728","","PRIMAX 95","Billed","13.57","30.00","PSS SEREMBAN 2","","Standalone","","","31 Mar 2018"
"08/03/2018 14:02","Reload","'70838153003501762","WXR728","","","Billed","","-50.00","PSS SEREMBAN 2","","Standalone","","","31 Mar 2018"