"Date Time","Transaction Type","Card Number","Vehicle Number","Driver Card Number","Product Type","Billing Type","Transaction Volume (Litres)","Transaction Amount (RM)","Station Name","Odometer","Card Type","Cost Centre","Cost Centre Name","Statement Month"
"28/03/2018 22:56","Purchase","'70838153003580980","WXR1072","","PRIMAX 95","Billed","9.09","20.00","PSS PUCHONG PRIMA","","Standalone","","","31 Mar 2018"
"28/03/2018 22:55","Reload","'70838153003580980","WXR1072","","","Billed","","-20.00","PSS PUCHONG PRIMA","","Standalone","","","31 Mar 2018"
"28/03/2018 16:20","Purchase","'70838153003580980","WXR1072","","PRIMAX 95","Billed","9.09","20.00","PSS USJ 20","","Standalone","","","31 Mar 2018"
"28/03/2018 16:17","Reload","'70838153003580980","WXR1072","","","Billed","","-20.00","PSS USJ 20","","Standalone","","","31 Mar 2018"
"20/03/2018 18:00","Purchase","'70838153003580980","WXR1072","","PRIMAX 95","Billed","22.94","50.00","PSS LOT 4783 BUKIT JALIL","","Standalone","","","31 Mar 2018"
"20/03/2018 17:58","Reload","'70838153003580980","WXR1072","","","Billed","","-50.00","PSS LOT 4783 BUKIT JALIL","","Standalone","","","31 Mar 2018"
"10/03/2018 06:44","Purchase","'70838153003580980","WXR1072","","PRIMAX 95","Billed","22.63","50.00","PSS TAMAN MERANTI JAYA","","Standalone","","","31 Mar 2018"
"10/03/2018 06:42","Reload","'70838153003580980","WXR1072","","","Billed","","-50.00","PSS TAMAN MERANTI JAYA","","Standalone","","","31 Mar 2018"
"04/03/2018 18:08","Purchase","'70838153003580980","WXR1072","","PRIMAX 95","Billed","22.73","50.00","PSS PERINGGIT JAYA","50","Standalone","","","31 Mar 2018"
"04/03/2018 18:07","Reload","'70838153003580980","WXR1072","","","Billed","","-50.00","PSS PERINGGIT JAYA","","Standalone","","","31 Mar 2018"
"03/03/2018 12:26","Purchase","'70838153003580980","WXR1072","","PRIMAX 95","Billed","36.36","80.00","PSS SUNGAI BESI - PUCHONG BYPASS","","Standalone","","","31 Mar 2018"
"03/03/2018 12:24","Reload","'70838153003580980","WXR1072","","","Billed","","-80.00","PSS SUNGAI BESI - PUCHONG BYPASS","","Standalone","","","31 Mar 2018"