"Date Time","Transaction Type","Card Number","Vehicle Number","Driver Card Number","Product Type","Billing Type","Transaction Volume (Litres)","Transaction Amount (RM)","Station Name","Odometer","Card Type","Cost Centre","Cost Centre Name","Statement Month"
"30/03/2018 11:28","Purchase","'70838153003497581","WXR397","","PRIMAX 95","Billed","27.27","60.00","PSS KOTA DAMANSARA 2","","Standalone","","","31 Mar 2018"
"30/03/2018 11:27","Reload","'70838153003497581","WXR397","","","Billed","","-150.00","PSS KOTA DAMANSARA 2","","Standalone","","","31 Mar 2018"
"26/03/2018 13:00","Purchase","'70838153003497581","WXR397","","PRIMAX 95","Billed","27.31","60.07","PSS DAMAI PERDANA","","Standalone","","","31 Mar 2018"
"23/03/2018 10:44","Purchase","'70838153003497581","WXR397","","PRIMAX 95","Billed","25.91","57.00","PSS Sungai Bakap layby SB","","Standalone","","","31 Mar 2018"
"20/03/2018 15:12","Purchase","'70838153003497581","WXR397","","PRIMAX 95","Billed","22.02","48.00","PSS RAWANG RSA","","Standalone","","","31 Mar 2018"
"18/03/2018 21:04","Purchase","'70838153003497581","WXR397","","PRIMAX 95","Billed","44.51","97.03","PSS BDR ALAM DAMAI","","Standalone","","","31 Mar 2018"
"18/03/2018 21:03","Reload","'70838153003497581","WXR397","","","Billed","","-200.00","PSS BDR ALAM DAMAI","","Standalone","","","31 Mar 2018"
"15/03/2018 15:16","Purchase","'70838153003497581","WXR397","","PRIMAX 95","Billed","14.68","32.00","PSS EAST-WEST LINK","","Standalone","","","31 Mar 2018"
"14/03/2018 09:32","Purchase","'70838153003497581","WXR397","","PRIMAX 95","Billed","18.10","40.00","PSS TTDI","","Standalone","","","31 Mar 2018"
"11/03/2018 21:29","Purchase","'70838153003497581","WXR397","","PRIMAX 95","Billed","31.67","70.00","PSS TTDI","","Standalone","","","31 Mar 2018"
"11/03/2018 21:27","Reload","'70838153003497581","WXR397","","","Billed","","-150.00","PSS TTDI","","Standalone","","","31 Mar 2018"