"Date Time","Transaction Type","Card Number","Vehicle Number","Driver Card Number","Product Type","Billing Type","Transaction Volume (Litres)","Transaction Amount (RM)","Station Name","Odometer","Card Type","Cost Centre","Cost Centre Name","Statement Month"
"05/03/2018 09:45","Purchase","'70838153003498035","WXR612","","PRIMAX 95","Billed","13.64","30.00","PSS BT 2 1/2 JALAN KAPAR","","Standalone","","","31 Mar 2018"
"05/03/2018 09:43","Reload","'70838153003498035","WXR612","","","Billed","","-30.00","PSS BT 2 1/2 JALAN KAPAR","","Standalone","","","31 Mar 2018"
"04/03/2018 07:19","Purchase","'70838153003498035","WXR612","","PRIMAX 95","Billed","13.64","30.00","PSS BT 2 1/2 JALAN KAPAR","","Standalone","","","31 Mar 2018"
"04/03/2018 07:18","Reload","'70838153003498035","WXR612","","","Billed","","-30.00","PSS BT 2 1/2 JALAN KAPAR","","Standalone","","","31 Mar 2018"
"02/03/2018 18:59","Purchase","'70838153003498035","WXR612","","PRIMAX 95","Billed","13.64","30.00","PSS BT 2 1/2 JALAN KAPAR","","Standalone","","","31 Mar 2018"
"02/03/2018 18:53","Reload","'70838153003498035","WXR612","","","Billed","","-30.00","PSS BT 2 1/2 JALAN KAPAR","","Standalone","","","31 Mar 2018"