"Date Time","Transaction Type","Card Number","Vehicle Number","Driver Card Number","Product Type","Billing Type","Transaction Volume (Litres)","Transaction Amount (RM)","Station Name","Odometer","Card Type","Cost Centre","Cost Centre Name","Statement Month"
"29/03/2018 08:03","Purchase","'70838153003496039","WXR553","","PRIMAX 95","Billed","18.18","40.00","PSS BATU FERINGGI","","Standalone","","","31 Mar 2018"
"29/03/2018 08:02","Reload","'70838153003496039","WXR553","","","Billed","","-40.00","PSS BATU FERINGGI","","Standalone","","","31 Mar 2018"
"28/03/2018 09:14","Purchase","'70838153003496039","WXR553","","PRIMAX 95","Billed","22.73","50.00","PSS BATU FERINGGI","","Standalone","","","31 Mar 2018"
"28/03/2018 09:13","Reload","'70838153003496039","WXR553","","","Billed","","-50.00","PSS BATU FERINGGI","","Standalone","","","31 Mar 2018"
"26/03/2018 21:46","Purchase","'70838153003496039","WXR553","","PRIMAX 95","Billed","31.82","70.00","PSS BATU FERINGGI","","Standalone","","","31 Mar 2018"
"26/03/2018 21:45","Reload","'70838153003496039","WXR553","","","Billed","","-70.00","PSS BATU FERINGGI","","Standalone","","","31 Mar 2018"
"12/03/2018 22:01","Purchase","'70838153003496039","WXR553","","PRIMAX 95","Billed","22.63","50.00","PSS BATU FERINGGI","","Standalone","","","31 Mar 2018"
"12/03/2018 21:59","Reload","'70838153003496039","WXR553","","","Billed","","-50.00","PSS BATU FERINGGI","","Standalone","","","31 Mar 2018"