"Date Time","Transaction Type","Card Number","Vehicle Number","Driver Card Number","Product Type","Billing Type","Transaction Volume (Litres)","Transaction Amount (RM)","Station Name","Odometer","Card Type","Cost Centre","Cost Centre Name","Statement Month"
"22/03/2018 11:29","Reload","'70838153003497367","WXR850","","","Billed","","-249.00","PSS LEBUHRAYA SPRINT","","Standalone","","","31 Mar 2018"
"20/03/2018 15:34","Purchase","'70838153003497367","WXR850","","PRIMAX 97","Billed","6.07","14.86","PSS LEBUHRAYA SPRINT","","Standalone","","","31 Mar 2018"
"17/03/2018 18:15","Purchase","'70838153003497367","WXR850","","PRIMAX 95","Billed","45.87","100.00","PSS LEBUHRAYA SPRINT","","Standalone","","","31 Mar 2018"
"17/03/2018 18:00","Purchase","'70838153003497367","WXR850","","PRIMAX 95","Billed","5.51","12.00","PSS LEBUHRAYA SPRINT","","Standalone","","","31 Mar 2018"
"17/03/2018 15:10","Purchase","'70838153003497367","WXR850","","PRIMAX 95","Billed","22.94","50.00","PSS LEBUHRAYA SPRINT","","Standalone","","","31 Mar 2018"
"16/03/2018 22:13","Purchase","'70838153003497367","WXR850","","PRIMAX 95","Billed","33.49","73.00","PSS LEBUHRAYA SPRINT","","Standalone","","","31 Mar 2018"
"16/03/2018 21:11","Reload","'70838153003497367","WXR850","","","Billed","","-303.00","PSS LEBUHRAYA SPRINT","","Standalone","","","31 Mar 2018"
"16/03/2018 18:23","Purchase","'70838153003497367","WXR850","","PRIMAX 95","Billed","1.38","3.00","PSS LEBUHRAYA SPRINT","","Standalone","","","31 Mar 2018"
"16/03/2018 18:22","Purchase","'70838153003497367","WXR850","","PRIMAX 95","Billed","13.76","30.00","PSS LEBUHRAYA SPRINT","","Standalone","","","31 Mar 2018"
"16/03/2018 17:58","Purchase","'70838153003497367","WXR850","","PRIMAX 95","Billed","22.94","50.00","PSS LEBUHRAYA SPRINT","","Standalone","","","31 Mar 2018"
"16/03/2018 17:54","Purchase","'70838153003497367","WXR850","","PRIMAX 97","Billed","61.22","150.00","PSS LEBUHRAYA SPRINT","","Standalone","","","31 Mar 2018"
"16/03/2018 17:52","Purchase","'70838153003497367","WXR850","","PRIMAX 95","Billed","22.94","50.00","PSS LEBUHRAYA SPRINT","","Standalone","","","31 Mar 2018"
"16/03/2018 17:10","Purchase","'70838153003497367","WXR850","","PRIMAX 95","Billed","9.17","20.00","PSS LEBUHRAYA SPRINT","","Standalone","","","31 Mar 2018"
"15/03/2018 17:46","Reload","'70838153003497367","WXR850","","","Billed","","-364.00","PSS LEBUHRAYA SPRINT","","Standalone","","","31 Mar 2018"
"15/03/2018 15:53","Purchase","'70838153003497367","WXR850","","PRIMAX 95","Billed","5.96","13.00","PSS LEBUHRAYA SPRINT","","Standalone","","","31 Mar 2018"
"15/03/2018 15:42","Purchase","'70838153003497367","WXR850","","PRIMAX 95","Billed","9.17","20.00","PSS LEBUHRAYA SPRINT","","Standalone","","","31 Mar 2018"
"15/03/2018 15:19","Purchase","'70838153003497367","WXR850","","PRIMAX 95","Billed","22.94","50.00","PSS LEBUHRAYA SPRINT","","Standalone","","","31 Mar 2018"
"14/03/2018 18:38","Purchase","'70838153003497367","WXR850","","PRIMAX 95","Billed","4.53","10.00","PSS LEBUHRAYA SPRINT","","Standalone","","","31 Mar 2018"
"14/03/2018 18:02","Purchase","'70838153003497367","WXR850","","PRIMAX 95","Billed","32.13","71.00","PSS LEBUHRAYA SPRINT","","Standalone","","","31 Mar 2018"
"14/03/2018 18:01","Purchase","'70838153003497367","WXR850","","PRIMAX 95","Billed","9.05","20.00","PSS LEBUHRAYA SPRINT","","Standalone","","","31 Mar 2018"
"14/03/2018 16:06","Purchase","'70838153003497367","WXR850","","Diesel (EURO 5)","Billed","8.81","20.00","PSS LEBUHRAYA SPRINT","","Standalone","","","31 Mar 2018"
"14/03/2018 15:30","Purchase","'70838153003497367","WXR850","","PRIMAX 95","Billed","45.25","100.00","PSS LEBUHRAYA SPRINT","","Standalone","","","31 Mar 2018"
"12/03/2018 13:38","Purchase","'70838153003497367","WXR850","","PRIMAX 95","Billed","22.62","50.00","PSS LEBUHRAYA SPRINT","","Standalone","","","31 Mar 2018"
"12/03/2018 11:44","Purchase","'70838153003497367","WXR850","","PRIMAX 95","Billed","4.53","10.00","PSS LEBUHRAYA SPRINT","","Standalone","","","31 Mar 2018"
"11/03/2018 14:50","Reload","'70838153003497367","WXR850","","","Billed","","-370.00","PSS LEBUHRAYA SPRINT","","Standalone","","","31 Mar 2018"
"10/03/2018 13:23","Purchase","'70838153003497367","WXR850","","PRIMAX 95","Billed","22.62","50.00","PSS LEBUHRAYA SPRINT","","Standalone","","","31 Mar 2018"
"10/03/2018 13:00","Purchase","'70838153003497367","WXR850","","PRIMAX 95","Billed","45.25","100.00","PSS LEBUHRAYA SPRINT","","Standalone","","","31 Mar 2018"
"09/03/2018 11:41","Purchase","'70838153003497367","WXR850","","PRIMAX 95","Billed","9.05","20.00","PSS LEBUHRAYA SPRINT","","Standalone","","","31 Mar 2018"
"08/03/2018 16:10","Purchase","'70838153003497367","WXR850","","PRIMAX 95","Billed","22.62","50.00","PSS LEBUHRAYA SPRINT","","Standalone","","","31 Mar 2018"
"08/03/2018 15:54","Purchase","'70838153003497367","WXR850","","PRIMAX 95","Billed","0.04","0.08","PSS LEBUHRAYA SPRINT","","Standalone","","","31 Mar 2018"
"08/03/2018 15:36","Purchase","'70838153003497367","WXR850","","Diesel","Billed","23.04","50.00","PSS LEBUHRAYA SPRINT","","Standalone","","","31 Mar 2018"
"08/03/2018 12:05","Purchase","'70838153003497367","WXR850","","PRIMAX 95","Billed","22.62","50.00","PSS LEBUHRAYA SPRINT","","Standalone","","","31 Mar 2018"
"07/03/2018 12:42","Purchase","'70838153003497367","WXR850","","PRIMAX 95","Billed","22.73","50.00","PSS LEBUHRAYA SPRINT","","Standalone","","","31 Mar 2018"
"07/03/2018 12:19","Reload","'70838153003497367","WXR850","","","Billed","","-307.00","PSS LEBUHRAYA SPRINT","","Standalone","","","31 Mar 2018"
"06/03/2018 16:50","Purchase","'70838153003497367","WXR850","","PRIMAX 95","Billed","22.73","50.00","PSS LEBUHRAYA SPRINT","","Standalone","","","31 Mar 2018"
"06/03/2018 13:42","Purchase","'70838153003497367","WXR850","","PRIMAX 97","Billed","8.10","20.00","PSS LEBUHRAYA SPRINT","","Standalone","","","31 Mar 2018"
"06/03/2018 12:50","Purchase","'70838153003497367","WXR850","","PRIMAX 95","Billed","6.82","15.00","PSS LEBUHRAYA SPRINT","","Standalone","","","31 Mar 2018"
"06/03/2018 12:45","Purchase","'70838153003497367","WXR850","","PRIMAX 95","Billed","22.73","50.00","PSS LEBUHRAYA SPRINT","","Standalone","","","31 Mar 2018"
"06/03/2018 12:39","Purchase","'70838153003497367","WXR850","","PRIMAX 95","Billed","31.82","70.01","PSS LEBUHRAYA SPRINT","","Standalone","","","31 Mar 2018"
"04/03/2018 18:35","Purchase","'70838153003497367","WXR850","","PRIMAX 95","Billed","1.36","3.00","PSS LEBUHRAYA SPRINT","","Standalone","","","31 Mar 2018"
"04/03/2018 18:15","Purchase","'70838153003497367","WXR850","","PRIMAX 95","Billed","45.46","100.00","PSS LEBUHRAYA SPRINT","","Standalone","","","31 Mar 2018"
"04/03/2018 18:07","Reload","'70838153003497367","WXR850","","","Billed","","-379.00","PSS LEBUHRAYA SPRINT","","Standalone","","","31 Mar 2018"
"04/03/2018 16:24","Purchase","'70838153003497367","WXR850","","PRIMAX 95","Billed","13.64","30.00","PSS LEBUHRAYA SPRINT","","Standalone","","","31 Mar 2018"
"04/03/2018 16:20","Purchase","'70838153003497367","WXR850","","PRIMAX 95","Billed","9.09","20.00","PSS LEBUHRAYA SPRINT","","Standalone","","","31 Mar 2018"
"04/03/2018 16:00","Purchase","'70838153003497367","WXR850","","PRIMAX 95","Billed","18.18","40.00","PSS LEBUHRAYA SPRINT","","Standalone","","","31 Mar 2018"
"04/03/2018 14:15","Purchase","'70838153003497367","WXR850","","PRIMAX 95","Billed","43.20","95.05","PSS LEBUHRAYA SPRINT","","Standalone","","","31 Mar 2018"
"02/03/2018 18:29","Purchase","'70838153003497367","WXR850","","PRIMAX 95","Billed","4.55","10.00","PSS LEBUHRAYA SPRINT","","Standalone","","","31 Mar 2018"
"02/03/2018 18:11","Purchase","'70838153003497367","WXR850","","PRIMAX 95","Billed","9.09","20.00","PSS LEBUHRAYA SPRINT","","Standalone","","","31 Mar 2018"
"02/03/2018 16:35","Purchase","'70838153003497367","WXR850","","PRIMAX 95","Billed","31.82","70.00","PSS LEBUHRAYA SPRINT","","Standalone","","","31 Mar 2018"
"02/03/2018 16:22","Purchase","'70838153003497367","WXR850","","PRIMAX 95","Billed","22.73","50.00","PSS LEBUHRAYA SPRINT","","Standalone","","","31 Mar 2018"
"02/03/2018 16:07","Purchase","'70838153003497367","WXR850","","PRIMAX 95","Billed","9.09","20.00","PSS LEBUHRAYA SPRINT","","Standalone","","","31 Mar 2018"
"01/03/2018 16:22","Purchase","'70838153003497367","WXR850","","PRIMAX 95","Billed","9.09","20.00","PSS LEBUHRAYA SPRINT","","Standalone","","","31 Mar 2018"
"01/03/2018 16:20","Purchase","'70838153003497367","WXR850","","PRIMAX 95","Billed","13.64","30.00","PSS LEBUHRAYA SPRINT","","Standalone","","","31 Mar 2018"