"Date Time","Transaction Type","Card Number","Vehicle Number","Driver Card Number","Product Type","Billing Type","Transaction Volume (Litres)","Transaction Amount (RM)","Station Name","Odometer","Card Type","Cost Centre","Cost Centre Name","Statement Month"
"28/03/2018 16:28","Purchase","'70838153003500244","WXR930","","PRIMAX 97","Billed","41.31","102.04","PSS KM2.95 PENCHALA LINK ARAH DAMANSARA","","Standalone","","","31 Mar 2018"
"25/03/2018 14:11","Purchase","'70838153003500244","WXR930","","PRIMAX 95","Billed","13.79","30.33","PSS KOTA DAMANSARA 2","","Standalone","","","31 Mar 2018"
"20/03/2018 21:59","Purchase","'70838153003500244","WXR930","","PRIMAX 95","Billed","21.10","46.00","PSS MUTIARA DAMANSARA","","Standalone","","","31 Mar 2018"
"18/03/2018 21:56","Reload","'70838153003500244","WXR930","","","Billed","","-300.00","PSS KOTA DAMANSARA 2","","Standalone","","","31 Mar 2018"
"18/03/2018 21:52","Purchase","'70838153003500244","WXR930","","PRIMAX 97","Billed","59.60","146.02","PSS KOTA DAMANSARA 2","","Standalone","","","31 Mar 2018"
"18/03/2018 08:58","Purchase","'70838153003500244","WXR930","","PRIMAX 97","Billed","38.18","93.54","PSS JALAN LARKIN","","Standalone","","","31 Mar 2018"
"17/03/2018 14:45","Purchase","'70838153003500244","WXR930","","PRIMAX 97","Billed","51.03","125.02","PSS KOTA DAMANSARA 2","","Standalone","","","31 Mar 2018"
"16/03/2018 20:59","Purchase","'70838153003500244","WXR930","","PRIMAX 97","Billed","38.53","94.40","PSS KOTA DAMANSARA","87542","Standalone","","","31 Mar 2018"
"14/03/2018 12:50","Purchase","'70838153003500244","WXR930","","PRIMAX 95","Billed","41.29","91.24","PSS JALAN TUN RAZAK","78542","Standalone","","","31 Mar 2018"
"12/03/2018 16:22","Purchase","'70838153003500244","WXR930","","PRIMAX 95","Billed","25.92","57.27","PSS BUKIT BANDAR RAYA","","Standalone","","","31 Mar 2018"
"12/03/2018 09:39","Purchase","'70838153003500244","WXR930","","PRIMAX 97","Billed","30.72","75.87","PSS BUKIT BANDAR RAYA","7412","Standalone","","","31 Mar 2018"
"08/03/2018 19:49","Reload","'70838153003500244","WXR930","","","Billed","","-300.00","PSS JALAN KOLAM AYER","","Standalone","","","31 Mar 2018"
"08/03/2018 14:02","Purchase","'70838153003500244","WXR930","","PRIMAX 97","Billed","39.29","97.04","PSS BDR ALAM DAMAI","87545","Standalone","","","31 Mar 2018"
"07/03/2018 22:09","Purchase","'70838153003500244","WXR930","","PRIMAX 97","Billed","40.49","100.00","PSS KOTA DAMANSARA","","Standalone","","","31 Mar 2018"