"Date Time","Transaction Type","Card Number","Vehicle Number","Driver Card Number","Product Type","Billing Type","Transaction Volume (Litres)","Transaction Amount (RM)","Station Name","Odometer","Card Type","Cost Centre","Cost Centre Name","Statement Month"
"09/03/2018 10:05","Purchase","'70838153003496757","WXR810","","PRIMAX 95","Billed","9.05","20.00","PSS KANGAR","1000","Standalone","","","31 Mar 2018"
"08/03/2018 12:00","Purchase","'70838153003496757","WXR810","","PRIMAX 95","Billed","13.58","30.00","PSS BEHOR TEMAK","100","Standalone","","","31 Mar 2018"
"04/03/2018 13:23","Purchase","'70838153003496757","WXR810","","PRIMAX 95","Billed","7.02","15.43","PSS JALAN RAJA SYED ALWI","9999","Standalone","","","31 Mar 2018"
"03/03/2018 14:27","Purchase","'70838153003496757","WXR810","","PRIMAX 95","Billed","10.00","22.00","PSS KANGAR","666","Standalone","","","31 Mar 2018"
"03/03/2018 14:26","Reload","'70838153003496757","WXR810","","","Billed","","-100.00","PSS KANGAR","","Standalone","","","31 Mar 2018"