"Date Time","Transaction Type","Card Number","Vehicle Number","Driver Card Number","Product Type","Billing Type","Transaction Volume (Litres)","Transaction Amount (RM)","Station Name","Odometer","Card Type","Cost Centre","Cost Centre Name","Statement Month"
"25/03/2018 16:11","Purchase","'70838153003501952","WXR737","","PRIMAX 95","Billed","13.64","30.00","PSS AMPANGAN UTAMA JALAN KUALA PILAH","737","Standalone","","","31 Mar 2018"
"23/03/2018 16:22","Purchase","'70838153003501952","WXR737","","PRIMAX 95","Billed","9.09","20.00","PSS REMBIA","737","Standalone","","","31 Mar 2018"
"22/03/2018 10:27","Purchase","'70838153003501952","WXR737","","PRIMAX 95","Billed","18.18","40.00","PSS SENAWANG - PAROI","737","Standalone","","","31 Mar 2018"
"22/03/2018 10:26","Reload","'70838153003501952","WXR737","","","Billed","","-50.00","PSS SENAWANG - PAROI","","Standalone","","","31 Mar 2018"
"16/03/2018 09:45","Purchase","'70838153003501952","WXR737","","PRIMAX 95","Billed","2.75","6.00","PSS AMPANGAN UTAMA JALAN KUALA PILAH","737","Standalone","","","31 Mar 2018"
"16/03/2018 09:43","Reload","'70838153003501952","WXR737","'70838153003501952","","Billed","","-50.00","PSS AMPANGAN UTAMA JALAN KUALA PILAH","","Standalone","","","31 Mar 2018"
"16/03/2018 09:39","Purchase","'70838153003501952","WXR737","","PRIMAX 95","Billed","6.47","14.10","PSS AMPANGAN UTAMA JALAN KUALA PILAH","737","Standalone","","","31 Mar 2018"
"12/03/2018 16:15","Purchase","'70838153003501952","WXR737","","PRIMAX 95","Billed","21.04","46.50","PSS SUNGKAI","737","Standalone","","","31 Mar 2018"
"12/03/2018 09:50","Purchase","'70838153003501952","WXR737","","PRIMAX 95","Billed","28.61","63.23","PSS AMPANGAN UTAMA JALAN KUALA PILAH","737","Standalone","","","31 Mar 2018"
"12/03/2018 09:49","Reload","'70838153003501952","WXR737","'70838153003501952","","Billed","","-100.00","PSS AMPANGAN UTAMA JALAN KUALA PILAH","","Standalone","","","31 Mar 2018"
"09/03/2018 09:21","Purchase","'70838153003501952","WXR737","","PRIMAX 95","Billed","2.26","5.00","PSS AMPANGAN UTAMA JALAN KUALA PILAH","737","Standalone","","","31 Mar 2018"
"03/03/2018 11:15","Purchase","'70838153003501952","WXR737","","PRIMAX 95","Billed","13.64","30.00","PSS AMPANGAN UTAMA JALAN KUALA PILAH","737","Standalone","","","31 Mar 2018"