"Date Time","Transaction Type","Card Number","Vehicle Number","Driver Card Number","Product Type","Billing Type","Transaction Volume (Litres)","Transaction Amount (RM)","Station Name","Odometer","Card Type","Cost Centre","Cost Centre Name","Statement Month"
"29/03/2018 07:35","Purchase","'70838153003498258","WXR425","","PRIMAX 95","Billed","21.82","48.00","PSS KUALA SELANGOR","95","Standalone","","","31 Mar 2018"
"29/03/2018 07:33","Reload","'70838153003498258","WXR425","","","Billed","","-50.00","PSS KUALA SELANGOR","","Standalone","","","31 Mar 2018"
"24/03/2018 17:53","Purchase","'70838153003498258","WXR425","","PRIMAX 95","Billed","11.82","26.00","PSS KUALA SELANGOR","95","Standalone","","","31 Mar 2018"
"24/03/2018 17:51","Reload","'70838153003498258","WXR425","","","Billed","","-20.00","PSS KUALA SELANGOR","","Standalone","","","31 Mar 2018"
"21/03/2018 18:33","Purchase","'70838153003498258","WXR425","","PRIMAX 95","Billed","13.76","30.00","PSS KUALA SELANGOR","95","Standalone","","","31 Mar 2018"
"21/03/2018 18:31","Reload","'70838153003498258","WXR425","","","Billed","","-30.00","PSS KUALA SELANGOR","","Standalone","","","31 Mar 2018"
"19/03/2018 22:14","Purchase","'70838153003498258","WXR425","","PRIMAX 95","Billed","12.84","28.00","PSS KUALA SELANGOR","95","Standalone","","","31 Mar 2018"
"19/03/2018 22:12","Reload","'70838153003498258","WXR425","","","Billed","","-30.00","PSS KUALA SELANGOR","","Standalone","","","31 Mar 2018"
"19/03/2018 00:54","Purchase","'70838153003498258","WXR425","","PRIMAX 95","Billed","11.01","24.00","PSS KUALA SELANGOR","95","Standalone","","","31 Mar 2018"
"19/03/2018 00:53","Reload","'70838153003498258","WXR425","","","Billed","","-25.00","PSS KUALA SELANGOR","","Standalone","","","31 Mar 2018"
"16/03/2018 11:21","Purchase","'70838153003498258","WXR425","","PRIMAX 95","Billed","21.10","46.00","PSS KUALA SELANGOR","95","Standalone","","","31 Mar 2018"
"16/03/2018 11:19","Reload","'70838153003498258","WXR425","","","Billed","","-50.00","PSS KUALA SELANGOR","","Standalone","","","31 Mar 2018"
"14/03/2018 16:07","Purchase","'70838153003498258","WXR425","","PRIMAX 95","Billed","11.77","26.00","PSS JERAM","95","Standalone","","","31 Mar 2018"
"14/03/2018 16:06","Reload","'70838153003498258","WXR425","","","Billed","","-40.00","PSS JERAM","","Standalone","","","31 Mar 2018"
"03/03/2018 14:35","Purchase","'70838153003498258","WXR425","","PRIMAX 95","Billed","13.64","30.00","PSS SETIA ALAM","95","Standalone","","","31 Mar 2018"
"03/03/2018 14:34","Reload","'70838153003498258","WXR425","","","Billed","","-30.00","PSS SETIA ALAM","","Standalone","","","31 Mar 2018"