"Date Time","Transaction Type","Card Number","Vehicle Number","Driver Card Number","Product Type","Billing Type","Transaction Volume (Litres)","Transaction Amount (RM)","Station Name","Odometer","Card Type","Cost Centre","Cost Centre Name","Statement Month"
"31/03/2018 14:27","Reload","'70838153003680400","WXR 2302","","","Un-billed","","-20.00","PSS ELITE LAYBY","","Standalone","","","Unbilled Transaction"
"31/03/2018 14:20","Purchase","'70838153003680400","WXR 2302","","PRIMAX 95","Un-billed","17.00","37.40","PSS ELITE LAYBY","","Standalone","","","Unbilled Transaction"
"29/03/2018 21:28","Purchase","'70838153003680400","WXR 2302","","PRIMAX 95","Billed","18.18","40.00","PSS BDR SAUJANA PUTRA","","Standalone","","","31 Mar 2018"
"29/03/2018 21:19","Reload","'70838153003680400","WXR 2302","","","Billed","","-120.00","PSS BDR SAUJANA PUTRA","","Standalone","","","31 Mar 2018"
"29/03/2018 13:49","Reload","'70838153003680400","WXR 2302","","","Billed","","-10.00","PSS BDR SAUJANA PUTRA","","Standalone","","","31 Mar 2018"