"Date Time","Transaction Type","Card Number","Vehicle Number","Driver Card Number","Product Type","Billing Type","Transaction Volume (Litres)","Transaction Amount (RM)","Station Name","Odometer","Card Type","Cost Centre","Cost Centre Name","Statement Month"
"30/05/2018 21:57","Purchase","'70838153003424676","WXR128","","PRIMAX 95","Un-billed","18.18","40.00","PSS KG. UBAI","","Standalone","","","Unbilled Transaction"
"27/05/2018 17:54","Purchase","'70838153003424676","WXR128","","PRIMAX 95","Un-billed","27.27","60.00","PSS KAMPUNG AWAH","","Standalone","","","Unbilled Transaction"
"27/05/2018 17:53","Reload","'70838153003424676","WXR128","","","Un-billed","","-40.00","PSS KAMPUNG AWAH","","Standalone","","","Unbilled Transaction"
"25/05/2018 22:21","Purchase","'70838153003424676","WXR128","","PRIMAX 95","Un-billed","15.91","35.00","PSS SURA 2","","Standalone","","","Unbilled Transaction"
"25/05/2018 22:19","Reload","'70838153003424676","WXR128","","","Un-billed","","-35.00","PSS SURA 2","","Standalone","","","Unbilled Transaction"
"25/05/2018 14:04","Purchase","'70838153003424676","WXR128","","PRIMAX 95","Un-billed","31.82","70.00","PSS CHERATING SG KARANG","","Standalone","","","Unbilled Transaction"
"25/05/2018 12:18","Reload","'70838153003424676","WXR128","","","Un-billed","","-60.00","PSS JAYA GADING","","Standalone","","","Unbilled Transaction"
"22/05/2018 12:37","Purchase","'70838153003424676","WXR128","","PRIMAX 95","Un-billed","11.37","25.00","PSS JAYA GADING","","Standalone","","","Unbilled Transaction"
"22/05/2018 12:36","Reload","'70838153003424676","WXR128","","","Un-billed","","-30.00","PSS JAYA GADING","","Standalone","","","Unbilled Transaction"
"18/05/2018 17:04","Purchase","'70838153003424676","WXR128","","PRIMAX 95","Un-billed","18.18","40.00","PSS KG. UBAI","","Standalone","","","Unbilled Transaction"
"18/05/2018 17:04","Reload","'70838153003424676","WXR128","","","Un-billed","","-50.00","PSS KG. UBAI","","Standalone","","","Unbilled Transaction"
"17/05/2018 18:01","Purchase","'70838153003424676","WXR128","","PRIMAX 95","Un-billed","20.45","45.00","PSS KG. UBAI","","Standalone","","","Unbilled Transaction"
"17/05/2018 18:00","Reload","'70838153003424676","WXR128","","","Un-billed","","-50.00","PSS KG. UBAI","","Standalone","","","Unbilled Transaction"
"14/05/2018 08:22","Purchase","'70838153003424676","WXR128","","PRIMAX 95","Un-billed","22.73","50.00","PSS JALAN GAMBANG","","Standalone","","","Unbilled Transaction"
"14/05/2018 08:12","Reload","'70838153003424676","WXR128","","","Un-billed","","-34.50","PSS JALAN GAMBANG","","Standalone","","","Unbilled Transaction"
"13/05/2018 12:36","Purchase","'70838153003424676","WXR128","","PRIMAX 95","Un-billed","25.00","55.00","PSS JAYA GADING","","Standalone","","","Unbilled Transaction"
"13/05/2018 12:35","Reload","'70838153003424676","WXR128","","","Un-billed","","-50.00","PSS JAYA GADING","","Standalone","","","Unbilled Transaction"
"12/05/2018 16:27","Purchase","'70838153003424676","WXR128","","PRIMAX 95","Un-billed","25.00","55.00","PSS KG. UBAI","","Standalone","","","Unbilled Transaction"
"12/05/2018 16:26","Reload","'70838153003424676","WXR128","","","Un-billed","","-46.40","PSS KG. UBAI","","Standalone","","","Unbilled Transaction"
"11/05/2018 16:53","Purchase","'70838153003424676","WXR128","","PRIMAX 95","Un-billed","29.55","65.00","PSS PADANG MIDIN","","Standalone","","","Unbilled Transaction"
"11/05/2018 16:52","Reload","'70838153003424676","WXR128","","","Un-billed","","-50.00","PSS PADANG MIDIN","","Standalone","","","Unbilled Transaction"
"10/05/2018 21:39","Purchase","'70838153003424676","WXR128","","PRIMAX 95","Un-billed","18.18","40.00","PSS KG. UBAI","","Standalone","","","Unbilled Transaction"
"10/05/2018 21:38","Reload","'70838153003424676","WXR128","","","Un-billed","","-43.80","PSS KG. UBAI","","Standalone","","","Unbilled Transaction"
"09/05/2018 10:10","Purchase","'70838153003424676","WXR128","","PRIMAX 95","Un-billed","27.27","60.00","PSS KG. UBAI","","Standalone","","","Unbilled Transaction"
"09/05/2018 09:01","Reload","'70838153003424676","WXR128","","","Un-billed","","-66.00","PSS JALAN GAMBANG","","Standalone","","","Unbilled Transaction"
"08/05/2018 10:46","Purchase","'70838153003424676","WXR128","","PRIMAX 95","Un-billed","22.73","50.00","PSS KG. UBAI","","Standalone","","","Unbilled Transaction"
"06/05/2018 20:26","Purchase","'70838153003424676","WXR128","","PRIMAX 95","Un-billed","22.73","50.00","PSS KG. UBAI","","Standalone","","","Unbilled Transaction"
"06/05/2018 20:25","Reload","'70838153003424676","WXR128","","","Un-billed","","-100.00","PSS KG. UBAI","","Standalone","","","Unbilled Transaction"
"06/05/2018 08:25","Purchase","'70838153003424676","WXR128","","PRIMAX 95","Un-billed","22.73","50.00","PSS KG. UBAI","","Standalone","","","Unbilled Transaction"
"06/05/2018 08:23","Reload","'70838153003424676","WXR128","","","Un-billed","","-50.00","PSS KG. UBAI","","Standalone","","","Unbilled Transaction"
"02/05/2018 20:31","Purchase","'70838153003424676","WXR128","","PRIMAX 95","Un-billed","31.82","70.00","PSS KG. UBAI","","Standalone","","","Unbilled Transaction"
"02/05/2018 20:29","Reload","'70838153003424676","WXR128","","","Un-billed","","-50.00","PSS KG. UBAI","","Standalone","","","Unbilled Transaction"
"01/05/2018 19:16","Purchase","'70838153003424676","WXR128","","PRIMAX 95","Un-billed","13.64","30.00","PSS KG. UBAI","","Standalone","","","Unbilled Transaction"