"Date Time","Transaction Type","Card Number","Vehicle Number","Driver Card Number","Product Type","Billing Type","Transaction Volume (Litres)","Transaction Amount (RM)","Station Name","Odometer","Card Type","Cost Centre","Cost Centre Name","Statement Month"
"26/05/2018 18:05","Purchase","'70838153003502125","WXR750","","PRIMAX 95","Un-billed","27.27","60.00","PSS BAYU SENIBONG","566801","Standalone","","","Unbilled Transaction"
"24/05/2018 09:55","Purchase","'70838153003502125","WXR750","","PRIMAX 95","Un-billed","22.73","50.00","PSS JALAN MESJID NEGERI","566045","Standalone","","","Unbilled Transaction"
"23/05/2018 20:32","Purchase","'70838153003502125","WXR750","","PRIMAX 95","Un-billed","40.91","90.00","PSS TANGKAK","565475","Standalone","","","Unbilled Transaction"
"23/05/2018 20:30","Reload","'70838153003502125","WXR750","","","Un-billed","","-100.00","PSS TANGKAK","","Standalone","","","Unbilled Transaction"
"14/05/2018 09:58","Purchase","'70838153003502125","WXR750","","PRIMAX 95","Un-billed","37.72","82.99","PSS JALAN MESJID NEGERI","562012","Standalone","","","Unbilled Transaction"
"14/05/2018 01:34","Purchase","'70838153003502125","WXR750","","PRIMAX 95","Un-billed","36.36","80.00","PSS RAWAT & REHAT (U) SBAN-KL","561588","Standalone","","","Unbilled Transaction"
"13/05/2018 18:01","Reload","'70838153003502125","WXR750","","","Un-billed","","-150.00","PSS LEBUHRAYA PASIR GUDANG 1","","Standalone","","","Unbilled Transaction"
"06/05/2018 11:47","Purchase","'70838153003502125","WXR750","","PRIMAX 95","Un-billed","21.37","47.01","PSS BAYU SENIBONG","558456","Standalone","","","Unbilled Transaction"
"04/05/2018 17:17","Purchase","'70838153003502125","WXR750","","PRIMAX 95","Un-billed","33.98","74.76","PSS LEBUHRAYA PASIR GUDANG 1","557615","Standalone","","","Unbilled Transaction"
"04/05/2018 17:15","Reload","'70838153003502125","WXR750","","","Un-billed","","-100.00","PSS LEBUHRAYA PASIR GUDANG 1","","Standalone","","","Unbilled Transaction"