"Date Time","Transaction Type","Card Number","Vehicle Number","Driver Card Number","Product Type","Billing Type","Transaction Volume (Litres)","Transaction Amount (RM)","Station Name","Odometer","Card Type","Cost Centre","Cost Centre Name","Statement Month"
"30/04/2018 15:58","Purchase","'70838153003735600","WXR 5824","","Diesel","Billed","18.35","40.00","PSS BANDAR JENGKA","","Standalone","","","30 Apr 2018"
"30/04/2018 08:49","Reload","'70838153003735600","WXR 5824","","","Billed","","-100.00","PSS BANDAR JENGKA","","Standalone","","","30 Apr 2018"
"27/04/2018 12:52","Purchase","'70838153003735600","WXR 5824","","PRIMAX 97","Billed","20.24","50.00","PSS KAMPUNG AWAH","","Standalone","","","30 Apr 2018"
"25/04/2018 09:21","Reload","'70838153003735600","WXR 5824","","","Billed","","-300.00","PSS BANDAR JENGKA","","Standalone","","","30 Apr 2018"
"25/04/2018 08:32","Purchase","'70838153003735600","WXR 5824","","PRIMAX 95","Billed","31.82","70.00","PSS BANDAR JENGKA","","Standalone","","","30 Apr 2018"
"24/04/2018 08:43","Purchase","'70838153003735600","WXR 5824","","PRIMAX 95","Billed","45.46","100.00","PSS BANDAR JENGKA","","Standalone","","","30 Apr 2018"
"23/04/2018 08:30","Reload","'70838153003735600","WXR 5824","","","Billed","","-200.00","PSS BANDAR JENGKA","","Standalone","","","30 Apr 2018"
"23/04/2018 08:21","Purchase","'70838153003735600","WXR 5824","","PRIMAX 95","Billed","31.82","70.00","PSS BANDAR JENGKA","","Standalone","","","30 Apr 2018"
"20/04/2018 09:24","Reload","'70838153003735600","WXR 5824","","","Billed","","-100.00","PSS BANDAR JENGKA","","Standalone","","","30 Apr 2018"
"18/04/2018 08:28","Reload","'70838153003735600","WXR 5824","","","Billed","","-30.00","PSS BANDAR JENGKA","","Standalone","","","30 Apr 2018"