"Date Time","Transaction Type","Card Number","Vehicle Number","Driver Card Number","Product Type","Billing Type","Transaction Volume (Litres)","Transaction Amount (RM)","Station Name","Odometer","Card Type","Cost Centre","Cost Centre Name","Statement Month"
"25/04/2018 11:39","Purchase","'70838153003497227","WXR390","","PRIMAX 97","Billed","28.35","70.03","PSS NPE PANTAI DALAM","131816","Standalone","","","30 Apr 2018"
"25/04/2018 11:37","Reload","'70838153003497227","WXR390","","","Billed","","-100.00","PSS NPE PANTAI DALAM","","Standalone","","","30 Apr 2018"
"09/04/2018 08:45","Purchase","'70838153003497227","WXR390","","PRIMAX 97","Billed","28.34","70.00","PSS NPE PANTAI DALAM","135006","Standalone","","","30 Apr 2018"
"09/04/2018 08:43","Reload","'70838153003497227","WXR390","","","Billed","","-50.00","PSS NPE PANTAI DALAM","","Standalone","","","30 Apr 2018"
"03/04/2018 20:32","Purchase","'70838153003497227","WXR390","","PRIMAX 97","Billed","29.59","73.08","PSS ARA DAMANSARA","134506","Standalone","","","30 Apr 2018"