"Date Time","Transaction Type","Card Number","Vehicle Number","Driver Card Number","Product Type","Billing Type","Transaction Volume (Litres)","Transaction Amount (RM)","Station Name","Odometer","Card Type","Cost Centre","Cost Centre Name","Statement Month"
"30/04/2018 17:37","Purchase","'70838153003666383","WXR2038","","Diesel","Billed","41.30","90.03","PSS PUCHONG PRIMA","135910","Standalone","","","30 Apr 2018"
"30/04/2018 17:36","Reload","'70838153003666383","WXR2038","","","Billed","","-100.00","PSS PUCHONG PRIMA","","Standalone","","","30 Apr 2018"
"28/04/2018 21:53","Purchase","'70838153003666383","WXR2038","","Diesel","Billed","25.48","55.55","PSS MRR2 ARAH KEPONG","125634","Standalone","","","30 Apr 2018"
"27/04/2018 12:32","Purchase","'70838153003666383","WXR2038","","Diesel","Billed","37.62","82.00","PSS WANGSA MAJU SEK 2","135549","Standalone","","","30 Apr 2018"
"27/04/2018 12:30","Reload","'70838153003666383","WXR2038","","","Billed","","-150.00","PSS WANGSA MAJU SEK 2","","Standalone","","","30 Apr 2018"
"26/04/2018 09:46","Purchase","'70838153003666383","WXR2038","","Diesel","Billed","24.80","54.07","PSS SUBANG AIRPORT","135386","Standalone","","","30 Apr 2018"
"25/04/2018 15:39","Purchase","'70838153003666383","WXR2038","","Diesel","Billed","29.22","63.69","PSS DATO SERI HJ MOHD ZAIN","135190","Standalone","","","30 Apr 2018"
"25/04/2018 07:00","Purchase","'70838153003666383","WXR2038","","Diesel","Billed","37.72","82.24","PSS TANGKAK","135019","Standalone","","","30 Apr 2018"
"25/04/2018 06:58","Reload","'70838153003666383","WXR2038","","","Billed","","-200.00","PSS TANGKAK","","Standalone","","","30 Apr 2018"
"24/04/2018 19:36","Purchase","'70838153003666383","WXR2038","","Diesel","Billed","26.74","58.30","PSS SUBANG BESTARI","134810","Standalone","","","30 Apr 2018"
"24/04/2018 09:39","Purchase","'70838153003666383","WXR2038","","Diesel","Billed","32.22","70.24","PSS SUBANG AIRPORT","134623","Standalone","","","30 Apr 2018"
"24/04/2018 09:37","Reload","'70838153003666383","WXR2038","","","Billed","","-100.00","PSS SUBANG AIRPORT","","Standalone","","","30 Apr 2018"
"20/04/2018 17:55","Purchase","'70838153003666383","WXR2038","","Diesel","Billed","32.78","71.46","PSS BANDAR SERI PUTRA","13445","Standalone","","","30 Apr 2018"
"20/04/2018 17:53","Reload","'70838153003666383","WXR2038","","","Billed","","-100.00","PSS BANDAR SERI PUTRA","","Standalone","","","30 Apr 2018"
"20/04/2018 17:51","Purchase","'70838153003666383","WXR2038","","Diesel","Billed","1.29","2.81","PSS BANDAR SERI PUTRA","134411","Standalone","","","30 Apr 2018"
"19/04/2018 18:37","Purchase","'70838153003666383","WXR2038","","Diesel","Billed","35.40","77.17","PSS KUANG","132421","Standalone","","","30 Apr 2018"
"18/04/2018 15:32","Purchase","'70838153003666383","WXR2038","","Diesel","Billed","32.12","70.02","PSS BATU 8 JALAN IPOH","133981","Standalone","","","30 Apr 2018"
"18/04/2018 15:30","Reload","'70838153003666383","WXR2038","","","Billed","","-150.00","PSS BATU 8 JALAN IPOH","","Standalone","","","30 Apr 2018"
"16/04/2018 03:36","Purchase","'70838153003666383","WXR2038","","Diesel","Billed","3.39","7.38","PSS GAMBANG RSA EAST","131726","Standalone","","","30 Apr 2018"
"14/04/2018 18:27","Purchase","'70838153003666383","WXR2038","","Diesel","Billed","45.09","98.29","PSS SUBANG BESTARI","132737","Standalone","","","30 Apr 2018"
"12/04/2018 19:16","Purchase","'70838153003666383","WXR2038","","Diesel","Billed","32.18","70.15","PSS SUBANG BESTARI","132553","Standalone","","","30 Apr 2018"
"11/04/2018 19:54","Purchase","'70838153003666383","WXR2038","","Diesel","Billed","34.47","75.14","PSS KUANG","132932","Standalone","","","30 Apr 2018"
"10/04/2018 07:41","Purchase","'70838153003666383","WXR2038","","Diesel","Billed","22.50","49.04","PSS SUBANG BESTARI","132180","Standalone","","","30 Apr 2018"
"09/04/2018 19:40","Reload","'70838153003666383","WXR2038","","","Billed","","-300.00","PSS SUBANG BESTARI","","Standalone","","","30 Apr 2018"
"09/04/2018 19:34","Purchase","'70838153003666383","WXR2038","","Diesel","Billed","22.65","49.38","PSS SUBANG BESTARI","123456","Standalone","","","30 Apr 2018"
"08/04/2018 19:29","Purchase","'70838153003666383","WXR2038","","Diesel (EURO 5)","Billed","22.20","50.62","PSS KL-KARAK","12345","Standalone","","","30 Apr 2018"
"08/04/2018 19:28","Reload","'70838153003666383","WXR2038","","","Billed","","-100.00","PSS KL-KARAK","","Standalone","","","30 Apr 2018"
"08/04/2018 19:25","Purchase","'70838153003666383","WXR2038","","Diesel (EURO 5)","Billed","1.90","4.33","PSS KL-KARAK","123456","Standalone","","","30 Apr 2018"
"06/04/2018 15:43","Purchase","'70838153003666383","WXR2038","","Diesel","Billed","39.45","86.00","PSS SUBANG BESTARI","132059","Standalone","","","30 Apr 2018"
"06/04/2018 08:08","Purchase","'70838153003666383","WXR2038","","Diesel","Billed","37.66","82.11","PSS AIR KEROH RSA SOUTH BOUND","","Standalone","","","30 Apr 2018"
"05/04/2018 10:25","Purchase","'70838153003666383","WXR2038","","Diesel","Billed","35.56","77.52","PSS BATU 6 JALAN IPOH","131523","Standalone","","","30 Apr 2018"
"04/04/2018 21:21","Purchase","'70838153003666383","WXR2038","","Diesel","Billed","45.89","100.04","PSS SUBANG BESTARI","123456","Standalone","","","30 Apr 2018"
"02/04/2018 13:23","Reload","'70838153003666383","WXR2038","","","Billed","","-350.00","PSS SECT 15 BB BANGI","","Standalone","","","30 Apr 2018"