"Date Time","Transaction Type","Card Number","Vehicle Number","Driver Card Number","Product Type","Billing Type","Transaction Volume (Litres)","Transaction Amount (RM)","Station Name","Odometer","Card Type","Cost Centre","Cost Centre Name","Statement Month"
"27/04/2018 19:04","Purchase","'70838153003499058","WXR644","","PRIMAX 95","Billed","2.27","5.00","PSS SELAYANG BY PASS","8030","Standalone","","","30 Apr 2018"
"27/04/2018 09:17","Purchase","'70838153003499058","WXR644","","PRIMAX 95","Billed","4.55","10.00","PSS MRR2 BATU CAVES","8030","Standalone","","","30 Apr 2018"
"26/04/2018 19:58","Purchase","'70838153003499058","WXR644","","PRIMAX 95","Billed","3.18","7.00","PSS MRR2 BATU CAVES","8030","Standalone","","","30 Apr 2018"
"22/04/2018 13:32","Purchase","'70838153003499058","WXR644","","PRIMAX 95","Billed","22.73","50.00","PSS SIMPANG PULAI ARAH SELATAN","8030","Standalone","","","30 Apr 2018"
"22/04/2018 13:30","Reload","'70838153003499058","WXR644","","","Billed","","-100.00","PSS SIMPANG PULAI ARAH SELATAN","","Standalone","","","30 Apr 2018"
"22/04/2018 00:20","Purchase","'70838153003499058","WXR644","","PRIMAX 95","Billed","13.01","28.61","PSS SIMPANG PULAI ARAH SELATAN","8030","Standalone","","","30 Apr 2018"
"17/04/2018 07:56","Purchase","'70838153003499058","WXR644","","PRIMAX 95","Billed","2.89","6.36","PSS MRR2 BATU CAVES","8030","Standalone","","","30 Apr 2018"
"11/04/2018 10:07","Purchase","'70838153003499058","WXR644","","PRIMAX 95","Billed","13.64","30.00","PSS SUNWAY BATU CAVES","8030","Standalone","","","30 Apr 2018"
"11/04/2018 00:43","Purchase","'70838153003499058","WXR644","","PRIMAX 95","Billed","3.18","7.00","PSS TAMAN SRI GOMBAK","8030","Standalone","","","30 Apr 2018"