"Date Time","Transaction Type","Card Number","Vehicle Number","Driver Card Number","Product Type","Billing Type","Transaction Volume (Litres)","Transaction Amount (RM)","Station Name","Odometer","Card Type","Cost Centre","Cost Centre Name","Statement Month"
"21/04/2018 15:27","Purchase","'70838153003496484","WXR361","","PRIMAX 95","Billed","22.30","49.05","PSS CYBERJAYA","","Standalone","","","30 Apr 2018"
"06/04/2018 13:23","Purchase","'70838153003496484","WXR361","","PRIMAX 95","Billed","37.33","82.12","PSS KLIA 1","","Standalone","","","30 Apr 2018"
"05/04/2018 15:32","Purchase","'70838153003496484","WXR361","","PRIMAX 95","Billed","42.34","93.15","PSS SALAK SOUTH","","Standalone","","","30 Apr 2018"
"04/04/2018 17:35","Purchase","'70838153003496484","WXR361","","PRIMAX 95","Billed","34.40","75.68","PSS  LATAR 2 (KLS ARAH KL)","","Standalone","","","30 Apr 2018"
"04/04/2018 17:34","Reload","'70838153003496484","WXR361","","","Billed","","-300.00","PSS  LATAR 2 (KLS ARAH KL)","","Standalone","","","30 Apr 2018"
"03/04/2018 13:12","Purchase","'70838153003496484","WXR361","","PRIMAX 95","Billed","28.83","63.42","PSS CYBERJAYA","","Standalone","","","30 Apr 2018"
"02/04/2018 11:03","Purchase","'70838153003496484","WXR361","","PRIMAX 95","Billed","33.36","73.40","PSS KLIA 1","","Standalone","","","30 Apr 2018"
"01/04/2018 18:12","Purchase","'70838153003496484","WXR361","","PRIMAX 95","Billed","34.31","75.48","PSS NKVE HIGHWAY","","Standalone","","","30 Apr 2018"
"01/04/2018 18:11","Reload","'70838153003496484","WXR361","","","Billed","","-200.00","PSS NKVE HIGHWAY","","Standalone","","","30 Apr 2018"