"Date Time","Transaction Type","Card Number","Vehicle Number","Driver Card Number","Product Type","Billing Type","Transaction Volume (Litres)","Transaction Amount (RM)","Station Name","Odometer","Card Type","Cost Centre","Cost Centre Name","Statement Month"
"20/04/2018 08:32","Purchase","'70838153003499744","WXR921","","PRIMAX 95","Billed","9.09","20.00","PSS NILAI PAJAM","","Standalone","","","30 Apr 2018"
"20/04/2018 08:30","Reload","'70838153003499744","WXR921","","","Billed","","-20.00","PSS NILAI PAJAM","","Standalone","","","30 Apr 2018"
"19/04/2018 08:37","Purchase","'70838153003499744","WXR921","","PRIMAX 95","Billed","9.09","20.00","PSS NILAI PAJAM","","Standalone","","","30 Apr 2018"
"19/04/2018 08:35","Reload","'70838153003499744","WXR921","","","Billed","","-20.00","PSS NILAI PAJAM","","Standalone","","","30 Apr 2018"
"15/04/2018 20:32","Purchase","'70838153003499744","WXR921","","PRIMAX 95","Billed","9.09","20.00","PSS BANDAR BARU NILAI","","Standalone","","","30 Apr 2018"
"15/04/2018 20:30","Reload","'70838153003499744","WXR921","","","Billed","","-20.00","PSS BANDAR BARU NILAI","","Standalone","","","30 Apr 2018"
"13/04/2018 08:24","Purchase","'70838153003499744","WXR921","","PRIMAX 95","Billed","8.18","18.00","PSS NILAI PAJAM","","Standalone","","","30 Apr 2018"
"13/04/2018 08:22","Reload","'70838153003499744","WXR921","","","Billed","","-10.00","PSS NILAI PAJAM","","Standalone","","","30 Apr 2018"
"10/04/2018 09:25","Purchase","'70838153003499744","WXR921","","PRIMAX 95","Billed","9.09","20.00","PSS NILAI PAJAM","","Standalone","","","30 Apr 2018"
"10/04/2018 09:24","Reload","'70838153003499744","WXR921","","","Billed","","-20.00","PSS NILAI PAJAM","","Standalone","","","30 Apr 2018"
"09/04/2018 07:55","Purchase","'70838153003499744","WXR921","","PRIMAX 95","Billed","9.09","20.00","PSS NILAI PAJAM","","Standalone","","","30 Apr 2018"
"09/04/2018 07:54","Reload","'70838153003499744","WXR921","","","Billed","","-20.00","PSS NILAI PAJAM","","Standalone","","","30 Apr 2018"
"06/04/2018 08:20","Purchase","'70838153003499744","WXR921","","PRIMAX 95","Billed","9.09","20.00","PSS NILAI PAJAM","","Standalone","","","30 Apr 2018"
"06/04/2018 08:19","Reload","'70838153003499744","WXR921","","","Billed","","-20.00","PSS NILAI PAJAM","","Standalone","","","30 Apr 2018"
"05/04/2018 08:26","Purchase","'70838153003499744","WXR921","","PRIMAX 95","Billed","9.09","20.00","PSS NILAI PAJAM","","Standalone","","","30 Apr 2018"
"05/04/2018 08:25","Reload","'70838153003499744","WXR921","","","Billed","","-20.00","PSS NILAI PAJAM","","Standalone","","","30 Apr 2018"
"04/04/2018 08:33","Purchase","'70838153003499744","WXR921","","PRIMAX 95","Billed","9.09","20.00","PSS NILAI PAJAM","","Standalone","","","30 Apr 2018"
"04/04/2018 08:31","Reload","'70838153003499744","WXR921","","","Billed","","-20.00","PSS NILAI PAJAM","","Standalone","","","30 Apr 2018"
"02/04/2018 21:32","Purchase","'70838153003499744","WXR921","","PRIMAX 95","Billed","9.09","20.00","PSS NILAI PAJAM","","Standalone","","","30 Apr 2018"
"02/04/2018 21:31","Reload","'70838153003499744","WXR921","","","Billed","","-20.00","PSS NILAI PAJAM","","Standalone","","","30 Apr 2018"