"Date Time","Transaction Type","Card Number","Vehicle Number","Driver Card Number","Product Type","Billing Type","Transaction Volume (Litres)","Transaction Amount (RM)","Station Name","Odometer","Card Type","Cost Centre","Cost Centre Name","Statement Month"
"16/04/2018 09:29","Purchase","'70838153003424148","WXR300","","PRIMAX 95","Billed","9.09","20.00","PSS BATU FERINGGI","","Standalone","","","30 Apr 2018"
"16/04/2018 09:28","Reload","'70838153003424148","WXR300","","","Billed","","-20.00","PSS BATU FERINGGI","","Standalone","","","30 Apr 2018"
"13/04/2018 17:22","Purchase","'70838153003424148","WXR300","","PRIMAX 95","Billed","9.09","20.00","PSS BATU FERINGGI","","Standalone","","","30 Apr 2018"
"13/04/2018 09:51","Purchase","'70838153003424148","WXR300","","PRIMAX 95","Billed","22.73","50.00","PSS BATU FERINGGI","","Standalone","","","30 Apr 2018"
"13/04/2018 09:49","Reload","'70838153003424148","WXR300","","","Billed","","-50.00","PSS BATU FERINGGI","","Standalone","","","30 Apr 2018"
"11/04/2018 10:27","Purchase","'70838153003424148","WXR300","","PRIMAX 97","Billed","20.24","50.00","PSS BATU FERINGGI","","Standalone","","","30 Apr 2018"
"11/04/2018 10:26","Reload","'70838153003424148","WXR300","","","Billed","","-50.00","PSS BATU FERINGGI","","Standalone","","","30 Apr 2018"
"09/04/2018 20:35","Purchase","'70838153003424148","WXR300","","PRIMAX 95","Billed","9.09","20.00","PSS BATU FERINGGI","","Standalone","","","30 Apr 2018"
"09/04/2018 20:34","Reload","'70838153003424148","WXR300","","","Billed","","-30.00","PSS BATU FERINGGI","","Standalone","","","30 Apr 2018"
"09/04/2018 08:43","Purchase","'70838153003424148","WXR300","","PRIMAX 95","Billed","9.09","20.00","PSS BATU FERINGGI","","Standalone","","","30 Apr 2018"
"09/04/2018 08:42","Reload","'70838153003424148","WXR300","","","Billed","","-30.00","PSS BATU FERINGGI","","Standalone","","","30 Apr 2018"
"07/04/2018 12:01","Purchase","'70838153003424148","WXR300","","PRIMAX 95","Billed","9.09","20.00","PSS BATU FERINGGI","","Standalone","","","30 Apr 2018"
"07/04/2018 12:00","Reload","'70838153003424148","WXR300","","","Billed","","-20.00","PSS BATU FERINGGI","","Standalone","","","30 Apr 2018"
"02/04/2018 11:11","Purchase","'70838153003424148","WXR300","","PRIMAX 95","Billed","9.09","20.00","PSS BATU FERINGGI","","Standalone","","","30 Apr 2018"
"01/04/2018 18:11","Purchase","'70838153003424148","WXR300","","PRIMAX 95","Billed","9.09","20.00","PSS BATU FERINGGI","","Standalone","","","30 Apr 2018"
"01/04/2018 18:10","Reload","'70838153003424148","WXR300","","","Billed","","-20.00","PSS BATU FERINGGI","","Standalone","","","30 Apr 2018"