"Date Time","Transaction Type","Card Number","Vehicle Number","Driver Card Number","Product Type","Billing Type","Transaction Volume (Litres)","Transaction Amount (RM)","Station Name","Odometer","Card Type","Cost Centre","Cost Centre Name","Statement Month"
"21/04/2018 21:37","Purchase","'70838153003495866","WXR549","","PRIMAX 95","Billed","22.73","50.00","PSS TAMAN RIA SG PETANI","","Standalone","","","30 Apr 2018"
"21/04/2018 21:36","Reload","'70838153003495866","WXR549","","","Billed","","-50.00","PSS TAMAN RIA SG PETANI","","Standalone","","","30 Apr 2018"
"21/04/2018 09:37","Purchase","'70838153003495866","WXR549","","PRIMAX 95","Billed","22.73","50.00","PSS BATU FERINGGI","","Standalone","","","30 Apr 2018"
"21/04/2018 09:35","Reload","'70838153003495866","WXR549","","","Billed","","-50.00","PSS BATU FERINGGI","","Standalone","","","30 Apr 2018"
"20/04/2018 10:01","Purchase","'70838153003495866","WXR549","","PRIMAX 95","Billed","13.64","30.00","PSS BATU FERINGGI","","Standalone","","","30 Apr 2018"
"20/04/2018 09:59","Reload","'70838153003495866","WXR549","","","Billed","","-50.00","PSS BATU FERINGGI","","Standalone","","","30 Apr 2018"
"14/04/2018 10:23","Purchase","'70838153003495866","WXR549","","PRIMAX 95","Billed","4.20","9.23","PSS BATU FERINGGI","","Standalone","","","30 Apr 2018"
"13/04/2018 12:09","Purchase","'70838153003495866","WXR549","","PRIMAX 95","Billed","22.73","50.00","PSS SIMPANG PULAI ARAH UTARA","","Standalone","","","30 Apr 2018"
"13/04/2018 12:06","Reload","'70838153003495866","WXR549","","","Billed","","-50.00","PSS SIMPANG PULAI ARAH UTARA","","Standalone","","","30 Apr 2018"
"12/04/2018 16:47","Purchase","'70838153003495866","WXR549","","PRIMAX 95","Billed","13.64","30.00","PSS JLN KUCHING","","Standalone","","","30 Apr 2018"
"12/04/2018 07:18","Purchase","'70838153003495866","WXR549","","PRIMAX 95","Billed","44.78","98.51","PSS BATU FERINGGI","","Standalone","","","30 Apr 2018"
"12/04/2018 07:15","Reload","'70838153003495866","WXR549","","","Billed","","-100.00","PSS BATU FERINGGI","","Standalone","","","30 Apr 2018"
"09/04/2018 10:46","Purchase","'70838153003495866","WXR549","","PRIMAX 95","Billed","33.55","73.80","PSS BATU FERINGGI","","Standalone","","","30 Apr 2018"
"09/04/2018 10:44","Reload","'70838153003495866","WXR549","","","Billed","","-100.00","PSS BATU FERINGGI","","Standalone","","","30 Apr 2018"
"08/04/2018 08:34","Purchase","'70838153003495866","WXR549","","PRIMAX 95","Billed","22.73","50.00","PSS BALIK PULAU 2 (LOT 106)","","Standalone","","","30 Apr 2018"
"08/04/2018 08:32","Reload","'70838153003495866","WXR549","","","Billed","","-50.00","PSS BALIK PULAU 2 (LOT 106)","","Standalone","","","30 Apr 2018"
"01/04/2018 11:06","Purchase","'70838153003495866","WXR549","","PRIMAX 95","Billed","22.73","50.00","PSS BATU FERINGGI","","Standalone","","","30 Apr 2018"
"01/04/2018 11:04","Reload","'70838153003495866","WXR549","","","Billed","","-50.00","PSS BATU FERINGGI","","Standalone","","","30 Apr 2018"