"Date Time","Transaction Type","Card Number","Vehicle Number","Driver Card Number","Product Type","Billing Type","Transaction Volume (Litres)","Transaction Amount (RM)","Station Name","Odometer","Card Type","Cost Centre","Cost Centre Name","Statement Month"
"30/04/2018 14:35","Purchase","'70838153003666631","WXR2003","","Diesel","Billed","38.73","84.42","PSS USJ 20","237723","Standalone","","","30 Apr 2018"
"28/04/2018 21:07","Purchase","'70838153003666631","WXR2003","","Diesel","Billed","36.70","80.00","PSS SUNGAI CHOH RAWANG","","Standalone","","","30 Apr 2018"
"25/04/2018 13:19","Purchase","'70838153003666631","WXR2003","","Diesel","Billed","50.46","110.00","PSS JALAN PLUMBUM","276904","Standalone","","","30 Apr 2018"
"25/04/2018 13:15","Purchase","'70838153003666631","WXR2003","","PRIMAX 95","Billed","32.28","71.00","PSS JALAN PLUMBUM","","Standalone","","","30 Apr 2018"
"21/04/2018 10:29","Purchase","'70838153003666631","WXR2003","","Diesel","Billed","31.39","68.43","PSS JALAN PLUMBUM","","Standalone","","","30 Apr 2018"
"20/04/2018 13:28","Purchase","'70838153003666631","WXR2003","","Diesel","Billed","53.26","116.10","PSS JALAN PLUMBUM","","Standalone","","","30 Apr 2018"
"20/04/2018 13:27","Reload","'70838153003666631","WXR2003","","","Billed","","-500.00","PSS JALAN PLUMBUM","","Standalone","","","30 Apr 2018"
"17/04/2018 19:35","Purchase","'70838153003666631","WXR2003","","Diesel","Billed","32.11","70.01","PSS PAGOH","276087","Standalone","","","30 Apr 2018"
"17/04/2018 12:35","Purchase","'70838153003666631","WXR2003","","Diesel","Billed","53.92","117.53","PSS BAKRI 1 MUAR","275860","Standalone","","","30 Apr 2018"
"17/04/2018 01:16","Purchase","'70838153003666631","WXR2003","","Diesel","Billed","28.36","61.83","PSS BAKRI 2 MUAR","275473","Standalone","","","30 Apr 2018"
"16/04/2018 18:36","Purchase","'70838153003666631","WXR2003","","Diesel","Billed","54.17","118.09","PSS JALAN PLUMBUM","275256","Standalone","","","30 Apr 2018"
"13/04/2018 15:26","Purchase","'70838153003666631","WXR2003","","PRIMAX 95","Billed","22.73","50.00","PSS NKVE KLANG BOUND","","Standalone","","","30 Apr 2018"
"12/04/2018 17:25","Reload","'70838153003666631","WXR2003","","","Billed","","-500.00","PSS JALAN PLUMBUM","","Standalone","","","30 Apr 2018"