"Date Time","Transaction Type","Card Number","Vehicle Number","Driver Card Number","Product Type","Billing Type","Transaction Volume (Litres)","Transaction Amount (RM)","Station Name","Odometer","Card Type","Cost Centre","Cost Centre Name","Statement Month"
"26/04/2018 09:59","Purchase","'70838153003498423","WXR876","","PRIMAX 95","Billed","22.73","50.00","PSS LEBUHRAYA SILK","","Standalone","","","30 Apr 2018"
"20/04/2018 19:07","Purchase","'70838153003498423","WXR876","","PRIMAX 95","Billed","22.73","50.00","PSS LEBUHRAYA SILK","","Standalone","","","30 Apr 2018"
"20/04/2018 19:06","Reload","'70838153003498423","WXR876","","","Billed","","-100.00","PSS LEBUHRAYA SILK","","Standalone","","","30 Apr 2018"
"16/04/2018 09:31","Purchase","'70838153003498423","WXR876","","PRIMAX 95","Billed","22.73","50.00","PSS LEBUHRAYA SILK","","Standalone","","","30 Apr 2018"
"12/04/2018 13:49","Purchase","'70838153003498423","WXR876","","PRIMAX 95","Billed","22.73","50.00","PSS LOT 4783 BUKIT JALIL","","Standalone","","","30 Apr 2018"
"12/04/2018 13:47","Reload","'70838153003498423","WXR876","","","Billed","","-100.00","PSS LOT 4783 BUKIT JALIL","","Standalone","","","30 Apr 2018"