"Date Time","Transaction Type","Card Number","Vehicle Number","Driver Card Number","Product Type","Billing Type","Transaction Volume (Litres)","Transaction Amount (RM)","Station Name","Odometer","Card Type","Cost Centre","Cost Centre Name","Statement Month"
"29/04/2018 23:07","Purchase","'70838153003424270","WXR294","","PRIMAX 95","Billed","7.00","15.41","PSS BUKIT NANDING","","Standalone","","","30 Apr 2018"
"22/04/2018 19:06","Purchase","'70838153003424270","WXR294","","PRIMAX 95","Billed","11.36","25.00","PSS BUKIT NANDING","","Standalone","","","30 Apr 2018"
"18/04/2018 19:20","Purchase","'70838153003424270","WXR294","","PRIMAX 95","Billed","13.64","30.00","PSS JALAN LANGAT","","Standalone","","","30 Apr 2018"
"18/04/2018 19:18","Reload","'70838153003424270","WXR294","","","Billed","","-50.00","PSS JALAN LANGAT","","Standalone","","","30 Apr 2018"
"13/04/2018 19:51","Purchase","'70838153003424270","WXR294","","PRIMAX 95","Billed","13.64","30.00","PSS KESAS ARAH SUBANG","","Standalone","","","30 Apr 2018"
"13/04/2018 19:48","Reload","'70838153003424270","WXR294","","","Billed","","-50.00","PSS KESAS ARAH SUBANG","","Standalone","","","30 Apr 2018"
"08/04/2018 07:23","Purchase","'70838153003424270","WXR294","","PRIMAX 95","Billed","9.09","20.00","PSS PEKAN BARU HICOM","","Standalone","","","30 Apr 2018"