"Date Time","Transaction Type","Card Number","Vehicle Number","Driver Card Number","Product Type","Billing Type","Transaction Volume (Litres)","Transaction Amount (RM)","Station Name","Odometer","Card Type","Cost Centre","Cost Centre Name","Statement Month"
"29/04/2018 11:57","Purchase","'70838153003501234","WXR985","","PRIMAX 95","Billed","25.00","55.00","PSS JLN KUCHING","","Standalone","","","30 Apr 2018"
"27/04/2018 14:47","Purchase","'70838153003501234","WXR985","","PRIMAX 95","Billed","20.00","44.00","PSS KLIA 1","","Standalone","","","30 Apr 2018"
"26/04/2018 04:19","Purchase","'70838153003501234","WXR985","","PRIMAX 95","Billed","30.00","66.00","PSS JALAN JAMBU JERTEH","","Standalone","","","30 Apr 2018"
"25/04/2018 14:36","Purchase","'70838153003501234","WXR985","","PRIMAX 95","Billed","25.00","55.00","PSS JALAN JAMBU JERTEH","","Standalone","","","30 Apr 2018"
"25/04/2018 14:34","Reload","'70838153003501234","WXR985","","","Billed","","-300.00","PSS JALAN JAMBU JERTEH","","Standalone","","","30 Apr 2018"
"22/04/2018 20:37","Purchase","'70838153003501234","WXR985","","PRIMAX 95","Billed","22.73","50.00","PSS JALAN SELANGOR","","Standalone","","","30 Apr 2018"
"22/04/2018 13:03","Reload","'70838153003501234","WXR985","","","Billed","","-100.00","PSS JLN KUCHING","","Standalone","","","30 Apr 2018"
"22/04/2018 12:58","Purchase","'70838153003501234","WXR985","","PRIMAX 95","Billed","15.75","34.65","PSS JLN KUCHING","","Standalone","","","30 Apr 2018"
"21/04/2018 12:56","Purchase","'70838153003501234","WXR985","","PRIMAX 95","Billed","25.00","55.00","PSS JLN KUCHING","","Standalone","","","30 Apr 2018"
"19/04/2018 19:20","Purchase","'70838153003501234","WXR985","","PRIMAX 95","Billed","25.00","55.00","PSS BRICKFIELDS","","Standalone","","","30 Apr 2018"
"18/04/2018 11:47","Purchase","'70838153003501234","WXR985","","PRIMAX 95","Billed","20.00","44.00","PSS KLIA 1","","Standalone","","","30 Apr 2018"
"17/04/2018 17:42","Purchase","'70838153003501234","WXR985","","PRIMAX 95","Billed","20.00","44.00","PSS CYBERJAYA","","Standalone","","","30 Apr 2018"
"17/04/2018 17:40","Reload","'70838153003501234","WXR985","","","Billed","","-100.00","PSS CYBERJAYA","","Standalone","","","30 Apr 2018"
"15/04/2018 18:35","Purchase","'70838153003501234","WXR985","","PRIMAX 95","Billed","25.00","55.00","PSS JLN KUCHING","","Standalone","","","30 Apr 2018"
"15/04/2018 10:58","Purchase","'70838153003501234","WXR985","","PRIMAX 95","Billed","15.00","33.00","PSS JALAN JAMBU JERTEH","","Standalone","","","30 Apr 2018"
"13/04/2018 15:41","Purchase","'70838153003501234","WXR985","","PRIMAX 95","Billed","31.82","70.00","PSS JALAN JAMBU JERTEH","","Standalone","","","30 Apr 2018"
"13/04/2018 15:40","Reload","'70838153003501234","WXR985","","","Billed","","-200.00","PSS JALAN JAMBU JERTEH","","Standalone","","","30 Apr 2018"
"12/04/2018 22:13","Purchase","'70838153003501234","WXR985","","PRIMAX 95","Billed","22.73","50.00","PSS JAYA GADING","","Standalone","","","30 Apr 2018"
"12/04/2018 00:42","Purchase","'70838153003501234","WXR985","","PRIMAX 95","Billed","18.18","40.00","PSS GAMBANG RSA EAST","","Standalone","","","30 Apr 2018"
"11/04/2018 22:29","Purchase","'70838153003501234","WXR985","","PRIMAX 95","Billed","25.00","55.00","PSS KL-KARAK","","Standalone","","","30 Apr 2018"
"11/04/2018 22:28","Reload","'70838153003501234","WXR985","","","Billed","","-200.00","PSS KL-KARAK","","Standalone","","","30 Apr 2018"
"10/04/2018 13:54","Purchase","'70838153003501234","WXR985","","PRIMAX 95","Billed","15.00","33.00","PSS JLN KUCHING","","Standalone","","","30 Apr 2018"
"09/04/2018 18:07","Purchase","'70838153003501234","WXR985","","PRIMAX 95","Billed","18.18","40.00","PSS LOT 353 JLN CHERAS","","Standalone","","","30 Apr 2018"
"08/04/2018 19:35","Purchase","'70838153003501234","WXR985","","PRIMAX 95","Billed","22.73","50.00","PSS JLN KUCHING","","Standalone","","","30 Apr 2018"
"08/04/2018 19:32","Reload","'70838153003501234","WXR985","","","Billed","","-100.00","PSS JLN KUCHING","","Standalone","","","30 Apr 2018"
"07/04/2018 17:12","Purchase","'70838153003501234","WXR985","","PRIMAX 95","Billed","27.27","60.00","PSS TAMAN SEGAR","","Standalone","","","30 Apr 2018"
"06/04/2018 06:16","Purchase","'70838153003501234","WXR985","","PRIMAX 95","Billed","22.73","50.00","PSS JLN KUCHING","","Standalone","","","30 Apr 2018"
"02/04/2018 14:54","Purchase","'70838153003501234","WXR985","","PRIMAX 95","Billed","13.64","30.00","PSS JLN KUCHING","","Standalone","","","30 Apr 2018"
"02/04/2018 14:52","Reload","'70838153003501234","WXR985","","","Billed","","-100.00","PSS JLN KUCHING","","Standalone","","","30 Apr 2018"
"01/04/2018 15:54","Purchase","'70838153003501234","WXR985","","PRIMAX 95","Billed","27.27","60.00","PSS BRICKFIELDS","","Standalone","","","30 Apr 2018"