"Date Time","Transaction Type","Card Number","Vehicle Number","Driver Card Number","Product Type","Billing Type","Transaction Volume (Litres)","Transaction Amount (RM)","Station Name","Odometer","Card Type","Cost Centre","Cost Centre Name","Statement Month"
"12/04/2018 20:14","Purchase","'70838153003500319","WXR675","","PRIMAX 95","Billed","13.64","30.00","PSS KAMPUNG RAJA BESUT","","Standalone","","","30 Apr 2018"
"12/04/2018 20:12","Reload","'70838153003500319","WXR675","'70838153003500319","","Billed","","-30.00","PSS KAMPUNG RAJA BESUT","","Standalone","","","30 Apr 2018"
"11/04/2018 20:59","Purchase","'70838153003500319","WXR675","","PRIMAX 95","Billed","22.73","50.00","PSS KAMPUNG RAJA BESUT","","Standalone","","","30 Apr 2018"
"11/04/2018 20:57","Reload","'70838153003500319","WXR675","'70838153003500319","","Billed","","-50.00","PSS KAMPUNG RAJA BESUT","","Standalone","","","30 Apr 2018"
"05/04/2018 20:02","Purchase","'70838153003500319","WXR675","","PRIMAX 95","Billed","22.73","50.00","PSS KAMPUNG RAJA BESUT","","Standalone","","","30 Apr 2018"
"05/04/2018 20:01","Reload","'70838153003500319","WXR675","'70838153003500319","","Billed","","-50.00","PSS KAMPUNG RAJA BESUT","","Standalone","","","30 Apr 2018"
"02/04/2018 21:09","Purchase","'70838153003500319","WXR675","","PRIMAX 95","Billed","22.73","50.00","PSS KAMPUNG RAJA BESUT","","Standalone","","","30 Apr 2018"
"02/04/2018 21:07","Reload","'70838153003500319","WXR675","'70838153003500319","","Billed","","-50.00","PSS KAMPUNG RAJA BESUT","","Standalone","","","30 Apr 2018"