"Date Time","Transaction Type","Card Number","Vehicle Number","Driver Card Number","Product Type","Billing Type","Transaction Volume (Litres)","Transaction Amount (RM)","Station Name","Odometer","Card Type","Cost Centre","Cost Centre Name","Statement Month"
"17/04/2018 13:21","Purchase","'70838153003424155","WXR299","","PRIMAX 95","Billed","31.82","70.00","PSS KLANG SENTRAL","","Standalone","","","30 Apr 2018"
"17/04/2018 13:20","Reload","'70838153003424155","WXR299","","","Billed","","-70.00","PSS KLANG SENTRAL","","Standalone","","","30 Apr 2018"
"10/04/2018 19:42","Purchase","'70838153003424155","WXR299","","PRIMAX 95","Billed","22.73","50.00","PSS KLANG SENTRAL","","Standalone","","","30 Apr 2018"
"10/04/2018 19:38","Reload","'70838153003424155","WXR299","","","Billed","","-50.00","PSS KLANG SENTRAL","","Standalone","","","30 Apr 2018"
"09/04/2018 15:36","Purchase","'70838153003424155","WXR299","","PRIMAX 95","Billed","22.73","50.00","PSS SEKSYEN 18","","Standalone","","","30 Apr 2018"
"09/04/2018 15:33","Reload","'70838153003424155","WXR299","","","Billed","","-50.00","PSS SEKSYEN 18","","Standalone","","","30 Apr 2018"
"08/04/2018 21:38","Purchase","'70838153003424155","WXR299","","PRIMAX 95","Billed","13.64","30.00","PSS KM 12.3 LEBUHRAYA PERSEKUTUAN","","Standalone","","","30 Apr 2018"
"08/04/2018 21:36","Reload","'70838153003424155","WXR299","","","Billed","","-30.00","PSS KM 12.3 LEBUHRAYA PERSEKUTUAN","","Standalone","","","30 Apr 2018"