"Date Time","Transaction Type","Card Number","Vehicle Number","Driver Card Number","Product Type","Billing Type","Transaction Volume (Litres)","Transaction Amount (RM)","Station Name","Odometer","Card Type","Cost Centre","Cost Centre Name","Statement Month"
"17/04/2018 15:38","Purchase","'70838153003423173","WXR91","","PRIMAX 95","Billed","22.73","50.00","PSS PADANG RENGAS","","Standalone","","","30 Apr 2018"
"17/04/2018 15:36","Reload","'70838153003423173","WXR91","","","Billed","","-50.00","PSS PADANG RENGAS","","Standalone","","","30 Apr 2018"
"14/04/2018 23:38","Purchase","'70838153003423173","WXR91","","PRIMAX 95","Billed","22.73","50.00","PSS PANTAI REMIS","","Standalone","","","30 Apr 2018"
"14/04/2018 23:37","Reload","'70838153003423173","WXR91","","","Billed","","-20.00","PSS PANTAI REMIS","","Standalone","","","30 Apr 2018"
"12/04/2018 14:01","Purchase","'70838153003423173","WXR91","","PRIMAX 95","Billed","27.27","60.00","PSS PADANG RENGAS","","Standalone","","","30 Apr 2018"
"12/04/2018 14:00","Reload","'70838153003423173","WXR91","","","Billed","","-40.00","PSS PADANG RENGAS","","Standalone","","","30 Apr 2018"