"Date Time","Transaction Type","Card Number","Vehicle Number","Driver Card Number","Product Type","Billing Type","Transaction Volume (Litres)","Transaction Amount (RM)","Station Name","Odometer","Card Type","Cost Centre","Cost Centre Name","Statement Month"
"20/04/2018 08:41","Purchase","'70838153003424106","WXR277","","PRIMAX 95","Billed","13.64","30.00","PSS SUNGAI MERAB KAJANG","30","Standalone","","","30 Apr 2018"
"20/04/2018 08:40","Reload","'70838153003424106","WXR277","","","Billed","","-50.00","PSS SUNGAI MERAB KAJANG","","Standalone","","","30 Apr 2018"
"17/04/2018 09:51","Purchase","'70838153003424106","WXR277","","PRIMAX 95","Billed","13.64","30.00","PSS SUNGAI MERAB KAJANG","30","Standalone","","","30 Apr 2018"
"15/04/2018 16:32","Purchase","'70838153003424106","WXR277","","PRIMAX 95","Billed","13.64","30.00","PSS KLIA 1","30","Standalone","","","30 Apr 2018"
"15/04/2018 16:31","Reload","'70838153003424106","WXR277","","","Billed","","-50.00","PSS KLIA 1","","Standalone","","","30 Apr 2018"
"10/04/2018 09:31","Purchase","'70838153003424106","WXR277","","PRIMAX 95","Billed","13.64","30.00","PSS PANTAI KOK","30","Standalone","","","30 Apr 2018"
"02/04/2018 07:59","Purchase","'70838153003424106","WXR277","","PRIMAX 95","Billed","13.64","30.00","PSS SEKSYEN 7 BANGI","30","Standalone","","","30 Apr 2018"