"Date Time","Transaction Type","Card Number","Vehicle Number","Driver Card Number","Product Type","Billing Type","Transaction Volume (Litres)","Transaction Amount (RM)","Station Name","Odometer","Card Type","Cost Centre","Cost Centre Name","Statement Month"
"27/04/2018 14:50","Purchase","'70838153003423462","WXR258","","PRIMAX 95","Billed","10.00","22.00","PSS LEBUHRAYA SPRINT","","Standalone","","","30 Apr 2018"
"27/04/2018 14:48","Reload","'70838153003423462","WXR258","","","Billed","","-22.00","PSS LEBUHRAYA SPRINT","","Standalone","","","30 Apr 2018"
"26/04/2018 07:43","Purchase","'70838153003423462","WXR258","","PRIMAX 95","Billed","9.09","20.00","PSS MUTIARA DAMANSARA","","Standalone","","","30 Apr 2018"
"26/04/2018 07:37","Reload","'70838153003423462","WXR258","","","Billed","","-20.00","PSS MUTIARA DAMANSARA","","Standalone","","","30 Apr 2018"
"25/04/2018 07:43","Purchase","'70838153003423462","WXR258","","PRIMAX 95","Billed","10.00","22.00","PSS MUTIARA DAMANSARA","","Standalone","","","30 Apr 2018"
"25/04/2018 07:40","Reload","'70838153003423462","WXR258","","","Billed","","-20.00","PSS MUTIARA DAMANSARA","","Standalone","","","30 Apr 2018"
"24/04/2018 07:59","Purchase","'70838153003423462","WXR258","","PRIMAX 95","Billed","10.00","22.00","PSS MUTIARA DAMANSARA","","Standalone","","","30 Apr 2018"
"24/04/2018 07:54","Reload","'70838153003423462","WXR258","","","Billed","","-20.00","PSS MUTIARA DAMANSARA","","Standalone","","","30 Apr 2018"
"20/04/2018 07:54","Purchase","'70838153003423462","WXR258","","PRIMAX 95","Billed","10.00","22.00","PSS MUTIARA DAMANSARA","","Standalone","","","30 Apr 2018"
"20/04/2018 07:49","Reload","'70838153003423462","WXR258","","","Billed","","-25.00","PSS MUTIARA DAMANSARA","","Standalone","","","30 Apr 2018"
"19/04/2018 07:44","Purchase","'70838153003423462","WXR258","","PRIMAX 95","Billed","10.00","22.00","PSS MUTIARA DAMANSARA","","Standalone","","","30 Apr 2018"
"19/04/2018 07:42","Reload","'70838153003423462","WXR258","","","Billed","","-20.00","PSS MUTIARA DAMANSARA","","Standalone","","","30 Apr 2018"
"18/04/2018 13:48","Purchase","'70838153003423462","WXR258","","PRIMAX 95","Billed","10.00","22.00","PSS KM5.75 PENCHALA LINK","","Standalone","","","30 Apr 2018"
"18/04/2018 13:47","Reload","'70838153003423462","WXR258","","","Billed","","-20.00","PSS KM5.75 PENCHALA LINK","","Standalone","","","30 Apr 2018"
"17/04/2018 15:29","Purchase","'70838153003423462","WXR258","","PRIMAX 95","Billed","10.00","22.00","PSS MUTIARA DAMANSARA","","Standalone","","","30 Apr 2018"
"17/04/2018 15:27","Reload","'70838153003423462","WXR258","","","Billed","","-20.00","PSS MUTIARA DAMANSARA","","Standalone","","","30 Apr 2018"
"16/04/2018 11:25","Purchase","'70838153003423462","WXR258","","PRIMAX 95","Billed","10.00","22.00","PSS ARA DAMANSARA","","Standalone","","","30 Apr 2018"
"16/04/2018 11:24","Reload","'70838153003423462","WXR258","","","Billed","","-25.00","PSS ARA DAMANSARA","","Standalone","","","30 Apr 2018"
"12/04/2018 07:57","Purchase","'70838153003423462","WXR258","","PRIMAX 95","Billed","5.46","12.00","PSS MUTIARA DAMANSARA","","Standalone","","","30 Apr 2018"
"12/04/2018 07:42","Reload","'70838153003423462","WXR258","","","Billed","","-10.00","PSS MUTIARA DAMANSARA","","Standalone","","","30 Apr 2018"
"11/04/2018 07:33","Purchase","'70838153003423462","WXR258","","PRIMAX 95","Billed","10.00","22.00","PSS MUTIARA DAMANSARA","","Standalone","","","30 Apr 2018"
"11/04/2018 07:32","Reload","'70838153003423462","WXR258","","","Billed","","-20.00","PSS MUTIARA DAMANSARA","","Standalone","","","30 Apr 2018"
"09/04/2018 19:44","Purchase","'70838153003423462","WXR258","","PRIMAX 95","Billed","10.00","22.00","PSS MUTIARA DAMANSARA","","Standalone","","","30 Apr 2018"
"09/04/2018 19:43","Reload","'70838153003423462","WXR258","","","Billed","","-20.00","PSS MUTIARA DAMANSARA","","Standalone","","","30 Apr 2018"
"07/04/2018 19:30","Purchase","'70838153003423462","WXR258","","PRIMAX 95","Billed","10.00","22.00","PSS DAMANSARA JAYA 2","","Standalone","","","30 Apr 2018"
"07/04/2018 19:28","Reload","'70838153003423462","WXR258","","","Billed","","-25.00","PSS DAMANSARA JAYA 2","","Standalone","","","30 Apr 2018"
"06/04/2018 07:41","Purchase","'70838153003423462","WXR258","","PRIMAX 95","Billed","10.00","22.00","PSS MUTIARA DAMANSARA","","Standalone","","","30 Apr 2018"
"06/04/2018 07:40","Reload","'70838153003423462","WXR258","","","Billed","","-20.00","PSS MUTIARA DAMANSARA","","Standalone","","","30 Apr 2018"
"05/04/2018 07:34","Purchase","'70838153003423462","WXR258","","PRIMAX 95","Billed","10.00","22.00","PSS MUTIARA DAMANSARA","","Standalone","","","30 Apr 2018"
"05/04/2018 07:33","Reload","'70838153003423462","WXR258","","","Billed","","-22.00","PSS MUTIARA DAMANSARA","","Standalone","","","30 Apr 2018"
"04/04/2018 07:31","Purchase","'70838153003423462","WXR258","","PRIMAX 95","Billed","10.00","22.00","PSS MUTIARA DAMANSARA","","Standalone","","","30 Apr 2018"
"04/04/2018 07:30","Reload","'70838153003423462","WXR258","","","Billed","","-25.00","PSS MUTIARA DAMANSARA","","Standalone","","","30 Apr 2018"
"02/04/2018 07:29","Purchase","'70838153003423462","WXR258","","PRIMAX 95","Billed","4.55","10.00","PSS MUTIARA DAMANSARA","","Standalone","","","30 Apr 2018"
"02/04/2018 07:28","Reload","'70838153003423462","WXR258","","","Billed","","-10.00","PSS MUTIARA DAMANSARA","","Standalone","","","30 Apr 2018"
"01/04/2018 11:48","Purchase","'70838153003423462","WXR258","","PRIMAX 95","Billed","4.55","10.00","PSS DAMANSARA JAYA 2","","Standalone","","","30 Apr 2018"
"01/04/2018 11:47","Reload","'70838153003423462","WXR258","","","Billed","","-10.00","PSS DAMANSARA JAYA 2","","Standalone","","","30 Apr 2018"