"Date Time","Transaction Type","Card Number","Vehicle Number","Driver Card Number","Product Type","Billing Type","Transaction Volume (Litres)","Transaction Amount (RM)","Station Name","Odometer","Card Type","Cost Centre","Cost Centre Name","Statement Month"
"27/04/2018 14:18","Purchase","'70838153003501143","WXR700","","PRIMAX 95","Billed","27.27","60.00","PSS BANDAR BARU NILAI","","Standalone","","","30 Apr 2018"
"27/04/2018 14:15","Reload","'70838153003501143","WXR700","","","Billed","","-200.00","PSS BANDAR BARU NILAI","","Standalone","","","30 Apr 2018"
"22/04/2018 21:04","Purchase","'70838153003501143","WXR700","","PRIMAX 95","Billed","29.73","65.40","PSS SEKSYEN 16 BANDAR BARU BANGI","100","Standalone","","","30 Apr 2018"
"15/04/2018 20:38","Purchase","'70838153003501143","WXR700","","PRIMAX 95","Billed","27.27","60.00","PSS PRECINT 9D","500","Standalone","","","30 Apr 2018"
"10/04/2018 15:03","Purchase","'70838153003501143","WXR700","","PRIMAX 95","Billed","28.51","62.73","PSS BANDAR BARU NILAI","555","Standalone","","","30 Apr 2018"
"10/04/2018 15:01","Reload","'70838153003501143","WXR700","","","Billed","","-200.00","PSS BANDAR BARU NILAI","","Standalone","","","30 Apr 2018"
"03/04/2018 07:22","Purchase","'70838153003501143","WXR700","","PRIMAX 95","Billed","30.00","66.00","PSS BANDAR BARU NILAI","1000","Standalone","","","30 Apr 2018"