"Date Time","Transaction Type","Card Number","Vehicle Number","Driver Card Number","Product Type","Billing Type","Transaction Volume (Litres)","Transaction Amount (RM)","Station Name","Odometer","Card Type","Cost Centre","Cost Centre Name","Statement Month"
"29/04/2018 20:58","Purchase","'70838153003499074","WXR646","","PRIMAX 97","Billed","27.12","66.97","PSS GAMBANG RSA WEST","","Standalone","","","30 Apr 2018"
"29/04/2018 20:57","Reload","'70838153003499074","WXR646","","","Billed","","-50.00","PSS GAMBANG RSA WEST","","Standalone","","","30 Apr 2018"
"29/04/2018 18:47","Purchase","'70838153003499074","WXR646","","PRIMAX 97","Billed","18.64","46.03","PSS MERANG","","Standalone","","","30 Apr 2018"
"29/04/2018 18:42","Reload","'70838153003499074","WXR646","","","Billed","","-50.00","PSS MERANG","","Standalone","","","30 Apr 2018"
"27/04/2018 11:02","Purchase","'70838153003499074","WXR646","","PRIMAX 95","Billed","22.73","50.00","PSS ELITE HIGHWAY","","Standalone","","","30 Apr 2018"
"27/04/2018 11:01","Reload","'70838153003499074","WXR646","","","Billed","","-50.00","PSS ELITE HIGHWAY","","Standalone","","","30 Apr 2018"
"22/04/2018 14:56","Purchase","'70838153003499074","WXR646","","PRIMAX 97","Billed","35.22","87.00","PSS AMPANG JAYA","","Standalone","","","30 Apr 2018"
"22/04/2018 14:55","Reload","'70838153003499074","WXR646","","","Billed","","-100.00","PSS AMPANG JAYA","","Standalone","","","30 Apr 2018"
"20/04/2018 08:45","Purchase","'70838153003499074","WXR646","","PRIMAX 97","Billed","40.49","100.00","PSS KM5.75 PENCHALA LINK","","Standalone","","","30 Apr 2018"
"20/04/2018 08:44","Reload","'70838153003499074","WXR646","","","Billed","","-100.00","PSS KM5.75 PENCHALA LINK","","Standalone","","","30 Apr 2018"
"14/04/2018 14:31","Purchase","'70838153003499074","WXR646","","PRIMAX 97","Billed","40.49","100.00","PSS SRI HARTAMAS","","Standalone","","","30 Apr 2018"
"14/04/2018 14:28","Reload","'70838153003499074","WXR646","","","Billed","","-100.00","PSS SRI HARTAMAS","","Standalone","","","30 Apr 2018"
"10/04/2018 22:27","Purchase","'70838153003499074","WXR646","","PRIMAX 95","Billed","18.18","40.00","PSS ARA DAMANSARA","","Standalone","","","30 Apr 2018"
"09/04/2018 15:50","Reload","'70838153003499074","WXR646","","","Billed","","-40.00","PSS ELITE HIGHWAY","","Standalone","","","30 Apr 2018"
"06/04/2018 15:48","Purchase","'70838153003499074","WXR646","","PRIMAX 95","Billed","11.36","25.00","PSS ARA DAMANSARA","","Standalone","","","30 Apr 2018"
"06/04/2018 15:47","Reload","'70838153003499074","WXR646","","","Billed","","-25.00","PSS ARA DAMANSARA","","Standalone","","","30 Apr 2018"
"05/04/2018 12:00","Purchase","'70838153003499074","WXR646","","PRIMAX 97","Billed","38.10","94.11","PSS AMPANG JAYA","","Standalone","","","30 Apr 2018"
"05/04/2018 11:57","Reload","'70838153003499074","WXR646","","","Billed","","-80.00","PSS AMPANG JAYA","","Standalone","","","30 Apr 2018"
"03/04/2018 15:19","Purchase","'70838153003499074","WXR646","","PRIMAX 95","Billed","36.36","80.00","PSS ELITE HIGHWAY","","Standalone","","","30 Apr 2018"
"03/04/2018 15:17","Reload","'70838153003499074","WXR646","","","Billed","","-80.00","PSS ELITE HIGHWAY","","Standalone","","","30 Apr 2018"
"02/04/2018 11:15","Purchase","'70838153003499074","WXR646","","PRIMAX 95","Billed","22.73","50.00","PSS ELITE HIGHWAY","","Standalone","","","30 Apr 2018"
"02/04/2018 11:14","Reload","'70838153003499074","WXR646","","","Billed","","-50.00","PSS ELITE HIGHWAY","","Standalone","","","30 Apr 2018"