"Date Time","Transaction Type","Card Number","Vehicle Number","Driver Card Number","Product Type","Billing Type","Transaction Volume (Litres)","Transaction Amount (RM)","Station Name","Odometer","Card Type","Cost Centre","Cost Centre Name","Statement Month"
"30/04/2018 21:18","Purchase","'70838153003727185","WXR 5328","","PRIMAX 95","Un-billed","18.18","40.00","PSS TANAH LIAT","","Standalone","","","Unbilled Transaction"
"22/04/2018 18:53","Purchase","'70838153003727185","WXR 5328","","PRIMAX 95","Billed","18.18","40.00","PSS PERDA BUKIT MERTAJAM","","Standalone","","","30 Apr 2018"
"22/04/2018 18:52","Reload","'70838153003727185","WXR 5328","","","Billed","","-80.00","PSS PERDA BUKIT MERTAJAM","","Standalone","","","30 Apr 2018"
"13/04/2018 22:30","Purchase","'70838153003727185","WXR 5328","","PRIMAX 95","Billed","22.73","50.00","PSS PERDA BUKIT MERTAJAM","","Standalone","","","30 Apr 2018"
"13/04/2018 22:27","Reload","'70838153003727185","WXR 5328","","","Billed","","-50.00","PSS PERDA BUKIT MERTAJAM","","Standalone","","","30 Apr 2018"