"Date Time","Transaction Type","Card Number","Vehicle Number","Driver Card Number","Product Type","Billing Type","Transaction Volume (Litres)","Transaction Amount (RM)","Station Name","Odometer","Card Type","Cost Centre","Cost Centre Name","Statement Month"
"28/04/2018 11:57","Purchase","'70838153003423082","WXR177","","PRIMAX 97","Billed","2.83","7.00","PSS BUKIT TINGGI 2","","Standalone","","","30 Apr 2018"
"26/04/2018 12:10","Purchase","'70838153003423082","WXR177","","PRIMAX 97","Billed","2.83","7.00","PSS BUKIT TINGGI","","Standalone","","","30 Apr 2018"
"24/04/2018 14:59","Purchase","'70838153003423082","WXR177","","PRIMAX 97","Billed","2.84","7.00","PSS JOHAN SETIA","","Standalone","","","30 Apr 2018"
"23/04/2018 15:58","Purchase","'70838153003423082","WXR177","","PRIMAX 97","Billed","2.43","6.00","PSS MUTIARA DAMANSARA","","Standalone","","","30 Apr 2018"
"21/04/2018 22:24","Purchase","'70838153003423082","WXR177","","PRIMAX 97","Billed","2.43","6.00","PSS JALAN PLUMBUM","","Standalone","","","30 Apr 2018"
"21/04/2018 15:58","Purchase","'70838153003423082","WXR177","","PRIMAX 97","Billed","2.84","7.00","PSS AXIS INDUSTRIAL PARK","","Standalone","","","30 Apr 2018"
"20/04/2018 16:04","Purchase","'70838153003423082","WXR177","","PRIMAX 97","Billed","2.84","7.00","PSS PEKAN BARU SUBANG","","Standalone","","","30 Apr 2018"
"19/04/2018 14:36","Purchase","'70838153003423082","WXR177","","PRIMAX 97","Billed","2.84","7.00","PSS JOHAN SETIA","","Standalone","","","30 Apr 2018"
"18/04/2018 06:42","Purchase","'70838153003423082","WXR177","","PRIMAX 97","Billed","2.84","7.00","PSS AXIS INDUSTRIAL PARK","","Standalone","","","30 Apr 2018"
"17/04/2018 14:56","Purchase","'70838153003423082","WXR177","","PRIMAX 97","Billed","2.31","5.70","PSS JENJARUM","","Standalone","","","30 Apr 2018"
"14/04/2018 14:09","Purchase","'70838153003423082","WXR177","","PRIMAX 97","Billed","2.83","7.00","PSS BUKIT TINGGI","","Standalone","","","30 Apr 2018"
"14/04/2018 14:07","Reload","'70838153003423082","WXR177","","","Billed","","-50.00","PSS BUKIT TINGGI","","Standalone","","","30 Apr 2018"