"Date Time","Transaction Type","Card Number","Vehicle Number","Driver Card Number","Product Type","Billing Type","Transaction Volume (Litres)","Transaction Amount (RM)","Station Name","Odometer","Card Type","Cost Centre","Cost Centre Name","Statement Month"
"27/04/2018 17:17","Purchase","'70838153003581046","WXR1078","","PRIMAX 95","Billed","10.00","22.00","PSS BUKIT JALIL TAMAN TEKNOLOGI MSIA 2","","Standalone","","","30 Apr 2018"
"27/04/2018 17:12","Reload","'70838153003581046","WXR1078","","","Billed","","-20.00","PSS BUKIT JALIL TAMAN TEKNOLOGI MSIA 2","","Standalone","","","30 Apr 2018"
"27/04/2018 08:09","Purchase","'70838153003581046","WXR1078","","PRIMAX 95","Billed","10.00","22.00","PSS KLIA 1","","Standalone","","","30 Apr 2018"
"27/04/2018 08:07","Reload","'70838153003581046","WXR1078","","","Billed","","-20.00","PSS KLIA 1","","Standalone","","","30 Apr 2018"
"26/04/2018 16:26","Purchase","'70838153003581046","WXR1078","","PRIMAX 95","Billed","10.00","22.00","PSS BANDAR SRI PERMAISURI","","Standalone","","","30 Apr 2018"
"26/04/2018 16:24","Reload","'70838153003581046","WXR1078","","","Billed","","-30.00","PSS BANDAR SRI PERMAISURI","","Standalone","","","30 Apr 2018"
"23/04/2018 15:23","Purchase","'70838153003581046","WXR1078","","PRIMAX 95","Billed","10.00","22.00","PSS BUKIT JALIL TAMAN TEKNOLOGI MSIA 2","","Standalone","","","30 Apr 2018"
"23/04/2018 15:21","Reload","'70838153003581046","WXR1078","","","Billed","","-22.00","PSS BUKIT JALIL TAMAN TEKNOLOGI MSIA 2","","Standalone","","","30 Apr 2018"
"20/04/2018 21:18","Purchase","'70838153003581046","WXR1078","","PRIMAX 95","Billed","15.00","33.00","PSS TAMAN TENAGA","","Standalone","","","30 Apr 2018"
"20/04/2018 21:17","Reload","'70838153003581046","WXR1078","","","Billed","","-33.00","PSS TAMAN TENAGA","","Standalone","","","30 Apr 2018"
"20/04/2018 12:42","Purchase","'70838153003581046","WXR1078","","PRIMAX 95","Billed","10.00","22.00","PSS SENTUL","","Standalone","","","30 Apr 2018"
"20/04/2018 12:39","Reload","'70838153003581046","WXR1078","","","Billed","","-22.00","PSS SENTUL","","Standalone","","","30 Apr 2018"
"18/04/2018 17:45","Purchase","'70838153003581046","WXR1078","","PRIMAX 95","Billed","10.00","22.00","PSS BUKIT JALIL TAMAN TEKNOLOGI MSIA 2","","Standalone","","","30 Apr 2018"
"18/04/2018 17:43","Reload","'70838153003581046","WXR1078","","","Billed","","-22.00","PSS BUKIT JALIL TAMAN TEKNOLOGI MSIA 2","","Standalone","","","30 Apr 2018"
"17/04/2018 21:25","Purchase","'70838153003581046","WXR1078","","PRIMAX 95","Billed","10.00","22.00","PSS KELANA JAYA 2","","Standalone","","","30 Apr 2018"
"17/04/2018 21:24","Reload","'70838153003581046","WXR1078","'70838153003581046","","Billed","","-22.00","PSS KELANA JAYA 2","","Standalone","","","30 Apr 2018"
"16/04/2018 14:14","Purchase","'70838153003581046","WXR1078","","PRIMAX 95","Billed","10.00","22.00","PSS ALAM SUTERA","","Standalone","","","30 Apr 2018"
"16/04/2018 14:13","Reload","'70838153003581046","WXR1078","","","Billed","","-22.00","PSS ALAM SUTERA","","Standalone","","","30 Apr 2018"
"13/04/2018 15:32","Purchase","'70838153003581046","WXR1078","","PRIMAX 95","Billed","10.00","22.00","PSS TAMAN SEGAR","","Standalone","","","30 Apr 2018"
"13/04/2018 15:31","Reload","'70838153003581046","WXR1078","","","Billed","","-22.00","PSS TAMAN SEGAR","","Standalone","","","30 Apr 2018"
"11/04/2018 15:47","Purchase","'70838153003581046","WXR1078","","PRIMAX 95","Billed","10.00","22.00","PSS KOTA DAMANSARA 2","","Standalone","","","30 Apr 2018"
"11/04/2018 15:46","Reload","'70838153003581046","WXR1078","","","Billed","","-20.00","PSS KOTA DAMANSARA 2","","Standalone","","","30 Apr 2018"
"10/04/2018 21:17","Purchase","'70838153003581046","WXR1078","","PRIMAX 95","Billed","10.00","22.00","PSS TAMAN MERANTI JAYA","","Standalone","","","30 Apr 2018"
"10/04/2018 21:14","Reload","'70838153003581046","WXR1078","","","Billed","","-22.00","PSS TAMAN MERANTI JAYA","","Standalone","","","30 Apr 2018"
"08/04/2018 17:30","Purchase","'70838153003581046","WXR1078","","PRIMAX 95","Billed","10.00","22.00","PSS COCHRANE PERKASA","","Standalone","","","30 Apr 2018"
"08/04/2018 17:28","Reload","'70838153003581046","WXR1078","","","Billed","","-24.00","PSS COCHRANE PERKASA","","Standalone","","","30 Apr 2018"
"05/04/2018 01:41","Purchase","'70838153003581046","WXR1078","","PRIMAX 95","Billed","10.00","22.00","PSS SUNGAI BESI - PUCHONG BYPASS","","Standalone","","","30 Apr 2018"
"05/04/2018 01:38","Reload","'70838153003581046","WXR1078","","","Billed","","-21.00","PSS SUNGAI BESI - PUCHONG BYPASS","","Standalone","","","30 Apr 2018"
"04/04/2018 15:53","Purchase","'70838153003581046","WXR1078","","PRIMAX 95","Billed","10.00","22.00","PSS LOT 4783 BUKIT JALIL","","Standalone","","","30 Apr 2018"
"04/04/2018 15:51","Reload","'70838153003581046","WXR1078","","","Billed","","-20.00","PSS LOT 4783 BUKIT JALIL","","Standalone","","","30 Apr 2018"
"03/04/2018 15:49","Purchase","'70838153003581046","WXR1078","","PRIMAX 95","Billed","10.00","22.00","PSS AXIS INDUSTRIAL PARK","","Standalone","","","30 Apr 2018"
"03/04/2018 15:46","Reload","'70838153003581046","WXR1078","","","Billed","","-15.00","PSS AXIS INDUSTRIAL PARK","","Standalone","","","30 Apr 2018"
"02/04/2018 05:51","Purchase","'70838153003581046","WXR1078","","PRIMAX 95","Billed","10.00","22.00","PSS KLIA 1","","Standalone","","","30 Apr 2018"
"02/04/2018 05:47","Reload","'70838153003581046","WXR1078","","","Billed","","-30.00","PSS KLIA 1","","Standalone","","","30 Apr 2018"
"02/04/2018 00:29","Purchase","'70838153003581046","WXR1078","","PRIMAX 95","Billed","10.00","22.00","PSS SUNGAI BESI - PUCHONG BYPASS","","Standalone","","","30 Apr 2018"
"02/04/2018 00:28","Reload","'70838153003581046","WXR1078","","","Billed","","-21.00","PSS SUNGAI BESI - PUCHONG BYPASS","","Standalone","","","30 Apr 2018"