"Date Time","Transaction Type","Card Number","Vehicle Number","Driver Card Number","Product Type","Billing Type","Transaction Volume (Litres)","Transaction Amount (RM)","Station Name","Odometer","Card Type","Cost Centre","Cost Centre Name","Statement Month"
"25/04/2018 11:34","Purchase","'70838153003495387","WXR320","","PRIMAX 95","Billed","30.00","66.00","PSS LAGUNA MERBUK","99","Standalone","","","30 Apr 2018"
"25/04/2018 11:33","Reload","'70838153003495387","WXR320","","","Billed","","-100.00","PSS LAGUNA MERBUK","","Standalone","","","30 Apr 2018"
"21/04/2018 22:17","Purchase","'70838153003495387","WXR320","","PRIMAX 95","Billed","20.00","44.00","PSS MK1 BANDAR SUNWAY","99","Standalone","","","30 Apr 2018"
"21/04/2018 22:16","Reload","'70838153003495387","WXR320","","","Billed","","-100.00","PSS MK1 BANDAR SUNWAY","","Standalone","","","30 Apr 2018"
"14/04/2018 19:24","Purchase","'70838153003495387","WXR320","","PRIMAX 95","Billed","36.16","79.55","PSS SUNGAI KOB","99","Standalone","","","30 Apr 2018"
"14/04/2018 19:23","Reload","'70838153003495387","WXR320","","","Billed","","-100.00","PSS SUNGAI KOB","","Standalone","","","30 Apr 2018"
"07/04/2018 18:45","Purchase","'70838153003495387","WXR320","","PRIMAX 95","Billed","27.27","60.00","PSS SUNGAI KOB","","Standalone","","","30 Apr 2018"
"07/04/2018 18:43","Reload","'70838153003495387","WXR320","","","Billed","","-100.00","PSS SUNGAI KOB","","Standalone","","","30 Apr 2018"
"04/04/2018 11:26","Purchase","'70838153003495387","WXR320","","PRIMAX 95","Billed","22.73","50.00","PSS KULIM SQUARE","99","Standalone","","","30 Apr 2018"
"04/04/2018 11:25","Reload","'70838153003495387","WXR320","","","Billed","","-100.00","PSS KULIM SQUARE","","Standalone","","","30 Apr 2018"
"01/04/2018 20:32","Purchase","'70838153003495387","WXR320","","PRIMAX 95","Billed","22.73","50.00","PSS KOTA KENARI","99","Standalone","","","30 Apr 2018"