"Date Time","Transaction Type","Card Number","Vehicle Number","Driver Card Number","Product Type","Billing Type","Transaction Volume (Litres)","Transaction Amount (RM)","Station Name","Odometer","Card Type","Cost Centre","Cost Centre Name","Statement Month"
"29/04/2018 16:53","Purchase","'70838153003495916","WXR334","","PRIMAX 97","Billed","12.15","30.00","PSS TAMAN AMAN","","Standalone","","","30 Apr 2018"
"29/04/2018 16:52","Reload","'70838153003495916","WXR334","","","Billed","","-30.00","PSS TAMAN AMAN","","Standalone","","","30 Apr 2018"
"17/04/2018 22:52","Purchase","'70838153003495916","WXR334","","PRIMAX 95","Billed","22.73","50.00","PSS BANDAR PUTRA 2","","Standalone","","","30 Apr 2018"
"17/04/2018 22:51","Reload","'70838153003495916","WXR334","","","Billed","","-50.00","PSS BANDAR PUTRA 2","","Standalone","","","30 Apr 2018"
"11/04/2018 00:05","Purchase","'70838153003495916","WXR334","","PRIMAX 95","Billed","13.64","30.00","PSS KM 13-JALAN SKUDAI (MUKIM PULAI)","","Standalone","","","30 Apr 2018"
"11/04/2018 00:02","Reload","'70838153003495916","WXR334","","","Billed","","-30.00","PSS KM 13-JALAN SKUDAI (MUKIM PULAI)","","Standalone","","","30 Apr 2018"
"04/04/2018 16:47","Purchase","'70838153003495916","WXR334","","PRIMAX 95","Billed","22.73","50.00","PSS BANDAR PUTRA 3","","Standalone","","","30 Apr 2018"
"04/04/2018 16:46","Reload","'70838153003495916","WXR334","","","Billed","","-50.00","PSS BANDAR PUTRA 3","","Standalone","","","30 Apr 2018"
"04/04/2018 10:20","Purchase","'70838153003495916","WXR334","","PRIMAX 95","Billed","22.73","50.00","PSS INNER RING ROAD","","Standalone","","","30 Apr 2018"
"04/04/2018 10:19","Reload","'70838153003495916","WXR334","'70838153003495916","","Billed","","-50.00","PSS INNER RING ROAD","","Standalone","","","30 Apr 2018"