"Date Time","Transaction Type","Card Number","Vehicle Number","Driver Card Number","Product Type","Billing Type","Transaction Volume (Litres)","Transaction Amount (RM)","Station Name","Odometer","Card Type","Cost Centre","Cost Centre Name","Statement Month"
"29/04/2018 21:22","Purchase","'70838153003495890","WXR332","","PRIMAX 95","Billed","13.64","30.00","PSS JLN LORONG PANDAN","879700","Standalone","","","30 Apr 2018"
"29/04/2018 21:20","Reload","'70838153003495890","WXR332","","","Billed","","-30.00","PSS JLN LORONG PANDAN","","Standalone","","","30 Apr 2018"
"29/04/2018 09:40","Purchase","'70838153003495890","WXR332","","PRIMAX 95","Billed","27.27","60.00","PSS LEBUH AMJ SG PETAI","879600","Standalone","","","30 Apr 2018"
"29/04/2018 09:38","Reload","'70838153003495890","WXR332","","","Billed","","-60.00","PSS LEBUH AMJ SG PETAI","","Standalone","","","30 Apr 2018"
"27/04/2018 20:38","Purchase","'70838153003495890","WXR332","","PRIMAX 95","Billed","13.64","30.00","PSS JLN LORONG PANDAN","879300","Standalone","","","30 Apr 2018"
"27/04/2018 20:35","Reload","'70838153003495890","WXR332","","","Billed","","-30.00","PSS JLN LORONG PANDAN","","Standalone","","","30 Apr 2018"
"25/04/2018 17:31","Purchase","'70838153003495890","WXR332","","PRIMAX 95","Billed","13.64","30.00","PSS JLN LORONG PANDAN","878850","Standalone","","","30 Apr 2018"
"25/04/2018 17:29","Reload","'70838153003495890","WXR332","","","Billed","","-30.00","PSS JLN LORONG PANDAN","","Standalone","","","30 Apr 2018"
"24/04/2018 17:47","Purchase","'70838153003495890","WXR332","","PRIMAX 95","Billed","13.64","30.00","PSS JLN LORONG PANDAN","878750","Standalone","","","30 Apr 2018"
"24/04/2018 17:45","Reload","'70838153003495890","WXR332","","","Billed","","-30.00","PSS JLN LORONG PANDAN","","Standalone","","","30 Apr 2018"
"23/04/2018 18:52","Purchase","'70838153003495890","WXR332","","PRIMAX 95","Billed","31.82","70.00","PSS LEBUH AMJ SG PETAI","878600","Standalone","","","30 Apr 2018"
"23/04/2018 18:50","Reload","'70838153003495890","WXR332","","","Billed","","-70.00","PSS LEBUH AMJ SG PETAI","","Standalone","","","30 Apr 2018"
"21/04/2018 18:33","Purchase","'70838153003495890","WXR332","","PRIMAX 95","Billed","22.73","50.00","PSS JLN LORONG PANDAN","878200","Standalone","","","30 Apr 2018"
"21/04/2018 18:30","Reload","'70838153003495890","WXR332","","","Billed","","-50.00","PSS JLN LORONG PANDAN","","Standalone","","","30 Apr 2018"
"19/04/2018 09:29","Purchase","'70838153003495890","WXR332","","PRIMAX 95","Billed","39.55","87.00","PSS JLN LORONG PANDAN","877950","Standalone","","","30 Apr 2018"
"19/04/2018 09:27","Reload","'70838153003495890","WXR332","","","Billed","","-80.00","PSS JLN LORONG PANDAN","","Standalone","","","30 Apr 2018"
"17/04/2018 17:18","Purchase","'70838153003495890","WXR332","","PRIMAX 95","Billed","43.00","94.60","PSS JLN LORONG PANDAN","877500","Standalone","","","30 Apr 2018"
"17/04/2018 17:16","Reload","'70838153003495890","WXR332","","","Billed","","-80.00","PSS JLN LORONG PANDAN","","Standalone","","","30 Apr 2018"
"16/04/2018 05:11","Purchase","'70838153003495890","WXR332","","PRIMAX 95","Billed","53.59","117.90","PSS LEBUH AMJ BALAI PANJANG","877100","Standalone","","","30 Apr 2018"
"16/04/2018 05:10","Reload","'70838153003495890","WXR332","","","Billed","","-140.00","PSS LEBUH AMJ BALAI PANJANG","","Standalone","","","30 Apr 2018"
"15/04/2018 06:49","Purchase","'70838153003495890","WXR332","","PRIMAX 95","Billed","29.07","63.95","PSS JLN LORONG PANDAN","876500","Standalone","","","30 Apr 2018"
"15/04/2018 06:46","Purchase","'70838153003495890","WXR332","","PRIMAX 95","Billed","0.05","0.11","PSS JLN LORONG PANDAN","876500","Standalone","","","30 Apr 2018"
"15/04/2018 06:45","Reload","'70838153003495890","WXR332","","","Billed","","-50.00","PSS JLN LORONG PANDAN","","Standalone","","","30 Apr 2018"
"12/04/2018 12:24","Purchase","'70838153003495890","WXR332","","PRIMAX 95","Billed","61.02","134.25","PSS JLN LORONG PANDAN","876315","Standalone","","","30 Apr 2018"
"12/04/2018 12:22","Purchase","'70838153003495890","WXR332","","PRIMAX 95","Billed","0.05","0.10","PSS JLN LORONG PANDAN","876315","Standalone","","","30 Apr 2018"
"12/04/2018 12:21","Reload","'70838153003495890","WXR332","","","Billed","","-140.00","PSS JLN LORONG PANDAN","","Standalone","","","30 Apr 2018"
"09/04/2018 18:23","Purchase","'70838153003495890","WXR332","","PRIMAX 95","Billed","36.23","79.70","PSS JLN LORONG PANDAN","875860","Standalone","","","30 Apr 2018"
"09/04/2018 18:20","Reload","'70838153003495890","WXR332","","","Billed","","-85.00","PSS JLN LORONG PANDAN","","Standalone","","","30 Apr 2018"
"08/04/2018 22:13","Purchase","'70838153003495890","WXR332","","PRIMAX 95","Billed","16.05","35.30","PSS JLN LORONG PANDAN","875250","Standalone","","","30 Apr 2018"
"08/04/2018 22:10","Reload","'70838153003495890","WXR332","","","Billed","","-20.00","PSS JLN LORONG PANDAN","","Standalone","","","30 Apr 2018"
"07/04/2018 00:32","Purchase","'70838153003495890","WXR332","","PRIMAX 95","Billed","37.09","81.61","PSS LEBUH AMJ BALAI PANJANG","875150","Standalone","","","30 Apr 2018"
"07/04/2018 00:30","Reload","'70838153003495890","WXR332","","","Billed","","-100.00","PSS LEBUH AMJ BALAI PANJANG","","Standalone","","","30 Apr 2018"
"05/04/2018 20:46","Purchase","'70838153003495890","WXR332","","PRIMAX 95","Billed","38.18","84.00","PSS JLN LORONG PANDAN","874750","Standalone","","","30 Apr 2018"
"05/04/2018 20:41","Reload","'70838153003495890","WXR332","","","Billed","","-80.00","PSS JLN LORONG PANDAN","","Standalone","","","30 Apr 2018"
"04/04/2018 17:59","Purchase","'70838153003495890","WXR332","","PRIMAX 95","Billed","34.91","76.80","PSS JLN LORONG PANDAN","874300","Standalone","","","30 Apr 2018"
"04/04/2018 17:55","Reload","'70838153003495890","WXR332","","","Billed","","-80.00","PSS JLN LORONG PANDAN","","Standalone","","","30 Apr 2018"
"03/04/2018 21:40","Purchase","'70838153003495890","WXR332","","PRIMAX 95","Billed","45.45","100.00","PSS JLN LORONG PANDAN","873400","Standalone","","","30 Apr 2018"
"03/04/2018 21:31","Reload","'70838153003495890","WXR332","","","Billed","","-100.00","PSS JLN LORONG PANDAN","","Standalone","","","30 Apr 2018"
"02/04/2018 22:43","Purchase","'70838153003495890","WXR332","","PRIMAX 95","Billed","59.09","130.00","PSS REMBIA","873400","Standalone","","","30 Apr 2018"
"02/04/2018 22:41","Reload","'70838153003495890","WXR332","","","Billed","","-100.00","PSS REMBIA","","Standalone","","","30 Apr 2018"
"01/04/2018 13:08","Purchase","'70838153003495890","WXR332","","PRIMAX 95","Billed","29.66","65.25","PSS JLN LORONG PANDAN","872700","Standalone","","","30 Apr 2018"
"01/04/2018 13:05","Reload","'70838153003495890","WXR332","","","Billed","","-60.00","PSS JLN LORONG PANDAN","","Standalone","","","30 Apr 2018"