"Date Time","Transaction Type","Card Number","Vehicle Number","Driver Card Number","Product Type","Billing Type","Transaction Volume (Litres)","Transaction Amount (RM)","Station Name","Odometer","Card Type","Cost Centre","Cost Centre Name","Statement Month"
"25/04/2018 18:55","Purchase","'70838153003497391","WXR847","","PRIMAX 95","Billed","13.64","30.00","PSS GURUN","3554","Standalone","","","30 Apr 2018"
"25/04/2018 18:54","Reload","'70838153003497391","WXR847","","","Billed","","-30.00","PSS GURUN","","Standalone","","","30 Apr 2018"
"22/04/2018 19:28","Purchase","'70838153003497391","WXR847","","PRIMAX 95","Billed","13.64","30.00","PSS GURUN","3554","Standalone","","","30 Apr 2018"
"22/04/2018 19:27","Reload","'70838153003497391","WXR847","","","Billed","","-25.00","PSS GURUN","","Standalone","","","30 Apr 2018"
"20/04/2018 11:24","Purchase","'70838153003497391","WXR847","","PRIMAX 95","Billed","13.64","30.00","PSS SIMPANG EMPAT 2","3554","Standalone","","","30 Apr 2018"
"20/04/2018 11:23","Reload","'70838153003497391","WXR847","","","Billed","","-40.00","PSS SIMPANG EMPAT 2","","Standalone","","","30 Apr 2018"
"19/04/2018 09:00","Purchase","'70838153003497391","WXR847","","PRIMAX 95","Billed","13.64","30.00","PSS LAGUNA MERBUK","3554","Standalone","","","30 Apr 2018"
"19/04/2018 08:58","Reload","'70838153003497391","WXR847","","","Billed","","-30.00","PSS LAGUNA MERBUK","","Standalone","","","30 Apr 2018"
"15/04/2018 21:15","Purchase","'70838153003497391","WXR847","","PRIMAX 95","Billed","18.18","40.00","PSS GURUN","3554","Standalone","","","30 Apr 2018"
"15/04/2018 21:14","Reload","'70838153003497391","WXR847","","","Billed","","-40.00","PSS GURUN","","Standalone","","","30 Apr 2018"
"11/04/2018 09:31","Purchase","'70838153003497391","WXR847","","PRIMAX 95","Billed","13.64","30.00","PSS LAGUNA MERBUK","3554","Standalone","","","30 Apr 2018"
"11/04/2018 09:31","Purchase","'70838153003497391","WXR847","","PRIMAX 95","Un-billed","13.64","30.00","PSS LAGUNA MERBUK","3554","Standalone","","","Unbilled Transaction"
"11/04/2018 09:28","Reload","'70838153003497391","WXR847","","","Billed","","-30.00","PSS LAGUNA MERBUK","","Standalone","","","30 Apr 2018"
"08/04/2018 15:51","Purchase","'70838153003497391","WXR847","","PRIMAX 95","Billed","13.64","30.00","PSS SIMPANG EMPAT 2","3554","Standalone","","","30 Apr 2018"
"08/04/2018 15:48","Reload","'70838153003497391","WXR847","","","Billed","","-40.00","PSS SIMPANG EMPAT 2","","Standalone","","","30 Apr 2018"
"07/04/2018 13:24","Purchase","'70838153003497391","WXR847","","PRIMAX 95","Billed","9.09","20.00","PSS LAGUNA MERBUK","3554","Standalone","","","30 Apr 2018"
"07/04/2018 13:22","Reload","'70838153003497391","WXR847","","","Billed","","-20.00","PSS LAGUNA MERBUK","","Standalone","","","30 Apr 2018"
"05/04/2018 14:01","Purchase","'70838153003497391","WXR847","","PRIMAX 95","Billed","13.64","30.00","PSS LAGUNA MERBUK","3554","Standalone","","","30 Apr 2018"
"05/04/2018 14:00","Reload","'70838153003497391","WXR847","","","Billed","","-20.00","PSS LAGUNA MERBUK","","Standalone","","","30 Apr 2018"
"02/04/2018 15:20","Purchase","'70838153003497391","WXR847","","PRIMAX 95","Billed","13.64","30.00","PSS LAGUNA MERBUK","3554","Standalone","","","30 Apr 2018"
"02/04/2018 15:19","Reload","'70838153003497391","WXR847","","","Billed","","-30.00","PSS LAGUNA MERBUK","","Standalone","","","30 Apr 2018"