"Date Time","Transaction Type","Card Number","Vehicle Number","Driver Card Number","Product Type","Billing Type","Transaction Volume (Litres)","Transaction Amount (RM)","Station Name","Odometer","Card Type","Cost Centre","Cost Centre Name","Statement Month"
"20/04/2018 12:36","Purchase","'70838153003424387","WXR120","","PRIMAX 95","Billed","22.73","50.00","PSS FAS","","Standalone","","","30 Apr 2018"
"20/04/2018 12:34","Reload","'70838153003424387","WXR120","","","Billed","","-50.00","PSS FAS","","Standalone","","","30 Apr 2018"
"16/04/2018 15:22","Purchase","'70838153003424387","WXR120","","PRIMAX 95","Billed","15.00","33.00","PSS PERSIARAN RAJA MUDA MUSA","","Standalone","","","30 Apr 2018"
"16/04/2018 15:20","Reload","'70838153003424387","WXR120","","","Billed","","-30.00","PSS PERSIARAN RAJA MUDA MUSA","","Standalone","","","30 Apr 2018"
"11/04/2018 18:06","Purchase","'70838153003424387","WXR120","","PRIMAX 95","Billed","16.00","35.20","PSS FAS","","Standalone","","","30 Apr 2018"
"11/04/2018 18:04","Reload","'70838153003424387","WXR120","","","Billed","","-30.00","PSS FAS","","Standalone","","","30 Apr 2018"
"10/04/2018 12:13","Purchase","'70838153003424387","WXR120","","PRIMAX 95","Billed","15.00","33.00","PSS LEBUHRAYA SPRINT","","Standalone","","","30 Apr 2018"
"10/04/2018 12:11","Reload","'70838153003424387","WXR120","","","Billed","","-50.00","PSS LEBUHRAYA SPRINT","","Standalone","","","30 Apr 2018"
"09/04/2018 12:27","Purchase","'70838153003424387","WXR120","","PRIMAX 95","Billed","15.00","33.01","PSS BATU 2 MERU","","Standalone","","","30 Apr 2018"
"09/04/2018 12:26","Reload","'70838153003424387","WXR120","","","Billed","","-30.00","PSS BATU 2 MERU","","Standalone","","","30 Apr 2018"
"06/04/2018 13:36","Purchase","'70838153003424387","WXR120","","PRIMAX 95","Billed","9.18","20.19","PSS SEK 7 SHAH ALAM","","Standalone","","","30 Apr 2018"
"06/04/2018 13:35","Reload","'70838153003424387","WXR120","","","Billed","","-20.00","PSS SEK 7 SHAH ALAM","","Standalone","","","30 Apr 2018"
"05/04/2018 12:44","Purchase","'70838153003424387","WXR120","","PRIMAX 95","Billed","11.82","26.00","PSS KOTA DAMANSARA 2","","Standalone","","","30 Apr 2018"
"05/04/2018 09:53","Purchase","'70838153003424387","WXR120","","PRIMAX 95","Billed","2.96","6.51","PSS NKVE HIGHWAY","","Standalone","","","30 Apr 2018"
"04/04/2018 15:32","Purchase","'70838153003424387","WXR120","","PRIMAX 97","Billed","7.01","17.30","PSS SEK 15 SHAH ALAM","","Standalone","","","30 Apr 2018"
"04/04/2018 15:30","Reload","'70838153003424387","WXR120","","","Billed","","-50.00","PSS SEK 15 SHAH ALAM","","Standalone","","","30 Apr 2018"
"03/04/2018 13:01","Purchase","'70838153003424387","WXR120","","PRIMAX 97","Billed","8.57","21.18","PSS USJ 2 SUBANG JAYA","8","Standalone","","","30 Apr 2018"
"02/04/2018 18:48","Purchase","'70838153003424387","WXR120","","PRIMAX 95","Billed","16.00","35.20","PSS KM 12.3 LEBUHRAYA PERSEKUTUAN","8","Standalone","","","30 Apr 2018"
"02/04/2018 18:47","Reload","'70838153003424387","WXR120","","","Billed","","-50.00","PSS KM 12.3 LEBUHRAYA PERSEKUTUAN","","Standalone","","","30 Apr 2018"