"Date Time","Transaction Type","Card Number","Vehicle Number","Driver Card Number","Product Type","Billing Type","Transaction Volume (Litres)","Transaction Amount (RM)","Station Name","Odometer","Card Type","Cost Centre","Cost Centre Name","Statement Month"
"14/04/2018 23:38","Purchase","'70838153003423694","WXR13","","PRIMAX 95","Billed","34.13","75.08","PSS NKVE HIGHWAY","","Standalone","","","30 Apr 2018"
"13/04/2018 16:49","Purchase","'70838153003423694","WXR13","","PRIMAX 95","Billed","34.60","76.12","PSS PAGOH","","Standalone","","","30 Apr 2018"
"13/04/2018 10:06","Purchase","'70838153003423694","WXR13","","PRIMAX 95","Billed","39.10","86.02","PSS SIMPANG PULAI ARAH SELATAN","","Standalone","","","30 Apr 2018"
"13/04/2018 10:04","Reload","'70838153003423694","WXR13","","","Billed","","-150.00","PSS SIMPANG PULAI ARAH SELATAN","","Standalone","","","30 Apr 2018"
"07/04/2018 08:38","Purchase","'70838153003423694","WXR13","","PRIMAX 95","Billed","22.73","50.00","PSS NKVE HIGHWAY","","Standalone","","","30 Apr 2018"
"07/04/2018 08:35","Reload","'70838153003423694","WXR13","","","Billed","","-150.00","PSS NKVE HIGHWAY","","Standalone","","","30 Apr 2018"
"05/04/2018 20:57","Purchase","'70838153003423694","WXR13","","PRIMAX 95","Billed","25.00","55.00","PSS LOT 59 JALAN AMPANG","","Standalone","","","30 Apr 2018"
"04/04/2018 09:59","Purchase","'70838153003423694","WXR13","","PRIMAX 95","Billed","34.09","75.00","PSS SIMPANG PULAI LOJING","","Standalone","","","30 Apr 2018"
"04/04/2018 09:58","Reload","'70838153003423694","WXR13","","","Billed","","-150.00","PSS SIMPANG PULAI LOJING","","Standalone","","","30 Apr 2018"
"02/04/2018 16:45","Purchase","'70838153003423694","WXR13","","PRIMAX 95","Billed","31.82","70.00","PSS R & R GUNUNG SEMANGGOL","","Standalone","","","30 Apr 2018"
"02/04/2018 09:15","Purchase","'70838153003423694","WXR13","","PRIMAX 95","Billed","42.31","93.09","PSS SUNGAI PERAK (U)","","Standalone","","","30 Apr 2018"
"02/04/2018 09:14","Reload","'70838153003423694","WXR13","","","Billed","","-100.00","PSS SUNGAI PERAK (U)","","Standalone","","","30 Apr 2018"