"Date Time","Transaction Type","Card Number","Vehicle Number","Driver Card Number","Product Type","Billing Type","Transaction Volume (Litres)","Transaction Amount (RM)","Station Name","Odometer","Card Type","Cost Centre","Cost Centre Name","Statement Month"
"28/04/2018 15:46","Purchase","'70838153003424601","WXR47","","PRIMAX 95","Billed","18.66","41.05","PSS MERBOK","","Standalone","","","30 Apr 2018"
"27/04/2018 20:20","Purchase","'70838153003424601","WXR47","","PRIMAX 95","Billed","23.36","51.40","PSS BANDAR MUTIARA","","Standalone","","","30 Apr 2018"
"27/04/2018 20:19","Reload","'70838153003424601","WXR47","","","Billed","","-100.00","PSS BANDAR MUTIARA","","Standalone","","","30 Apr 2018"
"18/04/2018 18:44","Purchase","'70838153003424601","WXR47","","PRIMAX 95","Billed","22.73","50.00","PSS JLN KELAB CINTA SAYANG","","Standalone","","","30 Apr 2018"
"14/04/2018 19:10","Purchase","'70838153003424601","WXR47","","PRIMAX 97","Billed","20.24","50.00","PSS BALING KEDAH","","Standalone","","","30 Apr 2018"
"14/04/2018 19:09","Reload","'70838153003424601","WXR47","","","Billed","","-100.00","PSS BALING KEDAH","","Standalone","","","30 Apr 2018"
"10/04/2018 18:43","Purchase","'70838153003424601","WXR47","","PRIMAX 95","Billed","39.60","87.11","PSS JLN KELAB CINTA SAYANG","","Standalone","","","30 Apr 2018"
"04/04/2018 22:22","Purchase","'70838153003424601","WXR47","","PRIMAX 97","Billed","40.49","100.00","PSS BANDAR MUTIARA","","Standalone","","","30 Apr 2018"
"04/04/2018 22:20","Reload","'70838153003424601","WXR47","","","Billed","","-100.00","PSS BANDAR MUTIARA","","Standalone","","","30 Apr 2018"