"Date Time","Transaction Type","Card Number","Vehicle Number","Driver Card Number","Product Type","Billing Type","Transaction Volume (Litres)","Transaction Amount (RM)","Station Name","Odometer","Card Type","Cost Centre","Cost Centre Name","Statement Month"
"15/04/2018 07:15","Purchase","'70838153003497763","WXR600","","PRIMAX 95","Billed","3.18","7.00","PSS KEDAWANG LANGKAWI","1","Standalone","","","30 Apr 2018"
"15/04/2018 07:13","Purchase","'70838153003497763","WXR600","","PRIMAX 95","Billed","0.05","0.11","PSS KEDAWANG LANGKAWI","","Standalone","","","30 Apr 2018"
"07/04/2018 22:26","Purchase","'70838153003497763","WXR600","","PRIMAX 95","Billed","22.73","50.00","PSS KEDAWANG LANGKAWI","","Standalone","","","30 Apr 2018"
"07/04/2018 22:25","Reload","'70838153003497763","WXR600","","","Billed","","-50.00","PSS KEDAWANG LANGKAWI","","Standalone","","","30 Apr 2018"
"05/04/2018 17:49","Purchase","'70838153003497763","WXR600","","PRIMAX 95","Billed","22.73","50.00","PSS KEDAWANG LANGKAWI","","Standalone","","","30 Apr 2018"
"05/04/2018 17:48","Reload","'70838153003497763","WXR600","","","Billed","","-50.00","PSS KEDAWANG LANGKAWI","","Standalone","","","30 Apr 2018"