"Date Time","Transaction Type","Card Number","Vehicle Number","Driver Card Number","Product Type","Billing Type","Transaction Volume (Litres)","Transaction Amount (RM)","Station Name","Odometer","Card Type","Cost Centre","Cost Centre Name","Statement Month"
"30/04/2018 19:10","Purchase","'70838153003497383","WXR848","","PRIMAX 95","Un-billed","6.82","15.00","PSS MERBOK","1","Standalone","","","Unbilled Transaction"
"30/04/2018 19:09","Reload","'70838153003497383","WXR848","","","Un-billed","","-15.00","PSS MERBOK","","Standalone","","","Unbilled Transaction"
"23/04/2018 09:30","Purchase","'70838153003497383","WXR848","","PRIMAX 95","Billed","9.09","20.00","PSS MERBOK","1","Standalone","","","30 Apr 2018"
"23/04/2018 08:30","Reload","'70838153003497383","WXR848","","","Billed","","-20.00","PSS MERBOK","","Standalone","","","30 Apr 2018"
"22/04/2018 20:20","Purchase","'70838153003497383","WXR848","","PRIMAX 95","Billed","4.55","10.00","PSS MERBOK","1","Standalone","","","30 Apr 2018"
"20/04/2018 07:43","Reload","'70838153003497383","WXR848","","","Billed","","-10.00","PSS MERBOK","","Standalone","","","30 Apr 2018"
"18/04/2018 09:22","Purchase","'70838153003497383","WXR848","","PRIMAX 95","Billed","13.64","30.00","PSS MERBOK","1","Standalone","","","30 Apr 2018"
"18/04/2018 09:20","Reload","'70838153003497383","WXR848","","","Billed","","-15.00","PSS MERBOK","","Standalone","","","30 Apr 2018"
"15/04/2018 18:44","Purchase","'70838153003497383","WXR848","","PRIMAX 95","Billed","1.37","3.00","PSS MERBOK","1","Standalone","","","30 Apr 2018"
"15/04/2018 18:42","Reload","'70838153003497383","WXR848","","","Billed","","-20.00","PSS MERBOK","","Standalone","","","30 Apr 2018"
"11/04/2018 20:49","Purchase","'70838153003497383","WXR848","","PRIMAX 95","Billed","2.28","5.00","PSS MERBOK","1","Standalone","","","30 Apr 2018"
"11/04/2018 09:40","Purchase","'70838153003497383","WXR848","","PRIMAX 95","Billed","9.09","20.00","PSS MERBOK","1","Standalone","","","30 Apr 2018"
"11/04/2018 08:06","Reload","'70838153003497383","WXR848","","","Billed","","-20.00","PSS MERBOK","","Standalone","","","30 Apr 2018"
"09/04/2018 08:44","Purchase","'70838153003497383","WXR848","","PRIMAX 95","Billed","6.82","15.00","PSS MERBOK","1","Standalone","","","30 Apr 2018"
"09/04/2018 08:43","Reload","'70838153003497383","WXR848","","","Billed","","-10.00","PSS MERBOK","","Standalone","","","30 Apr 2018"
"05/04/2018 09:18","Purchase","'70838153003497383","WXR848","","PRIMAX 95","Billed","9.09","20.00","PSS MERBOK","1","Standalone","","","30 Apr 2018"
"05/04/2018 08:39","Reload","'70838153003497383","WXR848","","","Billed","","-25.00","PSS MERBOK","","Standalone","","","30 Apr 2018"
"05/04/2018 06:41","Purchase","'70838153003497383","WXR848","","PRIMAX 95","Billed","1.82","4.00","PSS MERBOK","","Standalone","","","30 Apr 2018"
"02/04/2018 09:23","Purchase","'70838153003497383","WXR848","","PRIMAX 95","Billed","10.00","22.00","PSS MERBOK","1","Standalone","","","30 Apr 2018"
"01/04/2018 20:05","Purchase","'70838153003497383","WXR848","","PRIMAX 95","Billed","1.82","4.00","PSS MERBOK","1","Standalone","","","30 Apr 2018"
"01/04/2018 20:03","Reload","'70838153003497383","WXR848","","","Billed","","-30.00","PSS MERBOK","","Standalone","","","30 Apr 2018"