"Date Time","Transaction Type","Card Number","Vehicle Number","Driver Card Number","Product Type","Billing Type","Transaction Volume (Litres)","Transaction Amount (RM)","Station Name","Odometer","Card Type","Cost Centre","Cost Centre Name","Statement Month"
"15/04/2018 21:06","Purchase","'70838153003496781","WXR572","","PRIMAX 95","Billed","2.09","4.60","PSS BATU FERINGGI","100","Standalone","","","30 Apr 2018"
"15/04/2018 09:49","Purchase","'70838153003496781","WXR572","","PRIMAX 95","Billed","38.64","85.00","PSS BATU FERINGGI","100","Standalone","","","30 Apr 2018"
"15/04/2018 09:48","Reload","'70838153003496781","WXR572","","","Billed","","-50.00","PSS BATU FERINGGI","","Standalone","","","30 Apr 2018"
"09/04/2018 14:27","Purchase","'70838153003496781","WXR572","","PRIMAX 95","Billed","36.37","80.00","PSS BATU FERINGGI","1111","Standalone","","","30 Apr 2018"
"09/04/2018 14:25","Reload","'70838153003496781","WXR572","","","Billed","","-100.00","PSS BATU FERINGGI","","Standalone","","","30 Apr 2018"
"08/04/2018 10:28","Purchase","'70838153003496781","WXR572","","PRIMAX 95","Billed","40.46","89.01","PSS BATU FERINGGI","200","Standalone","","","30 Apr 2018"
"08/04/2018 10:27","Reload","'70838153003496781","WXR572","","","Billed","","-100.00","PSS BATU FERINGGI","","Standalone","","","30 Apr 2018"
"02/04/2018 05:44","Purchase","'70838153003496781","WXR572","","PRIMAX 95","Billed","45.46","100.00","PSS BATU FERINGGI","2","Standalone","","","30 Apr 2018"
"02/04/2018 05:42","Reload","'70838153003496781","WXR572","","","Billed","","-100.00","PSS BATU FERINGGI","","Standalone","","","30 Apr 2018"