"Date Time","Transaction Type","Card Number","Vehicle Number","Driver Card Number","Product Type","Billing Type","Transaction Volume (Litres)","Transaction Amount (RM)","Station Name","Odometer","Card Type","Cost Centre","Cost Centre Name","Statement Month"
"28/04/2018 10:38","Purchase","'70838153003424254","WXR36","","PRIMAX 95","Billed","29.09","64.00","PSS LEBUHRAYA SPRINT","","Standalone","","","30 Apr 2018"
"28/04/2018 10:34","Reload","'70838153003424254","WXR36","","","Billed","","-120.00","PSS LEBUHRAYA SPRINT","","Standalone","","","30 Apr 2018"
"19/04/2018 16:29","Purchase","'70838153003424254","WXR36","","PRIMAX 95","Billed","27.27","60.00","PSS LEBUHRAYA SPRINT","","Standalone","","","30 Apr 2018"
"18/04/2018 06:45","Reload","'70838153003424254","WXR36","","","Billed","","-60.00","PSS LEBUHRAYA SPRINT","","Standalone","","","30 Apr 2018"
"11/04/2018 21:01","Purchase","'70838153003424254","WXR36","","PRIMAX 95","Billed","23.80","52.36","PSS LEBUHRAYA SPRINT","","Standalone","","","30 Apr 2018"
"05/04/2018 16:24","Purchase","'70838153003424254","WXR36","","PRIMAX 95","Billed","25.45","56.00","PSS LEBUHRAYA SPRINT","","Standalone","","","30 Apr 2018"
"01/04/2018 07:33","Reload","'70838153003424254","WXR36","","","Billed","","-70.00","PSS LEBUHRAYA SPRINT","","Standalone","","","30 Apr 2018"