"Date Time","Transaction Type","Card Number","Vehicle Number","Driver Card Number","Product Type","Billing Type","Transaction Volume (Litres)","Transaction Amount (RM)","Station Name","Odometer","Card Type","Cost Centre","Cost Centre Name","Statement Month"
"29/04/2018 14:06","Purchase","'70838153003727078","WXR 5319","","PRIMAX 95","Billed","18.18","40.00","PSS JALAN TUN ABDUL RAZAK","","Standalone","","","30 Apr 2018"
"29/04/2018 14:05","Reload","'70838153003727078","WXR 5319","","","Billed","","-50.00","PSS JALAN TUN ABDUL RAZAK","","Standalone","","","30 Apr 2018"
"28/04/2018 08:20","Purchase","'70838153003727078","WXR 5319","","PRIMAX 95","Billed","18.18","40.00","PSS PERDA BUKIT MERTAJAM","","Standalone","","","30 Apr 2018"
"28/04/2018 08:17","Reload","'70838153003727078","WXR 5319","","","Billed","","-40.00","PSS PERDA BUKIT MERTAJAM","","Standalone","","","30 Apr 2018"
"21/04/2018 14:48","Purchase","'70838153003727078","WXR 5319","","PRIMAX 95","Billed","6.82","15.00","PSS PERDA BUKIT MERTAJAM","","Standalone","","","30 Apr 2018"
"21/04/2018 14:46","Reload","'70838153003727078","WXR 5319","","","Billed","","-15.00","PSS PERDA BUKIT MERTAJAM","","Standalone","","","30 Apr 2018"