"Date Time","Transaction Type","Card Number","Vehicle Number","Driver Card Number","Product Type","Billing Type","Transaction Volume (Litres)","Transaction Amount (RM)","Station Name","Odometer","Card Type","Cost Centre","Cost Centre Name","Statement Month"
"30/04/2018 15:16","Purchase","'70838153003422928","WXR85","","PRIMAX 95","Billed","18.18","40.00","PSS TAMAN SAUJANA BATU GAJAH","","Standalone","","","30 Apr 2018"
"30/04/2018 15:14","Reload","'70838153003422928","WXR85","","","Billed","","-40.00","PSS TAMAN SAUJANA BATU GAJAH","","Standalone","","","30 Apr 2018"
"29/04/2018 19:16","Purchase","'70838153003422928","WXR85","","PRIMAX 95","Billed","13.64","30.00","PSS JALAN LAHAT MENGLEMBU","","Standalone","","","30 Apr 2018"
"29/04/2018 19:15","Reload","'70838153003422928","WXR85","","","Billed","","-30.00","PSS JALAN LAHAT MENGLEMBU","","Standalone","","","30 Apr 2018"
"28/04/2018 21:11","Purchase","'70838153003422928","WXR85","","PRIMAX 95","Billed","13.64","30.00","PSS JALAN LAHAT MENGLEMBU","","Standalone","","","30 Apr 2018"
"28/04/2018 21:09","Reload","'70838153003422928","WXR85","","","Billed","","-30.00","PSS JALAN LAHAT MENGLEMBU","","Standalone","","","30 Apr 2018"
"27/04/2018 19:22","Purchase","'70838153003422928","WXR85","","PRIMAX 95","Billed","13.64","30.00","PSS JALAN LAHAT MENGLEMBU","","Standalone","","","30 Apr 2018"
"27/04/2018 19:21","Reload","'70838153003422928","WXR85","","","Billed","","-30.00","PSS JALAN LAHAT MENGLEMBU","","Standalone","","","30 Apr 2018"
"26/04/2018 20:45","Purchase","'70838153003422928","WXR85","","PRIMAX 95","Billed","13.64","30.00","PSS JALAN LAHAT MENGLEMBU","","Standalone","","","30 Apr 2018"
"26/04/2018 20:42","Reload","'70838153003422928","WXR85","","","Billed","","-30.00","PSS JALAN LAHAT MENGLEMBU","","Standalone","","","30 Apr 2018"
"25/04/2018 08:24","Purchase","'70838153003422928","WXR85","","PRIMAX 95","Billed","13.64","30.00","PSS TAMAN SAUJANA BATU GAJAH","","Standalone","","","30 Apr 2018"
"25/04/2018 08:22","Reload","'70838153003422928","WXR85","","","Billed","","-30.00","PSS TAMAN SAUJANA BATU GAJAH","","Standalone","","","30 Apr 2018"
"23/04/2018 20:36","Purchase","'70838153003422928","WXR85","","PRIMAX 95","Billed","13.64","30.00","PSS JALAN LAHAT MENGLEMBU","","Standalone","","","30 Apr 2018"
"23/04/2018 20:35","Reload","'70838153003422928","WXR85","","","Billed","","-30.00","PSS JALAN LAHAT MENGLEMBU","","Standalone","","","30 Apr 2018"
"22/04/2018 19:11","Purchase","'70838153003422928","WXR85","","PRIMAX 95","Billed","13.64","30.00","PSS JALAN LAHAT MENGLEMBU","","Standalone","","","30 Apr 2018"
"22/04/2018 19:10","Reload","'70838153003422928","WXR85","","","Billed","","-30.00","PSS JALAN LAHAT MENGLEMBU","","Standalone","","","30 Apr 2018"
"20/04/2018 16:24","Purchase","'70838153003422928","WXR85","","PRIMAX 95","Billed","18.18","40.00","PSS TAMAN SAUJANA BATU GAJAH","","Standalone","","","30 Apr 2018"
"20/04/2018 16:22","Reload","'70838153003422928","WXR85","","","Billed","","-40.00","PSS TAMAN SAUJANA BATU GAJAH","","Standalone","","","30 Apr 2018"
"19/04/2018 12:53","Purchase","'70838153003422928","WXR85","","PRIMAX 95","Billed","13.64","30.00","PSS TAMAN SAUJANA BATU GAJAH","","Standalone","","","30 Apr 2018"
"19/04/2018 12:49","Reload","'70838153003422928","WXR85","","","Billed","","-30.00","PSS TAMAN SAUJANA BATU GAJAH","","Standalone","","","30 Apr 2018"
"18/04/2018 21:02","Purchase","'70838153003422928","WXR85","","PRIMAX 95","Billed","18.18","40.00","PSS JALAN LAHAT MENGLEMBU","","Standalone","","","30 Apr 2018"
"18/04/2018 21:00","Reload","'70838153003422928","WXR85","","","Billed","","-40.00","PSS JALAN LAHAT MENGLEMBU","","Standalone","","","30 Apr 2018"
"17/04/2018 10:53","Purchase","'70838153003422928","WXR85","","PRIMAX 95","Billed","13.64","30.00","PSS TAMAN SAUJANA BATU GAJAH","","Standalone","","","30 Apr 2018"
"17/04/2018 10:52","Reload","'70838153003422928","WXR85","","","Billed","","-30.00","PSS TAMAN SAUJANA BATU GAJAH","","Standalone","","","30 Apr 2018"
"15/04/2018 21:31","Purchase","'70838153003422928","WXR85","","PRIMAX 95","Billed","14.32","31.51","PSS JALAN LAHAT MENGLEMBU","","Standalone","","","30 Apr 2018"
"15/04/2018 21:30","Reload","'70838153003422928","WXR85","","","Billed","","-30.00","PSS JALAN LAHAT MENGLEMBU","","Standalone","","","30 Apr 2018"
"14/04/2018 18:58","Purchase","'70838153003422928","WXR85","","PRIMAX 95","Billed","12.95","28.49","PSS JALAN LAHAT MENGLEMBU","","Standalone","","","30 Apr 2018"
"14/04/2018 18:57","Reload","'70838153003422928","WXR85","","","Billed","","-30.00","PSS JALAN LAHAT MENGLEMBU","","Standalone","","","30 Apr 2018"
"13/04/2018 19:27","Purchase","'70838153003422928","WXR85","","PRIMAX 95","Billed","13.64","30.00","PSS JALAN LAHAT MENGLEMBU","","Standalone","","","30 Apr 2018"
"13/04/2018 19:26","Reload","'70838153003422928","WXR85","","","Billed","","-30.00","PSS JALAN LAHAT MENGLEMBU","","Standalone","","","30 Apr 2018"
"12/04/2018 19:44","Purchase","'70838153003422928","WXR85","","PRIMAX 95","Billed","13.64","30.00","PSS JALAN LAHAT MENGLEMBU","","Standalone","","","30 Apr 2018"
"12/04/2018 19:42","Reload","'70838153003422928","WXR85","","","Billed","","-30.00","PSS JALAN LAHAT MENGLEMBU","","Standalone","","","30 Apr 2018"
"11/04/2018 21:19","Purchase","'70838153003422928","WXR85","","PRIMAX 95","Billed","13.64","30.00","PSS JALAN LAHAT MENGLEMBU","","Standalone","","","30 Apr 2018"
"11/04/2018 21:17","Reload","'70838153003422928","WXR85","","","Billed","","-30.00","PSS JALAN LAHAT MENGLEMBU","","Standalone","","","30 Apr 2018"
"10/04/2018 19:17","Purchase","'70838153003422928","WXR85","","PRIMAX 95","Billed","18.18","40.00","PSS JALAN LAHAT MENGLEMBU","","Standalone","","","30 Apr 2018"
"10/04/2018 19:16","Reload","'70838153003422928","WXR85","","","Billed","","-40.00","PSS JALAN LAHAT MENGLEMBU","","Standalone","","","30 Apr 2018"
"09/04/2018 18:39","Purchase","'70838153003422928","WXR85","","PRIMAX 95","Billed","18.18","40.00","PSS JALAN LAHAT MENGLEMBU","","Standalone","","","30 Apr 2018"
"09/04/2018 18:37","Reload","'70838153003422928","WXR85","","","Billed","","-40.00","PSS JALAN LAHAT MENGLEMBU","","Standalone","","","30 Apr 2018"
"08/04/2018 18:43","Purchase","'70838153003422928","WXR85","","PRIMAX 95","Billed","18.29","40.24","PSS JALAN LAHAT MENGLEMBU","","Standalone","","","30 Apr 2018"
"08/04/2018 18:42","Reload","'70838153003422928","WXR85","","","Billed","","-30.00","PSS JALAN LAHAT MENGLEMBU","","Standalone","","","30 Apr 2018"
"07/04/2018 08:15","Purchase","'70838153003422928","WXR85","","PRIMAX 95","Billed","13.64","30.00","PSS TAMAN SAUJANA BATU GAJAH","","Standalone","","","30 Apr 2018"
"07/04/2018 08:12","Reload","'70838153003422928","WXR85","","","Billed","","-30.00","PSS TAMAN SAUJANA BATU GAJAH","","Standalone","","","30 Apr 2018"
"06/04/2018 20:39","Purchase","'70838153003422928","WXR85","","PRIMAX 95","Billed","13.64","30.00","PSS JALAN LAHAT MENGLEMBU","","Standalone","","","30 Apr 2018"
"06/04/2018 20:37","Reload","'70838153003422928","WXR85","","","Billed","","-30.00","PSS JALAN LAHAT MENGLEMBU","","Standalone","","","30 Apr 2018"
"05/04/2018 20:02","Purchase","'70838153003422928","WXR85","","PRIMAX 95","Billed","13.64","30.00","PSS JALAN LAHAT MENGLEMBU","","Standalone","","","30 Apr 2018"
"05/04/2018 20:00","Reload","'70838153003422928","WXR85","","","Billed","","-30.00","PSS JALAN LAHAT MENGLEMBU","","Standalone","","","30 Apr 2018"
"04/04/2018 19:28","Purchase","'70838153003422928","WXR85","","PRIMAX 95","Billed","13.64","30.00","PSS JALAN LAHAT MENGLEMBU","","Standalone","","","30 Apr 2018"
"04/04/2018 19:24","Reload","'70838153003422928","WXR85","","","Billed","","-30.00","PSS JALAN LAHAT MENGLEMBU","","Standalone","","","30 Apr 2018"
"03/04/2018 11:34","Purchase","'70838153003422928","WXR85","","PRIMAX 95","Billed","13.64","30.00","PSS JALAN LAHAT MENGLEMBU","","Standalone","","","30 Apr 2018"
"03/04/2018 11:32","Reload","'70838153003422928","WXR85","","","Billed","","-30.00","PSS JALAN LAHAT MENGLEMBU","","Standalone","","","30 Apr 2018"
"02/04/2018 20:02","Purchase","'70838153003422928","WXR85","","PRIMAX 95","Billed","13.64","30.00","PSS JALAN LAHAT MENGLEMBU","","Standalone","","","30 Apr 2018"
"02/04/2018 20:00","Reload","'70838153003422928","WXR85","","","Billed","","-30.00","PSS JALAN LAHAT MENGLEMBU","","Standalone","","","30 Apr 2018"
"01/04/2018 18:56","Purchase","'70838153003422928","WXR85","","PRIMAX 95","Billed","13.64","30.00","PSS JALAN LAHAT MENGLEMBU","","Standalone","","","30 Apr 2018"
"01/04/2018 18:54","Reload","'70838153003422928","WXR85","","","Billed","","-30.00","PSS JALAN LAHAT MENGLEMBU","","Standalone","","","30 Apr 2018"