"Date Time","Transaction Type","Card Number","Vehicle Number","Driver Card Number","Product Type","Billing Type","Transaction Volume (Litres)","Transaction Amount (RM)","Station Name","Odometer","Card Type","Cost Centre","Cost Centre Name","Statement Month"
"17/04/2018 13:52","Purchase","'70838153003424999","WXR140","","PRIMAX 95","Billed","31.82","70.00","PSS CYBERJAYA","11111","Standalone","","","30 Apr 2018"
"17/04/2018 13:50","Reload","'70838153003424999","WXR140","","","Billed","","-100.00","PSS CYBERJAYA","","Standalone","","","30 Apr 2018"
"12/04/2018 13:38","Purchase","'70838153003424999","WXR140","","PRIMAX 95","Billed","29.09","64.00","PSS CYBERJAYA","179658","Standalone","","","30 Apr 2018"
"07/04/2018 14:40","Purchase","'70838153003424999","WXR140","","PRIMAX 95","Billed","29.55","65.00","PSS KM 0.7 BESRAYA ARAH UTARA","17266","Standalone","","","30 Apr 2018"
"07/04/2018 14:37","Reload","'70838153003424999","WXR140","","","Billed","","-100.00","PSS KM 0.7 BESRAYA ARAH UTARA","","Standalone","","","30 Apr 2018"
"02/04/2018 17:51","Purchase","'70838153003424999","WXR140","","PRIMAX 95","Billed","29.55","65.01","PSS CYBERJAYA","16245","Standalone","","","30 Apr 2018"
"02/04/2018 17:47","Reload","'70838153003424999","WXR140","","","Billed","","-100.00","PSS CYBERJAYA","","Standalone","","","30 Apr 2018"