"Date Time","Transaction Type","Card Number","Vehicle Number","Driver Card Number","Product Type","Billing Type","Transaction Volume (Litres)","Transaction Amount (RM)","Station Name","Odometer","Card Type","Cost Centre","Cost Centre Name","Statement Month"
"25/04/2018 10:02","Purchase","'70838153003666771","WXR2017","","PRIMAX 95","Billed","20.00","44.00","PSS EQUINE 2","","Standalone","","","30 Apr 2018"
"25/04/2018 09:55","Reload","'70838153003666771","WXR2017","","","Billed","","-50.00","PSS EQUINE 2","","Standalone","","","30 Apr 2018"
"22/04/2018 20:56","Purchase","'70838153003666771","WXR2017","","PRIMAX 95","Billed","10.00","22.00","PSS EQUINE 2","","Standalone","","","30 Apr 2018"
"21/04/2018 00:47","Purchase","'70838153003666771","WXR2017","","Diesel","Billed","9.17","20.00","PSS EQUINE 2","20","Standalone","","","30 Apr 2018"
"21/04/2018 00:45","Reload","'70838153003666771","WXR2017","","","Billed","","-30.00","PSS EQUINE 2","","Standalone","","","30 Apr 2018"
"19/04/2018 14:42","Purchase","'70838153003666771","WXR2017","","PRIMAX 95","Billed","15.00","33.00","PSS EQUINE 2","","Standalone","","","30 Apr 2018"
"19/04/2018 14:41","Reload","'70838153003666771","WXR2017","","","Billed","","-50.00","PSS EQUINE 2","","Standalone","","","30 Apr 2018"