"Date Time","Transaction Type","Card Number","Vehicle Number","Driver Card Number","Product Type","Billing Type","Transaction Volume (Litres)","Transaction Amount (RM)","Station Name","Odometer","Card Type","Cost Centre","Cost Centre Name","Statement Month"
"21/04/2018 11:31","Purchase","'70838153003497789","WXR602","","PRIMAX 95","Billed","9.09","20.00","PSS HUTAN MELINTANG","","Standalone","","","30 Apr 2018"
"21/04/2018 11:29","Reload","'70838153003497789","WXR602","","","Billed","","-50.00","PSS HUTAN MELINTANG","","Standalone","","","30 Apr 2018"
"19/04/2018 15:52","Purchase","'70838153003497789","WXR602","","PRIMAX 95","Billed","13.64","30.00","PSS CHANGKAT JONG","","Standalone","","","30 Apr 2018"
"19/04/2018 15:50","Reload","'70838153003497789","WXR602","","","Billed","","-30.00","PSS CHANGKAT JONG","","Standalone","","","30 Apr 2018"
"13/04/2018 15:10","Purchase","'70838153003497789","WXR602","","PRIMAX 95","Billed","36.37","80.00","PSS PENDANG","","Standalone","","","30 Apr 2018"
"13/04/2018 15:07","Reload","'70838153003497789","WXR602","","","Billed","","-80.00","PSS PENDANG","","Standalone","","","30 Apr 2018"
"11/04/2018 17:50","Purchase","'70838153003497789","WXR602","","PRIMAX 95","Billed","13.64","30.00","PSS GAJAH PERDANA","","Standalone","","","30 Apr 2018"
"11/04/2018 17:48","Reload","'70838153003497789","WXR602","","","Billed","","-30.00","PSS GAJAH PERDANA","","Standalone","","","30 Apr 2018"
"11/04/2018 12:30","Purchase","'70838153003497789","WXR602","","PRIMAX 95","Billed","9.09","20.00","PSS LANGKAP","","Standalone","","","30 Apr 2018"
"07/04/2018 18:48","Purchase","'70838153003497789","WXR602","","PRIMAX 95","Billed","22.73","50.00","PSS GAJAH PERDANA","","Standalone","","","30 Apr 2018"
"07/04/2018 18:47","Reload","'70838153003497789","WXR602","","","Billed","","-70.00","PSS GAJAH PERDANA","","Standalone","","","30 Apr 2018"
"01/04/2018 23:26","Purchase","'70838153003497789","WXR602","","PRIMAX 95","Billed","12.90","28.38","PSS SUNGAI BESAR","","Standalone","","","30 Apr 2018"