"Date Time","Transaction Type","Card Number","Vehicle Number","Driver Card Number","Product Type","Billing Type","Transaction Volume (Litres)","Transaction Amount (RM)","Station Name","Odometer","Card Type","Cost Centre","Cost Centre Name","Statement Month"
"23/04/2018 07:51","Purchase","'70838153003496070","WXR348","","PRIMAX 95","Billed","22.73","50.00","PSS AWANA KIJAL","999","Standalone","","","30 Apr 2018"
"20/04/2018 09:45","Purchase","'70838153003496070","WXR348","","PRIMAX 95","Billed","22.73","50.00","PSS RANTAU PETRONAS","999","Standalone","","","30 Apr 2018"
"20/04/2018 09:44","Reload","'70838153003496070","WXR348","","","Billed","","-100.00","PSS RANTAU PETRONAS","","Standalone","","","30 Apr 2018"
"19/04/2018 07:31","Purchase","'70838153003496070","WXR348","","PRIMAX 95","Billed","22.73","50.00","PSS AWANA KIJAL","999","Standalone","","","30 Apr 2018"
"18/04/2018 09:59","Purchase","'70838153003496070","WXR348","","PRIMAX 95","Billed","22.73","50.00","PSS RANTAU PETRONAS","999","Standalone","","","30 Apr 2018"
"18/04/2018 09:56","Reload","'70838153003496070","WXR348","","","Billed","","-100.00","PSS RANTAU PETRONAS","","Standalone","","","30 Apr 2018"
"17/04/2018 14:37","Purchase","'70838153003496070","WXR348","","PRIMAX 95","Billed","27.27","60.00","PSS TOK JIRING","999","Standalone","","","30 Apr 2018"
"16/04/2018 15:33","Purchase","'70838153003496070","WXR348","","PRIMAX 95","Billed","22.73","50.00","PSS RANTAU PETRONAS","999","Standalone","","","30 Apr 2018"
"16/04/2018 15:31","Reload","'70838153003496070","WXR348","","","Billed","","-100.00","PSS RANTAU PETRONAS","","Standalone","","","30 Apr 2018"
"15/04/2018 11:54","Purchase","'70838153003496070","WXR348","","PRIMAX 95","Billed","22.73","50.00","PSS KERTEH 2","999","Standalone","","","30 Apr 2018"
"14/04/2018 18:15","Purchase","'70838153003496070","WXR348","","Diesel","Billed","18.35","40.00","PSS AWANA KIJAL","999","Standalone","","","30 Apr 2018"
"14/04/2018 18:14","Reload","'70838153003496070","WXR348","","","Billed","","-100.00","PSS AWANA KIJAL","","Standalone","","","30 Apr 2018"
"14/04/2018 08:41","Purchase","'70838153003496070","WXR348","","PRIMAX 95","Billed","22.73","50.00","PSS KERTEH 2","999","Standalone","","","30 Apr 2018"
"12/04/2018 07:50","Purchase","'70838153003496070","WXR348","","PRIMAX 95","Billed","22.73","50.00","PSS AWANA KIJAL","999","Standalone","","","30 Apr 2018"
"12/04/2018 07:48","Reload","'70838153003496070","WXR348","","","Billed","","-100.00","PSS AWANA KIJAL","","Standalone","","","30 Apr 2018"
"11/04/2018 10:57","Purchase","'70838153003496070","WXR348","","PRIMAX 95","Billed","18.18","40.00","PSS KUANTAN DAMANSARA","999","Standalone","","","30 Apr 2018"
"10/04/2018 13:45","Purchase","'70838153003496070","WXR348","","Diesel (EURO 5)","Billed","21.93","50.00","PSS KERTEH 2","999","Standalone","","","30 Apr 2018"
"10/04/2018 13:41","Reload","'70838153003496070","WXR348","","","Billed","","-60.00","PSS KERTEH 2","","Standalone","","","30 Apr 2018"
"10/04/2018 07:52","Purchase","'70838153003496070","WXR348","","PRIMAX 95","Billed","31.82","70.00","PSS AWANA KIJAL","999","Standalone","","","30 Apr 2018"
"09/04/2018 09:48","Reload","'70838153003496070","WXR348","","","Billed","","-100.00","PSS MUKIM KUALA PAKA DUNGUN","","Standalone","","","30 Apr 2018"
"09/04/2018 09:42","Purchase","'70838153003496070","WXR348","","PRIMAX 95","Billed","22.73","50.00","PSS MUKIM KUALA PAKA DUNGUN","999","Standalone","","","30 Apr 2018"
"08/04/2018 14:41","Purchase","'70838153003496070","WXR348","","PRIMAX 95","Billed","22.73","50.00","PSS KERTEH 2","999","Standalone","","","30 Apr 2018"
"08/04/2018 14:40","Reload","'70838153003496070","WXR348","","","Billed","","-100.00","PSS KERTEH 2","","Standalone","","","30 Apr 2018"
"07/04/2018 08:49","Purchase","'70838153003496070","WXR348","","PRIMAX 95","Billed","24.39","53.65","PSS BANDAR BARU KERTEH","999","Standalone","","","30 Apr 2018"
"06/04/2018 15:43","Purchase","'70838153003496070","WXR348","","PRIMAX 95","Billed","22.73","50.00","PSS RANTAU PETRONAS","999","Standalone","","","30 Apr 2018"
"06/04/2018 15:42","Reload","'70838153003496070","WXR348","","","Billed","","-100.00","PSS RANTAU PETRONAS","","Standalone","","","30 Apr 2018"
"05/04/2018 08:45","Purchase","'70838153003496070","WXR348","","PRIMAX 95","Billed","22.73","50.00","PSS KERTEH 2","999","Standalone","","","30 Apr 2018"
"04/04/2018 07:31","Purchase","'70838153003496070","WXR348","","PRIMAX 95","Billed","22.73","50.00","PSS AWANA KIJAL","999","Standalone","","","30 Apr 2018"
"04/04/2018 07:29","Reload","'70838153003496070","WXR348","","","Billed","","-100.00","PSS AWANA KIJAL","","Standalone","","","30 Apr 2018"
"03/04/2018 12:51","Purchase","'70838153003496070","WXR348","","PRIMAX 95","Billed","22.73","50.00","PSS AWANA KIJAL","999","Standalone","","","30 Apr 2018"
"02/04/2018 18:48","Purchase","'70838153003496070","WXR348","","PRIMAX 95","Billed","31.82","70.00","PSS KERTEH 2","999","Standalone","","","30 Apr 2018"
"02/04/2018 18:47","Reload","'70838153003496070","WXR348","","","Billed","","-100.00","PSS KERTEH 2","","Standalone","","","30 Apr 2018"