"Date Time","Transaction Type","Card Number","Vehicle Number","Driver Card Number","Product Type","Billing Type","Transaction Volume (Litres)","Transaction Amount (RM)","Station Name","Odometer","Card Type","Cost Centre","Cost Centre Name","Statement Month"
"11/04/2018 10:35","Purchase","'70838153003496393","WXR355","","PRIMAX 95","Billed","22.73","50.00","PSS BANDAR INDERA MAHKOTA","","Standalone","","","30 Apr 2018"
"11/04/2018 10:34","Reload","'70838153003496393","WXR355","","","Billed","","-50.00","PSS BANDAR INDERA MAHKOTA","","Standalone","","","30 Apr 2018"
"09/04/2018 15:41","Purchase","'70838153003496393","WXR355","","PRIMAX 95","Billed","22.73","50.00","PSS PERMATANG BADAK","","Standalone","","","30 Apr 2018"
"09/04/2018 15:40","Reload","'70838153003496393","WXR355","","","Billed","","-50.00","PSS PERMATANG BADAK","","Standalone","","","30 Apr 2018"
"05/04/2018 08:06","Purchase","'70838153003496393","WXR355","","PRIMAX 95","Billed","22.73","50.00","PSS BANDAR INDERA MAHKOTA","","Standalone","","","30 Apr 2018"
"05/04/2018 08:04","Reload","'70838153003496393","WXR355","","","Billed","","-50.00","PSS BANDAR INDERA MAHKOTA","","Standalone","","","30 Apr 2018"
"02/04/2018 17:49","Purchase","'70838153003496393","WXR355","","PRIMAX 95","Billed","20.91","46.00","PSS BANDAR INDERA MAHKOTA","","Standalone","","","30 Apr 2018"
"02/04/2018 17:47","Reload","'70838153003496393","WXR355","","","Billed","","-20.00","PSS BANDAR INDERA MAHKOTA","","Standalone","","","30 Apr 2018"