"Date Time","Transaction Type","Card Number","Vehicle Number","Driver Card Number","Product Type","Billing Type","Transaction Volume (Litres)","Transaction Amount (RM)","Station Name","Odometer","Card Type","Cost Centre","Cost Centre Name","Statement Month"
"25/04/2018 11:49","Purchase","'70838153003580527","WXR1051","","PRIMAX 95","Billed","22.73","50.00","PSS LUBUK CHINA","","Standalone","","","30 Apr 2018"
"25/04/2018 11:46","Reload","'70838153003580527","WXR1051","","","Billed","","-50.00","PSS LUBUK CHINA","","Standalone","","","30 Apr 2018"
"23/04/2018 18:55","Reload","'70838153003580527","WXR1051","","","Billed","","-50.00","PSS LUBUK CHINA","","Standalone","","","30 Apr 2018"
"23/04/2018 18:54","Purchase","'70838153003580527","WXR1051","","PRIMAX 95","Billed","5.10","11.23","PSS LUBUK CHINA","","Standalone","","","30 Apr 2018"
"15/04/2018 11:08","Purchase","'70838153003580527","WXR1051","","PRIMAX 95","Billed","22.73","50.00","PSS LUBUK CHINA","","Standalone","","","30 Apr 2018"
"06/04/2018 20:16","Purchase","'70838153003580527","WXR1051","","PRIMAX 95","Billed","22.73","50.00","PSS LUBUK CHINA","","Standalone","","","30 Apr 2018"
"06/04/2018 20:14","Reload","'70838153003580527","WXR1051","","","Billed","","-100.00","PSS LUBUK CHINA","","Standalone","","","30 Apr 2018"