"Date Time","Transaction Type","Card Number","Vehicle Number","Driver Card Number","Product Type","Billing Type","Transaction Volume (Litres)","Transaction Amount (RM)","Station Name","Odometer","Card Type","Cost Centre","Cost Centre Name","Statement Month"
"27/04/2018 08:05","Purchase","'70838153003580584","WXR1055","","PRIMAX 95","Billed","37.86","83.30","PSS LUBUK CHINA","","Standalone","","","30 Apr 2018"
"27/04/2018 08:04","Reload","'70838153003580584","WXR1055","","","Billed","","-100.00","PSS LUBUK CHINA","","Standalone","","","30 Apr 2018"
"22/04/2018 09:44","Purchase","'70838153003580584","WXR1055","","PRIMAX 95","Billed","22.73","50.00","PSS KLEMAK ALOR GAJAH","","Standalone","","","30 Apr 2018"
"19/04/2018 06:48","Purchase","'70838153003580584","WXR1055","","PRIMAX 95","Billed","13.64","30.00","PSS LUBUK CHINA","","Standalone","","","30 Apr 2018"
"19/04/2018 06:47","Reload","'70838153003580584","WXR1055","","","Billed","","-50.00","PSS LUBUK CHINA","","Standalone","","","30 Apr 2018"
"16/04/2018 14:54","Purchase","'70838153003580584","WXR1055","","PRIMAX 95","Billed","22.73","50.00","PSS LUBUK CHINA","","Standalone","","","30 Apr 2018"
"16/04/2018 14:53","Reload","'70838153003580584","WXR1055","","","Billed","","-50.00","PSS LUBUK CHINA","","Standalone","","","30 Apr 2018"
"13/04/2018 15:57","Purchase","'70838153003580584","WXR1055","","PRIMAX 95","Billed","29.69","65.31","PSS LUBUK CHINA","","Standalone","","","30 Apr 2018"
"13/04/2018 15:55","Reload","'70838153003580584","WXR1055","","","Billed","","-100.00","PSS LUBUK CHINA","","Standalone","","","30 Apr 2018"
"10/04/2018 21:29","Purchase","'70838153003580584","WXR1055","","PRIMAX 95","Billed","22.73","50.00","PSS MASJID TANAH","","Standalone","","","30 Apr 2018"
"10/04/2018 21:28","Reload","'70838153003580584","WXR1055","","","Billed","","-50.00","PSS MASJID TANAH","","Standalone","","","30 Apr 2018"
"08/04/2018 10:17","Purchase","'70838153003580584","WXR1055","","PRIMAX 95","Billed","23.82","52.40","PSS LUBUK CHINA","","Standalone","","","30 Apr 2018"
"08/04/2018 10:15","Reload","'70838153003580584","WXR1055","","","Billed","","-60.00","PSS LUBUK CHINA","","Standalone","","","30 Apr 2018"
"06/04/2018 12:29","Purchase","'70838153003580584","WXR1055","","PRIMAX 95","Billed","22.73","50.00","PSS LUBUK CHINA","","Standalone","","","30 Apr 2018"
"06/04/2018 12:28","Reload","'70838153003580584","WXR1055","","","Billed","","-50.00","PSS LUBUK CHINA","","Standalone","","","30 Apr 2018"