"Date Time","Transaction Type","Card Number","Vehicle Number","Driver Card Number","Product Type","Billing Type","Transaction Volume (Litres)","Transaction Amount (RM)","Station Name","Odometer","Card Type","Cost Centre","Cost Centre Name","Statement Month"
"26/04/2018 15:14","Purchase","'70838153003499231","WXR451","","PRIMAX 95","Billed","49.55","109.00","PSS SUNGAI JATI ARAH KLANG","","Standalone","","","30 Apr 2018"
"26/04/2018 15:13","Reload","'70838153003499231","WXR451","","","Billed","","-500.00","PSS SUNGAI JATI ARAH KLANG","","Standalone","","","30 Apr 2018"
"23/04/2018 21:13","Purchase","'70838153003499231","WXR451","","PRIMAX 95","Billed","22.73","50.00","PSS BUKIT TINGGI 2","","Standalone","","","30 Apr 2018"
"23/04/2018 21:12","Reload","'70838153003499231","WXR451","","","Billed","","-50.00","PSS BUKIT TINGGI 2","","Standalone","","","30 Apr 2018"
"23/04/2018 21:10","Purchase","'70838153003499231","WXR451","","PRIMAX 95","Billed","7.81","17.19","PSS BUKIT TINGGI 2","","Standalone","","","30 Apr 2018"
"21/04/2018 12:06","Purchase","'70838153003499231","WXR451","","PRIMAX 95","Billed","55.92","123.02","PSS BUKIT TINGGI 2","","Standalone","","","30 Apr 2018"
"16/04/2018 21:16","Purchase","'70838153003499231","WXR451","","PRIMAX 95","Billed","32.28","71.01","PSS ANY JALAN KIM CHUAN","","Standalone","","","30 Apr 2018"
"13/04/2018 14:02","Purchase","'70838153003499231","WXR451","","PRIMAX 95","Billed","54.55","120.00","PSS JLN HJ SIRAT KLANG","","Standalone","","","30 Apr 2018"
"11/04/2018 17:19","Purchase","'70838153003499231","WXR451","","PRIMAX 95","Billed","31.85","70.06","PSS ANY JALAN KIM CHUAN","","Standalone","","","30 Apr 2018"
"11/04/2018 15:27","Reload","'70838153003499231","WXR451","","","Billed","","-300.00","PSS SUNGAI JATI ARAH KLANG","","Standalone","","","30 Apr 2018"
"09/04/2018 19:00","Purchase","'70838153003499231","WXR451","","PRIMAX 95","Billed","18.21","40.05","PSS PEKAN PANDAMARAN","","Standalone","","","30 Apr 2018"
"04/04/2018 18:45","Purchase","'70838153003499231","WXR451","","PRIMAX 95","Billed","9.09","20.00","PSS ANY JALAN KIM CHUAN","","Standalone","","","30 Apr 2018"
"02/04/2018 08:24","Purchase","'70838153003499231","WXR451","","PRIMAX 95","Billed","22.73","50.00","PSS SUNGAI JATI ARAH KLANG","","Standalone","","","30 Apr 2018"