"Date Time","Transaction Type","Card Number","Vehicle Number","Driver Card Number","Product Type","Billing Type","Transaction Volume (Litres)","Transaction Amount (RM)","Station Name","Odometer","Card Type","Cost Centre","Cost Centre Name","Statement Month"
"22/04/2018 08:48","Purchase","'70838153003422837","WXR76","","PRIMAX 95","Billed","40.97","90.12","PSS BUKIT KANGKAR","","Standalone","","","30 Apr 2018"
"22/04/2018 08:46","Reload","'70838153003422837","WXR76","","","Billed","","-300.00","PSS BUKIT KANGKAR","","Standalone","","","30 Apr 2018"
"16/04/2018 16:45","Purchase","'70838153003422837","WXR76","","PRIMAX 95","Billed","38.64","85.00","PSS MUKIM KESANG","","Standalone","","","30 Apr 2018"
"12/04/2018 18:26","Purchase","'70838153003422837","WXR76","","PRIMAX 95","Billed","36.36","80.00","PSS BUKIT KANGKAR","","Standalone","","","30 Apr 2018"
"06/04/2018 08:04","Purchase","'70838153003422837","WXR76","","PRIMAX 95","Billed","36.36","80.00","PSS MUKIM KESANG","","Standalone","","","30 Apr 2018"
"06/04/2018 08:03","Reload","'70838153003422837","WXR76","","","Billed","","-200.00","PSS MUKIM KESANG","","Standalone","","","30 Apr 2018"