"Date Time","Transaction Type","Card Number","Vehicle Number","Driver Card Number","Product Type","Billing Type","Transaction Volume (Litres)","Transaction Amount (RM)","Station Name","Odometer","Card Type","Cost Centre","Cost Centre Name","Statement Month"
"30/04/2018 10:13","Purchase","'70838153003425004","WXR141","","PRIMAX 95","Billed","22.76","50.07","PSS JINJANG","","Standalone","","","30 Apr 2018"
"30/04/2018 10:11","Reload","'70838153003425004","WXR141","","","Billed","","-50.00","PSS JINJANG","","Standalone","","","30 Apr 2018"
"27/04/2018 09:43","Purchase","'70838153003425004","WXR141","","PRIMAX 95","Billed","18.18","40.00","PSS MRR2 AMPANG","","Standalone","","","30 Apr 2018"
"27/04/2018 09:42","Reload","'70838153003425004","WXR141","","","Billed","","-40.00","PSS MRR2 AMPANG","","Standalone","","","30 Apr 2018"
"26/04/2018 12:53","Purchase","'70838153003425004","WXR141","","PRIMAX 95","Billed","22.87","50.31","PSS ELITE LAYBY","","Standalone","","","30 Apr 2018"
"26/04/2018 12:51","Reload","'70838153003425004","WXR141","","","Billed","","-50.00","PSS ELITE LAYBY","","Standalone","","","30 Apr 2018"
"25/04/2018 08:39","Purchase","'70838153003425004","WXR141","","PRIMAX 95","Billed","22.74","50.03","PSS JINJANG","","Standalone","","","30 Apr 2018"
"25/04/2018 08:37","Reload","'70838153003425004","WXR141","","","Billed","","-50.00","PSS JINJANG","","Standalone","","","30 Apr 2018"
"23/04/2018 22:14","Purchase","'70838153003425004","WXR141","","PRIMAX 95","Billed","22.75","50.04","PSS KEPONG INDAH","","Standalone","","","30 Apr 2018"
"23/04/2018 22:13","Reload","'70838153003425004","WXR141","","","Billed","","-50.00","PSS KEPONG INDAH","","Standalone","","","30 Apr 2018"
"21/04/2018 16:47","Purchase","'70838153003425004","WXR141","","PRIMAX 95","Billed","22.73","50.00","PSS TAMAN SAMUDERA BATU CAVES","","Standalone","","","30 Apr 2018"
"21/04/2018 16:46","Reload","'70838153003425004","WXR141","","","Billed","","-50.00","PSS TAMAN SAMUDERA BATU CAVES","","Standalone","","","30 Apr 2018"
"20/04/2018 12:41","Purchase","'70838153003425004","WXR141","","PRIMAX 95","Billed","22.73","50.00","PSS KELANA JAYA 1","","Standalone","","","30 Apr 2018"
"18/04/2018 19:05","Purchase","'70838153003425004","WXR141","","PRIMAX 95","Billed","22.73","50.00","PSS JINJANG","","Standalone","","","30 Apr 2018"
"18/04/2018 19:03","Reload","'70838153003425004","WXR141","","","Billed","","-50.00","PSS JINJANG","","Standalone","","","30 Apr 2018"
"13/04/2018 14:07","Reload","'70838153003425004","WXR141","","","Billed","","-50.00","PSS KOTA DAMANSARA","","Standalone","","","30 Apr 2018"
"11/04/2018 11:21","Purchase","'70838153003425004","WXR141","","PRIMAX 95","Billed","22.73","50.00","PSS SEREMBAN 2","","Standalone","","","30 Apr 2018"
"11/04/2018 11:19","Reload","'70838153003425004","WXR141","","","Billed","","-50.00","PSS SEREMBAN 2","","Standalone","","","30 Apr 2018"
"10/04/2018 10:50","Purchase","'70838153003425004","WXR141","","PRIMAX 95","Billed","22.77","50.10","PSS JINJANG","","Standalone","","","30 Apr 2018"
"10/04/2018 10:49","Reload","'70838153003425004","WXR141","","","Billed","","-50.00","PSS JINJANG","","Standalone","","","30 Apr 2018"
"09/04/2018 12:03","Purchase","'70838153003425004","WXR141","","PRIMAX 95","Billed","9.15","20.12","PSS JINJANG","","Standalone","","","30 Apr 2018"
"07/04/2018 12:19","Purchase","'70838153003425004","WXR141","","PRIMAX 95","Billed","13.64","30.00","PSS JINJANG","","Standalone","","","30 Apr 2018"
"07/04/2018 12:18","Reload","'70838153003425004","WXR141","","","Billed","","-50.00","PSS JINJANG","","Standalone","","","30 Apr 2018"
"06/04/2018 11:33","Purchase","'70838153003425004","WXR141","","PRIMAX 95","Billed","13.64","30.00","PSS PUCHONG JAYA","","Standalone","","","30 Apr 2018"
"05/04/2018 17:07","Purchase","'70838153003425004","WXR141","","PRIMAX 95","Billed","9.19","20.21","PSS LEBUHRAYA SILK","","Standalone","","","30 Apr 2018"
"05/04/2018 17:06","Reload","'70838153003425004","WXR141","","","Billed","","-50.00","PSS LEBUHRAYA SILK","","Standalone","","","30 Apr 2018"
"03/04/2018 15:50","Purchase","'70838153003425004","WXR141","","PRIMAX 95","Billed","22.73","50.00","PSS JINJANG","","Standalone","","","30 Apr 2018"
"03/04/2018 15:49","Reload","'70838153003425004","WXR141","","","Billed","","-50.00","PSS JINJANG","","Standalone","","","30 Apr 2018"
"02/04/2018 11:09","Purchase","'70838153003425004","WXR141","","PRIMAX 95","Billed","18.18","40.00","PSS LOT 4783 BUKIT JALIL","","Standalone","","","30 Apr 2018"