"Date Time","Transaction Type","Card Number","Vehicle Number","Driver Card Number","Product Type","Billing Type","Transaction Volume (Litres)","Transaction Amount (RM)","Station Name","Odometer","Card Type","Cost Centre","Cost Centre Name","Statement Month"
"21/04/2018 11:54","Purchase","'70838153003499454","WXR900","","PRIMAX 95","Billed","25.91","57.01","PSS SUNGAI SELUANG","","Standalone","","","30 Apr 2018"
"19/04/2018 19:28","Purchase","'70838153003499454","WXR900","","PRIMAX 95","Billed","41.07","90.34","PSS BEHOR TEMAK","","Standalone","","","30 Apr 2018"
"19/04/2018 19:26","Reload","'70838153003499454","WXR900","","","Billed","","-150.00","PSS BEHOR TEMAK","","Standalone","","","30 Apr 2018"
"14/04/2018 22:23","Purchase","'70838153003499454","WXR900","","PRIMAX 95","Billed","64.37","141.61","PSS BATU 6 JALAN IPOH","","Standalone","","","30 Apr 2018"
"14/04/2018 22:22","Reload","'70838153003499454","WXR900","","","Billed","","-200.00","PSS BATU 6 JALAN IPOH","","Standalone","","","30 Apr 2018"
"07/04/2018 17:51","Purchase","'70838153003499454","WXR900","","PRIMAX 95","Billed","4.39","9.65","PSS MERGONG (STESEN SERVICES PETRONAS )","","Standalone","","","30 Apr 2018"