"Date Time","Transaction Type","Card Number","Vehicle Number","Driver Card Number","Product Type","Billing Type","Transaction Volume (Litres)","Transaction Amount (RM)","Station Name","Odometer","Card Type","Cost Centre","Cost Centre Name","Statement Month"
"30/04/2018 15:51","Purchase","'70838153003500947","WXR969","","PRIMAX 95","Un-billed","31.82","70.00","PSS LUBUK CHINA","","Standalone","","","Unbilled Transaction"
"28/04/2018 18:55","Purchase","'70838153003500947","WXR969","","PRIMAX 95","Billed","31.82","70.00","PSS RAWAT & REHAT(S) KL- SEREMBAN","","Standalone","","","30 Apr 2018"
"25/04/2018 21:22","Purchase","'70838153003500947","WXR969","","PRIMAX 95","Billed","31.82","70.00","PSS LUBUK CHINA","","Standalone","","","30 Apr 2018"
"25/04/2018 21:21","Reload","'70838153003500947","WXR969","","","Billed","","-300.00","PSS LUBUK CHINA","","Standalone","","","30 Apr 2018"
"22/04/2018 21:35","Purchase","'70838153003500947","WXR969","","PRIMAX 95","Billed","31.82","70.00","PSS LUBUK CHINA","","Standalone","","","30 Apr 2018"
"20/04/2018 20:30","Purchase","'70838153003500947","WXR969","","PRIMAX 95","Billed","31.82","70.00","PSS LUBUK CHINA","","Standalone","","","30 Apr 2018"
"17/04/2018 01:22","Purchase","'70838153003500947","WXR969","","PRIMAX 95","Billed","22.73","50.00","PSS RAWAT & REHAT(S) KL- SEREMBAN","","Standalone","","","30 Apr 2018"
"17/04/2018 01:22","Purchase","'70838153003500947","WXR969","","PRIMAX 95","Un-billed","22.73","50.00","PSS RAWAT & REHAT(S) KL- SEREMBAN","","Standalone","","","Unbilled Transaction"
"17/04/2018 01:20","Reload","'70838153003500947","WXR969","","","Billed","","-200.00","PSS RAWAT & REHAT(S) KL- SEREMBAN","","Standalone","","","30 Apr 2018"
"15/04/2018 23:24","Purchase","'70838153003500947","WXR969","","PRIMAX 95","Billed","22.73","50.00","PSS RAWAT & REHAT(S) KL- SEREMBAN","","Standalone","","","30 Apr 2018"
"15/04/2018 16:59","Purchase","'70838153003500947","WXR969","","PRIMAX 95","Billed","22.73","50.00","PSS GELIGA","","Standalone","","","30 Apr 2018"
"13/04/2018 14:47","Purchase","'70838153003500947","WXR969","","PRIMAX 95","Billed","22.73","50.00","PSS GAMBANG RSA EAST","","Standalone","","","30 Apr 2018"
"13/04/2018 09:58","Purchase","'70838153003500947","WXR969","","PRIMAX 95","Billed","31.82","70.00","PSS LUBUK CHINA","","Standalone","","","30 Apr 2018"
"09/04/2018 20:45","Purchase","'70838153003500947","WXR969","","PRIMAX 95","Billed","31.82","70.00","PSS LUBUK CHINA","","Standalone","","","30 Apr 2018"
"09/04/2018 20:44","Reload","'70838153003500947","WXR969","","","Billed","","-300.00","PSS LUBUK CHINA","","Standalone","","","30 Apr 2018"
"08/04/2018 00:59","Purchase","'70838153003500947","WXR969","","PRIMAX 95","Billed","10.98","24.15","PSS RAWAT & REHAT(S) KL- SEREMBAN","","Standalone","","","30 Apr 2018"
"03/04/2018 22:12","Purchase","'70838153003500947","WXR969","","PRIMAX 95","Billed","22.73","50.00","PSS LUBUK CHINA","","Standalone","","","30 Apr 2018"