"Date Time","Transaction Type","Card Number","Vehicle Number","Driver Card Number","Product Type","Billing Type","Transaction Volume (Litres)","Transaction Amount (RM)","Station Name","Odometer","Card Type","Cost Centre","Cost Centre Name","Statement Month"
"29/04/2018 12:20","Purchase","'70838153003582135","WXR1137","","PRIMAX 95","Billed","13.64","30.00","PSS SUNWAY CITY","","Standalone","","","30 Apr 2018"
"26/04/2018 15:26","Purchase","'70838153003582135","WXR1137","","PRIMAX 95","Billed","13.64","30.00","PSS BERCHAM 2","","Standalone","","","30 Apr 2018"
"26/04/2018 15:24","Reload","'70838153003582135","WXR1137","'70838153003582135","","Billed","","-100.00","PSS BERCHAM 2","","Standalone","","","30 Apr 2018"
"25/04/2018 09:41","Purchase","'70838153003582135","WXR1137","","PRIMAX 95","Billed","9.09","20.00","PSS SUNWAY CITY","","Standalone","","","30 Apr 2018"
"22/04/2018 10:37","Purchase","'70838153003582135","WXR1137","","PRIMAX 95","Billed","13.64","30.00","PSS JLN RAJA DIHILIR","","Standalone","","","30 Apr 2018"
"22/04/2018 10:36","Reload","'70838153003582135","WXR1137","","","Billed","","-50.00","PSS JLN RAJA DIHILIR","","Standalone","","","30 Apr 2018"
"19/04/2018 14:55","Purchase","'70838153003582135","WXR1137","","PRIMAX 95","Billed","13.64","30.00","PSS SUNWAY CITY","","Standalone","","","30 Apr 2018"
"19/04/2018 14:54","Reload","'70838153003582135","WXR1137","","","Billed","","-30.00","PSS SUNWAY CITY","","Standalone","","","30 Apr 2018"
"18/04/2018 15:00","Purchase","'70838153003582135","WXR1137","","PRIMAX 95","Billed","9.09","20.00","PSS MANJOI","","Standalone","","","30 Apr 2018"
"17/04/2018 07:29","Purchase","'70838153003582135","WXR1137","","PRIMAX 95","Billed","13.64","30.00","PSS SUNWAY CITY","","Standalone","","","30 Apr 2018"
"17/04/2018 07:27","Reload","'70838153003582135","WXR1137","","","Billed","","-50.00","PSS SUNWAY CITY","","Standalone","","","30 Apr 2018"
"13/04/2018 07:59","Purchase","'70838153003582135","WXR1137","","PRIMAX 95","Billed","9.09","20.00","PSS JLN RAJA DIHILIR","","Standalone","","","30 Apr 2018"
"11/04/2018 15:22","Purchase","'70838153003582135","WXR1137","","PRIMAX 95","Billed","13.64","30.00","PSS JLN RAJA DIHILIR","","Standalone","","","30 Apr 2018"
"11/04/2018 15:20","Reload","'70838153003582135","WXR1137","","","Billed","","-50.00","PSS JLN RAJA DIHILIR","","Standalone","","","30 Apr 2018"
"10/04/2018 16:51","Purchase","'70838153003582135","WXR1137","","PRIMAX 95","Billed","9.09","20.00","PSS BERCHAM 2","","Standalone","","","30 Apr 2018"
"09/04/2018 13:04","Purchase","'70838153003582135","WXR1137","","PRIMAX 95","Billed","13.64","30.00","PSS JELAPANG","","Standalone","","","30 Apr 2018"
"09/04/2018 13:03","Reload","'70838153003582135","WXR1137","","","Billed","","-50.00","PSS JELAPANG","","Standalone","","","30 Apr 2018"
"05/04/2018 07:52","Purchase","'70838153003582135","WXR1137","","PRIMAX 95","Billed","13.64","30.00","PSS JLN RAJA DIHILIR","","Standalone","","","30 Apr 2018"
"02/04/2018 07:50","Purchase","'70838153003582135","WXR1137","","PRIMAX 95","Billed","13.64","30.00","PSS JLN RAJA DIHILIR","","Standalone","","","30 Apr 2018"