"Date Time","Transaction Type","Card Number","Vehicle Number","Driver Card Number","Product Type","Billing Type","Transaction Volume (Litres)","Transaction Amount (RM)","Station Name","Odometer","Card Type","Cost Centre","Cost Centre Name","Statement Month"
"29/04/2018 09:52","Purchase","'70838153003501184","WXR532","","PRIMAX 95","Billed","22.73","50.00","PSS KUAH LANGKAWI","","Standalone","","","30 Apr 2018"
"29/04/2018 09:51","Reload","'70838153003501184","WXR532","","","Billed","","-50.00","PSS KUAH LANGKAWI","","Standalone","","","30 Apr 2018"
"27/04/2018 10:03","Purchase","'70838153003501184","WXR532","","PRIMAX 95","Billed","22.70","49.93","PSS KUAH LANGKAWI","","Standalone","","","30 Apr 2018"
"26/04/2018 10:10","Purchase","'70838153003501184","WXR532","","PRIMAX 95","Billed","4.58","10.07","PSS KUAH LANGKAWI","","Standalone","","","30 Apr 2018"
"26/04/2018 10:08","Reload","'70838153003501184","WXR532","","","Billed","","-50.00","PSS KUAH LANGKAWI","","Standalone","","","30 Apr 2018"
"24/04/2018 09:36","Purchase","'70838153003501184","WXR532","","PRIMAX 95","Billed","18.18","40.00","PSS KUAH LANGKAWI","","Standalone","","","30 Apr 2018"
"24/04/2018 09:36","Reload","'70838153003501184","WXR532","","","Billed","","-50.00","PSS KUAH LANGKAWI","","Standalone","","","30 Apr 2018"
"23/04/2018 10:07","Purchase","'70838153003501184","WXR532","","PRIMAX 95","Billed","6.82","15.00","PSS KUAH LANGKAWI","","Standalone","","","30 Apr 2018"
"21/04/2018 11:37","Purchase","'70838153003501184","WXR532","","PRIMAX 95","Billed","15.91","35.00","PSS KUAH LANGKAWI","","Standalone","","","30 Apr 2018"
"21/04/2018 11:36","Reload","'70838153003501184","WXR532","","","Billed","","-50.00","PSS KUAH LANGKAWI","","Standalone","","","30 Apr 2018"
"20/04/2018 08:38","Purchase","'70838153003501184","WXR532","","PRIMAX 95","Billed","13.64","30.00","PSS KUAH LANGKAWI","","Standalone","","","30 Apr 2018"
"18/04/2018 09:41","Purchase","'70838153003501184","WXR532","","PRIMAX 95","Billed","13.64","30.00","PSS KUAH LANGKAWI","","Standalone","","","30 Apr 2018"
"18/04/2018 09:41","Reload","'70838153003501184","WXR532","","","Billed","","-50.00","PSS KUAH LANGKAWI","","Standalone","","","30 Apr 2018"
"13/04/2018 09:26","Purchase","'70838153003501184","WXR532","","PRIMAX 95","Billed","18.18","40.00","PSS KUAH LANGKAWI","","Standalone","","","30 Apr 2018"
"13/04/2018 09:26","Reload","'70838153003501184","WXR532","","","Billed","","-50.00","PSS KUAH LANGKAWI","","Standalone","","","30 Apr 2018"
"12/04/2018 09:19","Purchase","'70838153003501184","WXR532","","PRIMAX 95","Billed","9.09","20.00","PSS KUAH LANGKAWI","","Standalone","","","30 Apr 2018"
"11/04/2018 09:59","Purchase","'70838153003501184","WXR532","","PRIMAX 95","Billed","18.18","40.00","PSS KUAH LANGKAWI","","Standalone","","","30 Apr 2018"
"11/04/2018 09:58","Reload","'70838153003501184","WXR532","","","Billed","","-50.00","PSS KUAH LANGKAWI","","Standalone","","","30 Apr 2018"
"09/04/2018 10:11","Purchase","'70838153003501184","WXR532","","PRIMAX 95","Billed","18.18","40.00","PSS KUAH LANGKAWI","1","Standalone","","","30 Apr 2018"
"09/04/2018 10:10","Reload","'70838153003501184","WXR532","","","Billed","","-50.00","PSS KUAH LANGKAWI","","Standalone","","","30 Apr 2018"
"08/04/2018 09:07","Purchase","'70838153003501184","WXR532","","PRIMAX 95","Billed","7.95","17.49","PSS KUAH LANGKAWI","","Standalone","","","30 Apr 2018"
"06/04/2018 17:12","Purchase","'70838153003501184","WXR532","","PRIMAX 95","Billed","18.18","40.00","PSS TOK SENIK","","Standalone","","","30 Apr 2018"
"06/04/2018 17:12","Reload","'70838153003501184","WXR532","","","Billed","","-50.00","PSS TOK SENIK","","Standalone","","","30 Apr 2018"
"05/04/2018 10:41","Purchase","'70838153003501184","WXR532","","PRIMAX 95","Billed","13.64","30.00","PSS KUAH LANGKAWI","","Standalone","","","30 Apr 2018"
"05/04/2018 10:38","Reload","'70838153003501184","WXR532","","","Billed","","-30.00","PSS KUAH LANGKAWI","","Standalone","","","30 Apr 2018"
"03/04/2018 09:38","Purchase","'70838153003501184","WXR532","","PRIMAX 95","Billed","15.46","34.02","PSS KUAH LANGKAWI","","Standalone","","","30 Apr 2018"
"02/04/2018 10:14","Purchase","'70838153003501184","WXR532","","PRIMAX 95","Billed","13.64","30.00","PSS KUAH LANGKAWI","","Standalone","","","30 Apr 2018"
"02/04/2018 10:13","Reload","'70838153003501184","WXR532","","","Billed","","-50.00","PSS KUAH LANGKAWI","","Standalone","","","30 Apr 2018"
"01/04/2018 10:32","Purchase","'70838153003501184","WXR532","","PRIMAX 95","Billed","15.91","35.00","PSS KUAH LANGKAWI","","Standalone","","","30 Apr 2018"
"01/04/2018 10:32","Reload","'70838153003501184","WXR532","","","Billed","","-50.00","PSS KUAH LANGKAWI","","Standalone","","","30 Apr 2018"