"Date Time","Transaction Type","Card Number","Vehicle Number","Driver Card Number","Product Type","Billing Type","Transaction Volume (Litres)","Transaction Amount (RM)","Station Name","Odometer","Card Type","Cost Centre","Cost Centre Name","Statement Month"
"29/04/2018 20:32","Purchase","'70838153003423983","WXR21","","PRIMAX 95","Billed","33.18","73.00","PSS REMBAU","","Standalone","","","30 Apr 2018"
"29/04/2018 20:28","Reload","'70838153003423983","WXR21","","","Billed","","-300.00","PSS REMBAU","","Standalone","","","30 Apr 2018"
"25/04/2018 19:13","Purchase","'70838153003423983","WXR21","","PRIMAX 95","Billed","34.08","74.98","PSS REMBAU","","Standalone","","","30 Apr 2018"
"21/04/2018 11:34","Purchase","'70838153003423983","WXR21","","PRIMAX 95","Billed","22.73","50.01","PSS SENAWANG 2","","Standalone","","","30 Apr 2018"
"20/04/2018 16:13","Purchase","'70838153003423983","WXR21","","PRIMAX 95","Billed","34.10","75.01","PSS LEBUHRAYA SPRINT","","Standalone","","","30 Apr 2018"
"20/04/2018 16:02","Reload","'70838153003423983","WXR21","","","Billed","","-200.00","PSS LEBUHRAYA SPRINT","","Standalone","","","30 Apr 2018"
"15/04/2018 18:18","Purchase","'70838153003423983","WXR21","","PRIMAX 95","Billed","28.64","63.00","PSS SENAWANG 2","","Standalone","","","30 Apr 2018"
"11/04/2018 07:16","Purchase","'70838153003423983","WXR21","","PRIMAX 95","Billed","16.82","37.00","PSS REMBAU","","Standalone","","","30 Apr 2018"
"11/04/2018 07:14","Reload","'70838153003423983","WXR21","","","Billed","","-100.00","PSS REMBAU","","Standalone","","","30 Apr 2018"
"11/04/2018 07:12","Purchase","'70838153003423983","WXR21","","PRIMAX 95","Billed","1.45","3.18","PSS REMBAU","","Standalone","","","30 Apr 2018"
"08/04/2018 17:37","Purchase","'70838153003423983","WXR21","","PRIMAX 95","Billed","29.11","64.04","PSS REMBAU","","Standalone","","","30 Apr 2018"
"07/04/2018 09:50","Purchase","'70838153003423983","WXR21","","PRIMAX 95","Billed","28.18","62.00","PSS MITC","","Standalone","","","30 Apr 2018"
"04/04/2018 21:12","Purchase","'70838153003423983","WXR21","","PRIMAX 95","Billed","31.82","70.00","PSS REMBAU","","Standalone","","","30 Apr 2018"
"02/04/2018 09:12","Purchase","'70838153003423983","WXR21","","PRIMAX 95","Billed","29.54","65.00","PSS SENAWANG 2","","Standalone","","","30 Apr 2018"
"02/04/2018 09:11","Reload","'70838153003423983","WXR21","","","Billed","","-250.00","PSS SENAWANG 2","","Standalone","","","30 Apr 2018"