"Date Time","Transaction Type","Card Number","Vehicle Number","Driver Card Number","Product Type","Billing Type","Transaction Volume (Litres)","Transaction Amount (RM)","Station Name","Odometer","Card Type","Cost Centre","Cost Centre Name","Statement Month"
"30/04/2018 13:22","Purchase","'70838153003423405","WXR10","","Diesel","Billed","27.52","60.00","PSS TAPAH ARAH UTARA","","Standalone","","","30 Apr 2018"
"30/04/2018 13:19","Reload","'70838153003423405","WXR10","","","Billed","","-100.00","PSS TAPAH ARAH UTARA","","Standalone","","","30 Apr 2018"
"30/04/2018 10:21","Purchase","'70838153003423405","WXR10","","Diesel","Billed","19.64","42.82","PSS ELITE HIGHWAY","","Standalone","","","30 Apr 2018"
"29/04/2018 17:32","Purchase","'70838153003423405","WXR10","","Diesel","Billed","22.94","50.00","PSS SUNGAI RAMBAI","9","Standalone","","","30 Apr 2018"
"29/04/2018 09:05","Purchase","'70838153003423405","WXR10","","Diesel","Billed","22.94","50.00","PSS ULU BERNAM","","Standalone","","","30 Apr 2018"
"29/04/2018 08:55","Reload","'70838153003423405","WXR10","","","Billed","","-50.00","PSS ULU BERNAM","","Standalone","","","30 Apr 2018"
"28/04/2018 11:41","Purchase","'70838153003423405","WXR10","","PRIMAX 95","Billed","13.64","30.00","PSS BIDOR TAPAH","","Standalone","","","30 Apr 2018"
"18/04/2018 13:57","Reload","'70838153003423405","WXR10","","","Billed","","-40.00","PSS SIMPANG PULAI ARAH SELATAN","","Standalone","","","30 Apr 2018"
"13/04/2018 10:08","Purchase","'70838153003423405","WXR10","","PRIMAX 95","Billed","9.09","20.00","PSS BIDOR TAPAH","","Standalone","","","30 Apr 2018"
"13/04/2018 10:05","Reload","'70838153003423405","WXR10","","","Billed","","-100.00","PSS BIDOR TAPAH","","Standalone","","","30 Apr 2018"