"Date Time","Transaction Type","Card Number","Vehicle Number","Driver Card Number","Product Type","Billing Type","Transaction Volume (Litres)","Transaction Amount (RM)","Station Name","Odometer","Card Type","Cost Centre","Cost Centre Name","Statement Month"
"30/04/2018 14:22","Purchase","'70838153003497581","WXR397","","PRIMAX 95","Billed","22.73","50.00","PSS MUTIARA DAMANSARA","","Standalone","","","30 Apr 2018"
"30/04/2018 14:21","Reload","'70838153003497581","WXR397","","","Billed","","-50.00","PSS MUTIARA DAMANSARA","","Standalone","","","30 Apr 2018"
"26/04/2018 23:01","Purchase","'70838153003497581","WXR397","","PRIMAX 95","Billed","22.73","50.00","PSS TTDI","","Standalone","","","30 Apr 2018"
"26/04/2018 22:59","Reload","'70838153003497581","WXR397","","","Billed","","-50.00","PSS TTDI","","Standalone","","","30 Apr 2018"
"16/04/2018 19:56","Purchase","'70838153003497581","WXR397","","PRIMAX 95","Billed","30.91","68.00","PSS TTDI","","Standalone","","","30 Apr 2018"
"16/04/2018 19:55","Reload","'70838153003497581","WXR397","","","Billed","","-100.00","PSS TTDI","","Standalone","","","30 Apr 2018"
"15/04/2018 11:27","Purchase","'70838153003497581","WXR397","","PRIMAX 95","Billed","48.18","106.00","PSS KL-KARAK","","Standalone","","","30 Apr 2018"
"15/04/2018 11:25","Reload","'70838153003497581","WXR397","","","Billed","","-50.00","PSS KL-KARAK","","Standalone","","","30 Apr 2018"
"13/04/2018 18:40","Purchase","'70838153003497581","WXR397","","PRIMAX 95","Billed","25.91","57.00","PSS TTDI","","Standalone","","","30 Apr 2018"
"10/04/2018 18:06","Purchase","'70838153003497581","WXR397","","PRIMAX 95","Billed","13.64","30.00","PSS TTDI","","Standalone","","","30 Apr 2018"
"10/04/2018 18:04","Reload","'70838153003497581","WXR397","","","Billed","","-100.00","PSS TTDI","","Standalone","","","30 Apr 2018"
"01/04/2018 21:44","Purchase","'70838153003497581","WXR397","","PRIMAX 95","Billed","32.73","72.00","PSS TTDI","","Standalone","","","30 Apr 2018"