"Date Time","Transaction Type","Card Number","Vehicle Number","Driver Card Number","Product Type","Billing Type","Transaction Volume (Litres)","Transaction Amount (RM)","Station Name","Odometer","Card Type","Cost Centre","Cost Centre Name","Statement Month"
"30/04/2018 22:41","Purchase","'70838153003500459","WXR952","","PRIMAX 95","Billed","13.64","30.00","PSS TAMAN DAYA","","Standalone","","","30 Apr 2018"
"30/04/2018 22:40","Reload","'70838153003500459","WXR952","","","Billed","","-30.00","PSS TAMAN DAYA","","Standalone","","","30 Apr 2018"
"27/04/2018 14:57","Purchase","'70838153003500459","WXR952","","PRIMAX 95","Billed","19.55","43.00","PSS TAMAN CEMPAKA","","Standalone","","","30 Apr 2018"
"27/04/2018 14:55","Reload","'70838153003500459","WXR952","","","Billed","","-40.00","PSS TAMAN CEMPAKA","","Standalone","","","30 Apr 2018"
"25/04/2018 19:01","Purchase","'70838153003500459","WXR952","","PRIMAX 95","Billed","15.91","35.00","PSS SETIA TROPIKA","","Standalone","","","30 Apr 2018"
"25/04/2018 19:00","Reload","'70838153003500459","WXR952","","","Billed","","-30.00","PSS SETIA TROPIKA","","Standalone","","","30 Apr 2018"
"16/04/2018 16:20","Purchase","'70838153003500459","WXR952","","PRIMAX 95","Billed","13.64","30.00","PSS TAMAN AUSTIN PERDANA","","Standalone","","","30 Apr 2018"
"16/04/2018 16:18","Reload","'70838153003500459","WXR952","","","Billed","","-30.00","PSS TAMAN AUSTIN PERDANA","","Standalone","","","30 Apr 2018"
"08/04/2018 15:47","Purchase","'70838153003500459","WXR952","","PRIMAX 95","Billed","9.09","20.00","PSS BAYU SENIBONG","","Standalone","","","30 Apr 2018"
"08/04/2018 15:46","Reload","'70838153003500459","WXR952","","","Billed","","-20.00","PSS BAYU SENIBONG","","Standalone","","","30 Apr 2018"
"01/04/2018 10:53","Purchase","'70838153003500459","WXR952","","PRIMAX 95","Billed","18.18","40.00","PSS LEBUHRAYA PASIR GUDANG 3","","Standalone","","","30 Apr 2018"
"01/04/2018 10:50","Reload","'70838153003500459","WXR952","","","Billed","","-40.00","PSS LEBUHRAYA PASIR GUDANG 3","","Standalone","","","30 Apr 2018"