"Date Time","Transaction Type","Card Number","Vehicle Number","Driver Card Number","Product Type","Billing Type","Transaction Volume (Litres)","Transaction Amount (RM)","Station Name","Odometer","Card Type","Cost Centre","Cost Centre Name","Statement Month"
"28/04/2018 20:22","Purchase","'70838153003497771","WXR601","","Diesel","Billed","22.94","50.00","PSS LEBUHRAYA SILK","","Standalone","","","30 Apr 2018"
"28/04/2018 20:19","Reload","'70838153003497771","WXR601","","","Billed","","-50.00","PSS LEBUHRAYA SILK","","Standalone","","","30 Apr 2018"
"27/04/2018 06:48","Purchase","'70838153003497771","WXR601","","Diesel","Billed","22.94","50.00","PSS JALAN RHU AMPANG","","Standalone","","","30 Apr 2018"
"27/04/2018 06:47","Reload","'70838153003497771","WXR601","","","Billed","","-50.00","PSS JALAN RHU AMPANG","","Standalone","","","30 Apr 2018"
"22/04/2018 07:45","Purchase","'70838153003497771","WXR601","","Diesel","Billed","22.94","50.00","PSS KLIA 1","","Standalone","","","30 Apr 2018"
"22/04/2018 07:43","Reload","'70838153003497771","WXR601","","","Billed","","-50.00","PSS KLIA 1","","Standalone","","","30 Apr 2018"
"19/04/2018 17:11","Purchase","'70838153003497771","WXR601","","Diesel","Billed","13.76","30.00","PSS KLIA 1","","Standalone","","","30 Apr 2018"
"19/04/2018 17:09","Reload","'70838153003497771","WXR601","","","Billed","","-50.00","PSS KLIA 1","","Standalone","","","30 Apr 2018"
"14/04/2018 13:28","Purchase","'70838153003497771","WXR601","","Diesel","Billed","22.94","50.00","PSS GRAND SAGA  KL BOUND","","Standalone","","","30 Apr 2018"
"14/04/2018 13:26","Reload","'70838153003497771","WXR601","","","Billed","","-50.00","PSS GRAND SAGA  KL BOUND","","Standalone","","","30 Apr 2018"
"12/04/2018 11:43","Purchase","'70838153003497771","WXR601","","Diesel","Billed","22.94","50.00","PSS TAMAN RAKAN","","Standalone","","","30 Apr 2018"
"12/04/2018 11:42","Reload","'70838153003497771","WXR601","","","Billed","","-50.00","PSS TAMAN RAKAN","","Standalone","","","30 Apr 2018"
"07/04/2018 05:20","Purchase","'70838153003497771","WXR601","","Diesel","Billed","18.35","40.00","PSS KLIA 1","","Standalone","","","30 Apr 2018"
"06/04/2018 18:02","Purchase","'70838153003497771","WXR601","","Diesel","Billed","22.94","50.00","PSS R&R AWAN BESAR","","Standalone","","","30 Apr 2018"
"06/04/2018 18:01","Reload","'70838153003497771","WXR601","","","Billed","","-50.00","PSS R&R AWAN BESAR","","Standalone","","","30 Apr 2018"
"06/04/2018 06:08","Purchase","'70838153003497771","WXR601","","Diesel","Billed","27.52","60.00","PSS BATU 5 1/2 JALAN CHERAS","","Standalone","","","30 Apr 2018"
"06/04/2018 06:06","Reload","'70838153003497771","WXR601","","","Billed","","-100.00","PSS BATU 5 1/2 JALAN CHERAS","","Standalone","","","30 Apr 2018"
"02/04/2018 12:36","Purchase","'70838153003497771","WXR601","","Diesel","Billed","22.94","50.00","PSS JALAN RHU AMPANG","","Standalone","","","30 Apr 2018"
"02/04/2018 12:34","Reload","'70838153003497771","WXR601","","","Billed","","-50.00","PSS JALAN RHU AMPANG","","Standalone","","","30 Apr 2018"