"Date Time","Transaction Type","Card Number","Vehicle Number","Driver Card Number","Product Type","Billing Type","Transaction Volume (Litres)","Transaction Amount (RM)","Station Name","Odometer","Card Type","Cost Centre","Cost Centre Name","Statement Month"
"29/04/2018 13:29","Purchase","'70838153003424882","WXR58","","PRIMAX 95","Billed","39.92","87.82","PSS TAMAN MELATI","","Standalone","","","30 Apr 2018"
"29/04/2018 13:17","Reload","'70838153003424882","WXR58","","","Billed","","-300.00","PSS TAMAN MELATI","","Standalone","","","30 Apr 2018"
"26/04/2018 12:40","Purchase","'70838153003424882","WXR58","","PRIMAX 95","Billed","6.61","14.54","PSS TAMAN MELATI","","Standalone","","","30 Apr 2018"
"24/04/2018 12:44","Purchase","'70838153003424882","WXR58","","PRIMAX 95","Billed","39.58","87.08","PSS TAMAN MELATI","","Standalone","","","30 Apr 2018"
"22/04/2018 17:22","Purchase","'70838153003424882","WXR58","","PRIMAX 95","Billed","42.13","92.68","PSS SKUDAI RSA","","Standalone","","","30 Apr 2018"
"21/04/2018 07:41","Purchase","'70838153003424882","WXR58","","PRIMAX 95","Billed","27.81","61.19","PSS TAMAN MELATI","","Standalone","","","30 Apr 2018"
"20/04/2018 15:09","Purchase","'70838153003424882","WXR58","","PRIMAX 95","Billed","32.35","71.16","PSS TAMAN MELATI","","Standalone","","","30 Apr 2018"
"20/04/2018 15:05","Reload","'70838153003424882","WXR58","","","Billed","","-300.00","PSS TAMAN MELATI","","Standalone","","","30 Apr 2018"
"19/04/2018 21:38","Purchase","'70838153003424882","WXR58","","PRIMAX 95","Billed","48.48","106.65","PSS GAMBANG RSA WEST","","Standalone","","","30 Apr 2018"
"19/04/2018 21:37","Reload","'70838153003424882","WXR58","","","Billed","","-100.00","PSS GAMBANG RSA WEST","","Standalone","","","30 Apr 2018"
"18/04/2018 18:17","Purchase","'70838153003424882","WXR58","","PRIMAX 95","Billed","53.05","116.70","PSS PAKA 2","","Standalone","","","30 Apr 2018"
"18/04/2018 18:15","Reload","'70838153003424882","WXR58","","","Billed","","-150.00","PSS PAKA 2","","Standalone","","","30 Apr 2018"
"18/04/2018 18:14","Purchase","'70838153003424882","WXR58","","PRIMAX 95","Billed","0.74","1.62","PSS PAKA 2","","Standalone","","","30 Apr 2018"
"16/04/2018 23:17","Purchase","'70838153003424882","WXR58","","PRIMAX 95","Billed","24.46","53.82","PSS GAMBANG RSA EAST","","Standalone","","","30 Apr 2018"
"15/04/2018 13:59","Purchase","'70838153003424882","WXR58","","PRIMAX 97","Billed","23.87","58.96","PSS TAMAN MELATI","","Standalone","","","30 Apr 2018"
"13/04/2018 18:47","Purchase","'70838153003424882","WXR58","","PRIMAX 95","Billed","49.05","107.90","PSS TAMAN MELATI","","Standalone","","","30 Apr 2018"
"11/04/2018 17:39","Purchase","'70838153003424882","WXR58","","PRIMAX 97","Billed","34.27","84.64","PSS TAMAN MELATI","","Standalone","","","30 Apr 2018"
"07/04/2018 09:34","Purchase","'70838153003424882","WXR58","","PRIMAX 95","Billed","42.30","93.06","PSS TAMAN MELATI","","Standalone","","","30 Apr 2018"
"07/04/2018 09:29","Reload","'70838153003424882","WXR58","","","Billed","","-400.00","PSS TAMAN MELATI","","Standalone","","","30 Apr 2018"
"07/04/2018 09:27","Purchase","'70838153003424882","WXR58","","PRIMAX 95","Billed","0.54","1.18","PSS TAMAN MELATI","","Standalone","","","30 Apr 2018"
"02/04/2018 21:49","Purchase","'70838153003424882","WXR58","","PRIMAX 97","Billed","53.30","131.66","PSS TAMAN MELATI","","Standalone","","","30 Apr 2018"