"Date Time","Transaction Type","Card Number","Vehicle Number","Driver Card Number","Product Type","Billing Type","Transaction Volume (Litres)","Transaction Amount (RM)","Station Name","Odometer","Card Type","Cost Centre","Cost Centre Name","Statement Month"
"29/04/2018 22:26","Purchase","'70838153003424189","WXR297","","PRIMAX 95","Billed","56.71","124.77","PSS BT 2 1/2 JALAN KAPAR","","Standalone","","","30 Apr 2018"
"29/04/2018 11:00","Purchase","'70838153003424189","WXR297","","PRIMAX 95","Billed","9.09","20.00","PSS BATU BELAH","","Standalone","","","30 Apr 2018"
"29/04/2018 10:58","Reload","'70838153003424189","WXR297","","","Billed","","-130.00","PSS BATU BELAH","","Standalone","","","30 Apr 2018"
"26/04/2018 08:40","Purchase","'70838153003424189","WXR297","","PRIMAX 95","Billed","31.82","70.00","PSS TAMAN KLANG UTAMA","","Standalone","","","30 Apr 2018"
"26/04/2018 08:22","Reload","'70838153003424189","WXR297","","","Billed","","-70.00","PSS TAMAN SUNGAI KAPAR INDAH","","Standalone","","","30 Apr 2018"
"22/04/2018 20:40","Purchase","'70838153003424189","WXR297","","PRIMAX 95","Billed","59.09","130.00","PSS BT 2 1/2 JALAN KAPAR","","Standalone","","","30 Apr 2018"
"22/04/2018 20:38","Reload","'70838153003424189","WXR297","","","Billed","","-120.00","PSS BT 2 1/2 JALAN KAPAR","","Standalone","","","30 Apr 2018"
"18/04/2018 19:45","Purchase","'70838153003424189","WXR297","","PRIMAX 95","Billed","38.64","85.00","PSS BT 2 1/2 JALAN KAPAR","","Standalone","","","30 Apr 2018"
"18/04/2018 19:44","Reload","'70838153003424189","WXR297","","","Billed","","-100.00","PSS BT 2 1/2 JALAN KAPAR","","Standalone","","","30 Apr 2018"
"11/04/2018 19:34","Purchase","'70838153003424189","WXR297","","PRIMAX 95","Billed","40.91","90.00","PSS BT 2 1/2 JALAN KAPAR","","Standalone","","","30 Apr 2018"
"11/04/2018 15:17","Purchase","'70838153003424189","WXR297","","PRIMAX 95","Billed","22.73","50.00","PSS BT 2 1/2 JALAN KAPAR","","Standalone","","","30 Apr 2018"
"11/04/2018 15:14","Reload","'70838153003424189","WXR297","","","Billed","","-150.00","PSS BT 2 1/2 JALAN KAPAR","","Standalone","","","30 Apr 2018"
"09/04/2018 08:04","Purchase","'70838153003424189","WXR297","","PRIMAX 95","Billed","59.09","130.00","PSS TAMAN SUNGAI KAPAR INDAH","","Standalone","","","30 Apr 2018"
"09/04/2018 08:02","Reload","'70838153003424189","WXR297","","","Billed","","-130.00","PSS TAMAN SUNGAI KAPAR INDAH","","Standalone","","","30 Apr 2018"
"05/04/2018 20:54","Purchase","'70838153003424189","WXR297","","PRIMAX 95","Billed","9.09","20.00","PSS BT 2 1/2 JALAN KAPAR","","Standalone","","","30 Apr 2018"
"04/04/2018 08:20","Purchase","'70838153003424189","WXR297","","PRIMAX 95","Billed","40.91","90.00","PSS TAMAN SUNGAI KAPAR INDAH","","Standalone","","","30 Apr 2018"
"04/04/2018 08:18","Reload","'70838153003424189","WXR297","","","Billed","","-100.00","PSS TAMAN SUNGAI KAPAR INDAH","","Standalone","","","30 Apr 2018"
"01/04/2018 21:20","Purchase","'70838153003424189","WXR297","","PRIMAX 95","Billed","54.55","120.00","PSS BT 2 1/2 JALAN KAPAR","","Standalone","","","30 Apr 2018"
"01/04/2018 21:19","Reload","'70838153003424189","WXR297","","","Billed","","-130.00","PSS BT 2 1/2 JALAN KAPAR","","Standalone","","","30 Apr 2018"