"Date Time","Transaction Type","Card Number","Vehicle Number","Driver Card Number","Product Type","Billing Type","Transaction Volume (Litres)","Transaction Amount (RM)","Station Name","Odometer","Card Type","Cost Centre","Cost Centre Name","Statement Month"
"13/04/2018 09:50","Purchase","'70838153003501952","WXR737","","Diesel","Billed","9.17","20.00","PSS MATAHARI HEIGHTS","737","Standalone","","","30 Apr 2018"
"12/04/2018 09:17","Purchase","'70838153003501952","WXR737","","PRIMAX 95","Billed","13.64","30.00","PSS SENAWANG - PAROI","30","Standalone","","","30 Apr 2018"
"12/04/2018 09:14","Reload","'70838153003501952","WXR737","","","Billed","","-50.00","PSS SENAWANG - PAROI","","Standalone","","","30 Apr 2018"
"05/04/2018 12:14","Purchase","'70838153003501952","WXR737","","PRIMAX 95","Billed","13.64","30.00","PSS LAVENDER HEIGHTS","737","Standalone","","","30 Apr 2018"
"05/04/2018 12:14","Purchase","'70838153003501952","WXR737","","PRIMAX 95","Un-billed","13.64","30.00","PSS LAVENDER HEIGHTS","737","Standalone","","","Unbilled Transaction"
"02/04/2018 16:35","Purchase","'70838153003501952","WXR737","","PRIMAX 95","Billed","9.09","20.00","PSS JLN SEREMBAN-JELEBU","737","Standalone","","","30 Apr 2018"
"02/04/2018 16:33","Reload","'70838153003501952","WXR737","","","Billed","","-50.00","PSS JLN SEREMBAN-JELEBU","","Standalone","","","30 Apr 2018"