"Date Time","Transaction Type","Card Number","Vehicle Number","Driver Card Number","Product Type","Billing Type","Transaction Volume (Litres)","Transaction Amount (RM)","Station Name","Odometer","Card Type","Cost Centre","Cost Centre Name","Statement Month"
"25/04/2018 21:21","Purchase","'70838153003498381","WXR879","","PRIMAX 95","Billed","22.73","50.00","PSS DESA TEBRAU","50","Standalone","","","30 Apr 2018"
"25/04/2018 21:17","Reload","'70838153003498381","WXR879","","","Billed","","-50.00","PSS DESA TEBRAU","","Standalone","","","30 Apr 2018"
"19/04/2018 18:54","Purchase","'70838153003498381","WXR879","","PRIMAX 95","Billed","22.73","50.00","PSS ROSMERAH","50","Standalone","","","30 Apr 2018"
"19/04/2018 18:53","Reload","'70838153003498381","WXR879","","","Billed","","-50.00","PSS ROSMERAH","","Standalone","","","30 Apr 2018"
"10/04/2018 16:23","Purchase","'70838153003498381","WXR879","","PRIMAX 95","Billed","22.73","50.00","PSS DESA TEBRAU","50","Standalone","","","30 Apr 2018"
"10/04/2018 16:18","Reload","'70838153003498381","WXR879","","","Billed","","-50.00","PSS DESA TEBRAU","","Standalone","","","30 Apr 2018"