"Date Time","Transaction Type","Card Number","Vehicle Number","Driver Card Number","Product Type","Billing Type","Transaction Volume (Litres)","Transaction Amount (RM)","Station Name","Odometer","Card Type","Cost Centre","Cost Centre Name","Statement Month"
"30/04/2018 20:35","Purchase","'70838153003425186","WXR70","","PRIMAX 95","Un-billed","13.65","30.02","PSS KELEBANG LANGKAWI","40000","Standalone","","","Unbilled Transaction"
"28/04/2018 17:06","Purchase","'70838153003425186","WXR70","","PRIMAX 95","Billed","49.32","108.49","PSS GURUN","40200","Standalone","","","30 Apr 2018"
"27/04/2018 11:24","Purchase","'70838153003425186","WXR70","","PRIMAX 95","Billed","40.01","88.02","PSS SERI KEMBANGAN 1","40000","Standalone","","","30 Apr 2018"
"27/04/2018 11:22","Reload","'70838153003425186","WXR70","","","Billed","","-300.00","PSS SERI KEMBANGAN 1","","Standalone","","","30 Apr 2018"
"22/04/2018 14:58","Purchase","'70838153003425186","WXR70","","PRIMAX 95","Billed","45.26","99.57","PSS JAYA GADING","39300","Standalone","","","30 Apr 2018"
"22/04/2018 14:56","Reload","'70838153003425186","WXR70","","","Billed","","-100.00","PSS JAYA GADING","","Standalone","","","30 Apr 2018"
"19/04/2018 11:40","Purchase","'70838153003425186","WXR70","","PRIMAX 95","Billed","40.16","88.34","PSS AMPANGAN 2","38700","Standalone","","","30 Apr 2018"
"14/04/2018 07:22","Purchase","'70838153003425186","WXR70","","PRIMAX 95","Billed","44.41","97.69","PSS AMPANGAN 2","38500","Standalone","","","30 Apr 2018"
"14/04/2018 07:19","Reload","'70838153003425186","WXR70","","","Billed","","-200.00","PSS AMPANGAN 2","","Standalone","","","30 Apr 2018"
"11/04/2018 17:23","Purchase","'70838153003425186","WXR70","","PRIMAX 95","Billed","17.79","39.14","PSS JALAN BESAR SERDANG","38000","Standalone","","","30 Apr 2018"
"07/04/2018 15:39","Purchase","'70838153003425186","WXR70","","PRIMAX 95","Billed","47.74","105.02","PSS RNR KINRARA","37500","Standalone","","","30 Apr 2018"
"06/04/2018 11:07","Reload","'70838153003425186","WXR70","","","Billed","","-100.00","PSS SERI KEMBANGAN 1","","Standalone","","","30 Apr 2018"
"03/04/2018 12:01","Purchase","'70838153003425186","WXR70","","PRIMAX 95","Billed","46.28","101.82","PSS SEKSYEN 7 BANGI","37500","Standalone","","","30 Apr 2018"
"01/04/2018 12:15","Reload","'70838153003425186","WXR70","","","Billed","","-100.00","PSS AMPANGAN 2","","Standalone","","","30 Apr 2018"
"01/04/2018 12:12","Purchase","'70838153003425186","WXR70","","PRIMAX 95","Billed","54.55","120.00","PSS AMPANGAN 2","37000","Standalone","","","30 Apr 2018"