"Date Time","Transaction Type","Card Number","Vehicle Number","Driver Card Number","Product Type","Billing Type","Transaction Volume (Litres)","Transaction Amount (RM)","Station Name","Odometer","Card Type","Cost Centre","Cost Centre Name","Statement Month"
"23/04/2018 20:51","Purchase","'70838153003424213","WXR34","","PRIMAX 95","Billed","45.00","99.00","PSS ELITE LAYBY","123","Standalone","","","30 Apr 2018"
"23/04/2018 20:43","Reload","'70838153003424213","WXR34","","","Billed","","-200.00","PSS ELITE LAYBY","","Standalone","","","30 Apr 2018"
"16/04/2018 22:28","Purchase","'70838153003424213","WXR34","","PRIMAX 95","Billed","49.55","109.00","PSS ELITE LAYBY","123","Standalone","","","30 Apr 2018"
"08/04/2018 19:49","Purchase","'70838153003424213","WXR34","","PRIMAX 95","Billed","45.00","99.00","PSS ELITE LAYBY","123","Standalone","","","30 Apr 2018"
"08/04/2018 19:47","Reload","'70838153003424213","WXR34","","","Billed","","-100.00","PSS ELITE LAYBY","","Standalone","","","30 Apr 2018"