"Date Time","Transaction Type","Card Number","Vehicle Number","Driver Card Number","Product Type","Billing Type","Transaction Volume (Litres)","Transaction Amount (RM)","Station Name","Odometer","Card Type","Cost Centre","Cost Centre Name","Statement Month"
"19/04/2018 07:40","Purchase","'70838153003675285","WXR 2186","","PRIMAX 95","Billed","34.11","75.05","PSS BANDAR JENGKA","77","Standalone","","","30 Apr 2018"
"13/04/2018 20:53","Purchase","'70838153003675285","WXR 2186","","PRIMAX 95","Billed","32.82","72.20","PSS BANDAR JENGKA","78","Standalone","","","30 Apr 2018"
"13/04/2018 20:49","Reload","'70838153003675285","WXR 2186","","","Billed","","-200.00","PSS BANDAR JENGKA","","Standalone","","","30 Apr 2018"
"11/04/2018 18:24","Purchase","'70838153003675285","WXR 2186","","PRIMAX 95","Billed","32.55","71.60","PSS MARAN","70","Standalone","","","30 Apr 2018"
"06/04/2018 06:50","Purchase","'70838153003675285","WXR 2186","","PRIMAX 95","Billed","37.64","82.80","PSS JALAN KUANTAN SG LEMBING","70","Standalone","","","30 Apr 2018"
"05/04/2018 18:43","Reload","'70838153003675285","WXR 2186","","","Billed","","-150.00","PSS MARAN","","Standalone","","","30 Apr 2018"