"Date Time","Transaction Type","Card Number","Vehicle Number","Driver Card Number","Product Type","Billing Type","Transaction Volume (Litres)","Transaction Amount (RM)","Station Name","Odometer","Card Type","Cost Centre","Cost Centre Name","Statement Month"
"19/04/2018 14:12","Purchase","'70838153003496229","WXR800","","PRIMAX 95","Billed","44.07","96.96","PSS BANDAR MUTIARA","99","Standalone","","","30 Apr 2018"
"19/04/2018 14:11","Reload","'70838153003496229","WXR800","","","Billed","","-100.00","PSS BANDAR MUTIARA","","Standalone","","","30 Apr 2018"
"12/04/2018 15:32","Purchase","'70838153003496229","WXR800","","PRIMAX 95","Billed","49.00","107.80","PSS TAMAN KELADI","99","Standalone","","","30 Apr 2018"
"12/04/2018 15:30","Reload","'70838153003496229","WXR800","'70838153003496229","","Billed","","-100.00","PSS TAMAN KELADI","","Standalone","","","30 Apr 2018"
"06/04/2018 10:25","Purchase","'70838153003496229","WXR800","","PRIMAX 95","Billed","36.01","79.21","PSS TAMAN PKNK (ALOR MALAI)","99","Standalone","","","30 Apr 2018"
"06/04/2018 10:24","Reload","'70838153003496229","WXR800","","","Billed","","-100.00","PSS TAMAN PKNK (ALOR MALAI)","","Standalone","","","30 Apr 2018"
"01/04/2018 11:44","Purchase","'70838153003496229","WXR800","","PRIMAX 95","Billed","40.00","88.00","PSS MUKIM SUNGAI PASIR","99","Standalone","","","30 Apr 2018"