"Date Time","Transaction Type","Card Number","Vehicle Number","Driver Card Number","Product Type","Billing Type","Transaction Volume (Litres)","Transaction Amount (RM)","Station Name","Odometer","Card Type","Cost Centre","Cost Centre Name","Statement Month"
"30/04/2018 18:23","Purchase","'70838153003498043","WXR613","","PRIMAX 97","Un-billed","28.34","70.00","PSS TAMAN SAMUDERA BATU CAVES","","Standalone","","","Unbilled Transaction"
"30/04/2018 18:21","Reload","'70838153003498043","WXR613","","","Un-billed","","-70.00","PSS TAMAN SAMUDERA BATU CAVES","","Standalone","","","Unbilled Transaction"
"27/04/2018 23:44","Purchase","'70838153003498043","WXR613","","PRIMAX 95","Billed","11.36","25.00","PSS BATU 6 JALAN IPOH","","Standalone","","","30 Apr 2018"
"26/04/2018 22:50","Purchase","'70838153003498043","WXR613","","PRIMAX 97","Billed","20.24","50.00","PSS TAMAN SAMUDERA BATU CAVES","","Standalone","","","30 Apr 2018"
"26/04/2018 22:48","Reload","'70838153003498043","WXR613","","","Billed","","-50.00","PSS TAMAN SAMUDERA BATU CAVES","","Standalone","","","30 Apr 2018"
"18/04/2018 00:05","Purchase","'70838153003498043","WXR613","","PRIMAX 95","Billed","22.73","50.00","PSS TAMAN SAMUDERA BATU CAVES","","Standalone","","","30 Apr 2018"
"18/04/2018 00:04","Reload","'70838153003498043","WXR613","","","Billed","","-50.00","PSS TAMAN SAMUDERA BATU CAVES","","Standalone","","","30 Apr 2018"
"17/04/2018 08:11","Purchase","'70838153003498043","WXR613","","PRIMAX 95","Billed","13.64","30.00","PSS TAMAN SAMUDERA BATU CAVES","","Standalone","","","30 Apr 2018"
"17/04/2018 08:09","Reload","'70838153003498043","WXR613","","","Billed","","-60.00","PSS TAMAN SAMUDERA BATU CAVES","","Standalone","","","30 Apr 2018"
"12/04/2018 15:46","Purchase","'70838153003498043","WXR613","","PRIMAX 97","Billed","10.12","25.00","PSS TAMAN SAMUDERA BATU CAVES","","Standalone","","","30 Apr 2018"
"12/04/2018 15:44","Reload","'70838153003498043","WXR613","","","Billed","","-30.00","PSS TAMAN SAMUDERA BATU CAVES","","Standalone","","","30 Apr 2018"
"11/04/2018 20:57","Purchase","'70838153003498043","WXR613","","PRIMAX 95","Billed","11.36","25.00","PSS BATU 6 JALAN IPOH","","Standalone","","","30 Apr 2018"
"10/04/2018 21:58","Purchase","'70838153003498043","WXR613","","PRIMAX 97","Billed","24.29","60.00","PSS TAMAN SAMUDERA BATU CAVES","","Standalone","","","30 Apr 2018"
"10/04/2018 21:57","Reload","'70838153003498043","WXR613","","","Billed","","-50.00","PSS TAMAN SAMUDERA BATU CAVES","","Standalone","","","30 Apr 2018"
"04/04/2018 23:24","Purchase","'70838153003498043","WXR613","","PRIMAX 97","Billed","24.29","60.00","PSS TAMAN SAMUDERA BATU CAVES","","Standalone","","","30 Apr 2018"
"04/04/2018 23:21","Reload","'70838153003498043","WXR613","","","Billed","","-100.00","PSS TAMAN SAMUDERA BATU CAVES","","Standalone","","","30 Apr 2018"
"03/04/2018 20:49","Purchase","'70838153003498043","WXR613","","PRIMAX 97","Billed","12.15","30.00","PSS BATU 6 JALAN IPOH","","Standalone","","","30 Apr 2018"