"Date Time","Transaction Type","Card Number","Vehicle Number","Driver Card Number","Product Type","Billing Type","Transaction Volume (Litres)","Transaction Amount (RM)","Station Name","Odometer","Card Type","Cost Centre","Cost Centre Name","Statement Month"
"20/04/2018 09:57","Purchase","'70838153003423132","WXR95","","PRIMAX 95","Billed","30.00","66.00","PSS GRAND SAGA 3","80700","Standalone","","","30 Apr 2018"
"20/04/2018 09:55","Reload","'70838153003423132","WXR95","","","Billed","","-100.00","PSS GRAND SAGA 3","","Standalone","","","30 Apr 2018"
"14/04/2018 09:37","Purchase","'70838153003423132","WXR95","","PRIMAX 95","Billed","30.00","66.00","PSS SEMENYIH","80345","Standalone","","","30 Apr 2018"
"14/04/2018 09:34","Reload","'70838153003423132","WXR95","","","Billed","","-50.00","PSS SEMENYIH","","Standalone","","","30 Apr 2018"
"12/04/2018 15:43","Purchase","'70838153003423132","WXR95","","PRIMAX 95","Billed","40.00","88.00","PSS KLIA 2","800028","Standalone","","","30 Apr 2018"
"12/04/2018 15:40","Reload","'70838153003423132","WXR95","","","Billed","","-100.00","PSS KLIA 2","","Standalone","","","30 Apr 2018"