"Date Time","Transaction Type","Card Number","Vehicle Number","Driver Card Number","Product Type","Billing Type","Transaction Volume (Litres)","Transaction Amount (RM)","Station Name","Odometer","Card Type","Cost Centre","Cost Centre Name","Statement Month"
"27/04/2018 10:11","Purchase","'70838153003673132","WXR 2121","","PRIMAX 95","Billed","22.73","50.00","PSS Sungai Bakap layby SB","","Standalone","","","30 Apr 2018"
"25/04/2018 19:15","Purchase","'70838153003673132","WXR 2121","","PRIMAX 95","Billed","22.73","50.00","PSS BANDAR TASEK MUTIARA","","Standalone","","","30 Apr 2018"
"25/04/2018 19:13","Reload","'70838153003673132","WXR 2121","","","Billed","","-100.00","PSS BANDAR TASEK MUTIARA","","Standalone","","","30 Apr 2018"
"18/04/2018 15:15","Purchase","'70838153003673132","WXR 2121","","PRIMAX 95","Billed","22.73","50.00","PSS Sungai Bakap layby SB","","Standalone","","","30 Apr 2018"
"15/04/2018 16:03","Purchase","'70838153003673132","WXR 2121","","PRIMAX 95","Billed","22.73","50.00","PSS BANDAR TASEK MUTIARA","","Standalone","","","30 Apr 2018"
"15/04/2018 16:02","Reload","'70838153003673132","WXR 2121","","","Billed","","-100.00","PSS BANDAR TASEK MUTIARA","","Standalone","","","30 Apr 2018"
"12/04/2018 20:59","Purchase","'70838153003673132","WXR 2121","","PRIMAX 95","Billed","22.73","50.00","PSS BANDAR TASEK MUTIARA","","Standalone","","","30 Apr 2018"
"10/04/2018 13:00","Purchase","'70838153003673132","WXR 2121","","PRIMAX 95","Billed","22.73","50.00","PSS JURU LAYBAY","","Standalone","","","30 Apr 2018"
"10/04/2018 12:57","Reload","'70838153003673132","WXR 2121","","","Billed","","-100.00","PSS JURU LAYBAY","","Standalone","","","30 Apr 2018"