"Date Time","Transaction Type","Card Number","Vehicle Number","Driver Card Number","Product Type","Billing Type","Transaction Volume (Litres)","Transaction Amount (RM)","Station Name","Odometer","Card Type","Cost Centre","Cost Centre Name","Statement Month"
"30/04/2018 14:57","Purchase","'70838153003734124","WXR 5919","","PRIMAX 95","Billed","22.73","50.00","PSS LAVENDER HEIGHTS","","Standalone","","","30 Apr 2018"
"30/04/2018 14:55","Reload","'70838153003734124","WXR 5919","","","Billed","","-50.00","PSS LAVENDER HEIGHTS","","Standalone","","","30 Apr 2018"
"27/04/2018 16:08","Purchase","'70838153003734124","WXR 5919","","PRIMAX 95","Billed","22.73","50.00","PSS JALAN HJ SAID","","Standalone","","","30 Apr 2018"
"27/04/2018 16:07","Reload","'70838153003734124","WXR 5919","","","Billed","","-50.00","PSS JALAN HJ SAID","","Standalone","","","30 Apr 2018"
"24/04/2018 17:53","Purchase","'70838153003734124","WXR 5919","","PRIMAX 95","Billed","22.73","50.00","PSS LAVENDER HEIGHTS","","Standalone","","","30 Apr 2018"
"24/04/2018 17:51","Reload","'70838153003734124","WXR 5919","","","Billed","","-50.00","PSS LAVENDER HEIGHTS","","Standalone","","","30 Apr 2018"
"23/04/2018 09:04","Purchase","'70838153003734124","WXR 5919","","PRIMAX 95","Billed","18.18","40.00","PSS JALAN RAHANG","","Standalone","","","30 Apr 2018"
"23/04/2018 09:03","Reload","'70838153003734124","WXR 5919","","","Billed","","-20.00","PSS JALAN RAHANG","","Standalone","","","30 Apr 2018"
"21/04/2018 20:10","Purchase","'70838153003734124","WXR 5919","","PRIMAX 95","Billed","13.64","30.00","PSS LAVENDER HEIGHTS","","Standalone","","","30 Apr 2018"
"21/04/2018 20:08","Reload","'70838153003734124","WXR 5919","","","Billed","","-50.00","PSS LAVENDER HEIGHTS","","Standalone","","","30 Apr 2018"
"18/04/2018 12:01","Purchase","'70838153003734124","WXR 5919","","PRIMAX 95","Billed","18.18","40.00","PSS LAVENDER HEIGHTS","","Standalone","","","30 Apr 2018"
"18/04/2018 12:00","Reload","'70838153003734124","WXR 5919","","","Billed","","-20.00","PSS LAVENDER HEIGHTS","","Standalone","","","30 Apr 2018"
"12/04/2018 21:46","Purchase","'70838153003734124","WXR 5919","","PRIMAX 95","Billed","13.64","30.00","PSS LAVENDER HEIGHTS","","Standalone","","","30 Apr 2018"
"12/04/2018 21:38","Reload","'70838153003734124","WXR 5919","","","Billed","","-50.00","PSS LAVENDER HEIGHTS","","Standalone","","","30 Apr 2018"