"Date Time","Transaction Type","Card Number","Vehicle Number","Driver Card Number","Product Type","Billing Type","Transaction Volume (Litres)","Transaction Amount (RM)","Station Name","Odometer","Card Type","Cost Centre","Cost Centre Name","Statement Month"
"25/04/2018 08:20","Purchase","'70838153003498985","WXR639","","PRIMAX 95","Billed","22.73","50.00","PSS TAMAN WILAYAH","196862","Standalone","","","30 Apr 2018"
"25/04/2018 08:19","Reload","'70838153003498985","WXR639","","","Billed","","-50.00","PSS TAMAN WILAYAH","","Standalone","","","30 Apr 2018"
"19/04/2018 14:04","Purchase","'70838153003498985","WXR639","","PRIMAX 95","Billed","22.73","50.00","PSS TAMAN WILAYAH","196722","Standalone","","","30 Apr 2018"
"19/04/2018 14:01","Reload","'70838153003498985","WXR639","","","Billed","","-50.00","PSS TAMAN WILAYAH","","Standalone","","","30 Apr 2018"
"14/04/2018 08:56","Purchase","'70838153003498985","WXR639","","PRIMAX 95","Billed","22.73","50.00","PSS TAMAN WILAYAH","196568","Standalone","","","30 Apr 2018"
"14/04/2018 08:54","Reload","'70838153003498985","WXR639","","","Billed","","-50.00","PSS TAMAN WILAYAH","","Standalone","","","30 Apr 2018"
"11/04/2018 08:05","Purchase","'70838153003498985","WXR639","","PRIMAX 95","Billed","22.73","50.00","PSS TAMAN WILAYAH","196416","Standalone","","","30 Apr 2018"
"11/04/2018 08:03","Reload","'70838153003498985","WXR639","","","Billed","","-50.00","PSS TAMAN WILAYAH","","Standalone","","","30 Apr 2018"
"10/04/2018 07:09","Purchase","'70838153003498985","WXR639","","PRIMAX 95","Billed","22.73","50.00","PSS TAMAN WILAYAH","196316","Standalone","","","30 Apr 2018"
"10/04/2018 07:07","Reload","'70838153003498985","WXR639","","","Billed","","-50.00","PSS TAMAN WILAYAH","","Standalone","","","30 Apr 2018"
"06/04/2018 18:15","Purchase","'70838153003498985","WXR639","","PRIMAX 95","Billed","22.73","50.00","PSS TAMAN WILAYAH","196178","Standalone","","","30 Apr 2018"
"06/04/2018 18:13","Reload","'70838153003498985","WXR639","","","Billed","","-50.00","PSS TAMAN WILAYAH","","Standalone","","","30 Apr 2018"
"04/04/2018 08:19","Purchase","'70838153003498985","WXR639","","PRIMAX 95","Billed","22.73","50.00","PSS SUNWAY BATU CAVES","196030","Standalone","","","30 Apr 2018"
"04/04/2018 08:17","Reload","'70838153003498985","WXR639","","","Billed","","-50.00","PSS SUNWAY BATU CAVES","","Standalone","","","30 Apr 2018"
"01/04/2018 17:16","Purchase","'70838153003498985","WXR639","","PRIMAX 95","Billed","22.73","50.00","PSS SUNWAY BATU CAVES","195918","Standalone","","","30 Apr 2018"
"01/04/2018 17:15","Reload","'70838153003498985","WXR639","","","Billed","","-50.00","PSS SUNWAY BATU CAVES","","Standalone","","","30 Apr 2018"