"Date Time","Transaction Type","Card Number","Vehicle Number","Driver Card Number","Product Type","Billing Type","Transaction Volume (Litres)","Transaction Amount (RM)","Station Name","Odometer","Card Type","Cost Centre","Cost Centre Name","Statement Month"
"11/04/2018 23:37","Purchase","'70838153003581533","WXR1102","","PRIMAX 95","Billed","1.77","3.89","PSS LATAR 1 (KLS ARAH KUALA SEL)","4","Standalone","","","30 Apr 2018"
"09/04/2018 23:40","Purchase","'70838153003581533","WXR1102","","PRIMAX 95","Billed","2.27","5.00","PSS LATAR 1 (KLS ARAH KUALA SEL)","11","Standalone","","","30 Apr 2018"
"06/04/2018 16:30","Purchase","'70838153003581533","WXR1102","","PRIMAX 95","Billed","9.09","20.00","PSS JERAM","3","Standalone","","","30 Apr 2018"
"05/04/2018 16:27","Purchase","'70838153003581533","WXR1102","","PRIMAX 95","Billed","2.28","5.00","PSS MERBAU INDAH","8","Standalone","","","30 Apr 2018"
"04/04/2018 13:09","Purchase","'70838153003581533","WXR1102","","PRIMAX 95","Billed","9.09","20.00","PSS SEKINCHAN","7","Standalone","","","30 Apr 2018"
"04/04/2018 13:08","Reload","'70838153003581533","WXR1102","","","Billed","","-50.00","PSS SEKINCHAN","","Standalone","","","30 Apr 2018"
"03/04/2018 15:42","Purchase","'70838153003581533","WXR1102","","PRIMAX 95","Billed","2.28","5.01","PSS LATAR 1 (KLS ARAH KUALA SEL)","4","Standalone","","","30 Apr 2018"