"Date Time","Transaction Type","Card Number","Vehicle Number","Driver Card Number","Product Type","Billing Type","Transaction Volume (Litres)","Transaction Amount (RM)","Station Name","Odometer","Card Type","Cost Centre","Cost Centre Name","Statement Month"
"27/04/2018 18:42","Purchase","'70838153003424635","WXR49","","PRIMAX 95","Billed","23.64","52.00","PSS JLN TANJONG BENDAHARA","73252","Standalone","","","30 Apr 2018"
"27/04/2018 18:40","Reload","'70838153003424635","WXR49","","","Billed","","-50.00","PSS JLN TANJONG BENDAHARA","","Standalone","","","30 Apr 2018"
"24/04/2018 15:33","Purchase","'70838153003424635","WXR49","","PRIMAX 95","Billed","20.00","44.00","PSS TAMAN PKNK (ALOR MALAI)","73252","Standalone","","","30 Apr 2018"
"24/04/2018 15:32","Reload","'70838153003424635","WXR49","","","Billed","","-30.00","PSS TAMAN PKNK (ALOR MALAI)","","Standalone","","","30 Apr 2018"
"14/04/2018 18:19","Purchase","'70838153003424635","WXR49","","PRIMAX 95","Billed","20.00","44.00","PSS JLN TANJONG BENDAHARA","71523","Standalone","","","30 Apr 2018"
"14/04/2018 18:17","Reload","'70838153003424635","WXR49","","","Billed","","-50.00","PSS JLN TANJONG BENDAHARA","","Standalone","","","30 Apr 2018"
"10/04/2018 19:15","Purchase","'70838153003424635","WXR49","","PRIMAX 95","Billed","21.82","48.00","PSS JLN TANJONG BENDAHARA","73528","Standalone","","","30 Apr 2018"
"10/04/2018 19:13","Reload","'70838153003424635","WXR49","","","Billed","","-50.00","PSS JLN TANJONG BENDAHARA","","Standalone","","","30 Apr 2018"
"02/04/2018 19:15","Purchase","'70838153003424635","WXR49","","PRIMAX 95","Billed","20.00","44.00","PSS JLN TANJONG BENDAHARA","71248","Standalone","","","30 Apr 2018"
"02/04/2018 19:13","Reload","'70838153003424635","WXR49","","","Billed","","-30.00","PSS JLN TANJONG BENDAHARA","","Standalone","","","30 Apr 2018"