"Date Time","Transaction Type","Card Number","Vehicle Number","Driver Card Number","Product Type","Billing Type","Transaction Volume (Litres)","Transaction Amount (RM)","Station Name","Odometer","Card Type","Cost Centre","Cost Centre Name","Statement Month"
"29/04/2018 21:07","Reload","'70838153003425301","WXR75","","","Billed","","-300.00","PSS TAMAN PUTRA","","Standalone","","","30 Apr 2018"
"28/04/2018 07:41","Purchase","'70838153003425301","WXR75","","PRIMAX 95","Billed","13.64","30.00","PSS JALAN KUARI","1320","Standalone","","","30 Apr 2018"
"23/04/2018 18:13","Purchase","'70838153003425301","WXR75","","PRIMAX 95","Billed","13.64","30.00","PSS JALAN KUARI","1300","Standalone","","","30 Apr 2018"
"21/04/2018 17:18","Purchase","'70838153003425301","WXR75","","PRIMAX 95","Billed","13.64","30.00","PSS JALAN KUARI","1300","Standalone","","","30 Apr 2018"
"17/04/2018 18:03","Purchase","'70838153003425301","WXR75","","PRIMAX 95","Billed","22.73","50.00","PSS JALAN KUARI","1300","Standalone","","","30 Apr 2018"
"13/04/2018 22:19","Purchase","'70838153003425301","WXR75","","PRIMAX 95","Billed","13.64","30.00","PSS JALAN KUARI","1220","Standalone","","","30 Apr 2018"
"10/04/2018 18:50","Purchase","'70838153003425301","WXR75","","PRIMAX 95","Billed","13.64","30.00","PSS JALAN KUARI","1210","Standalone","","","30 Apr 2018"
"08/04/2018 07:44","Purchase","'70838153003425301","WXR75","","PRIMAX 95","Billed","13.64","30.00","PSS JALAN KUARI","1200","Standalone","","","30 Apr 2018"
"04/04/2018 18:05","Purchase","'70838153003425301","WXR75","","PRIMAX 95","Billed","13.64","30.00","PSS JALAN KUARI","1200","Standalone","","","30 Apr 2018"
"01/04/2018 07:42","Purchase","'70838153003425301","WXR75","","PRIMAX 95","Billed","13.64","30.00","PSS JALAN KUARI","1200","Standalone","","","30 Apr 2018"