"Date Time","Transaction Type","Card Number","Vehicle Number","Driver Card Number","Product Type","Billing Type","Transaction Volume (Litres)","Transaction Amount (RM)","Station Name","Odometer","Card Type","Cost Centre","Cost Centre Name","Statement Month"
"30/04/2018 12:55","Purchase","'70838153003501283","WXR980","","Diesel","Un-billed","45.87","100.00","PSS GAMBANG RSA WEST","","Standalone","","","Unbilled Transaction"
"30/04/2018 12:53","Reload","'70838153003501283","WXR980","","","Billed","","-100.00","PSS GAMBANG RSA WEST","","Standalone","","","30 Apr 2018"
"25/04/2018 11:15","Purchase","'70838153003501283","WXR980","","Diesel","Billed","22.94","50.00","PSS JALAN SEMAMBU","","Standalone","","","30 Apr 2018"
"25/04/2018 11:14","Reload","'70838153003501283","WXR980","","","Billed","","-50.00","PSS JALAN SEMAMBU","","Standalone","","","30 Apr 2018"
"21/04/2018 12:05","Purchase","'70838153003501283","WXR980","","PRIMAX 95","Billed","45.46","100.00","PSS CHERATING SG KARANG","","Standalone","","","30 Apr 2018"
"21/04/2018 12:04","Reload","'70838153003501283","WXR980","","","Billed","","-100.00","PSS CHERATING SG KARANG","","Standalone","","","30 Apr 2018"
"16/04/2018 17:59","Purchase","'70838153003501283","WXR980","","Diesel","Billed","16.06","35.00","PSS KUANTAN DAMANSARA","","Standalone","","","30 Apr 2018"
"16/04/2018 17:57","Reload","'70838153003501283","WXR980","","","Billed","","-50.00","PSS KUANTAN DAMANSARA","","Standalone","","","30 Apr 2018"
"10/04/2018 12:55","Purchase","'70838153003501283","WXR980","","Diesel","Billed","22.94","50.00","PSS KUANTAN DAMANSARA","","Standalone","","","30 Apr 2018"
"06/04/2018 09:36","Purchase","'70838153003501283","WXR980","","Diesel","Billed","36.70","80.00","PSS JALAN SEMAMBU","","Standalone","","","30 Apr 2018"
"06/04/2018 09:35","Reload","'70838153003501283","WXR980","","","Billed","","-50.00","PSS JALAN SEMAMBU","","Standalone","","","30 Apr 2018"
"03/04/2018 17:45","Purchase","'70838153003501283","WXR980","","Diesel","Billed","27.52","60.00","PSS KUANTAN DAMANSARA","","Standalone","","","30 Apr 2018"
"03/04/2018 17:44","Reload","'70838153003501283","WXR980","","","Billed","","-100.00","PSS KUANTAN DAMANSARA","","Standalone","","","30 Apr 2018"