"Date Time","Transaction Type","Card Number","Vehicle Number","Driver Card Number","Product Type","Billing Type","Transaction Volume (Litres)","Transaction Amount (RM)","Station Name","Odometer","Card Type","Cost Centre","Cost Centre Name","Statement Month"
"27/04/2018 19:57","Purchase","'70838153003734165","WXR 5923","","PRIMAX 95","Billed","40.91","90.00","PSS AMPANGAN UTAMA JALAN KUALA PILAH","","Standalone","","","30 Apr 2018"
"27/04/2018 19:55","Reload","'70838153003734165","WXR 5923","","","Billed","","-90.00","PSS AMPANGAN UTAMA JALAN KUALA PILAH","","Standalone","","","30 Apr 2018"
"22/04/2018 18:51","Purchase","'70838153003734165","WXR 5923","","PRIMAX 95","Billed","50.00","110.00","PSS JLN SEREMBAN-JELEBU","","Standalone","","","30 Apr 2018"
"22/04/2018 18:49","Reload","'70838153003734165","WXR 5923","","","Billed","","-100.00","PSS JLN SEREMBAN-JELEBU","","Standalone","","","30 Apr 2018"
"18/04/2018 18:25","Purchase","'70838153003734165","WXR 5923","","PRIMAX 95","Billed","45.45","100.00","PSS JLN SEREMBAN-JELEBU","","Standalone","","","30 Apr 2018"
"18/04/2018 18:23","Reload","'70838153003734165","WXR 5923","","","Billed","","-100.00","PSS JLN SEREMBAN-JELEBU","","Standalone","","","30 Apr 2018"
"14/04/2018 12:26","Purchase","'70838153003734165","WXR 5923","","PRIMAX 95","Billed","45.45","100.00","PSS JLN SEREMBAN-JELEBU","","Standalone","","","30 Apr 2018"
"14/04/2018 12:23","Reload","'70838153003734165","WXR 5923","","","Billed","","-100.00","PSS JLN SEREMBAN-JELEBU","","Standalone","","","30 Apr 2018"
"12/04/2018 17:36","Purchase","'70838153003734165","WXR 5923","","PRIMAX 95","Billed","22.73","50.00","PSS RASAH","","Standalone","","","30 Apr 2018"
"12/04/2018 17:34","Reload","'70838153003734165","WXR 5923","","","Billed","","-60.00","PSS RASAH","","Standalone","","","30 Apr 2018"