"Date Time","Transaction Type","Card Number","Vehicle Number","Driver Card Number","Product Type","Billing Type","Transaction Volume (Litres)","Transaction Amount (RM)","Station Name","Odometer","Card Type","Cost Centre","Cost Centre Name","Statement Month"
"27/04/2018 17:41","Purchase","'70838153003498266","WXR426","","PRIMAX 97","Billed","19.58","48.37","PSS UNIKEB BANGI","","Standalone","","","30 Apr 2018"
"27/04/2018 17:36","Reload","'70838153003498266","WXR426","","","Billed","","-100.00","PSS UNIKEB BANGI","","Standalone","","","30 Apr 2018"
"17/04/2018 19:52","Purchase","'70838153003498266","WXR426","","PRIMAX 95","Billed","9.09","20.00","PSS JALAN REKO2","","Standalone","","","30 Apr 2018"
"13/04/2018 17:48","Purchase","'70838153003498266","WXR426","","PRIMAX 95","Billed","13.64","30.00","PSS UNIKEB BANGI","","Standalone","","","30 Apr 2018"
"13/04/2018 17:47","Reload","'70838153003498266","WXR426","","","Billed","","-50.00","PSS UNIKEB BANGI","","Standalone","","","30 Apr 2018"