"Date Time","Transaction Type","Card Number","Vehicle Number","Driver Card Number","Product Type","Billing Type","Transaction Volume (Litres)","Transaction Amount (RM)","Station Name","Odometer","Card Type","Cost Centre","Cost Centre Name","Statement Month"
"29/04/2018 19:29","Purchase","'70838153003729512","WXR 5064","","PRIMAX 95","Billed","9.09","20.00","PSS PEKAN BARU SUBANG","8434","Standalone","","","30 Apr 2018"
"29/04/2018 19:27","Reload","'70838153003729512","WXR 5064","","","Billed","","-50.00","PSS PEKAN BARU SUBANG","","Standalone","","","30 Apr 2018"
"27/04/2018 18:06","Purchase","'70838153003729512","WXR 5064","","PRIMAX 95","Billed","9.09","20.00","PSS PEKAN BARU SUBANG","8434","Standalone","","","30 Apr 2018"
"19/04/2018 13:21","Purchase","'70838153003729512","WXR 5064","","PRIMAX 95","Billed","9.09","20.00","PSS PEKAN BARU SUBANG","","Standalone","","","30 Apr 2018"
"19/04/2018 13:19","Reload","'70838153003729512","WXR 5064","","","Billed","","-50.00","PSS PEKAN BARU SUBANG","","Standalone","","","30 Apr 2018"