"Date Time","Transaction Type","Card Number","Vehicle Number","Driver Card Number","Product Type","Billing Type","Transaction Volume (Litres)","Transaction Amount (RM)","Station Name","Odometer","Card Type","Cost Centre","Cost Centre Name","Statement Month"
"28/04/2018 21:48","Purchase","'70838153003579347","WXR1013","","PRIMAX 95","Billed","20.00","44.00","PSS GRAND SAGA 2","92580","Standalone","","","30 Apr 2018"
"28/04/2018 21:46","Reload","'70838153003579347","WXR1013","","","Billed","","-50.00","PSS GRAND SAGA 2","","Standalone","","","30 Apr 2018"
"23/04/2018 19:26","Purchase","'70838153003579347","WXR1013","","PRIMAX 95","Billed","20.00","44.00","PSS SALAK JAYA","","Standalone","","","30 Apr 2018"
"21/04/2018 12:39","Purchase","'70838153003579347","WXR1013","","PRIMAX 95","Billed","20.01","44.02","PSS MRR2 AMPANG","","Standalone","","","30 Apr 2018"
"21/04/2018 12:38","Reload","'70838153003579347","WXR1013","","","Billed","","-100.00","PSS MRR2 AMPANG","","Standalone","","","30 Apr 2018"
"06/04/2018 07:30","Purchase","'70838153003579347","WXR1013","","PRIMAX 95","Billed","9.47","20.83","PSS BANDAR TUN RAZAK","","Standalone","","","30 Apr 2018"
"01/04/2018 17:14","Purchase","'70838153003579347","WXR1013","","PRIMAX 95","Billed","15.00","33.00","PSS SEKSYEN 9-BANGI","","Standalone","","","30 Apr 2018"
"01/04/2018 17:12","Reload","'70838153003579347","WXR1013","","","Billed","","-50.00","PSS SEKSYEN 9-BANGI","","Standalone","","","30 Apr 2018"