"Date Time","Transaction Type","Card Number","Vehicle Number","Driver Card Number","Product Type","Billing Type","Transaction Volume (Litres)","Transaction Amount (RM)","Station Name","Odometer","Card Type","Cost Centre","Cost Centre Name","Statement Month"
"08/04/2018 18:25","Purchase","'70838153003495544","WXR542","","PRIMAX 95","Billed","18.18","40.00","PSS KUAH LANGKAWI","","Standalone","","","30 Apr 2018"
"08/04/2018 18:24","Reload","'70838153003495544","WXR542","","","Billed","","-40.00","PSS KUAH LANGKAWI","","Standalone","","","30 Apr 2018"
"05/04/2018 21:42","Purchase","'70838153003495544","WXR542","","PRIMAX 95","Billed","18.18","40.00","PSS KUAH LANGKAWI","","Standalone","","","30 Apr 2018"
"05/04/2018 21:41","Reload","'70838153003495544","WXR542","","","Billed","","-40.00","PSS KUAH LANGKAWI","","Standalone","","","30 Apr 2018"
"02/04/2018 11:57","Purchase","'70838153003495544","WXR542","","PRIMAX 95","Billed","10.39","22.86","PSS KUAH LANGKAWI","","Standalone","","","30 Apr 2018"
"01/04/2018 10:21","Purchase","'70838153003495544","WXR542","","PRIMAX 95","Billed","22.73","50.00","PSS KUAH LANGKAWI","","Standalone","","","30 Apr 2018"
"01/04/2018 10:21","Reload","'70838153003495544","WXR542","","","Billed","","-50.00","PSS KUAH LANGKAWI","","Standalone","","","30 Apr 2018"