"Date Time","Transaction Type","Card Number","Vehicle Number","Driver Card Number","Product Type","Billing Type","Transaction Volume (Litres)","Transaction Amount (RM)","Station Name","Odometer","Card Type","Cost Centre","Cost Centre Name","Statement Month"
"27/04/2018 17:52","Purchase","'70838153003424973","WXR138","","Diesel","Billed","22.94","50.00","PSS TELUK INTAN I (JLN SULTAN ABDULLAH)","","Standalone","","","30 Apr 2018"
"27/04/2018 17:51","Reload","'70838153003424973","WXR138","'70838153003424973","","Billed","","-50.00","PSS TELUK INTAN I (JLN SULTAN ABDULLAH)","","Standalone","","","30 Apr 2018"
"24/04/2018 16:20","Purchase","'70838153003424973","WXR138","","Diesel","Billed","22.94","50.00","PSS TELUK INTAN I (JLN SULTAN ABDULLAH)","","Standalone","","","30 Apr 2018"
"24/04/2018 16:18","Reload","'70838153003424973","WXR138","'70838153003424973","","Billed","","-50.00","PSS TELUK INTAN I (JLN SULTAN ABDULLAH)","","Standalone","","","30 Apr 2018"
"21/04/2018 17:13","Purchase","'70838153003424973","WXR138","","Diesel","Billed","22.94","50.00","PSS TELUK INTAN I (JLN SULTAN ABDULLAH)","","Standalone","","","30 Apr 2018"
"21/04/2018 17:11","Reload","'70838153003424973","WXR138","'70838153003424973","","Billed","","-50.00","PSS TELUK INTAN I (JLN SULTAN ABDULLAH)","","Standalone","","","30 Apr 2018"
"19/04/2018 06:50","Purchase","'70838153003424973","WXR138","","Diesel","Billed","22.94","50.00","PSS TELUK INTAN I (JLN SULTAN ABDULLAH)","","Standalone","","","30 Apr 2018"
"19/04/2018 06:46","Reload","'70838153003424973","WXR138","'70838153003424973","","Billed","","-50.00","PSS TELUK INTAN I (JLN SULTAN ABDULLAH)","","Standalone","","","30 Apr 2018"
"15/04/2018 08:24","Purchase","'70838153003424973","WXR138","","Diesel","Billed","22.94","50.00","PSS TELUK INTAN I (JLN SULTAN ABDULLAH)","","Standalone","","","30 Apr 2018"
"15/04/2018 08:23","Reload","'70838153003424973","WXR138","'70838153003424973","","Billed","","-50.00","PSS TELUK INTAN I (JLN SULTAN ABDULLAH)","","Standalone","","","30 Apr 2018"
"05/04/2018 18:42","Purchase","'70838153003424973","WXR138","","Diesel","Billed","22.94","50.00","PSS TELUK INTAN I (JLN SULTAN ABDULLAH)","","Standalone","","","30 Apr 2018"
"05/04/2018 18:41","Reload","'70838153003424973","WXR138","","","Billed","","-50.00","PSS TELUK INTAN I (JLN SULTAN ABDULLAH)","","Standalone","","","30 Apr 2018"
"02/04/2018 15:26","Purchase","'70838153003424973","WXR138","","Diesel","Billed","22.94","50.00","PSS TELUK INTAN I (JLN SULTAN ABDULLAH)","","Standalone","","","30 Apr 2018"
"02/04/2018 15:25","Reload","'70838153003424973","WXR138","'70838153003424973","","Billed","","-50.00","PSS TELUK INTAN I (JLN SULTAN ABDULLAH)","","Standalone","","","30 Apr 2018"
"01/04/2018 06:48","Purchase","'70838153003424973","WXR138","","Diesel","Billed","22.94","50.00","PSS TELUK INTAN I (JLN SULTAN ABDULLAH)","","Standalone","","","30 Apr 2018"
"01/04/2018 06:48","Purchase","'70838153003424973","WXR138","","Diesel","Un-billed","22.94","50.00","PSS TELUK INTAN I (JLN SULTAN ABDULLAH)","","Standalone","","","Unbilled Transaction"
"01/04/2018 06:46","Reload","'70838153003424973","WXR138","'70838153003424973","","Billed","","-50.00","PSS TELUK INTAN I (JLN SULTAN ABDULLAH)","","Standalone","","","30 Apr 2018"