"Date Time","Transaction Type","Card Number","Vehicle Number","Driver Card Number","Product Type","Billing Type","Transaction Volume (Litres)","Transaction Amount (RM)","Station Name","Odometer","Card Type","Cost Centre","Cost Centre Name","Statement Month"
"27/04/2018 00:55","Purchase","'70838153003498852","WXR894","","PRIMAX 95","Billed","31.82","70.00","PSS BAGAN SERAI","1153","Standalone","","","30 Apr 2018"
"27/04/2018 00:52","Reload","'70838153003498852","WXR894","","","Billed","","-80.00","PSS BAGAN SERAI","","Standalone","","","30 Apr 2018"
"21/04/2018 06:59","Purchase","'70838153003498852","WXR894","","PRIMAX 95","Billed","22.73","50.00","PSS BAGAN SERAI","1153","Standalone","","","30 Apr 2018"
"21/04/2018 06:57","Reload","'70838153003498852","WXR894","","","Billed","","-50.00","PSS BAGAN SERAI","","Standalone","","","30 Apr 2018"
"18/04/2018 11:53","Purchase","'70838153003498852","WXR894","","PRIMAX 95","Billed","11.37","25.00","PSS BAGAN SERAI","1153","Standalone","","","30 Apr 2018"
"18/04/2018 00:57","Purchase","'70838153003498852","WXR894","","PRIMAX 95","Billed","11.37","25.00","PSS BAGAN SERAI","1153","Standalone","","","30 Apr 2018"
"18/04/2018 00:55","Reload","'70838153003498852","WXR894","","","Billed","","-50.00","PSS BAGAN SERAI","","Standalone","","","30 Apr 2018"
"06/04/2018 22:51","Purchase","'70838153003498852","WXR894","","PRIMAX 95","Billed","27.48","60.46","PSS KG KEDAH","1153","Standalone","","","30 Apr 2018"
"06/04/2018 22:50","Reload","'70838153003498852","WXR894","","","Billed","","-50.00","PSS KG KEDAH","","Standalone","","","30 Apr 2018"
"06/04/2018 15:46","Purchase","'70838153003498852","WXR894","","PRIMAX 95","Billed","2.34","5.14","PSS BAGAN SERAI","1153","Standalone","","","30 Apr 2018"
"04/04/2018 18:33","Purchase","'70838153003498852","WXR894","","PRIMAX 97","Billed","12.15","30.00","PSS BAGAN SERAI","1153","Standalone","","","30 Apr 2018"