"Date Time","Transaction Type","Card Number","Vehicle Number","Driver Card Number","Product Type","Billing Type","Transaction Volume (Litres)","Transaction Amount (RM)","Station Name","Odometer","Card Type","Cost Centre","Cost Centre Name","Statement Month"
"29/04/2018 18:16","Purchase","'70838153003424049","WXR25","","PRIMAX 95","Billed","17.81","39.18","PSS SEK 7 SHAH ALAM","","Standalone","","","30 Apr 2018"
"24/04/2018 17:36","Purchase","'70838153003424049","WXR25","","PRIMAX 95","Billed","28.10","61.82","PSS SEK 7 SHAH ALAM","","Standalone","","","30 Apr 2018"
"19/04/2018 10:09","Purchase","'70838153003424049","WXR25","","PRIMAX 95","Billed","32.03","70.47","PSS SEK 7 SHAH ALAM","","Standalone","","","30 Apr 2018"
"09/04/2018 12:54","Purchase","'70838153003424049","WXR25","","PRIMAX 95","Billed","34.01","74.81","PSS SEK 7 SHAH ALAM","","Standalone","","","30 Apr 2018"
"03/04/2018 15:31","Purchase","'70838153003424049","WXR25","","PRIMAX 95","Billed","32.02","70.43","PSS JALAN PLUMBUM","","Standalone","","","30 Apr 2018"