"Date Time","Transaction Type","Card Number","Vehicle Number","Driver Card Number","Product Type","Billing Type","Transaction Volume (Litres)","Transaction Amount (RM)","Station Name","Odometer","Card Type","Cost Centre","Cost Centre Name","Statement Month"
"17/04/2018 18:05","Purchase","'70838153003495940","WXR337","","PRIMAX 95","Billed","18.18","40.00","PSS TAMAN RINTING","","Standalone","","","30 Apr 2018"
"17/04/2018 18:04","Reload","'70838153003495940","WXR337","","","Billed","","-40.00","PSS TAMAN RINTING","","Standalone","","","30 Apr 2018"
"17/04/2018 08:09","Purchase","'70838153003495940","WXR337","","PRIMAX 95","Billed","22.73","50.00","PSS JALAN LARKIN","","Standalone","","","30 Apr 2018"
"17/04/2018 08:08","Reload","'70838153003495940","WXR337","","","Billed","","-50.00","PSS JALAN LARKIN","","Standalone","","","30 Apr 2018"
"15/04/2018 12:33","Purchase","'70838153003495940","WXR337","","PRIMAX 95","Billed","22.73","50.00","PSS JALAN BUKIT KEMPAS 1","","Standalone","","","30 Apr 2018"
"15/04/2018 12:32","Reload","'70838153003495940","WXR337","","","Billed","","-50.00","PSS JALAN BUKIT KEMPAS 1","","Standalone","","","30 Apr 2018"
"13/04/2018 14:44","Purchase","'70838153003495940","WXR337","","PRIMAX 95","Billed","22.73","50.00","PSS TAMAN DELIMA","","Standalone","","","30 Apr 2018"
"13/04/2018 14:43","Reload","'70838153003495940","WXR337","","","Billed","","-50.00","PSS TAMAN DELIMA","","Standalone","","","30 Apr 2018"
"12/04/2018 11:39","Purchase","'70838153003495940","WXR337","","PRIMAX 95","Billed","22.73","50.00","PSS JALAN LANGKASUKA","","Standalone","","","30 Apr 2018"
"12/04/2018 11:38","Reload","'70838153003495940","WXR337","","","Billed","","-50.00","PSS JALAN LANGKASUKA","","Standalone","","","30 Apr 2018"
"11/04/2018 11:36","Purchase","'70838153003495940","WXR337","","PRIMAX 95","Billed","22.73","50.00","PSS INNER RING ROAD","","Standalone","","","30 Apr 2018"
"11/04/2018 11:35","Reload","'70838153003495940","WXR337","'70838153003495940","","Billed","","-50.00","PSS INNER RING ROAD","","Standalone","","","30 Apr 2018"
"10/04/2018 08:06","Purchase","'70838153003495940","WXR337","","PRIMAX 95","Billed","22.73","50.00","PSS ROSMERAH","","Standalone","","","30 Apr 2018"
"10/04/2018 08:05","Reload","'70838153003495940","WXR337","","","Billed","","-50.00","PSS ROSMERAH","","Standalone","","","30 Apr 2018"
"09/04/2018 08:01","Purchase","'70838153003495940","WXR337","","PRIMAX 95","Billed","22.73","50.00","PSS TAMAN TAMPOI UTAMA","","Standalone","","","30 Apr 2018"
"09/04/2018 08:00","Reload","'70838153003495940","WXR337","","","Billed","","-50.00","PSS TAMAN TAMPOI UTAMA","","Standalone","","","30 Apr 2018"
"07/04/2018 21:24","Purchase","'70838153003495940","WXR337","","PRIMAX 95","Billed","22.73","50.00","PSS TAMAN DELIMA","","Standalone","","","30 Apr 2018"
"07/04/2018 21:23","Reload","'70838153003495940","WXR337","","","Billed","","-50.00","PSS TAMAN DELIMA","","Standalone","","","30 Apr 2018"
"07/04/2018 08:48","Purchase","'70838153003495940","WXR337","","PRIMAX 95","Billed","18.18","40.00","PSS JALAN LARKIN","","Standalone","","","30 Apr 2018"
"07/04/2018 08:47","Reload","'70838153003495940","WXR337","","","Billed","","-40.00","PSS JALAN LARKIN","","Standalone","","","30 Apr 2018"
"06/04/2018 08:32","Purchase","'70838153003495940","WXR337","","PRIMAX 95","Billed","18.18","40.00","PSS KM 11 JALAN SKUDAI","","Standalone","","","30 Apr 2018"
"06/04/2018 08:30","Reload","'70838153003495940","WXR337","","","Billed","","-40.00","PSS KM 11 JALAN SKUDAI","","Standalone","","","30 Apr 2018"
"05/04/2018 11:06","Purchase","'70838153003495940","WXR337","","PRIMAX 95","Billed","22.73","50.00","PSS TAMAN PELANGI INDAH","","Standalone","","","30 Apr 2018"
"05/04/2018 11:05","Reload","'70838153003495940","WXR337","","","Billed","","-50.00","PSS TAMAN PELANGI INDAH","","Standalone","","","30 Apr 2018"
"04/04/2018 07:48","Purchase","'70838153003495940","WXR337","","PRIMAX 95","Billed","22.73","50.00","PSS JALAN LANGKASUKA","","Standalone","","","30 Apr 2018"
"04/04/2018 07:46","Reload","'70838153003495940","WXR337","","","Billed","","-50.00","PSS JALAN LANGKASUKA","","Standalone","","","30 Apr 2018"