"Date Time","Transaction Type","Card Number","Vehicle Number","Driver Card Number","Product Type","Billing Type","Transaction Volume (Litres)","Transaction Amount (RM)","Station Name","Odometer","Card Type","Cost Centre","Cost Centre Name","Statement Month"
"30/04/2018 10:43","Purchase","'70838153003666615","WXR2001","","Diesel","Billed","56.76","123.73","PSS JALAN PLUMBUM","","Standalone","","","30 Apr 2018"
"30/04/2018 10:38","Purchase","'70838153003666615","WXR2001","","PRIMAX 95","Billed","29.52","64.95","PSS JALAN PLUMBUM","","Standalone","","","30 Apr 2018"
"27/04/2018 15:11","Purchase","'70838153003666615","WXR2001","","Diesel","Billed","59.64","130.02","PSS MRR2 ARAH KEPONG","162290","Standalone","","","30 Apr 2018"
"25/04/2018 15:43","Purchase","'70838153003666615","WXR2001","","Diesel","Billed","74.42","162.24","PSS AIR KEROH RSA NORTH BOUND","","Standalone","","","30 Apr 2018"
"24/04/2018 08:41","Purchase","'70838153003666615","WXR2001","","Diesel","Billed","55.58","121.17","PSS TAMAN TAMPOI UTAMA","","Standalone","","","30 Apr 2018"
"23/04/2018 19:55","Purchase","'70838153003666615","WXR2001","","Diesel","Billed","61.96","135.07","PSS RAWAT & REHAT(S) KL- SEREMBAN","","Standalone","","","30 Apr 2018"
"21/04/2018 15:07","Purchase","'70838153003666615","WXR2001","","PRIMAX 95","Billed","32.28","71.01","PSS KEPONG INDUSTRIAL PARK","174524","Standalone","","","30 Apr 2018"
"20/04/2018 13:27","Purchase","'70838153003666615","WXR2001","","PRIMAX 95","Billed","25.25","55.54","PSS JALAN PLUMBUM","174236","Standalone","","","30 Apr 2018"
"18/04/2018 14:23","Purchase","'70838153003666615","WXR2001","","Diesel","Billed","56.13","122.35","PSS TASEK","160798","Standalone","","","30 Apr 2018"
"18/04/2018 02:32","Purchase","'70838153003666615","WXR2001","","Diesel","Billed","54.38","118.54","PSS ELITE LAYBY","160540","Standalone","","","30 Apr 2018"
"18/04/2018 00:41","Reload","'70838153003666615","WXR2001","","","Billed","","-500.00","PSS JALAN PLUMBUM","","Standalone","","","30 Apr 2018"
"17/04/2018 17:54","Purchase","'70838153003666615","WXR2001","","Diesel","Billed","63.81","139.10","PSS MACHAP ARAH UTARA","160213","Standalone","","","30 Apr 2018"
"17/04/2018 01:16","Purchase","'70838153003666615","WXR2001","","Diesel","Billed","45.64","99.50","PSS BAKRI 2 MUAR","159850","Standalone","","","30 Apr 2018"
"13/04/2018 09:31","Purchase","'70838153003666615","WXR2001","","Diesel","Billed","68.81","150.00","PSS JOHAN SETIA","159635","Standalone","","","30 Apr 2018"
"12/04/2018 17:27","Reload","'70838153003666615","WXR2001","","","Billed","","-1,000.00","PSS JALAN PLUMBUM","","Standalone","","","30 Apr 2018"