"Date Time","Transaction Type","Card Number","Vehicle Number","Driver Card Number","Product Type","Billing Type","Transaction Volume (Litres)","Transaction Amount (RM)","Station Name","Odometer","Card Type","Cost Centre","Cost Centre Name","Statement Month"
"28/04/2018 18:34","Purchase","'70838153003720453","WXR 5431","","PRIMAX 95","Billed","22.73","50.00","PSS KLIA 2","1","Standalone","","","30 Apr 2018"
"28/04/2018 18:33","Reload","'70838153003720453","WXR 5431","","","Billed","","-50.00","PSS KLIA 2","","Standalone","","","30 Apr 2018"
"28/04/2018 10:59","Purchase","'70838153003720453","WXR 5431","","PRIMAX 95","Billed","13.63","29.99","PSS KLIA 2","1","Standalone","","","30 Apr 2018"
"27/04/2018 12:45","Purchase","'70838153003720453","WXR 5431","","PRIMAX 95","Billed","13.64","30.01","PSS KLIA 2","1","Standalone","","","30 Apr 2018"
"27/04/2018 12:44","Reload","'70838153003720453","WXR 5431","","","Billed","","-60.00","PSS KLIA 2","","Standalone","","","30 Apr 2018"