"Date Time","Transaction Type","Card Number","Vehicle Number","Driver Card Number","Product Type","Billing Type","Transaction Volume (Litres)","Transaction Amount (RM)","Station Name","Odometer","Card Type","Cost Centre","Cost Centre Name","Statement Month"
"23/04/2018 09:10","Purchase","'70838153003579354","WXR1014","","PRIMAX 95","Billed","9.09","20.00","PSS SEKSYEN 18","","Standalone","","","30 Apr 2018"
"23/04/2018 09:08","Reload","'70838153003579354","WXR1014","","","Billed","","-20.00","PSS SEKSYEN 18","","Standalone","","","30 Apr 2018"
"22/04/2018 13:57","Purchase","'70838153003579354","WXR1014","","PRIMAX 95","Billed","1.36","3.00","PSS SEKSYEN 18","","Standalone","","","30 Apr 2018"
"21/04/2018 20:36","Purchase","'70838153003579354","WXR1014","","PRIMAX 95","Billed","3.18","7.00","PSS SEKSYEN 18","","Standalone","","","30 Apr 2018"
"21/04/2018 10:06","Purchase","'70838153003579354","WXR1014","","PRIMAX 95","Billed","4.55","10.00","PSS SEKSYEN 18","","Standalone","","","30 Apr 2018"
"21/04/2018 10:05","Reload","'70838153003579354","WXR1014","","","Billed","","-20.00","PSS SEKSYEN 18","","Standalone","","","30 Apr 2018"
"17/04/2018 09:33","Purchase","'70838153003579354","WXR1014","","PRIMAX 95","Billed","18.18","40.00","PSS SEKSYEN 18","","Standalone","","","30 Apr 2018"
"17/04/2018 09:32","Reload","'70838153003579354","WXR1014","","","Billed","","-40.00","PSS SEKSYEN 18","","Standalone","","","30 Apr 2018"
"11/04/2018 08:18","Purchase","'70838153003579354","WXR1014","","PRIMAX 95","Billed","18.18","40.00","PSS SEKSYEN 18","","Standalone","","","30 Apr 2018"
"11/04/2018 08:15","Reload","'70838153003579354","WXR1014","","","Billed","","-40.00","PSS SEKSYEN 18","","Standalone","","","30 Apr 2018"
"04/04/2018 10:09","Purchase","'70838153003579354","WXR1014","","PRIMAX 95","Billed","2.27","5.00","PSS SEKSYEN 18","","Standalone","","","30 Apr 2018"
"01/04/2018 09:20","Purchase","'70838153003579354","WXR1014","","PRIMAX 95","Billed","9.09","20.00","PSS SEKSYEN 18","","Standalone","","","30 Apr 2018"
"01/04/2018 09:19","Reload","'70838153003579354","WXR1014","","","Billed","","-30.00","PSS SEKSYEN 18","","Standalone","","","30 Apr 2018"