"Date Time","Transaction Type","Card Number","Vehicle Number","Driver Card Number","Product Type","Billing Type","Transaction Volume (Litres)","Transaction Amount (RM)","Station Name","Odometer","Card Type","Cost Centre","Cost Centre Name","Statement Month"
"28/04/2018 18:48","Purchase","'70838153003582275","WXR1151","","PRIMAX 95","Billed","28.04","61.69","PSS BUKIT ANTARABANGSA","","Standalone","","","30 Apr 2018"
"27/04/2018 22:48","Purchase","'70838153003582275","WXR1151","","PRIMAX 95","Billed","10.00","22.00","PSS BUKIT ANTARABANGSA","","Standalone","","","30 Apr 2018"
"27/04/2018 20:16","Purchase","'70838153003582275","WXR1151","","PRIMAX 95","Billed","10.10","22.22","PSS JALAN GENTING KLANG 2","","Standalone","","","30 Apr 2018"
"26/04/2018 21:05","Purchase","'70838153003582275","WXR1151","","PRIMAX 95","Billed","12.02","26.44","PSS HULU KELANG","","Standalone","","","30 Apr 2018"
"24/04/2018 11:15","Purchase","'70838153003582275","WXR1151","","PRIMAX 95","Billed","32.85","72.26","PSS BUKIT ANTARABANGSA","","Standalone","","","30 Apr 2018"
"24/04/2018 11:14","Reload","'70838153003582275","WXR1151","","","Billed","","-200.00","PSS BUKIT ANTARABANGSA","","Standalone","","","30 Apr 2018"
"21/04/2018 14:59","Purchase","'70838153003582275","WXR1151","","PRIMAX 95","Billed","50.77","111.69","PSS BUKIT ANTARABANGSA","","Standalone","","","30 Apr 2018"
"20/04/2018 10:02","Purchase","'70838153003582275","WXR1151","","PRIMAX 95","Billed","33.84","74.46","PSS BUKIT ANTARABANGSA","","Standalone","","","30 Apr 2018"
"20/04/2018 10:00","Reload","'70838153003582275","WXR1151","","","Billed","","-200.00","PSS BUKIT ANTARABANGSA","","Standalone","","","30 Apr 2018"
"18/04/2018 11:44","Purchase","'70838153003582275","WXR1151","","PRIMAX 95","Billed","29.52","64.94","PSS BUKIT ANTARABANGSA","","Standalone","","","30 Apr 2018"
"16/04/2018 21:00","Purchase","'70838153003582275","WXR1151","","PRIMAX 95","Billed","15.94","35.06","PSS BUKIT ANTARABANGSA","","Standalone","","","30 Apr 2018"
"15/04/2018 13:24","Reload","'70838153003582275","WXR1151","","","Billed","","-100.00","PSS BUKIT ANTARABANGSA","","Standalone","","","30 Apr 2018"
"13/04/2018 16:25","Purchase","'70838153003582275","WXR1151","","PRIMAX 97","Billed","12.15","30.00","PSS BUKIT ANTARABANGSA","","Standalone","","","30 Apr 2018"
"13/04/2018 09:54","Purchase","'70838153003582275","WXR1151","","PRIMAX 95","Billed","9.09","20.00","PSS BANDAR MAHKOTA CHERAS","","Standalone","","","30 Apr 2018"
"13/04/2018 09:52","Reload","'70838153003582275","WXR1151","","","Billed","","-50.00","PSS BANDAR MAHKOTA CHERAS","","Standalone","","","30 Apr 2018"
"10/04/2018 22:27","Purchase","'70838153003582275","WXR1151","","PRIMAX 95","Billed","6.36","14.00","PSS BUKIT ANTARABANGSA","","Standalone","","","30 Apr 2018"
"10/04/2018 14:31","Purchase","'70838153003582275","WXR1151","","PRIMAX 95","Billed","39.09","86.00","PSS BUKIT ANTARABANGSA","","Standalone","","","30 Apr 2018"
"09/04/2018 14:07","Reload","'70838153003582275","WXR1151","","","Billed","","-100.00","PSS TAMAN MELATI","","Standalone","","","30 Apr 2018"
"06/04/2018 22:56","Purchase","'70838153003582275","WXR1151","","PRIMAX 95","Billed","22.73","50.00","PSS BUKIT ANTARABANGSA","","Standalone","","","30 Apr 2018"
"06/04/2018 19:21","Reload","'70838153003582275","WXR1151","","","Billed","","-50.00","PSS BUKIT ANTARABANGSA","","Standalone","","","30 Apr 2018"