"Date Time","Transaction Type","Card Number","Vehicle Number","Driver Card Number","Product Type","Billing Type","Transaction Volume (Litres)","Transaction Amount (RM)","Station Name","Odometer","Card Type","Cost Centre","Cost Centre Name","Statement Month"
"28/04/2018 19:26","Purchase","'70838153003498761","WXR443","","PRIMAX 95","Billed","22.73","50.00","PSS RAWAT & REHAT(S) KL- SEREMBAN","","Standalone","","","30 Apr 2018"
"28/04/2018 11:42","Purchase","'70838153003498761","WXR443","","PRIMAX 95","Billed","32.86","72.30","PSS NKVE HIGHWAY","","Standalone","","","30 Apr 2018"
"24/04/2018 18:02","Reload","'70838153003498761","WXR443","","","Billed","","-500.00","PSS TAMAN MERANTI JAYA","","Standalone","","","30 Apr 2018"
"23/04/2018 18:12","Purchase","'70838153003498761","WXR443","","PRIMAX 95","Billed","32.14","70.70","PSS TAMAN MERANTI JAYA","","Standalone","","","30 Apr 2018"
"22/04/2018 15:52","Purchase","'70838153003498761","WXR443","","PRIMAX 95","Billed","22.73","50.00","PSS LDP PUCHONG UTAMA","","Standalone","","","30 Apr 2018"
"16/04/2018 14:04","Purchase","'70838153003498761","WXR443","","PRIMAX 95","Billed","32.27","71.00","PSS PUTRA PERDANA","","Standalone","","","30 Apr 2018"
"15/04/2018 12:15","Purchase","'70838153003498761","WXR443","","PRIMAX 95","Billed","43.18","95.00","PSS GAJAH PERDANA","","Standalone","","","30 Apr 2018"
"13/04/2018 10:32","Purchase","'70838153003498761","WXR443","","PRIMAX 95","Billed","68.18","150.00","PSS TAMAN MERANTI JAYA","","Standalone","","","30 Apr 2018"
"08/04/2018 23:20","Purchase","'70838153003498761","WXR443","","PRIMAX 95","Billed","30.73","67.60","PSS PETALING UTAMA","","Standalone","","","30 Apr 2018"
"04/04/2018 18:44","Purchase","'70838153003498761","WXR443","","PRIMAX 95","Billed","32.23","70.90","PSS TAMAN MERANTI JAYA","","Standalone","","","30 Apr 2018"
"01/04/2018 12:55","Purchase","'70838153003498761","WXR443","","PRIMAX 95","Billed","18.18","40.00","PSS LDP PUCHONG UTAMA","","Standalone","","","30 Apr 2018"