"Date Time","Transaction Type","Card Number","Vehicle Number","Driver Card Number","Product Type","Billing Type","Transaction Volume (Litres)","Transaction Amount (RM)","Station Name","Odometer","Card Type","Cost Centre","Cost Centre Name","Statement Month"
"25/04/2018 22:10","Purchase","'70838153003581012","WXR1075","","PRIMAX 95","Billed","5.46","12.00","PSS CHANGKAT JONG","","Standalone","","","30 Apr 2018"
"25/04/2018 22:09","Reload","'70838153003581012","WXR1075","","","Billed","","-10.00","PSS CHANGKAT JONG","","Standalone","","","30 Apr 2018"
"21/04/2018 14:32","Purchase","'70838153003581012","WXR1075","","PRIMAX 95","Billed","6.37","14.00","PSS LANGKAP","","Standalone","","","30 Apr 2018"
"21/04/2018 14:30","Reload","'70838153003581012","WXR1075","","","Billed","","-10.00","PSS LANGKAP","","Standalone","","","30 Apr 2018"
"15/04/2018 10:32","Purchase","'70838153003581012","WXR1075","","PRIMAX 95","Billed","9.09","20.00","PSS CHANGKAT JONG","","Standalone","","","30 Apr 2018"
"15/04/2018 10:31","Reload","'70838153003581012","WXR1075","","","Billed","","-20.00","PSS CHANGKAT JONG","","Standalone","","","30 Apr 2018"
"14/04/2018 22:05","Purchase","'70838153003581012","WXR1075","","PRIMAX 95","Billed","6.82","15.00","PSS CHANGKAT JONG","","Standalone","","","30 Apr 2018"
"04/04/2018 11:16","Purchase","'70838153003581012","WXR1075","","PRIMAX 95","Billed","8.03","17.67","PSS CHANGKAT JONG","","Standalone","","","30 Apr 2018"
"04/04/2018 11:14","Reload","'70838153003581012","WXR1075","","","Billed","","-30.00","PSS CHANGKAT JONG","","Standalone","","","30 Apr 2018"
"02/04/2018 17:02","Purchase","'70838153003581012","WXR1075","","PRIMAX 95","Billed","9.09","20.00","PSS LANGKAP","","Standalone","","","30 Apr 2018"
"02/04/2018 17:01","Reload","'70838153003581012","WXR1075","","","Billed","","-30.00","PSS LANGKAP","","Standalone","","","30 Apr 2018"