"Date Time","Transaction Type","Card Number","Vehicle Number","Driver Card Number","Product Type","Billing Type","Transaction Volume (Litres)","Transaction Amount (RM)","Station Name","Odometer","Card Type","Cost Centre","Cost Centre Name","Statement Month"
"29/04/2018 11:28","Purchase","'70838153003498142","WXR416","","PRIMAX 95","Billed","18.18","40.00","PSS JALAN GOPENG I","50","Standalone","","","30 Apr 2018"
"29/04/2018 11:27","Reload","'70838153003498142","WXR416","","","Billed","","-50.00","PSS JALAN GOPENG I","","Standalone","","","30 Apr 2018"
"27/04/2018 21:48","Purchase","'70838153003498142","WXR416","","PRIMAX 95","Billed","13.65","30.02","PSS JALAN GOPENG II","20","Standalone","","","30 Apr 2018"
"25/04/2018 20:26","Purchase","'70838153003498142","WXR416","","PRIMAX 95","Billed","13.64","30.00","PSS TAMAN PENGKALAN JAYA","30","Standalone","","","30 Apr 2018"
"25/04/2018 20:25","Reload","'70838153003498142","WXR416","","","Billed","","-30.00","PSS TAMAN PENGKALAN JAYA","","Standalone","","","30 Apr 2018"
"20/04/2018 17:37","Purchase","'70838153003498142","WXR416","","PRIMAX 95","Billed","18.18","40.00","PSS TAMAN PENGKALAN JAYA","40","Standalone","","","30 Apr 2018"
"20/04/2018 17:36","Reload","'70838153003498142","WXR416","","","Billed","","-50.00","PSS TAMAN PENGKALAN JAYA","","Standalone","","","30 Apr 2018"
"16/04/2018 21:19","Purchase","'70838153003498142","WXR416","","PRIMAX 95","Billed","13.64","30.00","PSS SERI ISKANDAR","20","Standalone","","","30 Apr 2018"
"13/04/2018 16:10","Purchase","'70838153003498142","WXR416","","PRIMAX 95","Billed","22.73","50.00","PSS JALAN GOPENG I","50","Standalone","","","30 Apr 2018"
"13/04/2018 16:09","Reload","'70838153003498142","WXR416","","","Billed","","-100.00","PSS JALAN GOPENG I","","Standalone","","","30 Apr 2018"
"13/04/2018 12:01","Purchase","'70838153003498142","WXR416","","PRIMAX 95","Billed","18.18","40.00","PSS JALAN GOPENG I","40","Standalone","","","30 Apr 2018"
"13/04/2018 12:00","Reload","'70838153003498142","WXR416","","","Billed","","-50.00","PSS JALAN GOPENG I","","Standalone","","","30 Apr 2018"
"10/04/2018 20:05","Purchase","'70838153003498142","WXR416","","PRIMAX 95","Billed","6.55","14.41","PSS JALAN GOPENG I","15","Standalone","","","30 Apr 2018"
"06/04/2018 14:18","Purchase","'70838153003498142","WXR416","","PRIMAX 95","Billed","22.73","50.00","PSS JALAN GOPENG I","50","Standalone","","","30 Apr 2018"
"06/04/2018 14:16","Reload","'70838153003498142","WXR416","","","Billed","","-50.00","PSS JALAN GOPENG I","","Standalone","","","30 Apr 2018"
"04/04/2018 14:46","Purchase","'70838153003498142","WXR416","","PRIMAX 95","Billed","9.09","20.00","PSS JALAN GOPENG I","30","Standalone","","","30 Apr 2018"
"04/04/2018 14:45","Reload","'70838153003498142","WXR416","","","Billed","","-30.00","PSS JALAN GOPENG I","","Standalone","","","30 Apr 2018"
"03/04/2018 07:09","Purchase","'70838153003498142","WXR416","","PRIMAX 95","Billed","9.09","20.00","PSS JALAN GOPENG II","20","Standalone","","","30 Apr 2018"
"01/04/2018 11:40","Purchase","'70838153003498142","WXR416","","PRIMAX 95","Billed","13.64","30.00","PSS TAMAN PENGKALAN JAYA","30","Standalone","","","30 Apr 2018"
"01/04/2018 11:39","Reload","'70838153003498142","WXR416","","","Billed","","-50.00","PSS TAMAN PENGKALAN JAYA","","Standalone","","","30 Apr 2018"