"Date Time","Transaction Type","Card Number","Vehicle Number","Driver Card Number","Product Type","Billing Type","Transaction Volume (Litres)","Transaction Amount (RM)","Station Name","Odometer","Card Type","Cost Centre","Cost Centre Name","Statement Month"
"30/04/2018 20:41","Purchase","'70838153003424676","WXR128","","PRIMAX 95","Un-billed","22.73","50.00","PSS KG. UBAI","","Standalone","","","Unbilled Transaction"
"29/04/2018 14:44","Purchase","'70838153003424676","WXR128","","PRIMAX 95","Billed","27.27","60.00","PSS KG. UBAI","","Standalone","","","30 Apr 2018"
"29/04/2018 14:43","Reload","'70838153003424676","WXR128","","","Billed","","-100.00","PSS KG. UBAI","","Standalone","","","30 Apr 2018"
"28/04/2018 12:07","Purchase","'70838153003424676","WXR128","","PRIMAX 95","Billed","27.27","60.00","PSS PEKAN BANDAR DIRAJA","","Standalone","","","30 Apr 2018"
"28/04/2018 12:06","Reload","'70838153003424676","WXR128","","","Billed","","-80.00","PSS PEKAN BANDAR DIRAJA","","Standalone","","","30 Apr 2018"
"25/04/2018 07:36","Purchase","'70838153003424676","WXR128","","PRIMAX 95","Billed","4.55","10.00","PSS JAYA GADING","","Standalone","","","30 Apr 2018"
"24/04/2018 07:49","Purchase","'70838153003424676","WXR128","","PRIMAX 95","Billed","9.09","20.00","PSS JAYA GADING","","Standalone","","","30 Apr 2018"
"24/04/2018 07:48","Reload","'70838153003424676","WXR128","","","Billed","","-30.00","PSS JAYA GADING","","Standalone","","","30 Apr 2018"
"22/04/2018 11:26","Purchase","'70838153003424676","WXR128","","PRIMAX 95","Billed","9.09","20.00","PSS KM 16 JALAN GAMBANG","","Standalone","","","30 Apr 2018"
"22/04/2018 11:24","Reload","'70838153003424676","WXR128","","","Billed","","-20.00","PSS KM 16 JALAN GAMBANG","","Standalone","","","30 Apr 2018"
"22/04/2018 08:36","Purchase","'70838153003424676","WXR128","","PRIMAX 95","Billed","1.60","3.52","PSS JAYA GADING","","Standalone","","","30 Apr 2018"
"18/04/2018 15:22","Purchase","'70838153003424676","WXR128","","PRIMAX 95","Billed","13.64","30.00","PSS TELOK SISEK","","Standalone","","","30 Apr 2018"
"18/04/2018 15:21","Reload","'70838153003424676","WXR128","","","Billed","","-20.00","PSS TELOK SISEK","","Standalone","","","30 Apr 2018"
"18/04/2018 07:38","Purchase","'70838153003424676","WXR128","","PRIMAX 95","Billed","9.09","20.00","PSS JAYA GADING","","Standalone","","","30 Apr 2018"
"18/04/2018 07:37","Reload","'70838153003424676","WXR128","","","Billed","","-20.00","PSS JAYA GADING","","Standalone","","","30 Apr 2018"
"16/04/2018 07:23","Purchase","'70838153003424676","WXR128","","PRIMAX 95","Billed","13.64","30.00","PSS JAYA GADING","","Standalone","","","30 Apr 2018"
"16/04/2018 07:22","Reload","'70838153003424676","WXR128","","","Billed","","-20.00","PSS JAYA GADING","","Standalone","","","30 Apr 2018"
"14/04/2018 14:33","Purchase","'70838153003424676","WXR128","","PRIMAX 95","Billed","18.18","40.00","PSS KM 4 JALAN GAMBANG","","Standalone","","","30 Apr 2018"
"14/04/2018 14:32","Reload","'70838153003424676","WXR128","","","Billed","","-30.00","PSS KM 4 JALAN GAMBANG","","Standalone","","","30 Apr 2018"
"12/04/2018 21:14","Purchase","'70838153003424676","WXR128","","PRIMAX 95","Billed","9.09","20.00","PSS KG. UBAI","","Standalone","","","30 Apr 2018"
"12/04/2018 21:13","Reload","'70838153003424676","WXR128","","","Billed","","-30.00","PSS KG. UBAI","","Standalone","","","30 Apr 2018"
"11/04/2018 21:36","Purchase","'70838153003424676","WXR128","","PRIMAX 95","Billed","13.64","30.00","PSS KG. UBAI","","Standalone","","","30 Apr 2018"
"11/04/2018 21:35","Reload","'70838153003424676","WXR128","","","Billed","","-30.00","PSS KG. UBAI","","Standalone","","","30 Apr 2018"
"08/04/2018 18:35","Purchase","'70838153003424676","WXR128","","PRIMAX 95","Billed","13.64","30.00","PSS TAMAN TUALANG INDAH","","Standalone","","","30 Apr 2018"
"08/04/2018 18:33","Reload","'70838153003424676","WXR128","","","Billed","","-30.00","PSS TAMAN TUALANG INDAH","","Standalone","","","30 Apr 2018"
"06/04/2018 11:59","Purchase","'70838153003424676","WXR128","","PRIMAX 95","Billed","22.73","50.00","PSS JAYA GADING","","Standalone","","","30 Apr 2018"
"06/04/2018 11:54","Reload","'70838153003424676","WXR128","","","Billed","","-70.00","PSS JAYA GADING","","Standalone","","","30 Apr 2018"
"04/04/2018 09:41","Purchase","'70838153003424676","WXR128","","PRIMAX 95","Billed","9.09","20.00","PSS JAYA GADING","","Standalone","","","30 Apr 2018"
"04/04/2018 09:39","Reload","'70838153003424676","WXR128","","","Billed","","-20.00","PSS JAYA GADING","","Standalone","","","30 Apr 2018"