"Date Time","Transaction Type","Card Number","Vehicle Number","Driver Card Number","Product Type","Billing Type","Transaction Volume (Litres)","Transaction Amount (RM)","Station Name","Odometer","Card Type","Cost Centre","Cost Centre Name","Statement Month"
"30/04/2018 16:35","Purchase","'70838153003423280","WXR182","","PRIMAX 95","Un-billed","22.73","50.00","PSS PEKAN BARU SUBANG","","Standalone","","","Unbilled Transaction"
"30/04/2018 16:34","Reload","'70838153003423280","WXR182","","","Un-billed","","-50.00","PSS PEKAN BARU SUBANG","","Standalone","","","Unbilled Transaction"
"23/04/2018 15:04","Purchase","'70838153003423280","WXR182","","PRIMAX 95","Billed","12.92","28.43","PSS KG MELAYU SUBANG","","Standalone","","","30 Apr 2018"
"14/04/2018 16:09","Purchase","'70838153003423280","WXR182","","PRIMAX 95","Billed","22.73","50.00","PSS PEKAN BARU SUBANG","","Standalone","","","30 Apr 2018"
"05/04/2018 20:53","Purchase","'70838153003423280","WXR182","","PRIMAX 95","Billed","31.82","70.00","PSS KG MELAYU SUBANG","","Standalone","","","30 Apr 2018"
"01/04/2018 11:25","Purchase","'70838153003423280","WXR182","","PRIMAX 95","Billed","22.73","50.00","PSS DAMANSARA JAYA 2","","Standalone","","","30 Apr 2018"
"01/04/2018 11:24","Reload","'70838153003423280","WXR182","","","Billed","","-50.00","PSS DAMANSARA JAYA 2","","Standalone","","","30 Apr 2018"