"Date Time","Transaction Type","Card Number","Vehicle Number","Driver Card Number","Product Type","Billing Type","Transaction Volume (Litres)","Transaction Amount (RM)","Station Name","Odometer","Card Type","Cost Centre","Cost Centre Name","Statement Month"
"26/04/2018 22:11","Purchase","'70838153003422878","WXR80","","PRIMAX 97","Billed","35.02","86.50","PSS SEKSYEN 7 BANGI","","Standalone","","","30 Apr 2018"
"26/04/2018 22:10","Reload","'70838153003422878","WXR80","","","Billed","","-150.00","PSS SEKSYEN 7 BANGI","","Standalone","","","30 Apr 2018"
"25/04/2018 06:25","Purchase","'70838153003422878","WXR80","","PRIMAX 97","Billed","11.89","29.36","PSS SEKSYEN 7 BANGI","","Standalone","","","30 Apr 2018"
"22/04/2018 15:06","Purchase","'70838153003422878","WXR80","","PRIMAX 95","Billed","20.06","44.13","PSS TANJUNG MALIM","","Standalone","","","30 Apr 2018"
"21/04/2018 07:45","Purchase","'70838153003422878","WXR80","","PRIMAX 97","Billed","31.04","76.66","PSS LEBUHRAYA SILK","","Standalone","","","30 Apr 2018"
"18/04/2018 17:25","Reload","'70838153003422878","WXR80","","","Billed","","-150.00","PSS KM 305 PLUS ARAH SELATAN","","Standalone","","","30 Apr 2018"
"18/04/2018 06:17","Purchase","'70838153003422878","WXR80","","PRIMAX 95","Billed","29.01","63.83","PSS LEBUHRAYA SILK","","Standalone","","","30 Apr 2018"
"15/04/2018 06:55","Purchase","'70838153003422878","WXR80","","PRIMAX 95","Billed","27.27","60.00","PSS SEK 3 BANDAR BARU BANGI","","Standalone","","","30 Apr 2018"
"11/04/2018 05:41","Purchase","'70838153003422878","WXR80","","PRIMAX 95","Billed","27.27","60.00","PSS LEBUHRAYA SILK","","Standalone","","","30 Apr 2018"
"11/04/2018 05:41","Purchase","'70838153003422878","WXR80","","PRIMAX 95","Un-billed","27.27","60.00","PSS LEBUHRAYA SILK","","Standalone","","","Unbilled Transaction"
"09/04/2018 14:41","Purchase","'70838153003422878","WXR80","","PRIMAX 95","Billed","27.28","60.00","PSS TANJUNG MALIM","","Standalone","","","30 Apr 2018"
"08/04/2018 14:08","Purchase","'70838153003422878","WXR80","","PRIMAX 97","Billed","40.49","100.00","PSS SEK 3 BANDAR BARU BANGI","","Standalone","","","30 Apr 2018"
"08/04/2018 14:06","Reload","'70838153003422878","WXR80","","","Billed","","-300.00","PSS SEK 3 BANDAR BARU BANGI","","Standalone","","","30 Apr 2018"
"06/04/2018 11:26","Purchase","'70838153003422878","WXR80","","PRIMAX 95","Billed","28.66","63.05","PSS EQUINE 2","","Standalone","","","30 Apr 2018"
"04/04/2018 11:45","Purchase","'70838153003422878","WXR80","","PRIMAX 95","Billed","18.18","40.00","PSS TANJUNG MALIM","","Standalone","","","30 Apr 2018"
"04/04/2018 06:40","Purchase","'70838153003422878","WXR80","","PRIMAX 97","Billed","24.29","60.00","PSS LEBUHRAYA SILK","","Standalone","","","30 Apr 2018"
"01/04/2018 12:55","Purchase","'70838153003422878","WXR80","","PRIMAX 97","Billed","28.34","70.00","PSS ULU BERNAM","","Standalone","","","30 Apr 2018"
"01/04/2018 12:50","Reload","'70838153003422878","WXR80","","","Billed","","-200.00","PSS ULU BERNAM","","Standalone","","","30 Apr 2018"