"Date Time","Transaction Type","Card Number","Vehicle Number","Driver Card Number","Product Type","Billing Type","Transaction Volume (Litres)","Transaction Amount (RM)","Station Name","Odometer","Card Type","Cost Centre","Cost Centre Name","Statement Month"
"26/04/2018 16:02","Purchase","'70838153003500954","WXR968","","PRIMAX 95","Billed","22.73","50.00","PSS GRAND SAGA  KL BOUND","","Standalone","","","30 Apr 2018"
"16/04/2018 16:19","Reload","'70838153003500954","WXR968","","","Billed","","-100.00","PSS BUKIT NANDING","","Standalone","","","30 Apr 2018"
"14/04/2018 16:48","Purchase","'70838153003500954","WXR968","","PRIMAX 95","Billed","18.27","40.19","PSS AMPANG PERMAI","","Standalone","","","30 Apr 2018"
"09/04/2018 15:07","Purchase","'70838153003500954","WXR968","","PRIMAX 95","Billed","22.73","50.00","PSS JALAN KUARI","","Standalone","","","30 Apr 2018"
"02/04/2018 10:24","Purchase","'70838153003500954","WXR968","","PRIMAX 95","Billed","24.47","53.83","PSS TAMAN PUTRA","","Standalone","","","30 Apr 2018"
"02/04/2018 10:22","Reload","'70838153003500954","WXR968","","","Billed","","-100.00","PSS TAMAN PUTRA","","Standalone","","","30 Apr 2018"