"Date Time","Transaction Type","Card Number","Vehicle Number","Driver Card Number","Product Type","Billing Type","Transaction Volume (Litres)","Transaction Amount (RM)","Station Name","Odometer","Card Type","Cost Centre","Cost Centre Name","Statement Month"
"28/05/2018 16:55","Purchase","'70838153003677281","WXR 2238","","PRIMAX 95","Billed","31.46","69.20","PSS MITC","186850","Standalone","","","31 May 2018"
"28/05/2018 16:53","Reload","'70838153003677281","WXR 2238","","","Billed","","-100.00","PSS MITC","","Standalone","","","31 May 2018"
"25/05/2018 15:21","Purchase","'70838153003677281","WXR 2238","","PRIMAX 95","Billed","33.37","73.41","PSS DURIAN TUNGGAL","186570","Standalone","","","31 May 2018"
"25/05/2018 15:19","Reload","'70838153003677281","WXR 2238","","","Billed","","-100.00","PSS DURIAN TUNGGAL","","Standalone","","","31 May 2018"
"19/05/2018 20:51","Purchase","'70838153003677281","WXR 2238","","PRIMAX 95","Billed","33.42","73.53","PSS AIR KEROH 1","186265","Standalone","","","31 May 2018"
"19/05/2018 20:49","Reload","'70838153003677281","WXR 2238","","","Billed","","-150.00","PSS AIR KEROH 1","","Standalone","","","31 May 2018"