"Date Time","Transaction Type","Card Number","Vehicle Number","Driver Card Number","Product Type","Billing Type","Transaction Volume (Litres)","Transaction Amount (RM)","Station Name","Odometer","Card Type","Cost Centre","Cost Centre Name","Statement Month"
"31/05/2018 07:31","Purchase","'70838153003729512","WXR 5064","","PRIMAX 95","Billed","9.09","20.00","PSS PEKAN BARU SUBANG","8434","Standalone","","","31 May 2018"
"26/05/2018 17:48","Purchase","'70838153003729512","WXR 5064","","PRIMAX 95","Billed","9.09","20.00","PSS PEKAN BARU SUBANG","8434","Standalone","","","31 May 2018"
"26/05/2018 17:47","Reload","'70838153003729512","WXR 5064","","","Billed","","-50.00","PSS PEKAN BARU SUBANG","","Standalone","","","31 May 2018"
"25/05/2018 07:16","Purchase","'70838153003729512","WXR 5064","","PRIMAX 95","Billed","9.09","20.00","PSS PEKAN BARU SUBANG","8434","Standalone","","","31 May 2018"
"25/05/2018 07:15","Reload","'70838153003729512","WXR 5064","","","Billed","","-20.00","PSS PEKAN BARU SUBANG","","Standalone","","","31 May 2018"
"18/05/2018 11:07","Purchase","'70838153003729512","WXR 5064","","PRIMAX 95","Billed","9.09","20.00","PSS PEKAN BARU SUBANG","8434","Standalone","","","31 May 2018"
"18/05/2018 11:05","Reload","'70838153003729512","WXR 5064","","","Billed","","-20.00","PSS PEKAN BARU SUBANG","","Standalone","","","31 May 2018"
"15/05/2018 15:04","Purchase","'70838153003729512","WXR 5064","","PRIMAX 95","Billed","9.09","20.00","PSS KOTA DAMANSARA","8434","Standalone","","","31 May 2018"
"15/05/2018 15:03","Reload","'70838153003729512","WXR 5064","","","Billed","","-20.00","PSS KOTA DAMANSARA","","Standalone","","","31 May 2018"
"14/05/2018 16:10","Purchase","'70838153003729512","WXR 5064","","PRIMAX 95","Billed","9.09","20.00","PSS PEKAN BARU SUBANG","8434","Standalone","","","31 May 2018"
"14/05/2018 16:10","Purchase","'70838153003729512","WXR 5064","","PRIMAX 95","Un-billed","9.09","20.00","PSS PEKAN BARU SUBANG","8434","Standalone","","","Unbilled Transaction"
"14/05/2018 16:09","Reload","'70838153003729512","WXR 5064","","","Billed","","-20.00","PSS PEKAN BARU SUBANG","","Standalone","","","31 May 2018"
"13/05/2018 20:00","Reload","'70838153003729512","WXR 5064","","","Billed","","-20.00","PSS SUBANG BESTARI","","Standalone","","","31 May 2018"
"13/05/2018 19:59","Purchase","'70838153003729512","WXR 5064","","PRIMAX 95","Billed","9.09","20.00","PSS SUBANG BESTARI","8434","Standalone","","","31 May 2018"
"11/05/2018 18:31","Purchase","'70838153003729512","WXR 5064","","PRIMAX 95","Billed","9.09","20.00","PSS PEKAN BARU SUBANG","8434","Standalone","","","31 May 2018"
"11/05/2018 18:30","Reload","'70838153003729512","WXR 5064","","","Billed","","-20.00","PSS PEKAN BARU SUBANG","","Standalone","","","31 May 2018"
"06/05/2018 08:52","Purchase","'70838153003729512","WXR 5064","","PRIMAX 95","Billed","9.09","20.00","PSS SUBANG BESTARI","8434","Standalone","","","31 May 2018"
"06/05/2018 08:51","Reload","'70838153003729512","WXR 5064","","","Billed","","-20.00","PSS SUBANG BESTARI","","Standalone","","","31 May 2018"
"01/05/2018 17:43","Purchase","'70838153003729512","WXR 5064","","PRIMAX 95","Billed","9.09","20.00","PSS SUBANG BESTARI","8434","Standalone","","","31 May 2018"