"Date Time","Transaction Type","Card Number","Vehicle Number","Driver Card Number","Product Type","Billing Type","Transaction Volume (Litres)","Transaction Amount (RM)","Station Name","Odometer","Card Type","Cost Centre","Cost Centre Name","Statement Month"
"26/05/2018 22:25","Purchase","'70838153003732797","WXR 5764","","PRIMAX 95","Billed","18.18","40.00","PSS JLN TANJONG BENDAHARA","","Standalone","","","31 May 2018"
"26/05/2018 22:23","Reload","'70838153003732797","WXR 5764","","","Billed","","-40.00","PSS JLN TANJONG BENDAHARA","","Standalone","","","31 May 2018"
"18/05/2018 22:45","Purchase","'70838153003732797","WXR 5764","","PRIMAX 95","Billed","26.36","58.00","PSS TMN TENGKU MAHERAN","","Standalone","","","31 May 2018"
"18/05/2018 22:43","Reload","'70838153003732797","WXR 5764","","","Billed","","-58.00","PSS TMN TENGKU MAHERAN","","Standalone","","","31 May 2018"
"11/05/2018 20:48","Purchase","'70838153003732797","WXR 5764","","PRIMAX 95","Billed","14.96","32.91","PSS TMN TENGKU MAHERAN","","Standalone","","","31 May 2018"
"05/05/2018 21:01","Purchase","'70838153003732797","WXR 5764","","PRIMAX 95","Billed","16.36","36.00","PSS TMN TENGKU MAHERAN","","Standalone","","","31 May 2018"
"05/05/2018 20:59","Reload","'70838153003732797","WXR 5764","","","Billed","","-60.00","PSS TMN TENGKU MAHERAN","","Standalone","","","31 May 2018"