"Date Time","Transaction Type","Card Number","Vehicle Number","Driver Card Number","Product Type","Billing Type","Transaction Volume (Litres)","Transaction Amount (RM)","Station Name","Odometer","Card Type","Cost Centre","Cost Centre Name","Statement Month"
"25/05/2018 15:14","Purchase","'70838153003732805","WXR 5765","","PRIMAX 95","Billed","22.73","50.00","PSS LEBUH AMJ SG PETAI","","Standalone","","","31 May 2018"
"25/05/2018 15:12","Reload","'70838153003732805","WXR 5765","","","Billed","","-50.00","PSS LEBUH AMJ SG PETAI","","Standalone","","","31 May 2018"
"14/05/2018 18:23","Purchase","'70838153003732805","WXR 5765","","PRIMAX 95","Billed","22.73","50.00","PSS LEBUH AMJ SG PETAI","","Standalone","","","31 May 2018"
"14/05/2018 18:22","Reload","'70838153003732805","WXR 5765","","","Billed","","-50.00","PSS LEBUH AMJ SG PETAI","","Standalone","","","31 May 2018"
"11/05/2018 08:42","Purchase","'70838153003732805","WXR 5765","","PRIMAX 95","Billed","23.68","52.10","PSS SIMPANG EMPAT","","Standalone","","","31 May 2018"
"11/05/2018 08:39","Reload","'70838153003732805","WXR 5765","","","Billed","","-50.00","PSS SIMPANG EMPAT","","Standalone","","","31 May 2018"
"10/05/2018 15:15","Purchase","'70838153003732805","WXR 5765","","PRIMAX 95","Billed","22.73","50.00","PSS KLEMAK ALOR GAJAH","","Standalone","","","31 May 2018"
"06/05/2018 15:53","Purchase","'70838153003732805","WXR 5765","","PRIMAX 95","Billed","22.73","50.00","PSS LEBUH AMJ SG PETAI","","Standalone","","","31 May 2018"
"06/05/2018 15:52","Reload","'70838153003732805","WXR 5765","","","Billed","","-100.00","PSS LEBUH AMJ SG PETAI","","Standalone","","","31 May 2018"
"03/05/2018 15:36","Purchase","'70838153003732805","WXR 5765","","PRIMAX 95","Billed","22.73","50.00","PSS DURIAN TUNGGAL","","Standalone","","","31 May 2018"
"03/05/2018 15:35","Reload","'70838153003732805","WXR 5765","","","Billed","","-50.00","PSS DURIAN TUNGGAL","","Standalone","","","31 May 2018"