"Date Time","Transaction Type","Card Number","Vehicle Number","Driver Card Number","Product Type","Billing Type","Transaction Volume (Litres)","Transaction Amount (RM)","Station Name","Odometer","Card Type","Cost Centre","Cost Centre Name","Statement Month"
"31/05/2018 13:51","Purchase","'70838153003728381","WXR 5660","","PRIMAX 95","Billed","9.09","20.00","PSS CYBERJAYA","","Standalone","","","31 May 2018"
"31/05/2018 13:49","Reload","'70838153003728381","WXR 5660","","","Billed","","-30.00","PSS CYBERJAYA","","Standalone","","","31 May 2018"
"31/05/2018 09:14","Purchase","'70838153003728381","WXR 5660","","PRIMAX 95","Billed","9.09","20.00","PSS D  AMBANG KOTA LUKUT","","Standalone","","","31 May 2018"
"29/05/2018 12:19","Purchase","'70838153003728381","WXR 5660","","PRIMAX 95","Billed","9.09","20.00","PSS D  AMBANG KOTA LUKUT","","Standalone","","","31 May 2018"
"29/05/2018 12:18","Reload","'70838153003728381","WXR 5660","","","Billed","","-20.00","PSS D  AMBANG KOTA LUKUT","","Standalone","","","31 May 2018"
"29/05/2018 08:38","Purchase","'70838153003728381","WXR 5660","","PRIMAX 95","Billed","4.55","10.00","PSS D  AMBANG KOTA LUKUT","","Standalone","","","31 May 2018"
"29/05/2018 08:37","Reload","'70838153003728381","WXR 5660","","","Billed","","-10.00","PSS D  AMBANG KOTA LUKUT","","Standalone","","","31 May 2018"
"28/05/2018 11:38","Purchase","'70838153003728381","WXR 5660","","PRIMAX 95","Billed","9.09","20.00","PSS PEKAN LUKUT","","Standalone","","","31 May 2018"
"28/05/2018 11:36","Reload","'70838153003728381","WXR 5660","","","Billed","","-30.00","PSS PEKAN LUKUT","","Standalone","","","31 May 2018"
"26/05/2018 15:15","Purchase","'70838153003728381","WXR 5660","","PRIMAX 95","Billed","4.55","10.00","PSS PEKAN LUKUT","","Standalone","","","31 May 2018"
"26/05/2018 15:12","Purchase","'70838153003728381","WXR 5660","","PRIMAX 97","Billed","3.24","8.00","PSS PEKAN LUKUT","","Standalone","","","31 May 2018"
"26/05/2018 15:11","Reload","'70838153003728381","WXR 5660","","","Billed","","-20.00","PSS PEKAN LUKUT","","Standalone","","","31 May 2018"
"23/05/2018 21:57","Purchase","'70838153003728381","WXR 5660","","PRIMAX 95","Billed","9.09","20.00","PSS PEKAN LUKUT","","Standalone","","","31 May 2018"
"23/05/2018 21:55","Reload","'70838153003728381","WXR 5660","","","Billed","","-30.00","PSS PEKAN LUKUT","","Standalone","","","31 May 2018"
"22/05/2018 23:11","Purchase","'70838153003728381","WXR 5660","","PRIMAX 95","Billed","4.55","10.00","PSS PEKAN LUKUT","","Standalone","","","31 May 2018"
"22/05/2018 23:10","Reload","'70838153003728381","WXR 5660","","","Billed","","-10.00","PSS PEKAN LUKUT","","Standalone","","","31 May 2018"
"22/05/2018 23:06","Purchase","'70838153003728381","WXR 5660","","PRIMAX 95","Billed","4.65","10.24","PSS PEKAN LUKUT","10","Standalone","","","31 May 2018"
"22/05/2018 01:00","Purchase","'70838153003728381","WXR 5660","","PRIMAX 95","Billed","13.64","30.00","PSS MASJID TANAH","10","Standalone","","","31 May 2018"
"22/05/2018 00:59","Reload","'70838153003728381","WXR 5660","","","Billed","","-30.00","PSS MASJID TANAH","","Standalone","","","31 May 2018"
"21/05/2018 11:31","Purchase","'70838153003728381","WXR 5660","","PRIMAX 97","Billed","4.05","10.00","PSS PEKAN LUKUT","","Standalone","","","31 May 2018"
"21/05/2018 11:29","Reload","'70838153003728381","WXR 5660","","","Billed","","-20.00","PSS PEKAN LUKUT","","Standalone","","","31 May 2018"
"12/05/2018 21:31","Purchase","'70838153003728381","WXR 5660","","PRIMAX 95","Billed","6.82","15.00","PSS JERAM","","Standalone","","","31 May 2018"
"12/05/2018 21:29","Reload","'70838153003728381","WXR 5660","","","Billed","","-15.00","PSS JERAM","","Standalone","","","31 May 2018"
"12/05/2018 18:45","Purchase","'70838153003728381","WXR 5660","","PRIMAX 95","Billed","18.18","40.00","PSS HUTAN MELINTANG","","Standalone","","","31 May 2018"
"12/05/2018 18:43","Reload","'70838153003728381","WXR 5660","","","Billed","","-35.00","PSS HUTAN MELINTANG","","Standalone","","","31 May 2018"
"12/05/2018 06:27","Purchase","'70838153003728381","WXR 5660","","PRIMAX 95","Billed","13.64","30.00","PSS TANJUNG KARANG 2","","Standalone","","","31 May 2018"
"12/05/2018 06:24","Reload","'70838153003728381","WXR 5660","","","Billed","","-30.00","PSS TANJUNG KARANG 2","","Standalone","","","31 May 2018"
"10/05/2018 20:13","Purchase","'70838153003728381","WXR 5660","","PRIMAX 95","Billed","4.55","10.00","PSS BANDAR BARU SALAK TINGGI","","Standalone","","","31 May 2018"
"10/05/2018 20:11","Reload","'70838153003728381","WXR 5660","","","Billed","","-10.00","PSS BANDAR BARU SALAK TINGGI","","Standalone","","","31 May 2018"
"10/05/2018 18:04","Purchase","'70838153003728381","WXR 5660","","PRIMAX 95","Billed","13.64","30.00","PSS SUBANG BESTARI","10","Standalone","","","31 May 2018"
"10/05/2018 18:03","Reload","'70838153003728381","WXR 5660","","","Billed","","-30.00","PSS SUBANG BESTARI","","Standalone","","","31 May 2018"
"09/05/2018 22:35","Purchase","'70838153003728381","WXR 5660","","PRIMAX 95","Billed","13.64","30.00","PSS KLIA 2","10","Standalone","","","31 May 2018"
"09/05/2018 22:34","Reload","'70838153003728381","WXR 5660","","","Billed","","-30.00","PSS KLIA 2","","Standalone","","","31 May 2018"
"09/05/2018 20:32","Purchase","'70838153003728381","WXR 5660","","PRIMAX 95","Billed","4.55","10.00","PSS BANDAR BARU SALAK TINGGI","10","Standalone","","","31 May 2018"
"09/05/2018 20:31","Reload","'70838153003728381","WXR 5660","","","Billed","","-10.00","PSS BANDAR BARU SALAK TINGGI","","Standalone","","","31 May 2018"
"08/05/2018 20:46","Purchase","'70838153003728381","WXR 5660","","PRIMAX 95","Billed","4.55","10.00","PSS CYBERJAYA","10","Standalone","","","31 May 2018"
"01/05/2018 21:57","Purchase","'70838153003728381","WXR 5660","","PRIMAX 95","Billed","9.09","20.00","PSS BT 9 TANJUNG KARANG","10","Standalone","","","31 May 2018"
"01/05/2018 21:56","Reload","'70838153003728381","WXR 5660","","","Billed","","-20.00","PSS BT 9 TANJUNG KARANG","","Standalone","","","31 May 2018"