"Date Time","Transaction Type","Card Number","Vehicle Number","Driver Card Number","Product Type","Billing Type","Transaction Volume (Litres)","Transaction Amount (RM)","Station Name","Odometer","Card Type","Cost Centre","Cost Centre Name","Statement Month"
"30/05/2018 17:01","Purchase","'70838153003720446","WXR 5430","","PRIMAX 95","Billed","19.23","42.31","PSS TANJUNG SEPAT","","Standalone","","","31 May 2018"
"30/05/2018 17:00","Reload","'70838153003720446","WXR 5430","","","Billed","","-200.00","PSS TANJUNG SEPAT","","Standalone","","","31 May 2018"
"29/05/2018 17:12","Purchase","'70838153003720446","WXR 5430","","PRIMAX 95","Billed","14.19","31.22","PSS TANJUNG SEPAT","","Standalone","","","31 May 2018"
"26/05/2018 13:57","Purchase","'70838153003720446","WXR 5430","","PRIMAX 95","Billed","20.02","44.04","PSS BANTING","","Standalone","","","31 May 2018"
"26/05/2018 13:51","Reload","'70838153003720446","WXR 5430","","","Billed","","-50.00","PSS BANTING","","Standalone","","","31 May 2018"
"24/05/2018 07:43","Purchase","'70838153003720446","WXR 5430","","PRIMAX 95","Billed","2.73","6.00","PSS TANJUNG SEPAT","","Standalone","","","31 May 2018"
"24/05/2018 07:41","Reload","'70838153003720446","WXR 5430","","","Billed","","-50.00","PSS TANJUNG SEPAT","","Standalone","","","31 May 2018"
"23/05/2018 21:11","Purchase","'70838153003720446","WXR 5430","","PRIMAX 95","Billed","13.05","28.72","PSS TANJUNG SEPAT","","Standalone","","","31 May 2018"
"20/05/2018 20:27","Purchase","'70838153003720446","WXR 5430","","PRIMAX 95","Billed","4.27","9.40","PSS TANJUNG SEPAT","","Standalone","","","31 May 2018"
"20/05/2018 11:54","Purchase","'70838153003720446","WXR 5430","","PRIMAX 95","Billed","2.39","5.26","PSS TANJUNG SEPAT","","Standalone","","","31 May 2018"
"16/05/2018 21:24","Purchase","'70838153003720446","WXR 5430","","PRIMAX 95","Billed","3.19","7.01","PSS TANJUNG SEPAT","","Standalone","","","31 May 2018"
"13/05/2018 20:20","Purchase","'70838153003720446","WXR 5430","","PRIMAX 95","Billed","22.48","49.45","PSS AIR KEROH RSA NORTH BOUND","","Standalone","","","31 May 2018"
"13/05/2018 20:18","Reload","'70838153003720446","WXR 5430","","","Billed","","-50.00","PSS AIR KEROH RSA NORTH BOUND","","Standalone","","","31 May 2018"
"12/05/2018 19:13","Purchase","'70838153003720446","WXR 5430","","PRIMAX 95","Billed","24.96","54.91","PSS BANDAR BARU AIR HITAM","","Standalone","","","31 May 2018"
"12/05/2018 19:07","Reload","'70838153003720446","WXR 5430","","","Billed","","-100.00","PSS BANDAR BARU AIR HITAM","","Standalone","","","31 May 2018"
"12/05/2018 11:53","Purchase","'70838153003720446","WXR 5430","","PRIMAX 95","Billed","27.32","60.10","PSS TANJUNG SEPAT","","Standalone","","","31 May 2018"
"12/05/2018 11:52","Reload","'70838153003720446","WXR 5430","","","Billed","","-50.00","PSS TANJUNG SEPAT","","Standalone","","","31 May 2018"
"07/05/2018 15:03","Purchase","'70838153003720446","WXR 5430","","PRIMAX 95","Billed","1.82","4.00","PSS KANCHONG DARAT","","Standalone","","","31 May 2018"
"07/05/2018 15:02","Reload","'70838153003720446","WXR 5430","","","Billed","","-10.00","PSS KANCHONG DARAT","","Standalone","","","31 May 2018"
"06/05/2018 13:46","Purchase","'70838153003720446","WXR 5430","","PRIMAX 95","Billed","20.50","45.10","PSS TANJUNG SEPAT","","Standalone","","","31 May 2018"
"01/05/2018 18:16","Purchase","'70838153003720446","WXR 5430","","PRIMAX 95","Billed","28.00","61.60","PSS TANJUNG SEPAT","","Standalone","","","31 May 2018"
"01/05/2018 18:15","Reload","'70838153003720446","WXR 5430","","","Billed","","-100.00","PSS TANJUNG SEPAT","","Standalone","","","31 May 2018"