"Date Time","Transaction Type","Card Number","Vehicle Number","Driver Card Number","Product Type","Billing Type","Transaction Volume (Litres)","Transaction Amount (RM)","Station Name","Odometer","Card Type","Cost Centre","Cost Centre Name","Statement Month"
"28/05/2018 18:29","Purchase","'70838153003720917","WXR 5117","","PRIMAX 95","Billed","1.36","3.00","PSS SUNGAI BESAR","","Standalone","","","31 May 2018"
"15/05/2018 19:02","Purchase","'70838153003720917","WXR 5117","","PRIMAX 95","Billed","2.73","6.00","PSS SUBANG BESTARI","","Standalone","","","31 May 2018"
"14/05/2018 21:30","Reload","'70838153003720917","WXR 5117","","","Billed","","-20.00","PSS SUNGAI BESAR","","Standalone","","","31 May 2018"
"03/05/2018 20:03","Purchase","'70838153003720917","WXR 5117","","PRIMAX 95","Billed","2.27","5.00","PSS SUBANG BESTARI","","Standalone","","","31 May 2018"
"01/05/2018 20:19","Purchase","'70838153003720917","WXR 5117","","PRIMAX 95","Billed","1.82","4.00","PSS SUBANG BESTARI","","Standalone","","","31 May 2018"
"01/05/2018 20:17","Reload","'70838153003720917","WXR 5117","","","Billed","","-10.00","PSS SUBANG BESTARI","","Standalone","","","31 May 2018"