"Date Time","Transaction Type","Card Number","Vehicle Number","Driver Card Number","Product Type","Billing Type","Transaction Volume (Litres)","Transaction Amount (RM)","Station Name","Odometer","Card Type","Cost Centre","Cost Centre Name","Statement Month"
"26/05/2018 21:19","Purchase","'70838153003674387","WXR 2164","","PRIMAX 95","Billed","22.73","50.00","PSS KG. GAUNG","2","Standalone","","","31 May 2018"
"23/05/2018 15:08","Purchase","'70838153003674387","WXR 2164","","PRIMAX 95","Billed","22.15","48.72","PSS GUCHIL","5","Standalone","","","31 May 2018"
"18/05/2018 13:59","Purchase","'70838153003674387","WXR 2164","","PRIMAX 95","Billed","27.16","59.75","PSS GUCHIL","5","Standalone","","","31 May 2018"
"14/05/2018 16:35","Purchase","'70838153003674387","WXR 2164","","PRIMAX 95","Billed","24.26","53.36","PSS GUCHIL","1","Standalone","","","31 May 2018"
"06/05/2018 07:29","Purchase","'70838153003674387","WXR 2164","","PRIMAX 95","Billed","22.99","50.58","PSS GUCHIL JAYA KUALA KRAI","8","Standalone","","","31 May 2018"
"04/05/2018 08:00","Purchase","'70838153003674387","WXR 2164","","PRIMAX 95","Billed","21.45","47.19","PSS GUCHIL","5","Standalone","","","31 May 2018"
"03/05/2018 07:19","Purchase","'70838153003674387","WXR 2164","","PRIMAX 95","Billed","26.71","58.77","PSS GUCHIL","1","Standalone","","","31 May 2018"