"Date Time","Transaction Type","Card Number","Vehicle Number","Driver Card Number","Product Type","Billing Type","Transaction Volume (Litres)","Transaction Amount (RM)","Station Name","Odometer","Card Type","Cost Centre","Cost Centre Name","Statement Month"
"29/05/2018 20:35","Purchase","'70838153003724117","WXR 5543","","PRIMAX 95","Billed","22.73","50.00","PSS NPE PANTAI DALAM","","Standalone","","","31 May 2018"
"26/05/2018 08:03","Reload","'70838153003724117","WXR 5543","","","Billed","","-200.00","PSS BUKIT BANDAR RAYA","","Standalone","","","31 May 2018"
"18/05/2018 07:28","Purchase","'70838153003724117","WXR 5543","","PRIMAX 95","Billed","22.73","50.00","PSS BUKIT BANDAR RAYA","","Standalone","","","31 May 2018"
"12/05/2018 19:25","Purchase","'70838153003724117","WXR 5543","","PRIMAX 95","Billed","22.73","50.00","PSS NPE PANTAI DALAM","","Standalone","","","31 May 2018"
"12/05/2018 19:23","Reload","'70838153003724117","WXR 5543","","","Billed","","-100.00","PSS NPE PANTAI DALAM","","Standalone","","","31 May 2018"
"06/05/2018 19:26","Purchase","'70838153003724117","WXR 5543","","PRIMAX 95","Billed","22.73","50.00","PSS NPE PANTAI DALAM","","Standalone","","","31 May 2018"
"06/05/2018 19:23","Reload","'70838153003724117","WXR 5543","","","Billed","","-50.00","PSS NPE PANTAI DALAM","","Standalone","","","31 May 2018"
"03/05/2018 18:25","Purchase","'70838153003724117","WXR 5543","","PRIMAX 95","Billed","9.09","20.00","PSS BUKIT BANDAR RAYA","","Standalone","","","31 May 2018"
"03/05/2018 18:22","Reload","'70838153003724117","WXR 5543","","","Billed","","-20.00","PSS BUKIT BANDAR RAYA","","Standalone","","","31 May 2018"