"Date Time","Transaction Type","Card Number","Vehicle Number","Driver Card Number","Product Type","Billing Type","Transaction Volume (Litres)","Transaction Amount (RM)","Station Name","Odometer","Card Type","Cost Centre","Cost Centre Name","Statement Month"
"31/05/2018 14:49","Purchase","'70838153003729868","WXR 5076","","PRIMAX 95","Billed","13.64","30.00","PSS TEMASYA FEDERAL HIGHWAY","","Standalone","","","31 May 2018"
"29/05/2018 23:08","Purchase","'70838153003729868","WXR 5076","","PRIMAX 95","Billed","13.64","30.00","PSS KM5.75 PENCHALA LINK","","Standalone","","","31 May 2018"
"29/05/2018 23:07","Reload","'70838153003729868","WXR 5076","","","Billed","","-50.00","PSS KM5.75 PENCHALA LINK","","Standalone","","","31 May 2018"
"18/05/2018 14:59","Purchase","'70838153003729868","WXR 5076","","PRIMAX 95","Billed","13.64","30.00","PSS USJ 6 UEP SUBANG JAYA","47975","Standalone","","","31 May 2018"
"18/05/2018 14:54","Reload","'70838153003729868","WXR 5076","","","Billed","","-50.00","PSS USJ 6 UEP SUBANG JAYA","","Standalone","","","31 May 2018"