"Date Time","Transaction Type","Card Number","Vehicle Number","Driver Card Number","Product Type","Billing Type","Transaction Volume (Litres)","Transaction Amount (RM)","Station Name","Odometer","Card Type","Cost Centre","Cost Centre Name","Statement Month"
"30/05/2018 13:24","Purchase","'70838153003728308","WXR 5658","","PRIMAX 95","Billed","22.73","50.00","PSS PEKAN LUKUT","","Standalone","","","31 May 2018"
"30/05/2018 13:17","Reload","'70838153003728308","WXR 5658","","","Billed","","-60.00","PSS PEKAN LUKUT","","Standalone","","","31 May 2018"
"21/05/2018 16:09","Purchase","'70838153003728308","WXR 5658","","PRIMAX 95","Billed","22.73","50.00","PSS PEKAN LUKUT","","Standalone","","","31 May 2018"
"18/05/2018 12:53","Purchase","'70838153003728308","WXR 5658","","PRIMAX 95","Billed","22.73","50.00","PSS PEKAN LUKUT","","Standalone","","","31 May 2018"
"18/05/2018 12:52","Reload","'70838153003728308","WXR 5658","","","Billed","","-100.00","PSS PEKAN LUKUT","","Standalone","","","31 May 2018"
"02/05/2018 07:14","Purchase","'70838153003728308","WXR 5658","","PRIMAX 95","Billed","13.64","30.00","PSS PEKAN LUKUT","","Standalone","","","31 May 2018"