"Date Time","Transaction Type","Card Number","Vehicle Number","Driver Card Number","Product Type","Billing Type","Transaction Volume (Litres)","Transaction Amount (RM)","Station Name","Odometer","Card Type","Cost Centre","Cost Centre Name","Statement Month"
"31/05/2018 13:02","Purchase","'70838153003666383","WXR2038","","Diesel","Billed","38.31","83.51","PSS SUBANG BESTARI","140727","Standalone","","","31 May 2018"
"31/05/2018 09:03","Reload","'70838153003666383","WXR2038","","","Billed","","-100.00","PSS SUBANG AIRPORT","","Standalone","","","31 May 2018"
"30/05/2018 13:48","Purchase","'70838153003666383","WXR2038","","Diesel","Billed","30.18","65.80","PSS BATU 8 JALAN IPOH","140515","Standalone","","","31 May 2018"
"30/05/2018 13:47","Reload","'70838153003666383","WXR2038","","","Billed","","-50.00","PSS BATU 8 JALAN IPOH","","Standalone","","","31 May 2018"
"29/05/2018 17:36","Purchase","'70838153003666383","WXR2038","","Diesel","Billed","35.18","76.70","PSS TAMAN KLANG UTAMA","140391","Standalone","","","31 May 2018"
"29/05/2018 17:35","Reload","'70838153003666383","WXR2038","","","Billed","","-100.00","PSS TAMAN KLANG UTAMA","","Standalone","","","31 May 2018"
"28/05/2018 11:03","Purchase","'70838153003666383","WXR2038","","Diesel","Billed","27.52","60.00","PSS MRR2 BATU CAVES","","Standalone","","","31 May 2018"
"27/05/2018 17:25","Purchase","'70838153003666383","WXR2038","","Diesel","Billed","28.67","62.50","PSS SIMPANG PULAI ARAH SELATAN","139979","Standalone","","","31 May 2018"
"27/05/2018 12:51","Purchase","'70838153003666383","WXR2038","","Diesel","Billed","35.32","77.00","PSS KEPALA BATAS SPU","139794","Standalone","","","31 May 2018"
"27/05/2018 09:01","Purchase","'70838153003666383","WXR2038","","Diesel","Billed","29.37","64.03","PSS SIMPANG PULAI ARAH UTARA","139507","Standalone","","","31 May 2018"
"27/05/2018 04:02","Purchase","'70838153003666383","WXR2038","","Diesel","Billed","13.76","30.00","PSS RAWANG RSA","139429","Standalone","","","31 May 2018"
"27/05/2018 03:59","Reload","'70838153003666383","WXR2038","","","Billed","","-250.00","PSS RAWANG RSA","","Standalone","","","31 May 2018"
"26/05/2018 09:52","Purchase","'70838153003666383","WXR2038","","Diesel","Billed","27.54","60.03","PSS SUBANG BESTARI","139300","Standalone","","","31 May 2018"
"26/05/2018 09:51","Reload","'70838153003666383","WXR2038","","","Billed","","-50.00","PSS SUBANG BESTARI","","Standalone","","","31 May 2018"
"25/05/2018 09:56","Purchase","'70838153003666383","WXR2038","","Diesel","Billed","26.56","57.91","PSS SUBANG BESTARI","139014","Standalone","","","31 May 2018"
"25/05/2018 09:55","Reload","'70838153003666383","WXR2038","","","Billed","","-100.00","PSS SUBANG BESTARI","","Standalone","","","31 May 2018"
"24/05/2018 09:39","Purchase","'70838153003666383","WXR2038","","Diesel","Billed","37.79","82.37","PSS SUBANG BESTARI","138848","Standalone","","","31 May 2018"
"24/05/2018 09:37","Reload","'70838153003666383","WXR2038","","","Billed","","-100.00","PSS SUBANG BESTARI","","Standalone","","","31 May 2018"
"23/05/2018 12:40","Purchase","'70838153003666383","WXR2038","","Diesel","Billed","38.76","84.49","PSS AIR KEROH RSA NORTH BOUND","135640","Standalone","","","31 May 2018"
"23/05/2018 06:59","Purchase","'70838153003666383","WXR2038","","Diesel","Billed","36.70","80.00","PSS SUBANG AIRPORT","138702","Standalone","","","31 May 2018"
"23/05/2018 06:57","Reload","'70838153003666383","WXR2038","","","Billed","","-150.00","PSS SUBANG AIRPORT","","Standalone","","","31 May 2018"
"22/05/2018 08:49","Purchase","'70838153003666383","WXR2038","","Diesel","Billed","39.23","85.51","PSS RAWAT & REHAT(S) KL- SEREMBAN","138207","Standalone","","","31 May 2018"
"22/05/2018 08:49","Purchase","'70838153003666383","WXR2038","","Diesel","Un-billed","39.23","85.51","PSS RAWAT & REHAT(S) KL- SEREMBAN","138207","Standalone","","","Unbilled Transaction"
"22/05/2018 08:46","Reload","'70838153003666383","WXR2038","","","Billed","","-100.00","PSS RAWAT & REHAT(S) KL- SEREMBAN","","Standalone","","","31 May 2018"
"21/05/2018 10:18","Purchase","'70838153003666383","WXR2038","","Diesel","Billed","39.45","85.99","PSS SUBANG BESTARI","138005","Standalone","","","31 May 2018"
"18/05/2018 10:50","Purchase","'70838153003666383","WXR2038","","Diesel","Billed","29.36","64.01","PSS SUBANG AIRPORT","137774","Standalone","","","31 May 2018"
"18/05/2018 10:48","Reload","'70838153003666383","WXR2038","","","Billed","","-150.00","PSS SUBANG AIRPORT","","Standalone","","","31 May 2018"
"16/05/2018 19:41","Purchase","'70838153003666383","WXR2038","","Diesel","Billed","38.80","84.59","PSS MRR2 ARAH KEPONG","137624","Standalone","","","31 May 2018"
"15/05/2018 10:28","Purchase","'70838153003666383","WXR2038","","Diesel","Billed","45.14","98.41","PSS TAMAN DAYA KEPONG","137394","Standalone","","","31 May 2018"
"15/05/2018 10:26","Reload","'70838153003666383","WXR2038","","","Billed","","-150.00","PSS TAMAN DAYA KEPONG","","Standalone","","","31 May 2018"
"10/05/2018 18:43","Purchase","'70838153003666383","WXR2038","","Diesel","Billed","30.74","67.00","PSS RAWANG INDUSTRIAL PARK 2","121213","Standalone","","","31 May 2018"
"10/05/2018 18:41","Reload","'70838153003666383","WXR2038","","","Billed","","-100.00","PSS RAWANG INDUSTRIAL PARK 2","","Standalone","","","31 May 2018"
"08/05/2018 15:01","Purchase","'70838153003666383","WXR2038","","Diesel","Billed","37.90","82.61","PSS JALAN JAMBU JERTEH","137064","Standalone","","","31 May 2018"
"07/05/2018 10:24","Purchase","'70838153003666383","WXR2038","","Diesel","Billed","29.07","63.38","PSS AIR KEROH RSA NORTH BOUND","136749","Standalone","","","31 May 2018"
"07/05/2018 06:36","Purchase","'70838153003666383","WXR2038","","Diesel","Billed","24.78","54.01","PSS KG MELAYU SUBANG","136556","Standalone","","","31 May 2018"
"07/05/2018 06:35","Reload","'70838153003666383","WXR2038","","","Billed","","-200.00","PSS KG MELAYU SUBANG","","Standalone","","","31 May 2018"
"07/05/2018 06:33","Purchase","'70838153003666383","WXR2038","","Diesel","Billed","16.18","35.27","PSS KG MELAYU SUBANG","136556","Standalone","","","31 May 2018"
"03/05/2018 16:17","Purchase","'70838153003666383","WXR2038","","Diesel","Billed","52.63","114.73","PSS RAWAT & REHAT (U) SBAN-KL","136314","Standalone","","","31 May 2018"
"03/05/2018 13:52","Reload","'70838153003666383","WXR2038","","","Billed","","-150.00","PSS RAWAT & REHAT(S) KL- SEREMBAN","","Standalone","","","31 May 2018"
"02/05/2018 16:45","Purchase","'70838153003666383","WXR2038","","Diesel","Billed","19.91","43.41","PSS RAWANG INDUSTRIAL PARK 1","136112","Standalone","","","31 May 2018"