"Date Time","Transaction Type","Card Number","Vehicle Number","Driver Card Number","Product Type","Billing Type","Transaction Volume (Litres)","Transaction Amount (RM)","Station Name","Odometer","Card Type","Cost Centre","Cost Centre Name","Statement Month"
"19/05/2018 18:50","Purchase","'70838153003666961","WXR2024","","PRIMAX 95","Billed","9.09","20.00","PSS SG JATI","1111","Standalone","","","31 May 2018"
"18/05/2018 11:43","Purchase","'70838153003666961","WXR2024","","Diesel","Billed","36.70","80.00","PSS KESAS ARAH SUBANG","251239","Standalone","","","31 May 2018"
"18/05/2018 11:41","Reload","'70838153003666961","WXR2024","","","Billed","","-100.00","PSS KESAS ARAH SUBANG","","Standalone","","","31 May 2018"
"04/05/2018 14:51","Purchase","'70838153003666961","WXR2024","","Diesel","Billed","22.94","50.00","PSS SG JATI","25052","Standalone","","","31 May 2018"
"04/05/2018 14:46","Reload","'70838153003666961","WXR2024","","","Billed","","-50.00","PSS SG JATI","","Standalone","","","31 May 2018"
"03/05/2018 10:21","Purchase","'70838153003666961","WXR2024","","Diesel","Billed","22.94","50.00","PSS SG JATI","","Standalone","","","31 May 2018"
"03/05/2018 10:18","Reload","'70838153003666961","WXR2024","","","Billed","","-50.00","PSS SG JATI","","Standalone","","","31 May 2018"
"02/05/2018 15:50","Purchase","'70838153003666961","WXR2024","","Diesel","Billed","22.94","50.00","PSS TAMAN MERANTI JAYA","250201","Standalone","","","31 May 2018"
"02/05/2018 15:39","Reload","'70838153003666961","WXR2024","","","Billed","","-50.00","PSS TAMAN MERANTI JAYA","","Standalone","","","31 May 2018"