"Date Time","Transaction Type","Card Number","Vehicle Number","Driver Card Number","Product Type","Billing Type","Transaction Volume (Litres)","Transaction Amount (RM)","Station Name","Odometer","Card Type","Cost Centre","Cost Centre Name","Statement Month"
"29/05/2018 07:23","Purchase","'70838153003667415","WXR 2081","","Diesel","Billed","44.11","96.16","PSS SAUJANA UTAMA","138641","Standalone","","","31 May 2018"
"29/05/2018 07:22","Reload","'70838153003667415","WXR 2081","","","Billed","","-100.00","PSS SAUJANA UTAMA","","Standalone","","","31 May 2018"
"26/05/2018 12:24","Purchase","'70838153003667415","WXR 2081","","Diesel","Billed","45.87","100.00","PSS MUTIARA DAMANSARA","138855","Standalone","","","31 May 2018"
"26/05/2018 12:22","Reload","'70838153003667415","WXR 2081","","","Billed","","-100.00","PSS MUTIARA DAMANSARA","","Standalone","","","31 May 2018"
"26/05/2018 07:16","Purchase","'70838153003667415","WXR 2081","","Diesel","Billed","22.94","50.00","PSS SAUJANA UTAMA","137709","Standalone","","","31 May 2018"
"26/05/2018 07:13","Reload","'70838153003667415","WXR 2081","","","Billed","","-50.00","PSS SAUJANA UTAMA","","Standalone","","","31 May 2018"
"24/05/2018 07:11","Purchase","'70838153003667415","WXR 2081","","Diesel","Billed","45.87","100.00","PSS HICOM SEK B SEK 27","137166","Standalone","","","31 May 2018"
"24/05/2018 07:10","Reload","'70838153003667415","WXR 2081","","","Billed","","-100.00","PSS HICOM SEK B SEK 27","","Standalone","","","31 May 2018"
"23/05/2018 06:57","Purchase","'70838153003667415","WXR 2081","","Diesel","Billed","27.52","60.00","PSS HICOM SEK B SEK 27","136946","Standalone","","","31 May 2018"
"23/05/2018 06:55","Reload","'70838153003667415","WXR 2081","","","Billed","","-60.00","PSS HICOM SEK B SEK 27","","Standalone","","","31 May 2018"
"21/05/2018 12:24","Purchase","'70838153003667415","WXR 2081","","Diesel","Billed","32.11","70.00","PSS HICOM SEK B SEK 27","136681","Standalone","","","31 May 2018"
"21/05/2018 12:22","Reload","'70838153003667415","WXR 2081","","","Billed","","-70.00","PSS HICOM SEK B SEK 27","","Standalone","","","31 May 2018"
"20/05/2018 06:57","Purchase","'70838153003667415","WXR 2081","","Diesel","Billed","45.87","100.00","PSS SAUJANA UTAMA","136364","Standalone","","","31 May 2018"
"20/05/2018 06:56","Reload","'70838153003667415","WXR 2081","","","Billed","","-100.00","PSS SAUJANA UTAMA","","Standalone","","","31 May 2018"
"19/05/2018 07:08","Purchase","'70838153003667415","WXR 2081","","Diesel","Billed","45.87","100.00","PSS SAUJANA UTAMA","135951","Standalone","","","31 May 2018"
"19/05/2018 07:07","Reload","'70838153003667415","WXR 2081","","","Billed","","-100.00","PSS SAUJANA UTAMA","","Standalone","","","31 May 2018"
"18/05/2018 09:54","Purchase","'70838153003667415","WXR 2081","","Diesel","Billed","6.60","14.38","PSS SAUJANA UTAMA","135784","Standalone","","","31 May 2018"
"16/05/2018 06:56","Purchase","'70838153003667415","WXR 2081","","Diesel","Billed","55.17","120.27","PSS HICOM SEK B SEK 27","135274","Standalone","","","31 May 2018"
"13/05/2018 21:58","Purchase","'70838153003667415","WXR 2081","","Diesel","Billed","34.96","76.20","PSS SAUJANA UTAMA","134770","Standalone","","","31 May 2018"
"13/05/2018 21:56","Reload","'70838153003667415","WXR 2081","","","Billed","","-200.00","PSS SAUJANA UTAMA","","Standalone","","","31 May 2018"
"11/05/2018 23:27","Purchase","'70838153003667415","WXR 2081","","Diesel","Billed","41.29","90.01","PSS SAUJANA UTAMA","134442","Standalone","","","31 May 2018"
"11/05/2018 23:25","Reload","'70838153003667415","WXR 2081","","","Billed","","-100.00","PSS SAUJANA UTAMA","","Standalone","","","31 May 2018"
"11/05/2018 12:11","Purchase","'70838153003667415","WXR 2081","","Diesel","Billed","47.71","104.00","PSS SAUJANA UTAMA","134186","Standalone","","","31 May 2018"
"11/05/2018 12:10","Reload","'70838153003667415","WXR 2081","","","Billed","","-100.00","PSS SAUJANA UTAMA","","Standalone","","","31 May 2018"
"08/05/2018 22:28","Purchase","'70838153003667415","WXR 2081","","Diesel","Billed","43.65","95.16","PSS SAUJANA UTAMA","133617","Standalone","","","31 May 2018"
"07/05/2018 19:22","Purchase","'70838153003667415","WXR 2081","","Diesel","Billed","45.87","100.00","PSS SAUJANA UTAMA","133325","Standalone","","","31 May 2018"
"07/05/2018 19:20","Reload","'70838153003667415","WXR 2081","","","Billed","","-200.00","PSS SAUJANA UTAMA","","Standalone","","","31 May 2018"
"07/05/2018 08:16","Purchase","'70838153003667415","WXR 2081","","Diesel","Billed","27.52","60.00","PSS SAUJANA UTAMA","133158","Standalone","","","31 May 2018"
"07/05/2018 08:14","Reload","'70838153003667415","WXR 2081","","","Billed","","-60.00","PSS SAUJANA UTAMA","","Standalone","","","31 May 2018"
"04/05/2018 14:56","Purchase","'70838153003667415","WXR 2081","","Diesel","Billed","33.03","72.00","PSS SAUJANA UTAMA","132865","Standalone","","","31 May 2018"
"04/05/2018 14:54","Reload","'70838153003667415","WXR 2081","","","Billed","","-50.00","PSS SAUJANA UTAMA","","Standalone","","","31 May 2018"
"02/05/2018 13:47","Purchase","'70838153003667415","WXR 2081","","Diesel","Billed","32.11","70.00","PSS SAUJANA UTAMA","132349","Standalone","","","31 May 2018"
"02/05/2018 13:45","Reload","'70838153003667415","WXR 2081","","","Billed","","-70.00","PSS SAUJANA UTAMA","","Standalone","","","31 May 2018"
"01/05/2018 07:51","Purchase","'70838153003667415","WXR 2081","","Diesel","Billed","45.87","100.00","PSS SAUJANA UTAMA","132022","Standalone","","","31 May 2018"
"01/05/2018 07:49","Reload","'70838153003667415","WXR 2081","","","Billed","","-100.00","PSS SAUJANA UTAMA","","Standalone","","","31 May 2018"