"Date Time","Transaction Type","Card Number","Vehicle Number","Driver Card Number","Product Type","Billing Type","Transaction Volume (Litres)","Transaction Amount (RM)","Station Name","Odometer","Card Type","Cost Centre","Cost Centre Name","Statement Month"
"29/05/2018 20:33","Purchase","'70838153003666672","WXR2007","","PRIMAX 95","Billed","2.02","4.44","PSS JALAN REKO2","","Standalone","","","31 May 2018"
"29/05/2018 20:30","Reload","'70838153003666672","WXR2007","","","Billed","","-30.00","PSS JALAN REKO2","","Standalone","","","31 May 2018"
"29/05/2018 00:53","Purchase","'70838153003666672","WXR2007","","PRIMAX 95","Billed","4.26","9.38","PSS JALAN REKO2","","Standalone","","","31 May 2018"
"28/05/2018 10:29","Reload","'70838153003666672","WXR2007","","","Billed","","-30.00","PSS RAWAT & REHAT(S) KL- SEREMBAN","","Standalone","","","31 May 2018"
"28/05/2018 10:27","Purchase","'70838153003666672","WXR2007","","PRIMAX 95","Billed","6.02","13.24","PSS RAWAT & REHAT(S) KL- SEREMBAN","","Standalone","","","31 May 2018"
"26/05/2018 20:14","Reload","'70838153003666672","WXR2007","","","Billed","","-150.00","PSS TAMAN PELANGI SEMENYIH","","Standalone","","","31 May 2018"