"Date Time","Transaction Type","Card Number","Vehicle Number","Driver Card Number","Product Type","Billing Type","Transaction Volume (Litres)","Transaction Amount (RM)","Station Name","Odometer","Card Type","Cost Centre","Cost Centre Name","Statement Month"
"13/05/2018 18:56","Purchase","'70838153003725999","WXR 4965","","PRIMAX 95","Billed","13.64","30.00","PSS AIR HITAM KEDAH","32358","Standalone","","","31 May 2018"
"11/05/2018 20:47","Purchase","'70838153003725999","WXR 4965","","PRIMAX 95","Billed","18.18","40.00","PSS BATU FERINGGI","32084","Standalone","","","31 May 2018"
"07/05/2018 18:55","Purchase","'70838153003725999","WXR 4965","","PRIMAX 95","Billed","13.64","30.00","PSS JALAN SULTANAH SAMBONGAN","30","Standalone","","","31 May 2018"
"07/05/2018 18:53","Reload","'70838153003725999","WXR 4965","","","Billed","","-100.00","PSS JALAN SULTANAH SAMBONGAN","","Standalone","","","31 May 2018"
"01/05/2018 21:22","Purchase","'70838153003725999","WXR 4965","","PRIMAX 95","Billed","13.64","30.00","PSS JALAN SULTANAH SAMBONGAN","30","Standalone","","","31 May 2018"
"01/05/2018 21:16","Reload","'70838153003725999","WXR 4965","","","Billed","","-30.00","PSS JALAN SULTANAH SAMBONGAN","","Standalone","","","31 May 2018"