"Date Time","Transaction Type","Card Number","Vehicle Number","Driver Card Number","Product Type","Billing Type","Transaction Volume (Litres)","Transaction Amount (RM)","Station Name","Odometer","Card Type","Cost Centre","Cost Centre Name","Statement Month"
"22/05/2018 01:51","Purchase","'70838153003710199","WXR 4507","","PRIMAX 95","Billed","9.09","20.00","PSS JALAN KOLAM AYER","100000","Standalone","","","31 May 2018"
"22/05/2018 01:48","Reload","'70838153003710199","WXR 4507","","","Billed","","-20.00","PSS JALAN KOLAM AYER","","Standalone","","","31 May 2018"
"12/05/2018 21:27","Reload","'70838153003710199","WXR 4507","","","Billed","","-50.00","PSS JALAN KOLAM AYER","","Standalone","","","31 May 2018"
"07/05/2018 15:55","Purchase","'70838153003710199","WXR 4507","","PRIMAX 95","Billed","13.64","30.00","PSS TAMAN TENAGA","100000","Standalone","","","31 May 2018"
"07/05/2018 15:52","Reload","'70838153003710199","WXR 4507","","","Billed","","-30.00","PSS TAMAN TENAGA","","Standalone","","","31 May 2018"