"Date Time","Transaction Type","Card Number","Vehicle Number","Driver Card Number","Product Type","Billing Type","Transaction Volume (Litres)","Transaction Amount (RM)","Station Name","Odometer","Card Type","Cost Centre","Cost Centre Name","Statement Month"
"29/05/2018 10:44","Purchase","'70838153003733191","WXR 5852","","PRIMAX 95","Billed","18.18","40.00","PSS MARAN","","Standalone","","","31 May 2018"
"29/05/2018 10:43","Reload","'70838153003733191","WXR 5852","","","Billed","","-50.00","PSS MARAN","","Standalone","","","31 May 2018"
"20/05/2018 16:56","Purchase","'70838153003733191","WXR 5852","","PRIMAX 95","Billed","13.64","30.00","PSS MARAN","","Standalone","","","31 May 2018"
"15/05/2018 18:26","Purchase","'70838153003733191","WXR 5852","","PRIMAX 95","Billed","18.18","40.00","PSS MARAN","","Standalone","","","31 May 2018"
"15/05/2018 18:24","Reload","'70838153003733191","WXR 5852","","","Billed","","-50.00","PSS MARAN","","Standalone","","","31 May 2018"