"Date Time","Transaction Type","Card Number","Vehicle Number","Driver Card Number","Product Type","Billing Type","Transaction Volume (Litres)","Transaction Amount (RM)","Station Name","Odometer","Card Type","Cost Centre","Cost Centre Name","Statement Month"
"21/05/2018 16:14","Purchase","'70838153003729058","WXR 5684","","PRIMAX 95","Billed","0.27","0.60","PSS TAMPIN","","Standalone","","","31 May 2018"
"16/05/2018 17:27","Purchase","'70838153003729058","WXR 5684","","PRIMAX 95","Billed","2.27","5.00","PSS TAMPIN","","Standalone","","","31 May 2018"
"08/05/2018 22:29","Purchase","'70838153003729058","WXR 5684","","PRIMAX 95","Billed","9.09","20.00","PSS TAMPIN","","Standalone","","","31 May 2018"
"06/05/2018 21:23","Purchase","'70838153003729058","WXR 5684","","PRIMAX 95","Billed","2.27","5.00","PSS TAMPIN","","Standalone","","","31 May 2018"
"03/05/2018 21:04","Purchase","'70838153003729058","WXR 5684","","PRIMAX 95","Billed","9.09","20.00","PSS TAMPIN","","Standalone","","","31 May 2018"
"03/05/2018 18:17","Reload","'70838153003729058","WXR 5684","","","Billed","","-50.00","PSS TAMPIN","","Standalone","","","31 May 2018"