"Date Time","Transaction Type","Card Number","Vehicle Number","Driver Card Number","Product Type","Billing Type","Transaction Volume (Litres)","Transaction Amount (RM)","Station Name","Odometer","Card Type","Cost Centre","Cost Centre Name","Statement Month"
"31/05/2018 08:46","Purchase","'70838153003666631","WXR2003","","Diesel","Billed","12.93","30.00","PSS JALAN PLUMBUM","280779","Standalone","","","31 May 2018"
"30/05/2018 15:22","Purchase","'70838153003666631","WXR2003","","Diesel (EURO 5)","Billed","43.87","100.01","PSS FAS","280268","Standalone","","","31 May 2018"
"25/05/2018 09:23","Purchase","'70838153003666631","WXR2003","","Diesel","Billed","55.10","120.12","PSS KM 2 LDP","280261","Standalone","","","31 May 2018"
"22/05/2018 17:34","Purchase","'70838153003666631","WXR2003","","Diesel","Billed","62.34","135.90","PSS SEK 7 SHAH ALAM","","Standalone","","","31 May 2018"
"16/05/2018 13:52","Purchase","'70838153003666631","WXR2003","","Diesel","Billed","39.17","85.38","PSS JALAN TUN DR ISMAIL","279400","Standalone","","","31 May 2018"
"15/05/2018 14:53","Purchase","'70838153003666631","WXR2003","","Diesel","Billed","45.93","100.12","PSS KUANG","279174","Standalone","","","31 May 2018"
"08/05/2018 16:54","Purchase","'70838153003666631","WXR2003","","Diesel","Billed","40.56","88.43","PSS ULU BERNAM","278817","Standalone","","","31 May 2018"
"08/05/2018 11:17","Purchase","'70838153003666631","WXR2003","","Diesel","Billed","30.53","66.56","PSS RAWANG RSA","294777","Standalone","","","31 May 2018"
"07/05/2018 19:30","Purchase","'70838153003666631","WXR2003","","Diesel","Billed","45.87","100.00","PSS Olak Lempik 2","","Standalone","","","31 May 2018"
"03/05/2018 10:31","Purchase","'70838153003666631","WXR2003","","Diesel (EURO 5)","Billed","55.24","125.95","PSS JALAN PLUMBUM","277936","Standalone","","","31 May 2018"
"02/05/2018 17:16","Reload","'70838153003666631","WXR2003","","","Billed","","-350.00","PSS NKVE KLANG BOUND","","Standalone","","","31 May 2018"