"Date Time","Transaction Type","Card Number","Vehicle Number","Driver Card Number","Product Type","Billing Type","Transaction Volume (Litres)","Transaction Amount (RM)","Station Name","Odometer","Card Type","Cost Centre","Cost Centre Name","Statement Month"
"15/05/2018 09:36","Purchase","'70838153003495585","WXR546","","PRIMAX 95","Billed","10.91","24.00","PSS TOK SENIK","","Standalone","","","31 May 2018"
"15/05/2018 09:35","Reload","'70838153003495585","WXR546","","","Billed","","-20.00","PSS TOK SENIK","","Standalone","","","31 May 2018"
"08/05/2018 20:56","Purchase","'70838153003495585","WXR546","","PRIMAX 95","Billed","13.64","30.00","PSS KEDAWANG LANGKAWI","","Standalone","","","31 May 2018"
"08/05/2018 20:55","Reload","'70838153003495585","WXR546","","","Billed","","-30.00","PSS KEDAWANG LANGKAWI","","Standalone","","","31 May 2018"
"08/05/2018 18:06","Purchase","'70838153003495585","WXR546","","PRIMAX 95","Billed","15.91","35.00","PSS TOK SENIK","","Standalone","","","31 May 2018"
"08/05/2018 18:04","Reload","'70838153003495585","WXR546","","","Billed","","-35.00","PSS TOK SENIK","","Standalone","","","31 May 2018"