"Date Time","Transaction Type","Card Number","Vehicle Number","Driver Card Number","Product Type","Billing Type","Transaction Volume (Litres)","Transaction Amount (RM)","Station Name","Odometer","Card Type","Cost Centre","Cost Centre Name","Statement Month"
"25/05/2018 16:47","Purchase","'70838153003501754","WXR727","","PRIMAX 95","Billed","46.82","103.00","PSS JURU LAYBAY","","Standalone","","","31 May 2018"
"25/05/2018 16:46","Reload","'70838153003501754","WXR727","","","Billed","","-100.00","PSS JURU LAYBAY","","Standalone","","","31 May 2018"
"21/05/2018 21:15","Purchase","'70838153003501754","WXR727","","PRIMAX 95","Billed","50.01","110.03","PSS BDR SAUJANA PUTRA","","Standalone","","","31 May 2018"
"21/05/2018 21:14","Reload","'70838153003501754","WXR727","","","Billed","","-100.00","PSS BDR SAUJANA PUTRA","","Standalone","","","31 May 2018"
"13/05/2018 22:47","Purchase","'70838153003501754","WXR727","","PRIMAX 95","Billed","54.56","120.03","PSS DATUK KUMBAR","","Standalone","","","31 May 2018"
"13/05/2018 22:45","Reload","'70838153003501754","WXR727","","","Billed","","-100.00","PSS DATUK KUMBAR","","Standalone","","","31 May 2018"
"05/05/2018 19:14","Purchase","'70838153003501754","WXR727","","PRIMAX 95","Billed","45.55","100.21","PSS ULU BERNAM","","Standalone","","","31 May 2018"
"05/05/2018 19:12","Reload","'70838153003501754","WXR727","","","Billed","","-100.00","PSS ULU BERNAM","","Standalone","","","31 May 2018"
"04/05/2018 14:15","Purchase","'70838153003501754","WXR727","","PRIMAX 95","Billed","43.64","96.00","PSS JLN RAJA DIHILIR","","Standalone","","","31 May 2018"
"04/05/2018 14:11","Reload","'70838153003501754","WXR727","","","Billed","","-100.00","PSS JLN RAJA DIHILIR","","Standalone","","","31 May 2018"