"Date Time","Transaction Type","Card Number","Vehicle Number","Driver Card Number","Product Type","Billing Type","Transaction Volume (Litres)","Transaction Amount (RM)","Station Name","Odometer","Card Type","Cost Centre","Cost Centre Name","Statement Month"
"31/05/2018 07:35","Purchase","'70838153003583141","WXR1217","","PRIMAX 97","Billed","2.02","5.00","PSS FAS","2604","Standalone","","","31 May 2018"
"30/05/2018 07:46","Purchase","'70838153003583141","WXR1217","","PRIMAX 97","Billed","2.02","5.00","PSS FAS","2604","Standalone","","","31 May 2018"
"29/05/2018 07:14","Purchase","'70838153003583141","WXR1217","","PRIMAX 97","Billed","2.02","5.00","PSS FAS","2604","Standalone","","","31 May 2018"
"28/05/2018 07:27","Purchase","'70838153003583141","WXR1217","","PRIMAX 97","Billed","2.02","5.00","PSS FAS","2604","Standalone","","","31 May 2018"
"27/05/2018 07:21","Purchase","'70838153003583141","WXR1217","","PRIMAX 97","Billed","2.02","5.00","PSS FAS","2604","Standalone","","","31 May 2018"
"26/05/2018 07:04","Purchase","'70838153003583141","WXR1217","","PRIMAX 97","Billed","2.02","5.00","PSS FAS","2604","Standalone","","","31 May 2018"
"25/05/2018 07:06","Purchase","'70838153003583141","WXR1217","","PRIMAX 97","Billed","2.43","6.00","PSS FAS","2604","Standalone","","","31 May 2018"
"24/05/2018 20:23","Reload","'70838153003583141","WXR1217","","","Billed","","-70.00","PSS PERSIARAN RAJA MUDA MUSA","","Standalone","","","31 May 2018"
"23/05/2018 07:31","Purchase","'70838153003583141","WXR1217","","PRIMAX 97","Billed","2.43","6.00","PSS FAS","2604","Standalone","","","31 May 2018"
"22/05/2018 06:39","Purchase","'70838153003583141","WXR1217","","PRIMAX 97","Billed","2.83","7.00","PSS FAS","2604","Standalone","","","31 May 2018"
"21/05/2018 21:06","Purchase","'70838153003583141","WXR1217","","PRIMAX 97","Billed","0.81","2.00","PSS BATU 3 FEDERAL HIGHWAY","2604","Standalone","","","31 May 2018"
"21/05/2018 06:25","Purchase","'70838153003583141","WXR1217","","PRIMAX 97","Billed","2.02","5.00","PSS FAS","2604","Standalone","","","31 May 2018"
"20/05/2018 06:31","Purchase","'70838153003583141","WXR1217","","PRIMAX 97","Billed","2.02","5.00","PSS FAS","2604","Standalone","","","31 May 2018"
"19/05/2018 07:22","Purchase","'70838153003583141","WXR1217","","PRIMAX 97","Billed","2.43","6.00","PSS FAS","2604","Standalone","","","31 May 2018"
"18/05/2018 07:05","Purchase","'70838153003583141","WXR1217","","PRIMAX 97","Billed","2.02","5.00","PSS FAS","2604","Standalone","","","31 May 2018"
"17/05/2018 15:57","Reload","'70838153003583141","WXR1217","","","Billed","","-30.00","PSS PERSIARAN RAJA MUDA MUSA","","Standalone","","","31 May 2018"
"15/05/2018 08:38","Purchase","'70838153003583141","WXR1217","","PRIMAX 97","Billed","2.02","5.00","PSS FAS","2604","Standalone","","","31 May 2018"
"13/05/2018 09:36","Purchase","'70838153003583141","WXR1217","","PRIMAX 97","Billed","2.02","5.00","PSS FAS","2604","Standalone","","","31 May 2018"
"11/05/2018 08:28","Purchase","'70838153003583141","WXR1217","","PRIMAX 97","Billed","2.98","7.36","PSS FAS","2604","Standalone","","","31 May 2018"
"09/05/2018 22:21","Purchase","'70838153003583141","WXR1217","","PRIMAX 97","Billed","2.02","5.00","PSS PUCHONG PRIMA","2604","Standalone","","","31 May 2018"
"09/05/2018 12:04","Reload","'70838153003583141","WXR1217","","","Billed","","-30.00","PSS PUCHONG PRIMA","","Standalone","","","31 May 2018"
"07/05/2018 19:50","Purchase","'70838153003583141","WXR1217","","PRIMAX 97","Billed","1.22","3.00","PSS USJ 1 (SUBANG MEWAH)","2604","Standalone","","","31 May 2018"
"03/05/2018 10:42","Purchase","'70838153003583141","WXR1217","","PRIMAX 97","Billed","2.43","6.00","PSS PERSIARAN RAJA MUDA MUSA","2604","Standalone","","","31 May 2018"