"Date Time","Transaction Type","Card Number","Vehicle Number","Driver Card Number","Product Type","Billing Type","Transaction Volume (Litres)","Transaction Amount (RM)","Station Name","Odometer","Card Type","Cost Centre","Cost Centre Name","Statement Month"
"31/05/2018 17:45","Purchase","'70838153003582341","WXR1158","","Diesel","Billed","38.21","83.30","PSS R & R GUNUNG SEMANGGOL","","Standalone","","","31 May 2018"
"31/05/2018 10:42","Purchase","'70838153003582341","WXR1158","","Diesel","Billed","41.84","91.20","PSS JURU LAYBAY","","Standalone","","","31 May 2018"
"28/05/2018 18:52","Purchase","'70838153003582341","WXR1158","","Diesel","Billed","46.78","101.97","PSS KESAS ARAH KELANG","","Standalone","","","31 May 2018"
"24/05/2018 20:49","Purchase","'70838153003582341","WXR1158","","Diesel","Billed","70.05","152.71","PSS R & R GUNUNG SEMANGGOL","","Standalone","","","31 May 2018"
"24/05/2018 02:05","Purchase","'70838153003582341","WXR1158","","Diesel","Billed","62.76","136.81","PSS TAPAH ARAH UTARA","","Standalone","","","31 May 2018"
"22/05/2018 19:04","Purchase","'70838153003582341","WXR1158","","Diesel","Billed","69.09","150.61","PSS PEDAS LINGGI LAYBY","295111","Standalone","","","31 May 2018"
"22/05/2018 03:09","Purchase","'70838153003582341","WXR1158","","Diesel","Billed","87.16","190.00","PSS PARIT YAANI","294682","Standalone","","","31 May 2018"
"18/05/2018 19:37","Purchase","'70838153003582341","WXR1158","","Diesel","Billed","64.21","139.97","PSS TASEK","294214","Standalone","","","31 May 2018"
"18/05/2018 08:10","Purchase","'70838153003582341","WXR1158","","Diesel","Billed","77.06","168.00","PSS RAWANG RSA","293837","Standalone","","","31 May 2018"
"16/05/2018 19:49","Purchase","'70838153003582341","WXR1158","","Diesel","Billed","77.40","168.73","PSS KUALA KANGSAR 1 (JLN SUL ISKANDAR)","293369","Standalone","","","31 May 2018"
"14/05/2018 10:59","Purchase","'70838153003582341","WXR1158","","Diesel","Billed","36.35","79.23","PSS JALAN PLUMBUM","292753","Standalone","","","31 May 2018"
"10/05/2018 19:02","Purchase","'70838153003582341","WXR1158","","Diesel","Billed","82.57","180.01","PSS TAMAN RIA SG PETANI","292226","Standalone","","","31 May 2018"
"10/05/2018 19:00","Reload","'70838153003582341","WXR1158","","","Billed","","-200.00","PSS TAMAN RIA SG PETANI","","Standalone","","","31 May 2018"
"10/05/2018 05:51","Purchase","'70838153003582341","WXR1158","","Diesel","Billed","50.52","110.12","PSS ELITE HIGHWAY","291661","Standalone","","","31 May 2018"
"07/05/2018 12:37","Purchase","'70838153003582341","WXR1158","","Diesel","Billed","75.40","164.37","PSS NKVE KLANG BOUND","291386","Standalone","","","31 May 2018"
"04/05/2018 11:51","Purchase","'70838153003582341","WXR1158","","Diesel (EURO 5)","Billed","72.93","166.27","PSS JALAN PLUMBUM","290958","Standalone","","","31 May 2018"