"Date Time","Transaction Type","Card Number","Vehicle Number","Driver Card Number","Product Type","Billing Type","Transaction Volume (Litres)","Transaction Amount (RM)","Station Name","Odometer","Card Type","Cost Centre","Cost Centre Name","Statement Month"
"30/05/2018 14:38","Purchase","'70838153003499074","WXR646","","PRIMAX 97","Billed","43.31","106.97","PSS ELITE HIGHWAY","","Standalone","","","31 May 2018"
"24/05/2018 20:00","Reload","'70838153003499074","WXR646","","","Billed","","-100.00","PSS ARA DAMANSARA","","Standalone","","","31 May 2018"
"24/05/2018 15:23","Purchase","'70838153003499074","WXR646","","PRIMAX 97","Billed","37.67","93.03","PSS ELITE HIGHWAY","","Standalone","","","31 May 2018"
"24/05/2018 15:20","Reload","'70838153003499074","WXR646","","","Billed","","-100.00","PSS ELITE HIGHWAY","","Standalone","","","31 May 2018"
"19/05/2018 17:17","Purchase","'70838153003499074","WXR646","","PRIMAX 97","Billed","40.49","100.00","PSS ELITE HIGHWAY","","Standalone","","","31 May 2018"
"19/05/2018 17:15","Reload","'70838153003499074","WXR646","","","Billed","","-100.00","PSS ELITE HIGHWAY","","Standalone","","","31 May 2018"
"17/05/2018 15:54","Purchase","'70838153003499074","WXR646","","PRIMAX 97","Billed","28.34","70.00","PSS ELITE HIGHWAY","","Standalone","","","31 May 2018"
"17/05/2018 15:51","Reload","'70838153003499074","WXR646","","","Billed","","-70.00","PSS ELITE HIGHWAY","","Standalone","","","31 May 2018"
"14/05/2018 17:55","Purchase","'70838153003499074","WXR646","","PRIMAX 97","Billed","20.24","50.00","PSS ELITE HIGHWAY","","Standalone","","","31 May 2018"
"14/05/2018 17:53","Reload","'70838153003499074","WXR646","","","Billed","","-50.00","PSS ELITE HIGHWAY","","Standalone","","","31 May 2018"
"10/05/2018 14:36","Purchase","'70838153003499074","WXR646","","PRIMAX 97","Billed","41.30","102.00","PSS ARA DAMANSARA","","Standalone","","","31 May 2018"
"07/05/2018 20:36","Reload","'70838153003499074","WXR646","","","Billed","","-100.00","PSS ELITE HIGHWAY","","Standalone","","","31 May 2018"
"03/05/2018 15:48","Purchase","'70838153003499074","WXR646","","PRIMAX 95","Billed","40.00","88.00","PSS ELITE HIGHWAY","","Standalone","","","31 May 2018"
"03/05/2018 15:47","Reload","'70838153003499074","WXR646","","","Billed","","-90.00","PSS ELITE HIGHWAY","","Standalone","","","31 May 2018"
"02/05/2018 16:00","Purchase","'70838153003499074","WXR646","","PRIMAX 97","Billed","48.58","120.00","PSS ELITE HIGHWAY","","Standalone","","","31 May 2018"
"02/05/2018 15:59","Reload","'70838153003499074","WXR646","","","Billed","","-120.00","PSS ELITE HIGHWAY","","Standalone","","","31 May 2018"
"01/05/2018 20:50","Purchase","'70838153003499074","WXR646","","PRIMAX 97","Billed","36.17","89.34","PSS ELITE HIGHWAY","","Standalone","","","31 May 2018"
"01/05/2018 20:40","Reload","'70838153003499074","WXR646","","","Billed","","-80.00","PSS ELITE HIGHWAY","","Standalone","","","31 May 2018"