"Date Time","Transaction Type","Card Number","Vehicle Number","Driver Card Number","Product Type","Billing Type","Transaction Volume (Litres)","Transaction Amount (RM)","Station Name","Odometer","Card Type","Cost Centre","Cost Centre Name","Statement Month"
"24/05/2018 16:32","Purchase","'70838153003582358","WXR1159","","Diesel","Billed","44.15","96.24","PSS ELITE HIGHWAY","242691","Standalone","","","31 May 2018"
"23/05/2018 13:20","Purchase","'70838153003582358","WXR1159","","PRIMAX 95","Billed","31.82","70.01","PSS JALAN PLUMBUM","176088","Standalone","","","31 May 2018"
"15/05/2018 15:48","Purchase","'70838153003582358","WXR1159","","Diesel","Billed","74.09","161.52","PSS KM 12.3 LEBUHRAYA PERSEKUTUAN","292946","Standalone","","","31 May 2018"
"07/05/2018 08:03","Purchase","'70838153003582358","WXR1159","","PRIMAX 95","Billed","37.41","82.30","PSS SERENDAH","175733","Standalone","","","31 May 2018"
"05/05/2018 21:29","Purchase","'70838153003582358","WXR1159","","PRIMAX 95","Billed","30.03","66.07","PSS RAWANG TEMPLER","","Standalone","","","31 May 2018"