"Date Time","Transaction Type","Card Number","Vehicle Number","Driver Card Number","Product Type","Billing Type","Transaction Volume (Litres)","Transaction Amount (RM)","Station Name","Odometer","Card Type","Cost Centre","Cost Centre Name","Statement Month"
"31/05/2018 16:11","Purchase","'70838153003711379","WXR 4543","","PRIMAX 97","Billed","16.20","40.00","PSS MERGONG (STESEN SERVICES PETRONAS )","","Standalone","","","31 May 2018"
"29/05/2018 09:58","Purchase","'70838153003711379","WXR 4543","","PRIMAX 97","Billed","12.96","32.00","PSS JALAN SULTANAH SAMBONGAN","","Standalone","","","31 May 2018"
"29/05/2018 09:56","Reload","'70838153003711379","WXR 4543","","","Billed","","-20.00","PSS JALAN SULTANAH SAMBONGAN","","Standalone","","","31 May 2018"
"27/05/2018 21:08","Purchase","'70838153003711379","WXR 4543","","PRIMAX 97","Billed","16.20","40.00","PSS KUALA KEDAH","","Standalone","","","31 May 2018"
"27/05/2018 21:07","Reload","'70838153003711379","WXR 4543","","","Billed","","-50.00","PSS KUALA KEDAH","","Standalone","","","31 May 2018"
"25/05/2018 22:52","Purchase","'70838153003711379","WXR 4543","","PRIMAX 97","Billed","8.04","19.86","PSS MERGONG (STESEN SERVICES PETRONAS )","","Standalone","","","31 May 2018"
"25/05/2018 22:48","Reload","'70838153003711379","WXR 4543","","","Billed","","-20.00","PSS MERGONG (STESEN SERVICES PETRONAS )","","Standalone","","","31 May 2018"
"25/05/2018 22:46","Purchase","'70838153003711379","WXR 4543","","PRIMAX 97","Billed","8.10","20.00","PSS MERGONG (STESEN SERVICES PETRONAS )","","Standalone","","","31 May 2018"
"24/05/2018 14:10","Purchase","'70838153003711379","WXR 4543","","PRIMAX 97","Billed","20.24","50.00","PSS KUALA KEDAH","","Standalone","","","31 May 2018"
"24/05/2018 14:08","Reload","'70838153003711379","WXR 4543","","","Billed","","-50.00","PSS KUALA KEDAH","","Standalone","","","31 May 2018"
"22/05/2018 12:08","Purchase","'70838153003711379","WXR 4543","","PRIMAX 97","Billed","15.24","37.65","PSS JALAN SULTANAH SAMBONGAN","","Standalone","","","31 May 2018"
"22/05/2018 12:06","Reload","'70838153003711379","WXR 4543","","","Billed","","-50.00","PSS JALAN SULTANAH SAMBONGAN","","Standalone","","","31 May 2018"
"21/05/2018 13:32","Purchase","'70838153003711379","WXR 4543","","PRIMAX 97","Billed","16.20","40.00","PSS KUALA KEDAH","","Standalone","","","31 May 2018"
"21/05/2018 13:30","Reload","'70838153003711379","WXR 4543","","","Billed","","-50.00","PSS KUALA KEDAH","","Standalone","","","31 May 2018"
"20/05/2018 13:05","Purchase","'70838153003711379","WXR 4543","","PRIMAX 97","Billed","8.91","22.00","PSS KUALA KEDAH","","Standalone","","","31 May 2018"
"17/05/2018 20:35","Purchase","'70838153003711379","WXR 4543","","PRIMAX 97","Billed","3.24","8.00","PSS KUALA KEDAH","","Standalone","","","31 May 2018"
"17/05/2018 20:33","Reload","'70838153003711379","WXR 4543","","","Billed","","-30.00","PSS KUALA KEDAH","","Standalone","","","31 May 2018"
"17/05/2018 20:31","Purchase","'70838153003711379","WXR 4543","","PRIMAX 97","Billed","15.04","37.15","PSS KUALA KEDAH","","Standalone","","","31 May 2018"
"16/05/2018 14:08","Purchase","'70838153003711379","WXR 4543","","PRIMAX 97","Billed","15.42","38.08","PSS JALAN SULTANAH SAMBONGAN","","Standalone","","","31 May 2018"
"16/05/2018 14:06","Reload","'70838153003711379","WXR 4543","","","Billed","","-50.00","PSS JALAN SULTANAH SAMBONGAN","","Standalone","","","31 May 2018"
"15/05/2018 12:28","Purchase","'70838153003711379","WXR 4543","","PRIMAX 97","Billed","12.15","30.00","PSS KUALA KEDAH","","Standalone","","","31 May 2018"
"14/05/2018 00:34","Purchase","'70838153003711379","WXR 4543","","PRIMAX 97","Billed","18.29","45.17","PSS KUALA KEDAH","","Standalone","","","31 May 2018"
"12/05/2018 22:43","Purchase","'70838153003711379","WXR 4543","","PRIMAX 97","Billed","15.43","38.10","PSS KUALA KEDAH","","Standalone","","","31 May 2018"
"12/05/2018 22:41","Reload","'70838153003711379","WXR 4543","","","Billed","","-100.00","PSS KUALA KEDAH","","Standalone","","","31 May 2018"
"11/05/2018 20:07","Purchase","'70838153003711379","WXR 4543","","PRIMAX 97","Billed","4.66","11.50","PSS KUALA KEDAH","","Standalone","","","31 May 2018"
"11/05/2018 20:05","Reload","'70838153003711379","WXR 4543","","","Billed","","-50.00","PSS KUALA KEDAH","","Standalone","","","31 May 2018"
"11/05/2018 20:03","Purchase","'70838153003711379","WXR 4543","","PRIMAX 97","Billed","0.75","1.85","PSS KUALA KEDAH","","Standalone","","","31 May 2018"
"11/05/2018 12:25","Purchase","'70838153003711379","WXR 4543","","PRIMAX 97","Billed","15.39","38.01","PSS KUALA KEDAH","","Standalone","","","31 May 2018"
"11/05/2018 12:23","Reload","'70838153003711379","WXR 4543","","","Billed","","-30.00","PSS KUALA KEDAH","","Standalone","","","31 May 2018"
"09/05/2018 09:20","Purchase","'70838153003711379","WXR 4543","","PRIMAX 97","Billed","24.29","60.00","PSS JALAN SULTANAH SAMBONGAN","","Standalone","","","31 May 2018"
"07/05/2018 19:55","Purchase","'70838153003711379","WXR 4543","","PRIMAX 97","Billed","14.21","35.10","PSS KUALA KEDAH","","Standalone","","","31 May 2018"
"07/05/2018 19:52","Reload","'70838153003711379","WXR 4543","","","Billed","","-50.00","PSS KUALA KEDAH","","Standalone","","","31 May 2018"
"06/05/2018 19:29","Purchase","'70838153003711379","WXR 4543","","PRIMAX 97","Billed","11.35","28.02","PSS KUALA KEDAH","","Standalone","","","31 May 2018"
"05/05/2018 18:58","Purchase","'70838153003711379","WXR 4543","","PRIMAX 97","Billed","12.97","32.02","PSS KUALA KEDAH","","Standalone","","","31 May 2018"
"05/05/2018 18:56","Reload","'70838153003711379","WXR 4543","","","Billed","","-50.00","PSS KUALA KEDAH","","Standalone","","","31 May 2018"
"04/05/2018 20:06","Purchase","'70838153003711379","WXR 4543","","PRIMAX 97","Billed","14.17","35.00","PSS KUALA KEDAH","","Standalone","","","31 May 2018"
"04/05/2018 20:04","Reload","'70838153003711379","WXR 4543","","","Billed","","-100.00","PSS KUALA KEDAH","","Standalone","","","31 May 2018"
"03/05/2018 15:00","Purchase","'70838153003711379","WXR 4543","","PRIMAX 97","Billed","20.24","50.00","PSS LAGUNA MERBUK","","Standalone","","","31 May 2018"
"03/05/2018 14:54","Reload","'70838153003711379","WXR 4543","","","Billed","","-50.00","PSS LAGUNA MERBUK","","Standalone","","","31 May 2018"