"Date Time","Transaction Type","Card Number","Vehicle Number","Driver Card Number","Product Type","Billing Type","Transaction Volume (Litres)","Transaction Amount (RM)","Station Name","Odometer","Card Type","Cost Centre","Cost Centre Name","Statement Month"
"30/05/2018 16:29","Purchase","'70838153003497623","WXR400","","PRIMAX 95","Billed","40.00","88.00","PSS TAMAN MELATI","","Standalone","","","31 May 2018"
"30/05/2018 16:28","Reload","'70838153003497623","WXR400","","","Billed","","-200.00","PSS TAMAN MELATI","","Standalone","","","31 May 2018"
"28/05/2018 11:43","Purchase","'70838153003497623","WXR400","","PRIMAX 95","Billed","40.00","88.00","PSS EAST-WEST LINK","","Standalone","","","31 May 2018"
"28/05/2018 11:39","Reload","'70838153003497623","WXR400","","","Billed","","-100.00","PSS EAST-WEST LINK","","Standalone","","","31 May 2018"
"25/05/2018 09:31","Purchase","'70838153003497623","WXR400","","PRIMAX 95","Billed","40.00","88.00","PSS KM 305 PLUS ARAH SELATAN","","Standalone","","","31 May 2018"
"25/05/2018 09:29","Reload","'70838153003497623","WXR400","","","Billed","","-150.00","PSS KM 305 PLUS ARAH SELATAN","","Standalone","","","31 May 2018"
"22/05/2018 15:51","Purchase","'70838153003497623","WXR400","","PRIMAX 95","Billed","40.00","88.00","PSS JALAN SELANGOR","","Standalone","","","31 May 2018"
"22/05/2018 15:50","Reload","'70838153003497623","WXR400","","","Billed","","-100.00","PSS JALAN SELANGOR","","Standalone","","","31 May 2018"
"21/05/2018 15:37","Purchase","'70838153003497623","WXR400","","PRIMAX 95","Billed","10.00","22.00","PSS ELITE HIGHWAY","","Standalone","","","31 May 2018"
"20/05/2018 09:31","Purchase","'70838153003497623","WXR400","","PRIMAX 95","Billed","20.00","44.00","PSS KM 305 PLUS ARAH SELATAN","","Standalone","","","31 May 2018"
"20/05/2018 09:29","Reload","'70838153003497623","WXR400","","","Billed","","-50.00","PSS KM 305 PLUS ARAH SELATAN","","Standalone","","","31 May 2018"
"19/05/2018 13:27","Purchase","'70838153003497623","WXR400","","PRIMAX 95","Billed","10.00","22.00","PSS GRAND SAGA  KL BOUND","","Standalone","","","31 May 2018"
"15/05/2018 12:58","Purchase","'70838153003497623","WXR400","","PRIMAX 95","Billed","40.00","88.00","PSS SKVE","","Standalone","","","31 May 2018"
"12/05/2018 22:26","Purchase","'70838153003497623","WXR400","","PRIMAX 95","Billed","40.00","88.00","PSS PRIMA SAUJANA 1","","Standalone","","","31 May 2018"
"12/05/2018 22:24","Reload","'70838153003497623","WXR400","","","Billed","","-200.00","PSS PRIMA SAUJANA 1","","Standalone","","","31 May 2018"
"10/05/2018 16:56","Purchase","'70838153003497623","WXR400","","PRIMAX 95","Billed","40.00","88.00","PSS BALAKONG II","","Standalone","","","31 May 2018"
"09/05/2018 11:45","Purchase","'70838153003497623","WXR400","","PRIMAX 95","Billed","40.00","88.00","PSS KAMPUNG AWAH","","Standalone","","","31 May 2018"
"09/05/2018 11:43","Reload","'70838153003497623","WXR400","","","Billed","","-200.00","PSS KAMPUNG AWAH","","Standalone","","","31 May 2018"
"07/05/2018 09:45","Purchase","'70838153003497623","WXR400","","PRIMAX 95","Billed","26.02","57.25","PSS JALAN SELANGOR","","Standalone","","","31 May 2018"
"04/05/2018 23:07","Purchase","'70838153003497623","WXR400","","PRIMAX 95","Billed","40.00","88.00","PSS BANDAR KERAYONG","","Standalone","","","31 May 2018"
"03/05/2018 17:03","Purchase","'70838153003497623","WXR400","","PRIMAX 97","Billed","50.00","123.50","PSS PETRONAS KARAK REST","","Standalone","","","31 May 2018"
"01/05/2018 14:07","Purchase","'70838153003497623","WXR400","","PRIMAX 95","Billed","20.00","44.00","PSS BALAKONG II","","Standalone","","","31 May 2018"
"01/05/2018 13:21","Reload","'70838153003497623","WXR400","","","Billed","","-300.00","PSS ELITE HIGHWAY","","Standalone","","","31 May 2018"