"Date Time","Transaction Type","Card Number","Vehicle Number","Driver Card Number","Product Type","Billing Type","Transaction Volume (Litres)","Transaction Amount (RM)","Station Name","Odometer","Card Type","Cost Centre","Cost Centre Name","Statement Month"
"15/05/2018 19:06","Purchase","'70838153003423348","WXR184","","PRIMAX 95","Billed","27.27","60.00","PSS TAMAN SRI ANDALAS","","Standalone","","","31 May 2018"
"15/05/2018 19:04","Reload","'70838153003423348","WXR184","","","Billed","","-40.00","PSS TAMAN SRI ANDALAS","","Standalone","","","31 May 2018"
"08/05/2018 20:14","Purchase","'70838153003423348","WXR184","","PRIMAX 95","Billed","18.18","40.00","PSS TAMAN SRI ANDALAS","","Standalone","","","31 May 2018"
"08/05/2018 20:12","Reload","'70838153003423348","WXR184","","","Billed","","-50.00","PSS TAMAN SRI ANDALAS","","Standalone","","","31 May 2018"
"03/05/2018 10:38","Purchase","'70838153003423348","WXR184","","PRIMAX 95","Billed","13.64","30.00","PSS JALAN KLANG-BANTING","","Standalone","","","31 May 2018"
"03/05/2018 10:37","Reload","'70838153003423348","WXR184","","","Billed","","-30.00","PSS JALAN KLANG-BANTING","","Standalone","","","31 May 2018"
"01/05/2018 12:29","Purchase","'70838153003423348","WXR184","","PRIMAX 95","Billed","23.16","50.95","PSS BUKIT TINGGI 2","","Standalone","","","31 May 2018"
"01/05/2018 12:26","Reload","'70838153003423348","WXR184","","","Billed","","-50.00","PSS BUKIT TINGGI 2","","Standalone","","","31 May 2018"