"Date Time","Transaction Type","Card Number","Vehicle Number","Driver Card Number","Product Type","Billing Type","Transaction Volume (Litres)","Transaction Amount (RM)","Station Name","Odometer","Card Type","Cost Centre","Cost Centre Name","Statement Month"
"30/05/2018 21:52","Purchase","'70838153003499751","WXR920","","PRIMAX 95","Billed","13.64","30.00","PSS USJ 20","","Standalone","","","31 May 2018"
"30/05/2018 21:49","Reload","'70838153003499751","WXR920","","","Billed","","-30.00","PSS USJ 20","","Standalone","","","31 May 2018"
"27/05/2018 15:02","Purchase","'70838153003499751","WXR920","","PRIMAX 95","Billed","18.18","40.00","PSS SRI DAMANSARA","","Standalone","","","31 May 2018"
"27/05/2018 15:01","Reload","'70838153003499751","WXR920","","","Billed","","-40.00","PSS SRI DAMANSARA","","Standalone","","","31 May 2018"
"26/05/2018 17:43","Purchase","'70838153003499751","WXR920","","PRIMAX 95","Billed","13.64","30.00","PSS SETAPAK INDAH","","Standalone","","","31 May 2018"
"26/05/2018 17:38","Reload","'70838153003499751","WXR920","","","Billed","","-30.00","PSS SETAPAK INDAH","","Standalone","","","31 May 2018"
"24/05/2018 06:36","Purchase","'70838153003499751","WXR920","","PRIMAX 95","Billed","18.18","40.00","PSS HICOM SEK B SEK 27","","Standalone","","","31 May 2018"
"24/05/2018 06:34","Reload","'70838153003499751","WXR920","","","Billed","","-40.00","PSS HICOM SEK B SEK 27","","Standalone","","","31 May 2018"
"21/05/2018 22:08","Purchase","'70838153003499751","WXR920","","PRIMAX 95","Billed","18.18","40.00","PSS HICOM SEK B SEK 27","","Standalone","","","31 May 2018"
"21/05/2018 22:07","Reload","'70838153003499751","WXR920","","","Billed","","-40.00","PSS HICOM SEK B SEK 27","","Standalone","","","31 May 2018"
"20/05/2018 22:42","Purchase","'70838153003499751","WXR920","","PRIMAX 95","Billed","18.18","40.00","PSS HICOM SEK B SEK 27","","Standalone","","","31 May 2018"
"20/05/2018 22:40","Reload","'70838153003499751","WXR920","","","Billed","","-40.00","PSS HICOM SEK B SEK 27","","Standalone","","","31 May 2018"
"20/05/2018 14:58","Purchase","'70838153003499751","WXR920","","PRIMAX 95","Billed","18.18","40.00","PSS BUKIT RAHMAN PUTRA","","Standalone","","","31 May 2018"
"20/05/2018 14:56","Reload","'70838153003499751","WXR920","","","Billed","","-40.00","PSS BUKIT RAHMAN PUTRA","","Standalone","","","31 May 2018"
"19/05/2018 13:11","Purchase","'70838153003499751","WXR920","","PRIMAX 95","Billed","9.09","20.00","PSS KLIA 1","","Standalone","","","31 May 2018"
"19/05/2018 13:09","Reload","'70838153003499751","WXR920","","","Billed","","-20.00","PSS KLIA 1","","Standalone","","","31 May 2018"
"18/05/2018 22:26","Purchase","'70838153003499751","WXR920","","PRIMAX 95","Billed","18.18","40.00","PSS HICOM SEK B SEK 27","","Standalone","","","31 May 2018"
"18/05/2018 22:25","Reload","'70838153003499751","WXR920","","","Billed","","-40.00","PSS HICOM SEK B SEK 27","","Standalone","","","31 May 2018"
"18/05/2018 15:21","Purchase","'70838153003499751","WXR920","","PRIMAX 95","Billed","9.09","20.00","PSS TAMAN ALAM MEGAH","","Standalone","","","31 May 2018"
"18/05/2018 15:20","Reload","'70838153003499751","WXR920","","","Billed","","-20.00","PSS TAMAN ALAM MEGAH","","Standalone","","","31 May 2018"
"16/05/2018 20:06","Purchase","'70838153003499751","WXR920","","PRIMAX 95","Billed","9.09","20.00","PSS USJ 20","","Standalone","","","31 May 2018"
"16/05/2018 20:04","Reload","'70838153003499751","WXR920","","","Billed","","-20.00","PSS USJ 20","","Standalone","","","31 May 2018"
"12/05/2018 21:30","Purchase","'70838153003499751","WXR920","","PRIMAX 95","Billed","18.18","40.00","PSS USJ 20","","Standalone","","","31 May 2018"
"12/05/2018 21:29","Reload","'70838153003499751","WXR920","","","Billed","","-40.00","PSS USJ 20","","Standalone","","","31 May 2018"
"11/05/2018 13:41","Purchase","'70838153003499751","WXR920","","PRIMAX 95","Billed","13.64","30.00","PSS TAMAN ALAM MEGAH","","Standalone","","","31 May 2018"
"11/05/2018 13:41","Reload","'70838153003499751","WXR920","","","Billed","","-30.00","PSS TAMAN ALAM MEGAH","","Standalone","","","31 May 2018"
"06/05/2018 21:14","Purchase","'70838153003499751","WXR920","","PRIMAX 95","Billed","13.64","30.00","PSS USJ 20","","Standalone","","","31 May 2018"
"06/05/2018 21:09","Reload","'70838153003499751","WXR920","","","Billed","","-30.00","PSS USJ 20","","Standalone","","","31 May 2018"
"05/05/2018 20:53","Purchase","'70838153003499751","WXR920","","PRIMAX 95","Billed","17.27","38.00","PSS USJ 20","","Standalone","","","31 May 2018"
"05/05/2018 20:51","Reload","'70838153003499751","WXR920","","","Billed","","-30.00","PSS USJ 20","","Standalone","","","31 May 2018"
"04/05/2018 12:28","Purchase","'70838153003499751","WXR920","","PRIMAX 95","Billed","13.64","30.00","PSS TAMAN MERANTI JAYA","","Standalone","","","31 May 2018"
"04/05/2018 12:27","Reload","'70838153003499751","WXR920","","","Billed","","-30.00","PSS TAMAN MERANTI JAYA","","Standalone","","","31 May 2018"
"04/05/2018 07:26","Purchase","'70838153003499751","WXR920","","PRIMAX 95","Billed","13.64","30.00","PSS TAMAN ALAM MEGAH","","Standalone","","","31 May 2018"
"04/05/2018 07:23","Reload","'70838153003499751","WXR920","","","Billed","","-30.00","PSS TAMAN ALAM MEGAH","","Standalone","","","31 May 2018"
"03/05/2018 16:58","Purchase","'70838153003499751","WXR920","","PRIMAX 95","Billed","9.09","20.00","PSS KESAS ARAH KELANG","","Standalone","","","31 May 2018"
"03/05/2018 16:57","Reload","'70838153003499751","WXR920","","","Billed","","-20.00","PSS KESAS ARAH KELANG","","Standalone","","","31 May 2018"
"01/05/2018 21:12","Purchase","'70838153003499751","WXR920","","PRIMAX 95","Billed","13.64","30.00","PSS HICOM SEK B SEK 27","","Standalone","","","31 May 2018"
"01/05/2018 21:09","Reload","'70838153003499751","WXR920","","","Billed","","-30.00","PSS HICOM SEK B SEK 27","","Standalone","","","31 May 2018"