"Date Time","Transaction Type","Card Number","Vehicle Number","Driver Card Number","Product Type","Billing Type","Transaction Volume (Litres)","Transaction Amount (RM)","Station Name","Odometer","Card Type","Cost Centre","Cost Centre Name","Statement Month"
"30/05/2018 22:34","Purchase","'70838153003582325","WXR1156","","PRIMAX 95","Billed","2.96","6.50","PSS GRAND SAGA 2","","Standalone","","","31 May 2018"
"26/05/2018 10:53","Purchase","'70838153003582325","WXR1156","","PRIMAX 97","Billed","19.07","47.10","PSS SECT 15 BB BANGI","","Standalone","","","31 May 2018"
"25/05/2018 02:55","Purchase","'70838153003582325","WXR1156","","PRIMAX 95","Billed","3.23","7.10","PSS SECT 15 BB BANGI","","Standalone","","","31 May 2018"
"21/05/2018 23:04","Purchase","'70838153003582325","WXR1156","","PRIMAX 97","Billed","21.59","53.31","PSS SECT 15 BB BANGI","","Standalone","","","31 May 2018"
"21/05/2018 22:45","Purchase","'70838153003582325","WXR1156","","PRIMAX 95","Billed","34.82","76.59","PSS SECT 15 BB BANGI","","Standalone","","","31 May 2018"
"21/05/2018 22:11","Purchase","'70838153003582325","WXR1156","","PRIMAX 95","Billed","136.37","300.00","PSS SECT 15 BB BANGI","","Standalone","","","31 May 2018"
"20/05/2018 15:22","Purchase","'70838153003582325","WXR1156","","PRIMAX 97","Billed","4.05","10.00","PSS JALAN REKO2","","Standalone","","","31 May 2018"
"18/05/2018 16:55","Reload","'70838153003582325","WXR1156","","","Billed","","-300.00","PSS SECT 15 BB BANGI","","Standalone","","","31 May 2018"
"16/05/2018 19:59","Purchase","'70838153003582325","WXR1156","","PRIMAX 97","Billed","19.59","48.38","PSS SECT 15 BB BANGI","","Standalone","","","31 May 2018"
"16/05/2018 15:59","Reload","'70838153003582325","WXR1156","","","Billed","","-420.00","PSS SECT 15 BB BANGI","","Standalone","","","31 May 2018"
"14/05/2018 16:02","Reload","'70838153003582325","WXR1156","","","Billed","","-150.00","PSS SECT 15 BB BANGI","","Standalone","","","31 May 2018"
"13/05/2018 17:21","Purchase","'70838153003582325","WXR1156","","PRIMAX 97","Billed","6.07","15.00","PSS SECT 15 BB BANGI","","Standalone","","","31 May 2018"
"09/05/2018 17:51","Reload","'70838153003582325","WXR1156","","","Billed","","-40.00","PSS TUN PERAK","","Standalone","","","31 May 2018"
"09/05/2018 17:44","Purchase","'70838153003582325","WXR1156","","PRIMAX 97","Billed","16.19","40.00","PSS TUN PERAK","","Standalone","","","31 May 2018"
"05/05/2018 16:48","Purchase","'70838153003582325","WXR1156","","PRIMAX 97","Billed","8.24","20.35","PSS SECT 15 BB BANGI","","Standalone","","","31 May 2018"