"Date Time","Transaction Type","Card Number","Vehicle Number","Driver Card Number","Product Type","Billing Type","Transaction Volume (Litres)","Transaction Amount (RM)","Station Name","Odometer","Card Type","Cost Centre","Cost Centre Name","Statement Month"
"31/05/2018 06:58","Purchase","'70838153003497938","WXR858","","PRIMAX 95","Billed","2.27","5.00","PSS BANDAR SRI PERMAISURI","1203","Standalone","","","31 May 2018"
"30/05/2018 15:09","Purchase","'70838153003497938","WXR858","","PRIMAX 97","Billed","50.04","123.60","PSS SIMPANG PULAI ARAH SELATAN","22","Standalone","","","31 May 2018"
"27/05/2018 15:17","Purchase","'70838153003497938","WXR858","","PRIMAX 95","Billed","13.64","30.00","PSS BANDAR SRI PERMAISURI","7988","Standalone","","","31 May 2018"
"24/05/2018 14:23","Purchase","'70838153003497938","WXR858","","PRIMAX 95","Billed","2.34","5.14","PSS BANDAR SRI PERMAISURI","1203","Standalone","","","31 May 2018"
"21/05/2018 15:15","Purchase","'70838153003497938","WXR858","","PRIMAX 95","Billed","15.91","35.00","PSS BANDAR SRI PERMAISURI","9877","Standalone","","","31 May 2018"
"20/05/2018 09:19","Purchase","'70838153003497938","WXR858","","PRIMAX 95","Billed","2.85","6.28","PSS BANDAR SRI PERMAISURI","1203","Standalone","","","31 May 2018"
"19/05/2018 13:06","Reload","'70838153003497938","WXR858","","","Billed","","-730.00","PSS BANDAR SRI PERMAISURI","","Standalone","","","31 May 2018"
"17/05/2018 16:06","Purchase","'70838153003497938","WXR858","","PRIMAX 95","Billed","18.18","40.00","PSS BANDAR SRI PERMAISURI","8799","Standalone","","","31 May 2018"
"15/05/2018 12:27","Purchase","'70838153003497938","WXR858","","PRIMAX 95","Billed","3.27","7.19","PSS BANDAR SRI PERMAISURI","1203","Standalone","","","31 May 2018"
"15/05/2018 06:20","Purchase","'70838153003497938","WXR858","","PRIMAX 95","Billed","3.01","6.61","PSS BANDAR SRI PERMAISURI","3083","Standalone","","","31 May 2018"
"14/05/2018 05:21","Purchase","'70838153003497938","WXR858","","PRIMAX 95","Billed","13.64","30.00","PSS JALAN COCHRANE","1987","Standalone","","","31 May 2018"
"11/05/2018 12:13","Purchase","'70838153003497938","WXR858","","PRIMAX 97","Billed","26.78","66.14","PSS LEBUHRAYA SPRINT","49","Standalone","","","31 May 2018"
"10/05/2018 09:02","Purchase","'70838153003497938","WXR858","","PRIMAX 95","Billed","3.17","6.98","PSS BANDAR SRI PERMAISURI","1203","Standalone","","","31 May 2018"
"08/05/2018 12:55","Purchase","'70838153003497938","WXR858","","PRIMAX 95","Billed","13.64","30.00","PSS BANDAR SRI PERMAISURI","8799","Standalone","","","31 May 2018"
"06/05/2018 05:57","Purchase","'70838153003497938","WXR858","","PRIMAX 95","Billed","9.09","20.00","PSS BANDAR SRI PERMAISURI","1987","Standalone","","","31 May 2018"
"04/05/2018 17:36","Purchase","'70838153003497938","WXR858","","PRIMAX 97","Billed","35.24","87.05","PSS TAMAN MALURI","222","Standalone","","","31 May 2018"
"04/05/2018 07:11","Purchase","'70838153003497938","WXR858","","PRIMAX 95","Billed","3.64","8.00","PSS BANDAR SRI PERMAISURI","1203","Standalone","","","31 May 2018"
"02/05/2018 10:55","Purchase","'70838153003497938","WXR858","","PRIMAX 95","Billed","15.91","35.00","PSS BANDAR SRI PERMAISURI","8897","Standalone","","","31 May 2018"