"Date Time","Transaction Type","Card Number","Vehicle Number","Driver Card Number","Product Type","Billing Type","Transaction Volume (Litres)","Transaction Amount (RM)","Station Name","Odometer","Card Type","Cost Centre","Cost Centre Name","Statement Month"
"30/05/2018 12:30","Purchase","'70838153003666755","WXR2015","","Diesel","Billed","30.00","65.40","PSS EQUINE 2","","Standalone","","","31 May 2018"
"30/05/2018 12:29","Reload","'70838153003666755","WXR2015","","","Billed","","-100.00","PSS EQUINE 2","","Standalone","","","31 May 2018"
"29/05/2018 18:31","Purchase","'70838153003666755","WXR2015","","PRIMAX 95","Billed","13.64","30.00","PSS EQUINE 2","","Standalone","","","31 May 2018"
"28/05/2018 08:29","Purchase","'70838153003666755","WXR2015","","Diesel","Billed","30.00","65.40","PSS EQUINE 2","","Standalone","","","31 May 2018"
"28/05/2018 08:27","Reload","'70838153003666755","WXR2015","","","Billed","","-50.00","PSS EQUINE 2","","Standalone","","","31 May 2018"
"26/05/2018 08:07","Purchase","'70838153003666755","WXR2015","","Diesel","Billed","20.00","43.60","PSS EQUINE 2","","Standalone","","","31 May 2018"
"26/05/2018 08:06","Reload","'70838153003666755","WXR2015","","","Billed","","-50.00","PSS EQUINE 2","","Standalone","","","31 May 2018"
"22/05/2018 12:26","Purchase","'70838153003666755","WXR2015","","Diesel","Billed","20.00","43.60","PSS JLN KUCHING","","Standalone","","","31 May 2018"
"22/05/2018 12:24","Reload","'70838153003666755","WXR2015","","","Billed","","-50.00","PSS JLN KUCHING","","Standalone","","","31 May 2018"
"21/05/2018 10:11","Purchase","'70838153003666755","WXR2015","","Diesel","Billed","35.00","76.30","PSS BANDAR PUNCAK JALIL","","Standalone","","","31 May 2018"
"21/05/2018 10:09","Reload","'70838153003666755","WXR2015","","","Billed","","-100.00","PSS BANDAR PUNCAK JALIL","","Standalone","","","31 May 2018"
"15/05/2018 14:42","Purchase","'70838153003666755","WXR2015","","Diesel","Billed","20.00","43.60","PSS BANDAR PUNCAK JALIL","","Standalone","","","31 May 2018"
"15/05/2018 14:40","Reload","'70838153003666755","WXR2015","","","Billed","","-50.00","PSS BANDAR PUNCAK JALIL","","Standalone","","","31 May 2018"
"09/05/2018 20:05","Purchase","'70838153003666755","WXR2015","","PRIMAX 95","Billed","20.00","44.00","PSS TANJUNG SEPAT","4501","Standalone","","","31 May 2018"
"08/05/2018 12:39","Purchase","'70838153003666755","WXR2015","","Diesel","Billed","20.00","43.60","PSS TELOK PANGLIMA GARANG","","Standalone","","","31 May 2018"
"08/05/2018 12:36","Reload","'70838153003666755","WXR2015","","","Billed","","-50.00","PSS TELOK PANGLIMA GARANG","","Standalone","","","31 May 2018"
"01/05/2018 08:37","Purchase","'70838153003666755","WXR2015","","Diesel","Billed","20.00","43.60","PSS EQUINE 2","","Standalone","","","31 May 2018"
"01/05/2018 08:34","Reload","'70838153003666755","WXR2015","","","Billed","","-50.00","PSS EQUINE 2","","Standalone","","","31 May 2018"