"Date Time","Transaction Type","Card Number","Vehicle Number","Driver Card Number","Product Type","Billing Type","Transaction Volume (Litres)","Transaction Amount (RM)","Station Name","Odometer","Card Type","Cost Centre","Cost Centre Name","Statement Month"
"29/05/2018 11:19","Purchase","'70838153003501952","WXR737","","PRIMAX 95","Billed","13.64","30.00","PSS AMPANGAN UTAMA JALAN KUALA PILAH","737","Standalone","","","31 May 2018"
"29/05/2018 11:17","Reload","'70838153003501952","WXR737","'70838153003501952","","Billed","","-50.00","PSS AMPANGAN UTAMA JALAN KUALA PILAH","","Standalone","","","31 May 2018"
"22/05/2018 17:48","Purchase","'70838153003501952","WXR737","","PRIMAX 95","Billed","9.09","20.00","PSS SENAWANG - PAROI","737","Standalone","","","31 May 2018"
"19/05/2018 18:13","Purchase","'70838153003501952","WXR737","","PRIMAX 95","Billed","13.64","30.00","PSS AMPANGAN UTAMA JALAN KUALA PILAH","737","Standalone","","","31 May 2018"
"19/05/2018 18:12","Reload","'70838153003501952","WXR737","","","Billed","","-50.00","PSS AMPANGAN UTAMA JALAN KUALA PILAH","","Standalone","","","31 May 2018"