"Date Time","Transaction Type","Card Number","Vehicle Number","Driver Card Number","Product Type","Billing Type","Transaction Volume (Litres)","Transaction Amount (RM)","Station Name","Odometer","Card Type","Cost Centre","Cost Centre Name","Statement Month"
"29/05/2018 14:55","Purchase","'70838153003500947","WXR969","","PRIMAX 95","Billed","31.23","68.71","PSS REMBAU","","Standalone","","","31 May 2018"
"29/05/2018 14:54","Reload","'70838153003500947","WXR969","","","Billed","","-50.00","PSS REMBAU","","Standalone","","","31 May 2018"
"25/05/2018 23:07","Purchase","'70838153003500947","WXR969","","PRIMAX 95","Billed","31.82","70.00","PSS LUBUK CHINA","","Standalone","","","31 May 2018"
"24/05/2018 14:39","Reload","'70838153003500947","WXR969","","","Billed","","-300.00","PSS LUBUK CHINA","","Standalone","","","31 May 2018"
"19/05/2018 23:17","Purchase","'70838153003500947","WXR969","","PRIMAX 95","Billed","31.82","70.00","PSS LUBUK CHINA","","Standalone","","","31 May 2018"
"18/05/2018 07:15","Purchase","'70838153003500947","WXR969","","PRIMAX 95","Billed","31.82","70.00","PSS LUBUK CHINA","","Standalone","","","31 May 2018"
"18/05/2018 07:14","Reload","'70838153003500947","WXR969","","","Billed","","-300.00","PSS LUBUK CHINA","","Standalone","","","31 May 2018"
"10/05/2018 18:50","Purchase","'70838153003500947","WXR969","","PRIMAX 95","Billed","27.44","60.37","PSS ELITE HIGHWAY","","Standalone","","","31 May 2018"
"08/05/2018 20:55","Purchase","'70838153003500947","WXR969","","PRIMAX 95","Billed","31.82","70.00","PSS LUBUK CHINA","","Standalone","","","31 May 2018"
"06/05/2018 16:16","Purchase","'70838153003500947","WXR969","","PRIMAX 95","Billed","31.82","70.00","PSS LUBUK CHINA","","Standalone","","","31 May 2018"
"05/05/2018 15:12","Purchase","'70838153003500947","WXR969","","PRIMAX 95","Billed","22.73","50.00","PSS LUBUK CHINA","","Standalone","","","31 May 2018"
"05/05/2018 15:11","Reload","'70838153003500947","WXR969","","","Billed","","-200.00","PSS LUBUK CHINA","","Standalone","","","31 May 2018"
"02/05/2018 11:39","Purchase","'70838153003500947","WXR969","","PRIMAX 95","Billed","31.82","70.00","PSS KLEBANG BESAR","","Standalone","","","31 May 2018"