"Date Time","Transaction Type","Card Number","Vehicle Number","Driver Card Number","Product Type","Billing Type","Transaction Volume (Litres)","Transaction Amount (RM)","Station Name","Odometer","Card Type","Cost Centre","Cost Centre Name","Statement Month"
"31/05/2018 22:53","Purchase","'70838153003581079","WXR1081","","PRIMAX 95","Billed","45.46","100.00","PSS KM 305 PLUS ARAH SELATAN","523069","Standalone","","","31 May 2018"
"31/05/2018 22:52","Reload","'70838153003581079","WXR1081","","","Billed","","-100.00","PSS KM 305 PLUS ARAH SELATAN","","Standalone","","","31 May 2018"
"28/05/2018 11:44","Reload","'70838153003581079","WXR1081","","","Billed","","-100.00","PSS MASJID TANAH","","Standalone","","","31 May 2018"
"22/05/2018 11:02","Purchase","'70838153003581079","WXR1081","","PRIMAX 95","Billed","45.45","100.00","PSS MASJID TANAH","522098","Standalone","","","31 May 2018"
"22/05/2018 10:59","Reload","'70838153003581079","WXR1081","","","Billed","","-100.00","PSS MASJID TANAH","","Standalone","","","31 May 2018"
"16/05/2018 11:51","Purchase","'70838153003581079","WXR1081","","PRIMAX 95","Billed","45.45","100.00","PSS RAWAT & REHAT (U) SBAN-KL","521627","Standalone","","","31 May 2018"
"16/05/2018 11:49","Reload","'70838153003581079","WXR1081","","","Billed","","-100.00","PSS RAWAT & REHAT (U) SBAN-KL","","Standalone","","","31 May 2018"
"14/05/2018 14:05","Purchase","'70838153003581079","WXR1081","","PRIMAX 95","Billed","45.45","100.00","PSS SIMPANG EMPAT","501126","Standalone","","","31 May 2018"
"14/05/2018 14:01","Reload","'70838153003581079","WXR1081","","","Billed","","-100.00","PSS SIMPANG EMPAT","","Standalone","","","31 May 2018"
"11/05/2018 17:45","Purchase","'70838153003581079","WXR1081","","PRIMAX 95","Billed","45.46","100.00","PSS RASAH","520653","Standalone","","","31 May 2018"
"11/05/2018 17:43","Reload","'70838153003581079","WXR1081","","","Billed","","-100.00","PSS RASAH","","Standalone","","","31 May 2018"
"09/05/2018 16:12","Purchase","'70838153003581079","WXR1081","","PRIMAX 95","Billed","45.45","100.00","PSS MASJID TANAH","520331","Standalone","","","31 May 2018"
"09/05/2018 16:11","Reload","'70838153003581079","WXR1081","","","Billed","","-100.00","PSS MASJID TANAH","","Standalone","","","31 May 2018"
"06/05/2018 12:49","Purchase","'70838153003581079","WXR1081","","PRIMAX 95","Billed","45.45","100.00","PSS MASJID TANAH","519914","Standalone","","","31 May 2018"
"06/05/2018 12:48","Reload","'70838153003581079","WXR1081","","","Billed","","-100.00","PSS MASJID TANAH","","Standalone","","","31 May 2018"
"02/05/2018 15:24","Purchase","'70838153003581079","WXR1081","","PRIMAX 95","Billed","45.45","100.00","PSS MASJID TANAH","519505","Standalone","","","31 May 2018"
"02/05/2018 15:21","Reload","'70838153003581079","WXR1081","","","Billed","","-100.00","PSS MASJID TANAH","","Standalone","","","31 May 2018"