"Date Time","Transaction Type","Card Number","Vehicle Number","Driver Card Number","Product Type","Billing Type","Transaction Volume (Litres)","Transaction Amount (RM)","Station Name","Odometer","Card Type","Cost Centre","Cost Centre Name","Statement Month"
"27/05/2018 11:58","Purchase","'70838153003424189","WXR297","","PRIMAX 95","Billed","54.95","120.90","PSS BT 2 1/2 JALAN KAPAR","","Standalone","","","31 May 2018"
"27/05/2018 11:56","Reload","'70838153003424189","WXR297","","","Billed","","-130.00","PSS BT 2 1/2 JALAN KAPAR","","Standalone","","","31 May 2018"
"24/05/2018 08:17","Purchase","'70838153003424189","WXR297","","PRIMAX 95","Billed","4.55","10.00","PSS TAMAN SUNGAI KAPAR INDAH","","Standalone","","","31 May 2018"
"22/05/2018 18:59","Purchase","'70838153003424189","WXR297","","PRIMAX 95","Billed","52.27","115.00","PSS BT 2 1/2 JALAN KAPAR","","Standalone","","","31 May 2018"
"22/05/2018 18:57","Reload","'70838153003424189","WXR297","","","Billed","","-80.00","PSS BT 2 1/2 JALAN KAPAR","","Standalone","","","31 May 2018"
"20/05/2018 18:08","Purchase","'70838153003424189","WXR297","","PRIMAX 95","Billed","54.55","120.00","PSS BT 2 1/2 JALAN KAPAR","","Standalone","","","31 May 2018"
"20/05/2018 13:56","Reload","'70838153003424189","WXR297","","","Billed","","-150.00","PSS TAMAN KLANG UTAMA","","Standalone","","","31 May 2018"
"20/05/2018 13:55","Purchase","'70838153003424189","WXR297","","PRIMAX 95","Billed","9.09","20.00","PSS TAMAN KLANG UTAMA","","Standalone","","","31 May 2018"
"17/05/2018 08:07","Purchase","'70838153003424189","WXR297","","PRIMAX 95","Billed","13.64","30.00","PSS TAMAN SUNGAI KAPAR INDAH","","Standalone","","","31 May 2018"
"17/05/2018 08:04","Reload","'70838153003424189","WXR297","","","Billed","","-50.00","PSS TAMAN SUNGAI KAPAR INDAH","","Standalone","","","31 May 2018"
"14/05/2018 20:32","Purchase","'70838153003424189","WXR297","","PRIMAX 95","Billed","52.27","115.00","PSS TAMAN KLANG UTAMA","","Standalone","","","31 May 2018"
"14/05/2018 20:30","Reload","'70838153003424189","WXR297","","","Billed","","-130.00","PSS TAMAN KLANG UTAMA","","Standalone","","","31 May 2018"
"11/05/2018 15:14","Purchase","'70838153003424189","WXR297","","PRIMAX 95","Billed","7.23","15.90","PSS BT 2 1/2 JALAN KAPAR","","Standalone","","","31 May 2018"
"09/05/2018 09:19","Purchase","'70838153003424189","WXR297","","PRIMAX 95","Billed","22.73","50.00","PSS BATU BELAH","","Standalone","","","31 May 2018"
"07/05/2018 08:19","Purchase","'70838153003424189","WXR297","","PRIMAX 95","Billed","51.82","114.00","PSS TAMAN SUNGAI KAPAR INDAH","","Standalone","","","31 May 2018"
"07/05/2018 08:17","Reload","'70838153003424189","WXR297","","","Billed","","-120.00","PSS TAMAN SUNGAI KAPAR INDAH","","Standalone","","","31 May 2018"
"06/05/2018 10:38","Purchase","'70838153003424189","WXR297","","PRIMAX 95","Billed","16.36","36.00","PSS PONTIAN JLN ALSAGOF","","Standalone","","","31 May 2018"
"04/05/2018 14:50","Purchase","'70838153003424189","WXR297","","PRIMAX 95","Billed","28.87","63.52","PSS BT 2 1/2 JALAN KAPAR","","Standalone","","","31 May 2018"
"04/05/2018 14:47","Reload","'70838153003424189","WXR297","","","Billed","","-100.00","PSS BT 2 1/2 JALAN KAPAR","","Standalone","","","31 May 2018"
"03/05/2018 08:17","Purchase","'70838153003424189","WXR297","","PRIMAX 95","Billed","34.09","75.00","PSS TAMAN SUNGAI KAPAR INDAH","","Standalone","","","31 May 2018"
"03/05/2018 08:14","Reload","'70838153003424189","WXR297","","","Billed","","-100.00","PSS TAMAN SUNGAI KAPAR INDAH","","Standalone","","","31 May 2018"