"Date Time","Transaction Type","Card Number","Vehicle Number","Driver Card Number","Product Type","Billing Type","Transaction Volume (Litres)","Transaction Amount (RM)","Station Name","Odometer","Card Type","Cost Centre","Cost Centre Name","Statement Month"
"12/05/2018 22:24","Purchase","'70838153003582747","WXR1187","","PRIMAX 95","Billed","18.18","40.00","PSS KOTA KEMUNING","","Standalone","","","31 May 2018"
"08/05/2018 22:05","Purchase","'70838153003582747","WXR1187","","PRIMAX 95","Billed","22.73","50.00","PSS BANDAR BARU SALAK TINGGI","","Standalone","","","31 May 2018"
"06/05/2018 18:26","Reload","'70838153003582747","WXR1187","","","Billed","","-20.00","PSS KOTA KEMUNING","","Standalone","","","31 May 2018"
"06/05/2018 18:22","Purchase","'70838153003582747","WXR1187","","PRIMAX 95","Billed","9.09","20.00","PSS KOTA KEMUNING","","Standalone","","","31 May 2018"
"05/05/2018 23:52","Purchase","'70838153003582747","WXR1187","","PRIMAX 95","Billed","4.55","10.00","PSS KOTA KEMUNING","","Standalone","","","31 May 2018"
"02/05/2018 23:49","Purchase","'70838153003582747","WXR1187","","PRIMAX 95","Billed","22.73","50.00","PSS KESAS ARAH KELANG","","Standalone","","","31 May 2018"
"02/05/2018 23:48","Reload","'70838153003582747","WXR1187","","","Billed","","-150.00","PSS KESAS ARAH KELANG","","Standalone","","","31 May 2018"