"Date Time","Transaction Type","Card Number","Vehicle Number","Driver Card Number","Product Type","Billing Type","Transaction Volume (Litres)","Transaction Amount (RM)","Station Name","Odometer","Card Type","Cost Centre","Cost Centre Name","Statement Month"
"29/05/2018 18:11","Purchase","'70838153003495890","WXR332","","PRIMAX 95","Billed","15.91","35.00","PSS JLN LORONG PANDAN","","Standalone","","","31 May 2018"
"29/05/2018 18:09","Reload","'70838153003495890","WXR332","","","Billed","","-35.00","PSS JLN LORONG PANDAN","","Standalone","","","31 May 2018"
"27/05/2018 22:47","Purchase","'70838153003495890","WXR332","","PRIMAX 95","Billed","32.73","72.00","PSS JLN LORONG PANDAN","","Standalone","","","31 May 2018"
"27/05/2018 22:45","Reload","'70838153003495890","WXR332","","","Billed","","-70.00","PSS JLN LORONG PANDAN","","Standalone","","","31 May 2018"
"26/05/2018 17:27","Purchase","'70838153003495890","WXR332","","PRIMAX 95","Billed","40.91","90.00","PSS JLN LORONG PANDAN","","Standalone","","","31 May 2018"
"26/05/2018 17:24","Purchase","'70838153003495890","WXR332","","PRIMAX 95","Billed","0.46","1.00","PSS JLN LORONG PANDAN","","Standalone","","","31 May 2018"
"26/05/2018 17:22","Purchase","'70838153003495890","WXR332","","PRIMAX 95","Billed","0.68","1.50","PSS JLN LORONG PANDAN","886080","Standalone","","","31 May 2018"
"26/05/2018 17:19","Purchase","'70838153003495890","WXR332","","PRIMAX 95","Billed","0.46","1.00","PSS JLN LORONG PANDAN","886080","Standalone","","","31 May 2018"
"26/05/2018 04:31","Reload","'70838153003495890","WXR332","","","Billed","","-90.00","PSS LEBUH AMJ BALAI PANJANG","","Standalone","","","31 May 2018"
"24/05/2018 23:09","Purchase","'70838153003495890","WXR332","","PRIMAX 95","Billed","31.82","70.00","PSS JLN LORONG PANDAN","885590","Standalone","","","31 May 2018"
"24/05/2018 04:11","Reload","'70838153003495890","WXR332","","","Billed","","-10.00","PSS LEBUH AMJ BALAI PANJANG","","Standalone","","","31 May 2018"
"24/05/2018 04:07","Purchase","'70838153003495890","WXR332","","PRIMAX 95","Billed","44.91","98.80","PSS LEBUH AMJ BALAI PANJANG","885200","Standalone","","","31 May 2018"
"22/05/2018 18:04","Purchase","'70838153003495890","WXR332","","PRIMAX 95","Billed","52.23","114.90","PSS JLN LORONG PANDAN","884755","Standalone","","","31 May 2018"
"22/05/2018 18:01","Purchase","'70838153003495890","WXR332","","PRIMAX 97","Billed","0.04","0.10","PSS JLN LORONG PANDAN","884755","Standalone","","","31 May 2018"
"22/05/2018 09:59","Reload","'70838153003495890","WXR332","","","Billed","","-250.00","PSS JALAN PAKA DUNGUN","","Standalone","","","31 May 2018"
"20/05/2018 18:42","Purchase","'70838153003495890","WXR332","","PRIMAX 95","Billed","45.46","100.00","PSS JALAN PAKA DUNGUN","884280","Standalone","","","31 May 2018"
"20/05/2018 18:31","Reload","'70838153003495890","WXR332","","","Billed","","-130.00","PSS JALAN PAKA DUNGUN","","Standalone","","","31 May 2018"
"18/05/2018 23:17","Purchase","'70838153003495890","WXR332","","PRIMAX 95","Billed","15.91","35.00","PSS JLN LORONG PANDAN","","Standalone","","","31 May 2018"
"18/05/2018 23:16","Reload","'70838153003495890","WXR332","","","Billed","","-35.00","PSS JLN LORONG PANDAN","","Standalone","","","31 May 2018"
"18/05/2018 16:16","Purchase","'70838153003495890","WXR332","","PRIMAX 95","Billed","45.46","100.00","PSS BUKIT KATIL","","Standalone","","","31 May 2018"
"18/05/2018 16:14","Reload","'70838153003495890","WXR332","","","Billed","","-100.00","PSS BUKIT KATIL","","Standalone","","","31 May 2018"
"17/05/2018 06:17","Purchase","'70838153003495890","WXR332","","PRIMAX 95","Billed","45.46","100.00","PSS LEBUH AMJ BALAI PANJANG","883160","Standalone","","","31 May 2018"
"17/05/2018 06:15","Reload","'70838153003495890","WXR332","","","Billed","","-100.00","PSS LEBUH AMJ BALAI PANJANG","","Standalone","","","31 May 2018"
"15/05/2018 18:07","Purchase","'70838153003495890","WXR332","","PRIMAX 95","Billed","13.64","30.00","PSS JLN LORONG PANDAN","882820","Standalone","","","31 May 2018"
"15/05/2018 18:04","Reload","'70838153003495890","WXR332","","","Billed","","-30.00","PSS JLN LORONG PANDAN","","Standalone","","","31 May 2018"
"14/05/2018 21:00","Purchase","'70838153003495890","WXR332","","PRIMAX 95","Billed","13.64","30.00","PSS JLN LORONG PANDAN","","Standalone","","","31 May 2018"
"14/05/2018 20:55","Reload","'70838153003495890","WXR332","","","Billed","","-30.00","PSS JLN LORONG PANDAN","","Standalone","","","31 May 2018"
"11/05/2018 17:04","Purchase","'70838153003495890","WXR332","","PRIMAX 95","Billed","27.27","60.00","PSS KLIA 1","882060","Standalone","","","31 May 2018"
"11/05/2018 17:02","Reload","'70838153003495890","WXR332","","","Billed","","-60.00","PSS KLIA 1","","Standalone","","","31 May 2018"
"10/05/2018 10:26","Purchase","'70838153003495890","WXR332","","PRIMAX 95","Billed","27.27","60.00","PSS JLN LORONG PANDAN","881875","Standalone","","","31 May 2018"
"10/05/2018 10:22","Reload","'70838153003495890","WXR332","","","Billed","","-60.00","PSS JLN LORONG PANDAN","","Standalone","","","31 May 2018"
"09/05/2018 04:45","Purchase","'70838153003495890","WXR332","","PRIMAX 95","Billed","18.18","40.00","PSS LEBUH AMJ BALAI PANJANG","881730","Standalone","","","31 May 2018"
"09/05/2018 04:43","Reload","'70838153003495890","WXR332","","","Billed","","-40.00","PSS LEBUH AMJ BALAI PANJANG","","Standalone","","","31 May 2018"
"08/05/2018 02:51","Purchase","'70838153003495890","WXR332","","PRIMAX 95","Billed","27.27","60.00","PSS KLIA 1","881477","Standalone","","","31 May 2018"
"08/05/2018 02:50","Reload","'70838153003495890","WXR332","","","Billed","","-60.00","PSS KLIA 1","","Standalone","","","31 May 2018"
"07/05/2018 07:30","Purchase","'70838153003495890","WXR332","","PRIMAX 95","Billed","27.27","60.00","PSS AYER KEROH 3","","Standalone","","","31 May 2018"
"07/05/2018 07:29","Reload","'70838153003495890","WXR332","","","Billed","","-60.00","PSS AYER KEROH 3","","Standalone","","","31 May 2018"
"06/05/2018 18:54","Purchase","'70838153003495890","WXR332","","PRIMAX 95","Billed","27.27","60.00","PSS JLN LORONG PANDAN","881000","Standalone","","","31 May 2018"
"06/05/2018 18:52","Reload","'70838153003495890","WXR332","","","Billed","","-60.00","PSS JLN LORONG PANDAN","","Standalone","","","31 May 2018"
"06/05/2018 14:24","Purchase","'70838153003495890","WXR332","","PRIMAX 95","Billed","13.08","28.78","PSS DURIAN TUNGGAL","","Standalone","","","31 May 2018"
"03/05/2018 15:39","Purchase","'70838153003495890","WXR332","","PRIMAX 95","Billed","41.59","91.50","PSS JLN LORONG PANDAN","88400","Standalone","","","31 May 2018"
"03/05/2018 15:37","Reload","'70838153003495890","WXR332","","","Billed","","-100.00","PSS JLN LORONG PANDAN","","Standalone","","","31 May 2018"
"02/05/2018 04:17","Purchase","'70838153003495890","WXR332","","PRIMAX 95","Billed","27.27","60.00","PSS KLIA 1","880100","Standalone","","","31 May 2018"
"02/05/2018 04:13","Reload","'70838153003495890","WXR332","","","Billed","","-60.00","PSS KLIA 1","","Standalone","","","31 May 2018"
"01/05/2018 19:07","Purchase","'70838153003495890","WXR332","","PRIMAX 95","Billed","27.27","60.00","PSS JLN LORONG PANDAN","879900","Standalone","","","31 May 2018"
"01/05/2018 19:06","Reload","'70838153003495890","WXR332","","","Billed","","-60.00","PSS JLN LORONG PANDAN","","Standalone","","","31 May 2018"