"Date Time","Transaction Type","Card Number","Vehicle Number","Driver Card Number","Product Type","Billing Type","Transaction Volume (Litres)","Transaction Amount (RM)","Station Name","Odometer","Card Type","Cost Centre","Cost Centre Name","Statement Month"
"29/05/2018 21:05","Reload","'70838153003498357","WXR882","","","Billed","","-500.00","PSS PETRONAS KARAK REST","","Standalone","","","31 May 2018"
"29/05/2018 20:59","Purchase","'70838153003498357","WXR882","","PRIMAX 95","Billed","36.36","80.00","PSS PETRONAS KARAK REST","265657","Standalone","","","31 May 2018"
"28/05/2018 15:10","Purchase","'70838153003498357","WXR882","","PRIMAX 95","Billed","45.45","100.00","PSS GENTING SEMPAH","","Standalone","","","31 May 2018"
"20/05/2018 13:21","Purchase","'70838153003498357","WXR882","","PRIMAX 95","Billed","22.73","50.00","PSS KM 4 JALAN MARAN","","Standalone","","","31 May 2018"
"19/05/2018 15:56","Purchase","'70838153003498357","WXR882","","PRIMAX 95","Billed","22.74","50.03","PSS KAWASAN PERINDUSTRIAN BENTONG","264481","Standalone","","","31 May 2018"
"18/05/2018 12:37","Purchase","'70838153003498357","WXR882","","PRIMAX 95","Billed","42.28","93.01","PSS KAWASAN PERINDUSTRIAN BENTONG","264240","Standalone","","","31 May 2018"
"16/05/2018 14:41","Purchase","'70838153003498357","WXR882","","PRIMAX 95","Billed","50.00","110.00","PSS KETARI BENTONG","263865","Standalone","","","31 May 2018"
"15/05/2018 21:15","Reload","'70838153003498357","WXR882","","","Billed","","-300.00","PSS PETRONAS KARAK REST","","Standalone","","","31 May 2018"
"14/05/2018 23:27","Reload","'70838153003498357","WXR882","'70838153003498357","","Billed","","-200.00","PSS KM72 L/RAYA KARAK ARAH KL","","Standalone","","","31 May 2018"
"14/05/2018 23:22","Purchase","'70838153003498357","WXR882","","PRIMAX 95","Billed","29.57","65.06","PSS KM72 L/RAYA KARAK ARAH KL","263372","Standalone","","","31 May 2018"
"13/05/2018 18:51","Purchase","'70838153003498357","WXR882","","PRIMAX 95","Billed","45.45","100.00","PSS GENTING SEMPAH","263127","Standalone","","","31 May 2018"
"12/05/2018 09:36","Purchase","'70838153003498357","WXR882","","PRIMAX 95","Billed","3.65","8.02","PSS KETARI BENTONG","178734","Standalone","","","31 May 2018"
"09/05/2018 11:48","Purchase","'70838153003498357","WXR882","","PRIMAX 97","Billed","28.34","70.00","PSS JALAN TRAS BENTONG","262663","Standalone","","","31 May 2018"
"08/05/2018 10:25","Purchase","'70838153003498357","WXR882","","Diesel","Billed","40.37","88.00","PSS JALAN TRAS BENTONG","10028","Standalone","","","31 May 2018"
"07/05/2018 01:15","Purchase","'70838153003498357","WXR882","","Diesel","Billed","34.42","75.02","PSS JALAN TRAS BENTONG","9709","Standalone","","","31 May 2018"
"05/05/2018 17:25","Purchase","'70838153003498357","WXR882","","Diesel","Billed","46.29","100.90","PSS KM72 L/RAYA KARAK ARAH KL","9442","Standalone","","","31 May 2018"
"03/05/2018 15:58","Reload","'70838153003498357","WXR882","","","Billed","","-300.00","PSS KM72 L/RAYA KARAK ARAH KL","","Standalone","","","31 May 2018"
"03/05/2018 15:49","Purchase","'70838153003498357","WXR882","","Diesel","Billed","51.65","112.60","PSS KM72 L/RAYA KARAK ARAH KL","9069","Standalone","","","31 May 2018"
"01/05/2018 11:34","Purchase","'70838153003498357","WXR882","","Diesel","Billed","55.05","120.00","PSS KARAK","8611","Standalone","","","31 May 2018"