"Date Time","Transaction Type","Card Number","Vehicle Number","Driver Card Number","Product Type","Billing Type","Transaction Volume (Litres)","Transaction Amount (RM)","Station Name","Odometer","Card Type","Cost Centre","Cost Centre Name","Statement Month"
"08/05/2018 22:22","Purchase","'70838153003579347","WXR1013","","PRIMAX 95","Billed","15.19","33.41","PSS KM 0.7 BESRAYA ARAH UTARA","93809","Standalone","","","31 May 2018"
"07/05/2018 08:24","Purchase","'70838153003579347","WXR1013","","PRIMAX 95","Billed","20.00","44.00","PSS MRR2 ARAH KEPONG","","Standalone","","","31 May 2018"
"07/05/2018 08:23","Reload","'70838153003579347","WXR1013","","","Billed","","-50.00","PSS MRR2 ARAH KEPONG","","Standalone","","","31 May 2018"
"02/05/2018 15:47","Purchase","'70838153003579347","WXR1013","","PRIMAX 95","Billed","20.00","44.00","PSS MRR2 BATU CAVES","17890","Standalone","","","31 May 2018"
"02/05/2018 15:46","Reload","'70838153003579347","WXR1013","","","Billed","","-50.00","PSS MRR2 BATU CAVES","","Standalone","","","31 May 2018"