"Date Time","Transaction Type","Card Number","Vehicle Number","Driver Card Number","Product Type","Billing Type","Transaction Volume (Litres)","Transaction Amount (RM)","Station Name","Odometer","Card Type","Cost Centre","Cost Centre Name","Statement Month"
"26/05/2018 10:54","Purchase","'70838153003580980","WXR1072","","PRIMAX 95","Billed","36.37","80.00","PSS HICOM SEK B SEK 27","","Standalone","","","31 May 2018"
"26/05/2018 10:51","Reload","'70838153003580980","WXR1072","","","Billed","","-80.00","PSS HICOM SEK B SEK 27","","Standalone","","","31 May 2018"
"12/05/2018 09:31","Purchase","'70838153003580980","WXR1072","","PRIMAX 95","Billed","22.73","50.00","PSS SUNGAI BESI - PUCHONG BYPASS","","Standalone","","","31 May 2018"
"12/05/2018 09:29","Reload","'70838153003580980","WXR1072","","","Billed","","-50.00","PSS SUNGAI BESI - PUCHONG BYPASS","","Standalone","","","31 May 2018"
"05/05/2018 14:38","Purchase","'70838153003580980","WXR1072","","PRIMAX 95","Billed","22.73","50.00","PSS SUNGAI BESI - PUCHONG BYPASS","","Standalone","","","31 May 2018"
"05/05/2018 14:37","Reload","'70838153003580980","WXR1072","","","Billed","","-50.00","PSS SUNGAI BESI - PUCHONG BYPASS","","Standalone","","","31 May 2018"