"Date Time","Transaction Type","Card Number","Vehicle Number","Driver Card Number","Product Type","Billing Type","Transaction Volume (Litres)","Transaction Amount (RM)","Station Name","Odometer","Card Type","Cost Centre","Cost Centre Name","Statement Month"
"19/05/2018 13:54","Purchase","'70838153003498225","WXR422","","Diesel","Billed","6.39","13.93","PSS BANDAR JENGKA","","Standalone","","","31 May 2018"
"18/05/2018 13:33","Purchase","'70838153003498225","WXR422","","Diesel","Billed","145.73","317.70","PSS BANDAR JENGKA","","Standalone","","","31 May 2018"
"17/05/2018 13:36","Purchase","'70838153003498225","WXR422","","Diesel","Billed","125.68","273.99","PSS BANDAR JENGKA","","Standalone","","","31 May 2018"
"17/05/2018 07:42","Purchase","'70838153003498225","WXR422","","Diesel","Billed","166.52","363.01","PSS FELDA JENGKA 21","","Standalone","","","31 May 2018"
"15/05/2018 14:05","Purchase","'70838153003498225","WXR422","","Diesel","Billed","133.11","290.18","PSS BANDAR JENGKA","","Standalone","","","31 May 2018"
"14/05/2018 15:43","Purchase","'70838153003498225","WXR422","","Diesel","Billed","166.98","364.01","PSS FELDA JENGKA 21","","Standalone","","","31 May 2018"
"13/05/2018 15:00","Purchase","'70838153003498225","WXR422","","Diesel","Billed","173.02","377.18","PSS KAMPUNG AWAH","","Standalone","","","31 May 2018"
"12/05/2018 15:36","Reload","'70838153003498225","WXR422","","","Billed","","-2,000.00","PSS BANDAR JENGKA","","Standalone","","","31 May 2018"
"11/05/2018 18:03","Purchase","'70838153003498225","WXR422","","Diesel","Billed","103.51","225.64","PSS KAMPUNG AWAH","","Standalone","","","31 May 2018"
"10/05/2018 15:52","Purchase","'70838153003498225","WXR422","","Diesel","Billed","160.55","350.00","PSS KAMPUNG AWAH","","Standalone","","","31 May 2018"
"08/05/2018 17:33","Purchase","'70838153003498225","WXR422","","Diesel","Billed","183.49","400.00","PSS FELDA JENGKA 21","","Standalone","","","31 May 2018"