"Date Time","Transaction Type","Card Number","Vehicle Number","Driver Card Number","Product Type","Billing Type","Transaction Volume (Litres)","Transaction Amount (RM)","Station Name","Odometer","Card Type","Cost Centre","Cost Centre Name","Statement Month"
"31/05/2018 00:22","Purchase","'70838153003582317","WXR1155","","PRIMAX 97","Billed","25.63","63.31","PSS TAMAN MELATI","980","Standalone","","","31 May 2018"
"09/05/2018 13:06","Purchase","'70838153003582317","WXR1155","","PRIMAX 95","Billed","49.91","109.81","PSS KARAK","95","Standalone","","","31 May 2018"
"06/05/2018 17:44","Purchase","'70838153003582317","WXR1155","","PRIMAX 95","Billed","44.37","97.61","PSS KARAK","95","Standalone","","","31 May 2018"
"05/05/2018 07:50","Purchase","'70838153003582317","WXR1155","","PRIMAX 95","Billed","40.91","90.01","PSS KARAK","95","Standalone","","","31 May 2018"
"03/05/2018 15:21","Purchase","'70838153003582317","WXR1155","","PRIMAX 97","Billed","38.95","96.20","PSS JALAN TRAS BENTONG","97","Standalone","","","31 May 2018"
"01/05/2018 17:48","Purchase","'70838153003582317","WXR1155","","PRIMAX 97","Billed","46.40","114.60","PSS PETRONAS KARAK REST","97","Standalone","","","31 May 2018"