"Date Time","Transaction Type","Card Number","Vehicle Number","Driver Card Number","Product Type","Billing Type","Transaction Volume (Litres)","Transaction Amount (RM)","Station Name","Odometer","Card Type","Cost Centre","Cost Centre Name","Statement Month"
"30/05/2018 22:41","Purchase","'70838153003423652","WXR11","","PRIMAX 95","Billed","22.73","50.00","PSS BIDOR","","Standalone","","","31 May 2018"
"30/05/2018 22:39","Reload","'70838153003423652","WXR11","","","Billed","","-50.00","PSS BIDOR","","Standalone","","","31 May 2018"
"23/05/2018 14:29","Purchase","'70838153003423652","WXR11","","PRIMAX 95","Billed","1.37","3.00","PSS BIDOR TAPAH","","Standalone","","","31 May 2018"
"19/05/2018 13:22","Purchase","'70838153003423652","WXR11","","PRIMAX 95","Billed","22.73","50.00","PSS BIDOR TAPAH","","Standalone","","","31 May 2018"
"19/05/2018 13:20","Reload","'70838153003423652","WXR11","","","Billed","","-50.00","PSS BIDOR TAPAH","","Standalone","","","31 May 2018"