"Date Time","Transaction Type","Card Number","Vehicle Number","Driver Card Number","Product Type","Billing Type","Transaction Volume (Litres)","Transaction Amount (RM)","Station Name","Odometer","Card Type","Cost Centre","Cost Centre Name","Statement Month"
"26/05/2018 23:05","Purchase","'70838153003499231","WXR451","","PRIMAX 95","Billed","54.55","120.00","PSS ANY JALAN KIM CHUAN","","Standalone","","","31 May 2018"
"22/05/2018 14:52","Reload","'70838153003499231","WXR451","","","Billed","","-300.00","PSS SUNGAI JATI ARAH KLANG","","Standalone","","","31 May 2018"
"21/05/2018 15:17","Purchase","'70838153003499231","WXR451","","PRIMAX 95","Billed","22.73","50.00","PSS SUNGAI JATI ARAH KLANG","","Standalone","","","31 May 2018"
"20/05/2018 14:12","Purchase","'70838153003499231","WXR451","","PRIMAX 95","Billed","54.63","120.18","PSS SUNGAI JATI ARAH KLANG","","Standalone","","","31 May 2018"
"18/05/2018 19:21","Purchase","'70838153003499231","WXR451","","PRIMAX 95","Billed","31.82","70.00","PSS KESAS ARAH KELANG","","Standalone","","","31 May 2018"
"15/05/2018 15:26","Purchase","'70838153003499231","WXR451","","PRIMAX 95","Billed","22.73","50.00","PSS SUNGAI JATI ARAH KLANG","","Standalone","","","31 May 2018"
"15/05/2018 15:23","Reload","'70838153003499231","WXR451","","","Billed","","-300.00","PSS SUNGAI JATI ARAH KLANG","","Standalone","","","31 May 2018"
"13/05/2018 18:23","Purchase","'70838153003499231","WXR451","","PRIMAX 95","Billed","35.16","77.34","PSS ANY JALAN KIM CHUAN","","Standalone","","","31 May 2018"
"09/05/2018 13:07","Purchase","'70838153003499231","WXR451","","PRIMAX 95","Billed","45.03","99.07","PSS ANY JALAN KIM CHUAN","","Standalone","","","31 May 2018"
"04/05/2018 15:40","Purchase","'70838153003499231","WXR451","","PRIMAX 95","Billed","52.28","115.02","PSS SUNGAI JATI ARAH KLANG","","Standalone","","","31 May 2018"
"02/05/2018 14:47","Purchase","'70838153003499231","WXR451","","PRIMAX 95","Billed","31.82","70.00","PSS KESAS ARAH SUBANG","","Standalone","","","31 May 2018"