"Date Time","Transaction Type","Card Number","Vehicle Number","Driver Card Number","Product Type","Billing Type","Transaction Volume (Litres)","Transaction Amount (RM)","Station Name","Odometer","Card Type","Cost Centre","Cost Centre Name","Statement Month"
"29/05/2018 01:43","Purchase","'70838153003666615","WXR2001","","Diesel","Billed","62.16","135.51","PSS ULU BERNAM","","Standalone","","","31 May 2018"
"28/05/2018 05:16","Purchase","'70838153003666615","WXR2001","","Diesel","Billed","77.61","169.19","PSS PERDA BUKIT MERTAJAM","","Standalone","","","31 May 2018"
"27/05/2018 21:47","Purchase","'70838153003666615","WXR2001","","Diesel","Billed","34.42","75.03","PSS JALAN PLUMBUM","","Standalone","","","31 May 2018"
"25/05/2018 12:17","Purchase","'70838153003666615","WXR2001","","Diesel","Billed","56.89","124.01","PSS NKVE HIGHWAY","","Standalone","","","31 May 2018"
"21/05/2018 15:40","Purchase","'70838153003666615","WXR2001","","Diesel","Billed","61.64","134.37","PSS TAMAN MELATI","166583","Standalone","","","31 May 2018"
"21/05/2018 09:56","Purchase","'70838153003666615","WXR2001","","Diesel","Billed","9.12","19.88","PSS JALAN PLUMBUM","166521","Standalone","","","31 May 2018"
"18/05/2018 11:43","Purchase","'70838153003666615","WXR2001","","Diesel","Billed","62.99","137.32","PSS RAWAT & REHAT(S) KL- SEREMBAN","","Standalone","","","31 May 2018"
"17/05/2018 14:59","Purchase","'70838153003666615","WXR2001","","Diesel","Billed","66.06","144.02","PSS LEBOH AMJ SEMABOK","","Standalone","","","31 May 2018"
"16/05/2018 20:01","Purchase","'70838153003666615","WXR2001","","Diesel","Billed","63.16","137.68","PSS BANDAR KERAYONG","","Standalone","","","31 May 2018"
"16/05/2018 10:48","Purchase","'70838153003666615","WXR2001","","Diesel","Billed","58.55","127.63","PSS KAMPUNG AWAH","","Standalone","","","31 May 2018"
"15/05/2018 21:27","Purchase","'70838153003666615","WXR2001","","Diesel","Billed","73.16","159.50","PSS AIR KEROH RSA NORTH BOUND","","Standalone","","","31 May 2018"
"15/05/2018 15:22","Purchase","'70838153003666615","WXR2001","","Diesel","Billed","59.60","129.92","PSS PUTRI WANGSA","","Standalone","","","31 May 2018"
"15/05/2018 00:58","Purchase","'70838153003666615","WXR2001","","Diesel","Billed","66.03","143.94","PSS AIR KEROH RSA SOUTH BOUND","","Standalone","","","31 May 2018"
"14/05/2018 07:58","Purchase","'70838153003666615","WXR2001","","Diesel","Billed","60.67","132.25","PSS JALAN PLUMBUM","","Standalone","","","31 May 2018"
"10/05/2018 13:38","Purchase","'70838153003666615","WXR2001","","Diesel","Billed","59.60","129.92","PSS TASEK","163278","Standalone","","","31 May 2018"
"10/05/2018 05:50","Purchase","'70838153003666615","WXR2001","","Diesel","Billed","53.51","116.66","PSS ELITE HIGHWAY","162998","Standalone","","","31 May 2018"
"03/05/2018 14:57","Purchase","'70838153003666615","WXR2001","","Diesel","Billed","68.16","148.59","PSS LEBUHRAYA SILK","","Standalone","","","31 May 2018"
"02/05/2018 17:03","Reload","'70838153003666615","WXR2001","","","Billed","","-855.00","PSS JALAN PLUMBUM","","Standalone","","","31 May 2018"