"Date Time","Transaction Type","Card Number","Vehicle Number","Driver Card Number","Product Type","Billing Type","Transaction Volume (Litres)","Transaction Amount (RM)","Station Name","Odometer","Card Type","Cost Centre","Cost Centre Name","Statement Month"
"30/05/2018 14:03","Purchase","'70838153003497458","WXR842","","PRIMAX 95","Billed","9.09","20.00","PSS JLN KELAB CINTA SAYANG","20","Standalone","","","31 May 2018"
"30/05/2018 14:01","Reload","'70838153003497458","WXR842","","","Billed","","-20.00","PSS JLN KELAB CINTA SAYANG","","Standalone","","","31 May 2018"
"24/05/2018 14:24","Purchase","'70838153003497458","WXR842","","PRIMAX 95","Billed","9.09","20.00","PSS JLN KELAB CINTA SAYANG","20","Standalone","","","31 May 2018"
"24/05/2018 14:22","Reload","'70838153003497458","WXR842","","","Billed","","-20.00","PSS JLN KELAB CINTA SAYANG","","Standalone","","","31 May 2018"
"18/05/2018 14:29","Purchase","'70838153003497458","WXR842","","PRIMAX 95","Billed","9.09","20.00","PSS JLN KELAB CINTA SAYANG","20","Standalone","","","31 May 2018"
"18/05/2018 14:28","Reload","'70838153003497458","WXR842","","","Billed","","-20.00","PSS JLN KELAB CINTA SAYANG","","Standalone","","","31 May 2018"
"14/05/2018 10:15","Purchase","'70838153003497458","WXR842","","PRIMAX 95","Billed","9.09","20.00","PSS JLN KELAB CINTA SAYANG","20","Standalone","","","31 May 2018"
"14/05/2018 10:14","Reload","'70838153003497458","WXR842","","","Billed","","-20.00","PSS JLN KELAB CINTA SAYANG","","Standalone","","","31 May 2018"
"10/05/2018 14:12","Purchase","'70838153003497458","WXR842","","PRIMAX 95","Billed","9.09","20.00","PSS TAMAN RIA SG PETANI","20","Standalone","","","31 May 2018"
"10/05/2018 14:11","Reload","'70838153003497458","WXR842","","","Billed","","-20.00","PSS TAMAN RIA SG PETANI","","Standalone","","","31 May 2018"
"05/05/2018 14:50","Purchase","'70838153003497458","WXR842","","PRIMAX 95","Billed","9.09","20.00","PSS JLN KELAB CINTA SAYANG","20","Standalone","","","31 May 2018"
"05/05/2018 14:48","Reload","'70838153003497458","WXR842","","","Billed","","-20.00","PSS JLN KELAB CINTA SAYANG","","Standalone","","","31 May 2018"
"04/05/2018 10:06","Purchase","'70838153003497458","WXR842","","PRIMAX 95","Billed","9.09","20.00","PSS JLN KELAB CINTA SAYANG","20","Standalone","","","31 May 2018"
"04/05/2018 10:02","Reload","'70838153003497458","WXR842","","","Billed","","-10.00","PSS JLN KELAB CINTA SAYANG","","Standalone","","","31 May 2018"