"Date Time","Transaction Type","Card Number","Vehicle Number","Driver Card Number","Product Type","Billing Type","Transaction Volume (Litres)","Transaction Amount (RM)","Station Name","Odometer","Card Type","Cost Centre","Cost Centre Name","Statement Month"
"30/05/2018 23:08","Purchase","'70838153003501978","WXR739","","PRIMAX 95","Billed","13.05","28.70","PSS BANDAR SERI PUTRA","","Standalone","","","31 May 2018"
"26/05/2018 16:16","Purchase","'70838153003501978","WXR739","","PRIMAX 97","Billed","34.66","85.60","PSS SEKSYEN 16 BANDAR BARU BANGI","","Standalone","","","31 May 2018"
"24/05/2018 13:13","Purchase","'70838153003501978","WXR739","","PRIMAX 97","Billed","30.29","74.80","PSS CHENDERING","","Standalone","","","31 May 2018"
"24/05/2018 13:11","Reload","'70838153003501978","WXR739","","","Billed","","-100.00","PSS CHENDERING","","Standalone","","","31 May 2018"
"23/05/2018 09:19","Purchase","'70838153003501978","WXR739","","PRIMAX 97","Billed","49.96","123.40","PSS LOT 4783 BUKIT JALIL","","Standalone","","","31 May 2018"
"23/05/2018 09:16","Reload","'70838153003501978","WXR739","","","Billed","","-150.00","PSS LOT 4783 BUKIT JALIL","","Standalone","","","31 May 2018"
"21/05/2018 18:55","Purchase","'70838153003501978","WXR739","","PRIMAX 95","Billed","20.00","44.00","PSS SECT 15 BB BANGI","","Standalone","","","31 May 2018"
"21/05/2018 18:50","Reload","'70838153003501978","WXR739","","","Billed","","-100.00","PSS SECT 15 BB BANGI","","Standalone","","","31 May 2018"
"21/05/2018 12:20","Purchase","'70838153003501978","WXR739","","PRIMAX 95","Billed","20.00","44.00","PSS LOT 4783 BUKIT JALIL","","Standalone","","","31 May 2018"
"21/05/2018 12:18","Reload","'70838153003501978","WXR739","","","Billed","","-50.00","PSS LOT 4783 BUKIT JALIL","","Standalone","","","31 May 2018"
"20/05/2018 14:02","Purchase","'70838153003501978","WXR739","","PRIMAX 95","Billed","20.01","44.02","PSS JALAN COCHRANE","","Standalone","","","31 May 2018"
"19/05/2018 09:23","Purchase","'70838153003501978","WXR739","","PRIMAX 97","Billed","33.00","81.51","PSS LOT 4783 BUKIT JALIL","","Standalone","","","31 May 2018"
"19/05/2018 09:23","Purchase","'70838153003501978","WXR739","","PRIMAX 97","Un-billed","33.00","81.51","PSS LOT 4783 BUKIT JALIL","","Standalone","","","Unbilled Transaction"
"19/05/2018 09:19","Reload","'70838153003501978","WXR739","","","Billed","","-100.00","PSS LOT 4783 BUKIT JALIL","","Standalone","","","31 May 2018"
"16/05/2018 10:51","Purchase","'70838153003501978","WXR739","","PRIMAX 97","Billed","20.01","49.42","PSS LOT 4783 BUKIT JALIL","","Standalone","","","31 May 2018"
"15/05/2018 22:12","Purchase","'70838153003501978","WXR739","","PRIMAX 95","Billed","10.00","22.00","PSS BANDAR SERI PUTRA","","Standalone","","","31 May 2018"
"15/05/2018 22:10","Reload","'70838153003501978","WXR739","","","Billed","","-100.00","PSS BANDAR SERI PUTRA","","Standalone","","","31 May 2018"
"14/05/2018 15:21","Purchase","'70838153003501978","WXR739","","PRIMAX 95","Billed","18.17","39.98","PSS SKVE","","Standalone","","","31 May 2018"
"14/05/2018 10:04","Purchase","'70838153003501978","WXR739","","PRIMAX 95","Billed","10.00","22.01","PSS BANDAR BARU AIR HITAM","","Standalone","","","31 May 2018"
"14/05/2018 10:02","Reload","'70838153003501978","WXR739","","","Billed","","-50.00","PSS BANDAR BARU AIR HITAM","","Standalone","","","31 May 2018"
"13/05/2018 16:45","Purchase","'70838153003501978","WXR739","","PRIMAX 95","Billed","20.00","44.01","PSS PARIT YAANI","","Standalone","","","31 May 2018"
"13/05/2018 08:57","Purchase","'70838153003501978","WXR739","","PRIMAX 95","Billed","20.00","44.00","PSS SEK 3 BANDAR BARU BANGI","","Standalone","","","31 May 2018"
"13/05/2018 08:56","Reload","'70838153003501978","WXR739","","","Billed","","-100.00","PSS SEK 3 BANDAR BARU BANGI","","Standalone","","","31 May 2018"
"11/05/2018 10:23","Purchase","'70838153003501978","WXR739","","PRIMAX 97","Billed","21.47","53.03","PSS SUNGAI MERAB KAJANG","","Standalone","","","31 May 2018"
"11/05/2018 10:22","Reload","'70838153003501978","WXR739","","","Billed","","-50.00","PSS SUNGAI MERAB KAJANG","","Standalone","","","31 May 2018"
"06/05/2018 10:34","Purchase","'70838153003501978","WXR739","","PRIMAX 97","Billed","31.40","77.56","PSS SEK 3 BANDAR BARU BANGI","","Standalone","","","31 May 2018"
"06/05/2018 10:33","Reload","'70838153003501978","WXR739","","","Billed","","-50.00","PSS SEK 3 BANDAR BARU BANGI","","Standalone","","","31 May 2018"
"02/05/2018 17:34","Purchase","'70838153003501978","WXR739","","PRIMAX 97","Billed","45.11","111.41","PSS TAMAN SETIAWANGSA","","Standalone","","","31 May 2018"
"02/05/2018 17:32","Reload","'70838153003501978","WXR739","","","Billed","","-100.00","PSS TAMAN SETIAWANGSA","","Standalone","","","31 May 2018"