"Date Time","Transaction Type","Card Number","Vehicle Number","Driver Card Number","Product Type","Billing Type","Transaction Volume (Litres)","Transaction Amount (RM)","Station Name","Odometer","Card Type","Cost Centre","Cost Centre Name","Statement Month"
"30/05/2018 11:34","Purchase","'70838153003496070","WXR348","","PRIMAX 95","Billed","22.73","50.00","PSS KERTEH 2","999","Standalone","","","31 May 2018"
"30/05/2018 11:32","Reload","'70838153003496070","WXR348","","","Billed","","-50.00","PSS KERTEH 2","","Standalone","","","31 May 2018"
"29/05/2018 22:56","Purchase","'70838153003496070","WXR348","","PRIMAX 95","Billed","22.73","50.00","PSS BINJAI","999","Standalone","","","31 May 2018"
"29/05/2018 22:54","Reload","'70838153003496070","WXR348","","","Billed","","-50.00","PSS BINJAI","","Standalone","","","31 May 2018"
"26/05/2018 17:46","Purchase","'70838153003496070","WXR348","","PRIMAX 95","Billed","31.82","70.00","PSS KERTEH 2","999","Standalone","","","31 May 2018"
"26/05/2018 17:44","Reload","'70838153003496070","WXR348","","","Billed","","-70.00","PSS KERTEH 2","","Standalone","","","31 May 2018"
"23/05/2018 12:20","Purchase","'70838153003496070","WXR348","","Diesel","Billed","22.94","50.00","PSS KERTEH 2","999","Standalone","","","31 May 2018"
"23/05/2018 08:15","Purchase","'70838153003496070","WXR348","","PRIMAX 95","Billed","22.73","50.00","PSS KERTEH 2","999","Standalone","","","31 May 2018"
"23/05/2018 08:13","Reload","'70838153003496070","WXR348","","","Billed","","-100.00","PSS KERTEH 2","","Standalone","","","31 May 2018"
"21/05/2018 15:09","Purchase","'70838153003496070","WXR348","","PRIMAX 95","Billed","22.73","50.00","PSS RANTAU PETRONAS","999","Standalone","","","31 May 2018"
"20/05/2018 10:00","Purchase","'70838153003496070","WXR348","","PRIMAX 95","Billed","22.73","50.00","PSS KUANTAN DAMANSARA","999","Standalone","","","31 May 2018"
"20/05/2018 09:58","Reload","'70838153003496070","WXR348","","","Billed","","-100.00","PSS KUANTAN DAMANSARA","","Standalone","","","31 May 2018"
"19/05/2018 12:38","Purchase","'70838153003496070","WXR348","","PRIMAX 95","Billed","22.73","50.00","PSS BINJAI","999","Standalone","","","31 May 2018"
"17/05/2018 17:01","Purchase","'70838153003496070","WXR348","","PRIMAX 95","Billed","22.73","50.00","PSS KERTEH 2","999","Standalone","","","31 May 2018"
"17/05/2018 17:00","Reload","'70838153003496070","WXR348","","","Billed","","-100.00","PSS KERTEH 2","","Standalone","","","31 May 2018"
"17/05/2018 09:26","Purchase","'70838153003496070","WXR348","","PRIMAX 95","Billed","22.73","50.00","PSS PERMATANG BADAK","999","Standalone","","","31 May 2018"
"16/05/2018 12:23","Purchase","'70838153003496070","WXR348","","PRIMAX 95","Billed","22.73","50.00","PSS KUANTAN DAMANSARA","999","Standalone","","","31 May 2018"
"16/05/2018 12:21","Reload","'70838153003496070","WXR348","","","Billed","","-100.00","PSS KUANTAN DAMANSARA","","Standalone","","","31 May 2018"
"16/05/2018 07:22","Purchase","'70838153003496070","WXR348","","PRIMAX 95","Billed","22.73","50.00","PSS AWANA KIJAL","999","Standalone","","","31 May 2018"
"15/05/2018 12:30","Purchase","'70838153003496070","WXR348","","PRIMAX 95","Billed","22.73","50.00","PSS KUANTAN DAMANSARA","999","Standalone","","","31 May 2018"
"15/05/2018 12:28","Reload","'70838153003496070","WXR348","","","Billed","","-100.00","PSS KUANTAN DAMANSARA","","Standalone","","","31 May 2018"
"14/05/2018 18:25","Purchase","'70838153003496070","WXR348","","PRIMAX 95","Billed","22.73","50.00","PSS TOK JIRING","999","Standalone","","","31 May 2018"
"14/05/2018 18:24","Reload","'70838153003496070","WXR348","","","Billed","","-50.00","PSS TOK JIRING","","Standalone","","","31 May 2018"
"14/05/2018 08:26","Purchase","'70838153003496070","WXR348","","PRIMAX 95","Billed","22.73","50.00","PSS AWANA KIJAL","999","Standalone","","","31 May 2018"
"13/05/2018 10:26","Purchase","'70838153003496070","WXR348","","PRIMAX 95","Billed","22.73","50.00","PSS KERTEH 2","999","Standalone","","","31 May 2018"
"13/05/2018 10:24","Reload","'70838153003496070","WXR348","","","Billed","","-100.00","PSS KERTEH 2","","Standalone","","","31 May 2018"
"10/05/2018 11:53","Purchase","'70838153003496070","WXR348","","PRIMAX 95","Billed","29.93","65.85","PSS KERTEH 2","999","Standalone","","","31 May 2018"
"10/05/2018 11:51","Reload","'70838153003496070","WXR348","","","Billed","","-50.00","PSS KERTEH 2","","Standalone","","","31 May 2018"