"Date Time","Transaction Type","Card Number","Vehicle Number","Driver Card Number","Product Type","Billing Type","Transaction Volume (Litres)","Transaction Amount (RM)","Station Name","Odometer","Card Type","Cost Centre","Cost Centre Name","Statement Month"
"29/05/2018 12:47","Purchase","'70838153003424726","WXR133","","Diesel","Billed","18.35","40.00","PSS MERLIMAU","111","Standalone","","","31 May 2018"
"29/05/2018 12:46","Reload","'70838153003424726","WXR133","","","Billed","","-50.00","PSS MERLIMAU","","Standalone","","","31 May 2018"
"20/05/2018 23:31","Purchase","'70838153003424726","WXR133","","PRIMAX 95","Billed","6.82","15.00","PSS MERLIMAU","1130","Standalone","","","31 May 2018"
"19/05/2018 15:02","Purchase","'70838153003424726","WXR133","","Diesel","Billed","13.76","30.00","PSS SUNGAI RAMBAI","211","Standalone","","","31 May 2018"
"19/05/2018 15:00","Reload","'70838153003424726","WXR133","","","Billed","","-50.00","PSS SUNGAI RAMBAI","","Standalone","","","31 May 2018"
"07/05/2018 11:34","Purchase","'70838153003424726","WXR133","","Diesel","Billed","13.76","30.00","PSS SUNGAI RAMBAI","222","Standalone","","","31 May 2018"