"Date Time","Transaction Type","Card Number","Vehicle Number","Driver Card Number","Product Type","Billing Type","Transaction Volume (Litres)","Transaction Amount (RM)","Station Name","Odometer","Card Type","Cost Centre","Cost Centre Name","Statement Month"
"28/05/2018 07:04","Purchase","'70838153003423744","WXR15","","PRIMAX 97","Billed","2.89","7.13","PSS GERIK","","Standalone","","","31 May 2018"
"20/05/2018 18:04","Purchase","'70838153003423744","WXR15","","PRIMAX 97","Billed","16.20","40.00","PSS GERIK","","Standalone","","","31 May 2018"
"14/05/2018 11:44","Purchase","'70838153003423744","WXR15","","PRIMAX 97","Billed","2.92","7.21","PSS GERIK","","Standalone","","","31 May 2018"
"14/05/2018 11:41","Reload","'70838153003423744","WXR15","","","Billed","","-300.00","PSS GERIK","","Standalone","","","31 May 2018"
"08/05/2018 18:21","Purchase","'70838153003423744","WXR15","","PRIMAX 97","Billed","33.40","82.49","PSS GERIK","","Standalone","","","31 May 2018"