"Date Time","Transaction Type","Card Number","Vehicle Number","Driver Card Number","Product Type","Billing Type","Transaction Volume (Litres)","Transaction Amount (RM)","Station Name","Odometer","Card Type","Cost Centre","Cost Centre Name","Statement Month"
"30/05/2018 13:16","Purchase","'70838153003581491","WXR1098","","PRIMAX 95","Billed","13.04","30.00","PSS TTDI","","Standalone","","","31 May 2018"
"30/05/2018 13:14","Reload","'70838153003581491","WXR1098","","","Billed","","-150.00","PSS TTDI","","Standalone","","","31 May 2018"
"16/05/2018 14:05","Purchase","'70838153003581491","WXR1098","","PRIMAX 95","Billed","57.76","127.07","PSS TTDI","","Standalone","","","31 May 2018"
"16/05/2018 14:02","Reload","'70838153003581491","WXR1098","","","Billed","","-100.00","PSS TTDI","","Standalone","","","31 May 2018"
"11/05/2018 18:27","Purchase","'70838153003581491","WXR1098","","PRIMAX 95","Billed","52.36","115.19","PSS BRICKFIELDS","","Standalone","","","31 May 2018"
"09/05/2018 10:16","Purchase","'70838153003581491","WXR1098","","PRIMAX 95","Billed","31.47","69.24","PSS BRICKFIELDS","","Standalone","","","31 May 2018"
"06/05/2018 14:30","Reload","'70838153003581491","WXR1098","","","Billed","","-100.00","PSS BRICKFIELDS","","Standalone","","","31 May 2018"
"06/05/2018 14:25","Purchase","'70838153003581491","WXR1098","","PRIMAX 95","Billed","57.76","127.07","PSS BRICKFIELDS","","Standalone","","","31 May 2018"
"03/05/2018 11:32","Purchase","'70838153003581491","WXR1098","","PRIMAX 95","Billed","42.73","94.00","PSS SEK 17 SUBANG JAYA","","Standalone","","","31 May 2018"
"03/05/2018 11:29","Reload","'70838153003581491","WXR1098","","","Billed","","-300.00","PSS SEK 17 SUBANG JAYA","","Standalone","","","31 May 2018"