"Date Time","Transaction Type","Card Number","Vehicle Number","Driver Card Number","Product Type","Billing Type","Transaction Volume (Litres)","Transaction Amount (RM)","Station Name","Odometer","Card Type","Cost Centre","Cost Centre Name","Statement Month"
"31/05/2018 12:49","Purchase","'70838153003582275","WXR1151","","PRIMAX 95","Billed","13.64","30.00","PSS BUKIT ANTARABANGSA","","Standalone","","","31 May 2018"
"31/05/2018 12:47","Reload","'70838153003582275","WXR1151","","","Billed","","-100.00","PSS BUKIT ANTARABANGSA","","Standalone","","","31 May 2018"
"30/05/2018 13:05","Purchase","'70838153003582275","WXR1151","","PRIMAX 95","Billed","40.91","89.99","PSS BUKIT ANTARABANGSA","","Standalone","","","31 May 2018"
"26/05/2018 16:07","Purchase","'70838153003582275","WXR1151","","PRIMAX 95","Billed","50.00","110.01","PSS BUKIT ANTARABANGSA","","Standalone","","","31 May 2018"
"26/05/2018 16:05","Reload","'70838153003582275","WXR1151","","","Billed","","-200.00","PSS BUKIT ANTARABANGSA","","Standalone","","","31 May 2018"
"25/05/2018 17:57","Purchase","'70838153003582275","WXR1151","","PRIMAX 95","Billed","17.01","37.42","PSS BUKIT ANTARABANGSA","","Standalone","","","31 May 2018"
"19/05/2018 17:40","Purchase","'70838153003582275","WXR1151","","PRIMAX 95","Billed","10.18","22.39","PSS BATU 5 GOMBAK","","Standalone","","","31 May 2018"
"17/05/2018 09:10","Purchase","'70838153003582275","WXR1151","","PRIMAX 95","Billed","18.27","40.19","PSS BUKIT ANTARABANGSA","","Standalone","","","31 May 2018"
"17/05/2018 09:09","Reload","'70838153003582275","WXR1151","","","Billed","","-100.00","PSS BUKIT ANTARABANGSA","","Standalone","","","31 May 2018"
"14/05/2018 23:00","Purchase","'70838153003582275","WXR1151","","PRIMAX 95","Billed","37.97","83.54","PSS BUKIT ANTARABANGSA","","Standalone","","","31 May 2018"
"14/05/2018 16:08","Purchase","'70838153003582275","WXR1151","","PRIMAX 95","Billed","10.00","22.00","PSS TAMAN MELATI","","Standalone","","","31 May 2018"
"11/05/2018 16:29","Purchase","'70838153003582275","WXR1151","","PRIMAX 95","Billed","42.94","94.46","PSS BUKIT ANTARABANGSA","","Standalone","","","31 May 2018"
"11/05/2018 16:22","Reload","'70838153003582275","WXR1151","","","Billed","","-200.00","PSS BUKIT ANTARABANGSA","","Standalone","","","31 May 2018"
"10/05/2018 19:05","Purchase","'70838153003582275","WXR1151","","PRIMAX 95","Billed","31.01","68.21","PSS BUKIT ANTARABANGSA","","Standalone","","","31 May 2018"
"08/05/2018 16:33","Purchase","'70838153003582275","WXR1151","","PRIMAX 95","Billed","13.71","30.16","PSS SALAK SOUTH","","Standalone","","","31 May 2018"
"04/05/2018 08:05","Purchase","'70838153003582275","WXR1151","","PRIMAX 95","Billed","0.74","1.63","PSS BUKIT ANTARABANGSA","","Standalone","","","31 May 2018"
"04/05/2018 08:04","Reload","'70838153003582275","WXR1151","","","Billed","","-100.00","PSS BUKIT ANTARABANGSA","","Standalone","","","31 May 2018"
"04/05/2018 08:02","Purchase","'70838153003582275","WXR1151","","PRIMAX 95","Billed","8.46","18.61","PSS BUKIT ANTARABANGSA","","Standalone","","","31 May 2018"