"Date Time","Transaction Type","Card Number","Vehicle Number","Driver Card Number","Product Type","Billing Type","Transaction Volume (Litres)","Transaction Amount (RM)","Station Name","Odometer","Card Type","Cost Centre","Cost Centre Name","Statement Month"
"19/05/2018 22:34","Purchase","'70838153003676598","WXR 2201","","PRIMAX 95","Billed","22.73","50.00","PSS BDR UTAMA BATANG KALI","","Standalone","","","31 May 2018"
"19/05/2018 22:33","Reload","'70838153003676598","WXR 2201","","","Billed","","-50.00","PSS BDR UTAMA BATANG KALI","","Standalone","","","31 May 2018"
"13/05/2018 12:26","Purchase","'70838153003676598","WXR 2201","","PRIMAX 95","Billed","22.73","50.00","PSS TAMAN BERSATU RAWANG","","Standalone","","","31 May 2018"
"13/05/2018 12:25","Reload","'70838153003676598","WXR 2201","","","Billed","","-50.00","PSS TAMAN BERSATU RAWANG","","Standalone","","","31 May 2018"
"06/05/2018 10:36","Purchase","'70838153003676598","WXR 2201","","PRIMAX 95","Billed","31.93","70.25","PSS TAMAN BERSATU RAWANG","","Standalone","","","31 May 2018"
"06/05/2018 10:35","Reload","'70838153003676598","WXR 2201","","","Billed","","-50.00","PSS TAMAN BERSATU RAWANG","","Standalone","","","31 May 2018"