"Date Time","Transaction Type","Card Number","Vehicle Number","Driver Card Number","Product Type","Billing Type","Transaction Volume (Litres)","Transaction Amount (RM)","Station Name","Odometer","Card Type","Cost Centre","Cost Centre Name","Statement Month"
"31/05/2018 18:27","Purchase","'70838153003423173","WXR91","","PRIMAX 95","Billed","22.73","50.00","PSS AYER TAWAR","","Standalone","","","31 May 2018"
"31/05/2018 18:26","Reload","'70838153003423173","WXR91","","","Billed","","-50.00","PSS AYER TAWAR","","Standalone","","","31 May 2018"
"16/05/2018 21:56","Purchase","'70838153003423173","WXR91","","PRIMAX 95","Billed","13.64","30.00","PSS JALAN SIMPANG TAIPING","","Standalone","","","31 May 2018"
"16/05/2018 21:55","Reload","'70838153003423173","WXR91","","","Billed","","-50.00","PSS JALAN SIMPANG TAIPING","","Standalone","","","31 May 2018"
"10/05/2018 16:01","Purchase","'70838153003423173","WXR91","","PRIMAX 95","Billed","18.18","40.00","PSS PEKAN SIMPANG TAIPING","","Standalone","","","31 May 2018"
"10/05/2018 15:59","Reload","'70838153003423173","WXR91","","","Billed","","-40.00","PSS PEKAN SIMPANG TAIPING","","Standalone","","","31 May 2018"