"Date Time","Transaction Type","Card Number","Vehicle Number","Driver Card Number","Product Type","Billing Type","Transaction Volume (Litres)","Transaction Amount (RM)","Station Name","Odometer","Card Type","Cost Centre","Cost Centre Name","Statement Month"
"28/05/2018 22:19","Purchase","'70838153003423157","WXR93","","PRIMAX 95","Billed","53.95","118.68","PSS TAMAN CEMPAKA","","Standalone","","","31 May 2018"
"28/05/2018 06:38","Purchase","'70838153003423157","WXR93","","PRIMAX 95","Billed","22.73","50.00","PSS SEK 3 BANDAR BARU BANGI","","Standalone","","","31 May 2018"
"28/05/2018 06:36","Purchase","'70838153003423157","WXR93","","PRIMAX 95","Billed","30.03","66.07","PSS SEK 3 BANDAR BARU BANGI","","Standalone","","","31 May 2018"
"28/05/2018 06:34","Reload","'70838153003423157","WXR93","","","Billed","","-300.00","PSS SEK 3 BANDAR BARU BANGI","","Standalone","","","31 May 2018"
"24/05/2018 09:32","Purchase","'70838153003423157","WXR93","","PRIMAX 95","Billed","44.84","98.64","PSS NPE TAMAN DESA","","Standalone","","","31 May 2018"
"20/05/2018 13:48","Purchase","'70838153003423157","WXR93","","PRIMAX 95","Billed","31.82","70.00","PSS SECT 15 BB BANGI","","Standalone","","","31 May 2018"
"18/05/2018 06:34","Purchase","'70838153003423157","WXR93","","PRIMAX 95","Billed","22.29","49.04","PSS SEK 3 BANDAR BARU BANGI","","Standalone","","","31 May 2018"
"18/05/2018 06:33","Reload","'70838153003423157","WXR93","","","Billed","","-150.00","PSS SEK 3 BANDAR BARU BANGI","","Standalone","","","31 May 2018"
"14/05/2018 18:05","Purchase","'70838153003423157","WXR93","","PRIMAX 95","Billed","45.46","100.00","PSS SECT 15 BB BANGI","65255","Standalone","","","31 May 2018"
"14/05/2018 18:01","Reload","'70838153003423157","WXR93","","","Billed","","-100.00","PSS SECT 15 BB BANGI","","Standalone","","","31 May 2018"
"13/05/2018 12:34","Purchase","'70838153003423157","WXR93","","PRIMAX 95","Billed","27.34","60.15","PSS SEK 3 BANDAR BARU BANGI","","Standalone","","","31 May 2018"