"Date Time","Transaction Type","Card Number","Vehicle Number","Driver Card Number","Product Type","Billing Type","Transaction Volume (Litres)","Transaction Amount (RM)","Station Name","Odometer","Card Type","Cost Centre","Cost Centre Name","Statement Month"
"27/05/2018 16:49","Reload","'70838153003424270","WXR294","","","Billed","","-40.00","PSS AMPANG PERMAI","","Standalone","","","31 May 2018"
"27/05/2018 16:44","Purchase","'70838153003424270","WXR294","","PRIMAX 95","Billed","9.09","20.00","PSS AMPANG PERMAI","","Standalone","","","31 May 2018"
"20/05/2018 19:00","Purchase","'70838153003424270","WXR294","","PRIMAX 95","Billed","13.64","30.00","PSS BUKIT NANDING","","Standalone","","","31 May 2018"
"20/05/2018 18:59","Reload","'70838153003424270","WXR294","","","Billed","","-50.00","PSS BUKIT NANDING","","Standalone","","","31 May 2018"
"19/05/2018 12:48","Purchase","'70838153003424270","WXR294","","PRIMAX 95","Billed","9.84","21.64","PSS BUKIT NANDING","","Standalone","","","31 May 2018"
"13/05/2018 23:08","Purchase","'70838153003424270","WXR294","","PRIMAX 95","Billed","13.64","30.00","PSS BUKIT NANDING","","Standalone","","","31 May 2018"
"13/05/2018 23:07","Reload","'70838153003424270","WXR294","","","Billed","","-50.00","PSS BUKIT NANDING","","Standalone","","","31 May 2018"
"08/05/2018 21:52","Purchase","'70838153003424270","WXR294","","PRIMAX 95","Billed","11.36","25.00","PSS KESAS ARAH SUBANG","","Standalone","","","31 May 2018"
"04/05/2018 19:36","Purchase","'70838153003424270","WXR294","","PRIMAX 95","Billed","11.36","25.00","PSS BUKIT KEMUNING 2","","Standalone","","","31 May 2018"
"04/05/2018 19:33","Reload","'70838153003424270","WXR294","","","Billed","","-50.00","PSS BUKIT KEMUNING 2","","Standalone","","","31 May 2018"