"Date Time","Transaction Type","Card Number","Vehicle Number","Driver Card Number","Product Type","Billing Type","Transaction Volume (Litres)","Transaction Amount (RM)","Station Name","Odometer","Card Type","Cost Centre","Cost Centre Name","Statement Month"
"30/05/2018 22:11","Purchase","'70838153003497276","WXR586","","PRIMAX 95","Billed","27.27","60.00","PSS BAYAN BARU","","Standalone","","","31 May 2018"
"30/05/2018 22:10","Reload","'70838153003497276","WXR586","","","Billed","","-60.00","PSS BAYAN BARU","","Standalone","","","31 May 2018"
"29/05/2018 14:26","Purchase","'70838153003497276","WXR586","","PRIMAX 95","Billed","27.27","60.00","PSS BAYAN BARU","","Standalone","","","31 May 2018"
"29/05/2018 14:24","Reload","'70838153003497276","WXR586","","","Billed","","-60.00","PSS BAYAN BARU","","Standalone","","","31 May 2018"
"27/05/2018 21:44","Purchase","'70838153003497276","WXR586","","PRIMAX 95","Billed","27.27","60.00","PSS BAYAN BARU","","Standalone","","","31 May 2018"
"27/05/2018 21:42","Reload","'70838153003497276","WXR586","","","Billed","","-60.00","PSS BAYAN BARU","","Standalone","","","31 May 2018"
"26/05/2018 22:29","Purchase","'70838153003497276","WXR586","","PRIMAX 95","Billed","31.82","70.00","PSS JALAN MESJID NEGERI","","Standalone","","","31 May 2018"
"26/05/2018 22:26","Reload","'70838153003497276","WXR586","","","Billed","","-70.00","PSS JALAN MESJID NEGERI","","Standalone","","","31 May 2018"
"25/05/2018 17:18","Purchase","'70838153003497276","WXR586","","PRIMAX 95","Billed","27.27","60.00","PSS JALAN MESJID NEGERI","","Standalone","","","31 May 2018"
"25/05/2018 17:16","Reload","'70838153003497276","WXR586","","","Billed","","-60.00","PSS JALAN MESJID NEGERI","","Standalone","","","31 May 2018"
"22/05/2018 20:41","Purchase","'70838153003497276","WXR586","","PRIMAX 95","Billed","27.27","60.00","PSS BUKIT MINYAK","","Standalone","","","31 May 2018"
"22/05/2018 20:39","Reload","'70838153003497276","WXR586","","","Billed","","-50.00","PSS BUKIT MINYAK","","Standalone","","","31 May 2018"
"21/05/2018 17:46","Purchase","'70838153003497276","WXR586","","PRIMAX 95","Billed","22.73","50.00","PSS JALAN MESJID NEGERI","1","Standalone","","","31 May 2018"
"21/05/2018 17:44","Reload","'70838153003497276","WXR586","","","Billed","","-60.00","PSS JALAN MESJID NEGERI","","Standalone","","","31 May 2018"
"20/05/2018 12:27","Purchase","'70838153003497276","WXR586","","PRIMAX 95","Billed","22.64","49.81","PSS BAYAN BARU","","Standalone","","","31 May 2018"
"20/05/2018 12:26","Reload","'70838153003497276","WXR586","","","Billed","","-47.00","PSS BAYAN BARU","","Standalone","","","31 May 2018"
"18/05/2018 13:19","Purchase","'70838153003497276","WXR586","","PRIMAX 95","Billed","31.82","70.00","PSS BAYAN BARU","","Standalone","","","31 May 2018"
"18/05/2018 13:18","Reload","'70838153003497276","WXR586","","","Billed","","-60.00","PSS BAYAN BARU","","Standalone","","","31 May 2018"
"16/05/2018 12:48","Purchase","'70838153003497276","WXR586","","PRIMAX 95","Billed","27.27","60.00","PSS BATU FERINGGI","","Standalone","","","31 May 2018"
"16/05/2018 12:47","Reload","'70838153003497276","WXR586","","","Billed","","-60.00","PSS BATU FERINGGI","","Standalone","","","31 May 2018"
"15/05/2018 08:50","Purchase","'70838153003497276","WXR586","","PRIMAX 95","Billed","31.82","70.00","PSS BATU FERINGGI","1111","Standalone","","","31 May 2018"
"15/05/2018 08:47","Reload","'70838153003497276","WXR586","","","Billed","","-70.00","PSS BATU FERINGGI","","Standalone","","","31 May 2018"
"14/05/2018 10:37","Purchase","'70838153003497276","WXR586","","PRIMAX 95","Billed","27.27","60.00","PSS JLN PERUSAHAAN","","Standalone","","","31 May 2018"
"14/05/2018 10:36","Reload","'70838153003497276","WXR586","","","Billed","","-30.00","PSS JLN PERUSAHAAN","","Standalone","","","31 May 2018"
"14/05/2018 10:35","Reload","'70838153003497276","WXR586","","","Billed","","-20.00","PSS JLN PERUSAHAAN","","Standalone","","","31 May 2018"
"12/05/2018 10:44","Purchase","'70838153003497276","WXR586","","PRIMAX 95","Billed","27.27","60.00","PSS BAYAN BARU","","Standalone","","","31 May 2018"
"12/05/2018 10:42","Reload","'70838153003497276","WXR586","","","Billed","","-40.00","PSS BAYAN BARU","","Standalone","","","31 May 2018"
"10/05/2018 10:28","Purchase","'70838153003497276","WXR586","","PRIMAX 95","Billed","31.82","70.00","PSS BATU FERINGGI","","Standalone","","","31 May 2018"
"10/05/2018 10:28","Reload","'70838153003497276","WXR586","","","Billed","","-100.00","PSS BATU FERINGGI","","Standalone","","","31 May 2018"
"08/05/2018 21:44","Purchase","'70838153003497276","WXR586","","PRIMAX 95","Billed","27.27","60.00","PSS JALAN MESJID NEGERI","","Standalone","","","31 May 2018"
"08/05/2018 21:43","Reload","'70838153003497276","WXR586","","","Billed","","-60.00","PSS JALAN MESJID NEGERI","","Standalone","","","31 May 2018"
"07/05/2018 11:38","Purchase","'70838153003497276","WXR586","","PRIMAX 95","Billed","27.27","60.00","PSS BAYAN BARU","","Standalone","","","31 May 2018"
"07/05/2018 11:35","Reload","'70838153003497276","WXR586","","","Billed","","-60.00","PSS BAYAN BARU","","Standalone","","","31 May 2018"
"05/05/2018 17:09","Purchase","'70838153003497276","WXR586","","PRIMAX 95","Billed","45.46","100.00","PSS BAYAN BARU","","Standalone","","","31 May 2018"
"05/05/2018 17:07","Reload","'70838153003497276","WXR586","","","Billed","","-100.00","PSS BAYAN BARU","","Standalone","","","31 May 2018"