"Date Time","Transaction Type","Card Number","Vehicle Number","Driver Card Number","Product Type","Billing Type","Transaction Volume (Litres)","Transaction Amount (RM)","Station Name","Odometer","Card Type","Cost Centre","Cost Centre Name","Statement Month"
"31/05/2018 08:41","Purchase","'70838153003666623","WXR2002","","Diesel","Billed","43.10","100.00","PSS JALAN PLUMBUM","","Standalone","","","31 May 2018"
"29/05/2018 08:45","Purchase","'70838153003666623","WXR2002","","Diesel","Billed","34.86","75.98","PSS PARIT SULONG","","Standalone","","","31 May 2018"
"28/05/2018 22:34","Purchase","'70838153003666623","WXR2002","","Diesel","Billed","47.59","103.74","PSS JALAN PLUMBUM","","Standalone","","","31 May 2018"
"28/05/2018 09:23","Purchase","'70838153003666623","WXR2002","","Diesel","Billed","21.90","47.75","PSS JALAN PLUMBUM","242849","Standalone","","","31 May 2018"
"28/05/2018 09:21","Reload","'70838153003666623","WXR2002","","","Billed","","-360.00","PSS JALAN PLUMBUM","","Standalone","","","31 May 2018"
"23/05/2018 15:53","Purchase","'70838153003666623","WXR2002","","Diesel","Billed","27.43","59.79","PSS SEK 7 SHAH ALAM","242317","Standalone","","","31 May 2018"
"22/05/2018 22:08","Purchase","'70838153003666623","WXR2002","","Diesel","Billed","42.84","93.40","PSS KM72 L/RAYA KARAK ARAH KL","","Standalone","","","31 May 2018"
"22/05/2018 17:09","Purchase","'70838153003666623","WXR2002","","Diesel","Billed","45.77","99.78","PSS MUKIM MERCHANG CHENDERING","","Standalone","","","31 May 2018"
"22/05/2018 04:05","Purchase","'70838153003666623","WXR2002","","Diesel","Billed","45.01","98.13","PSS GAMBANG RSA EAST","","Standalone","","","31 May 2018"
"21/05/2018 20:38","Purchase","'70838153003666623","WXR2002","","Diesel","Billed","28.53","62.18","PSS JALAN PLUMBUM","","Standalone","","","31 May 2018"
"18/05/2018 17:56","Purchase","'70838153003666623","WXR2002","","Diesel","Billed","32.40","70.65","PSS SERI MANJUNG SETIAWAN","240751","Standalone","","","31 May 2018"
"18/05/2018 10:41","Purchase","'70838153003666623","WXR2002","","Diesel","Billed","38.38","83.66","PSS NKVE HIGHWAY","240482","Standalone","","","31 May 2018"
"18/05/2018 10:41","Purchase","'70838153003666623","WXR2002","","Diesel","Un-billed","38.38","83.66","PSS NKVE HIGHWAY","240482","Standalone","","","Unbilled Transaction"
"17/05/2018 11:02","Purchase","'70838153003666623","WXR2002","","Diesel","Billed","28.86","62.91","PSS PARIT YAANI","240144","Standalone","","","31 May 2018"
"17/05/2018 00:14","Purchase","'70838153003666623","WXR2002","","Diesel","Billed","32.12","70.03","PSS AIR KEROH RSA SOUTH BOUND","","Standalone","","","31 May 2018"
"16/05/2018 12:15","Purchase","'70838153003666623","WXR2002","","Diesel (EURO 5)","Billed","47.78","108.93","PSS FAS","","Standalone","","","31 May 2018"
"07/05/2018 13:18","Purchase","'70838153003666623","WXR2002","","Diesel","Billed","39.86","86.89","PSS SEBERTAK","239242","Standalone","","","31 May 2018"
"07/05/2018 02:36","Purchase","'70838153003666623","WXR2002","","Diesel","Billed","27.53","60.02","PSS PARIT YAANI","238742","Standalone","","","31 May 2018"
"06/05/2018 19:07","Purchase","'70838153003666623","WXR2002","","Diesel","Billed","16.60","36.19","PSS JALAN PLUMBUM","238482","Standalone","","","31 May 2018"
"05/05/2018 14:39","Purchase","'70838153003666623","WXR2002","","Diesel","Billed","43.58","95.00","PSS EAST-WEST LINK","238376","Standalone","","","31 May 2018"
"03/05/2018 09:47","Purchase","'70838153003666623","WXR2002","","Diesel (EURO 5)","Billed","39.98","91.15","PSS FAS","237987","Standalone","","","31 May 2018"