"Date Time","Transaction Type","Card Number","Vehicle Number","Driver Card Number","Product Type","Billing Type","Transaction Volume (Litres)","Transaction Amount (RM)","Station Name","Odometer","Card Type","Cost Centre","Cost Centre Name","Statement Month"
"31/05/2018 14:25","Purchase","'70838153003498696","WXR437","","PRIMAX 95","Billed","13.64","30.00","PSS JALAN 20/1 SEKSYEN 20","","Standalone","","","31 May 2018"
"31/05/2018 14:24","Reload","'70838153003498696","WXR437","","","Billed","","-30.00","PSS JALAN 20/1 SEKSYEN 20","","Standalone","","","31 May 2018"
"30/05/2018 11:57","Purchase","'70838153003498696","WXR437","","PRIMAX 95","Billed","13.64","30.00","PSS JALAN 20/1 SEKSYEN 20","","Standalone","","","31 May 2018"
"30/05/2018 11:56","Reload","'70838153003498696","WXR437","","","Billed","","-30.00","PSS JALAN 20/1 SEKSYEN 20","","Standalone","","","31 May 2018"
"28/05/2018 18:09","Purchase","'70838153003498696","WXR437","","PRIMAX 95","Billed","13.64","30.00","PSS GLENMARIE TTDI JAYA","","Standalone","","","31 May 2018"
"28/05/2018 18:07","Reload","'70838153003498696","WXR437","","","Billed","","-30.00","PSS GLENMARIE TTDI JAYA","","Standalone","","","31 May 2018"
"27/05/2018 12:29","Purchase","'70838153003498696","WXR437","","PRIMAX 95","Billed","13.64","30.00","PSS TEMASYA FEDERAL HIGHWAY","","Standalone","","","31 May 2018"
"27/05/2018 12:28","Reload","'70838153003498696","WXR437","","","Billed","","-30.00","PSS TEMASYA FEDERAL HIGHWAY","","Standalone","","","31 May 2018"
"25/05/2018 19:03","Purchase","'70838153003498696","WXR437","","PRIMAX 95","Billed","13.64","30.00","PSS KOTA KEMUNING","","Standalone","","","31 May 2018"
"25/05/2018 19:01","Reload","'70838153003498696","WXR437","","","Billed","","-50.00","PSS KOTA KEMUNING","","Standalone","","","31 May 2018"
"25/05/2018 09:48","Purchase","'70838153003498696","WXR437","","PRIMAX 95","Billed","13.64","30.00","PSS PUTRA HEIGHT 2","","Standalone","","","31 May 2018"
"25/05/2018 09:47","Reload","'70838153003498696","WXR437","","","Billed","","-30.00","PSS PUTRA HEIGHT 2","","Standalone","","","31 May 2018"
"24/05/2018 10:40","Purchase","'70838153003498696","WXR437","","PRIMAX 95","Billed","27.27","60.00","PSS GLENMARIE TTDI JAYA","","Standalone","","","31 May 2018"
"24/05/2018 10:38","Reload","'70838153003498696","WXR437","","","Billed","","-30.00","PSS GLENMARIE TTDI JAYA","","Standalone","","","31 May 2018"
"23/05/2018 08:26","Purchase","'70838153003498696","WXR437","","PRIMAX 95","Billed","13.64","30.00","PSS GLENMARIE TTDI JAYA","","Standalone","","","31 May 2018"
"22/05/2018 08:29","Purchase","'70838153003498696","WXR437","","PRIMAX 95","Billed","13.64","30.00","PSS GLENMARIE TTDI JAYA","","Standalone","","","31 May 2018"
"22/05/2018 08:27","Reload","'70838153003498696","WXR437","","","Billed","","-60.00","PSS GLENMARIE TTDI JAYA","","Standalone","","","31 May 2018"
"21/05/2018 13:37","Purchase","'70838153003498696","WXR437","","PRIMAX 95","Billed","13.64","30.00","PSS GLENMARIE TTDI JAYA","","Standalone","","","31 May 2018"
"21/05/2018 13:36","Reload","'70838153003498696","WXR437","","","Billed","","-30.00","PSS GLENMARIE TTDI JAYA","","Standalone","","","31 May 2018"
"19/05/2018 13:19","Purchase","'70838153003498696","WXR437","","PRIMAX 95","Billed","13.64","30.00","PSS BATU 3 FEDERAL HIGHWAY","","Standalone","","","31 May 2018"
"18/05/2018 15:07","Purchase","'70838153003498696","WXR437","","PRIMAX 95","Billed","13.64","30.00","PSS JALAN 20/1 SEKSYEN 20","","Standalone","","","31 May 2018"
"18/05/2018 15:05","Reload","'70838153003498696","WXR437","","","Billed","","-30.00","PSS JALAN 20/1 SEKSYEN 20","","Standalone","","","31 May 2018"
"17/05/2018 17:40","Purchase","'70838153003498696","WXR437","","PRIMAX 95","Billed","13.64","30.00","PSS GLENMARIE TTDI JAYA","","Standalone","","","31 May 2018"
"17/05/2018 17:38","Reload","'70838153003498696","WXR437","","","Billed","","-30.00","PSS GLENMARIE TTDI JAYA","","Standalone","","","31 May 2018"
"17/05/2018 08:08","Purchase","'70838153003498696","WXR437","","PRIMAX 95","Billed","13.64","30.00","PSS GLENMARIE TTDI JAYA","","Standalone","","","31 May 2018"
"17/05/2018 08:07","Reload","'70838153003498696","WXR437","","","Billed","","-60.00","PSS GLENMARIE TTDI JAYA","","Standalone","","","31 May 2018"
"15/05/2018 19:11","Purchase","'70838153003498696","WXR437","","PRIMAX 95","Billed","13.64","30.00","PSS SEKSYEN 13","","Standalone","","","31 May 2018"
"14/05/2018 13:23","Purchase","'70838153003498696","WXR437","","PRIMAX 95","Billed","27.27","60.00","PSS PUTRA HEIGHT 2","","Standalone","","","31 May 2018"
"14/05/2018 13:22","Reload","'70838153003498696","WXR437","","","Billed","","-60.00","PSS PUTRA HEIGHT 2","","Standalone","","","31 May 2018"
"13/05/2018 12:31","Purchase","'70838153003498696","WXR437","","PRIMAX 95","Billed","13.64","30.00","PSS JALAN 20/1 SEKSYEN 20","","Standalone","","","31 May 2018"
"13/05/2018 12:29","Reload","'70838153003498696","WXR437","","","Billed","","-30.00","PSS JALAN 20/1 SEKSYEN 20","","Standalone","","","31 May 2018"
"11/05/2018 12:40","Purchase","'70838153003498696","WXR437","","PRIMAX 95","Billed","13.64","30.00","PSS SUBANG AIRPORT","","Standalone","","","31 May 2018"
"11/05/2018 12:39","Reload","'70838153003498696","WXR437","","","Billed","","-30.00","PSS SUBANG AIRPORT","","Standalone","","","31 May 2018"
"10/05/2018 12:50","Purchase","'70838153003498696","WXR437","","PRIMAX 95","Billed","13.64","30.00","PSS SEKSYEN 18","","Standalone","","","31 May 2018"
"10/05/2018 12:49","Reload","'70838153003498696","WXR437","","","Billed","","-30.00","PSS SEKSYEN 18","","Standalone","","","31 May 2018"
"09/05/2018 10:46","Purchase","'70838153003498696","WXR437","","PRIMAX 95","Billed","13.64","30.00","PSS SENALING","","Standalone","","","31 May 2018"
"09/05/2018 10:46","Reload","'70838153003498696","WXR437","","","Billed","","-30.00","PSS SENALING","","Standalone","","","31 May 2018"
"08/05/2018 12:22","Purchase","'70838153003498696","WXR437","","PRIMAX 95","Billed","27.27","60.00","PSS JALAN MAAROF","","Standalone","","","31 May 2018"
"08/05/2018 12:11","Reload","'70838153003498696","WXR437","","","Billed","","-60.00","PSS JALAN MAAROF","","Standalone","","","31 May 2018"
"07/05/2018 17:10","Purchase","'70838153003498696","WXR437","","PRIMAX 95","Billed","13.64","30.00","PSS BUKIT SUBANG","","Standalone","","","31 May 2018"
"07/05/2018 17:09","Reload","'70838153003498696","WXR437","","","Billed","","-30.00","PSS BUKIT SUBANG","","Standalone","","","31 May 2018"
"07/05/2018 10:21","Purchase","'70838153003498696","WXR437","","PRIMAX 95","Billed","13.64","30.00","PSS GLENMARIE TTDI JAYA","","Standalone","","","31 May 2018"
"07/05/2018 10:20","Reload","'70838153003498696","WXR437","","","Billed","","-30.00","PSS GLENMARIE TTDI JAYA","","Standalone","","","31 May 2018"
"05/05/2018 22:32","Purchase","'70838153003498696","WXR437","","PRIMAX 95","Billed","22.73","50.00","PSS PRECINT 11 PUTRAJAYA","","Standalone","","","31 May 2018"
"05/05/2018 22:31","Reload","'70838153003498696","WXR437","","","Billed","","-50.00","PSS PRECINT 11 PUTRAJAYA","","Standalone","","","31 May 2018"
"05/05/2018 06:05","Purchase","'70838153003498696","WXR437","","PRIMAX 95","Billed","22.73","50.00","PSS SEK 22 SHAH ALAM","","Standalone","","","31 May 2018"
"05/05/2018 06:04","Reload","'70838153003498696","WXR437","","","Billed","","-50.00","PSS SEK 22 SHAH ALAM","","Standalone","","","31 May 2018"
"04/05/2018 09:45","Purchase","'70838153003498696","WXR437","","PRIMAX 95","Billed","27.27","60.00","PSS KG MELAYU SUBANG","","Standalone","","","31 May 2018"
"04/05/2018 09:44","Reload","'70838153003498696","WXR437","","","Billed","","-60.00","PSS KG MELAYU SUBANG","","Standalone","","","31 May 2018"
"03/05/2018 17:13","Purchase","'70838153003498696","WXR437","","PRIMAX 95","Billed","13.64","30.00","PSS SEKSYEN 13","","Standalone","","","31 May 2018"
"03/05/2018 17:11","Reload","'70838153003498696","WXR437","","","Billed","","-30.00","PSS SEKSYEN 13","","Standalone","","","31 May 2018"
"03/05/2018 10:51","Purchase","'70838153003498696","WXR437","","PRIMAX 95","Billed","13.64","30.00","PSS SUBANG AIRPORT","","Standalone","","","31 May 2018"
"03/05/2018 10:49","Reload","'70838153003498696","WXR437","","","Billed","","-30.00","PSS SUBANG AIRPORT","","Standalone","","","31 May 2018"
"02/05/2018 07:58","Purchase","'70838153003498696","WXR437","","PRIMAX 95","Billed","27.27","60.00","PSS BUKIT JELUTONG RESIDENTIAL","","Standalone","","","31 May 2018"
"02/05/2018 07:57","Reload","'70838153003498696","WXR437","","","Billed","","-60.00","PSS BUKIT JELUTONG RESIDENTIAL","","Standalone","","","31 May 2018"