"Date Time","Transaction Type","Card Number","Vehicle Number","Driver Card Number","Product Type","Billing Type","Transaction Volume (Litres)","Transaction Amount (RM)","Station Name","Odometer","Card Type","Cost Centre","Cost Centre Name","Statement Month"
"13/05/2018 14:49","Purchase","'70838153003579305","WXR1009","","PRIMAX 95","Billed","22.73","50.00","PSS KG. GAUNG","209517","Standalone","","","31 May 2018"
"13/05/2018 14:48","Reload","'70838153003579305","WXR1009","","","Billed","","-50.00","PSS KG. GAUNG","","Standalone","","","31 May 2018"
"10/05/2018 21:45","Purchase","'70838153003579305","WXR1009","","PRIMAX 95","Billed","22.73","50.00","PSS KG. GAUNG","209197","Standalone","","","31 May 2018"
"10/05/2018 21:43","Reload","'70838153003579305","WXR1009","","","Billed","","-30.00","PSS KG. GAUNG","","Standalone","","","31 May 2018"
"10/05/2018 21:42","Reload","'70838153003579305","WXR1009","","","Billed","","-20.00","PSS KG. GAUNG","","Standalone","","","31 May 2018"
"02/05/2018 08:49","Purchase","'70838153003579305","WXR1009","","PRIMAX 95","Billed","9.09","20.00","PSS KG. GAUNG","208211","Standalone","","","31 May 2018"
"02/05/2018 08:47","Reload","'70838153003579305","WXR1009","","","Billed","","-20.00","PSS KG. GAUNG","","Standalone","","","31 May 2018"
"01/05/2018 20:33","Purchase","'70838153003579305","WXR1009","","PRIMAX 95","Billed","9.09","20.00","PSS KG. GAUNG","208137","Standalone","","","31 May 2018"
"01/05/2018 20:32","Reload","'70838153003579305","WXR1009","","","Billed","","-20.00","PSS KG. GAUNG","","Standalone","","","31 May 2018"