"Date Time","Transaction Type","Card Number","Vehicle Number","Driver Card Number","Product Type","Billing Type","Transaction Volume (Litres)","Transaction Amount (RM)","Station Name","Odometer","Card Type","Cost Centre","Cost Centre Name","Statement Month"
"29/01/2018 12:17","Purchase","'70838153003424700","WXR131","","PRIMAX 95","Billed","13.10","30.00","PSS DESA TEBRAU","","Standalone","","","31 Jan 2018"
"29/01/2018 12:15","Reload","'70838153003424700","WXR131","","","Billed","","-30.00","PSS DESA TEBRAU","","Standalone","","","31 Jan 2018"
"22/01/2018 17:39","Purchase","'70838153003424700","WXR131","","PRIMAX 95","Billed","21.74","50.00","PSS DESA TEBRAU","","Standalone","","","31 Jan 2018"
"22/01/2018 17:37","Reload","'70838153003424700","WXR131","","","Billed","","-50.00","PSS DESA TEBRAU","","Standalone","","","31 Jan 2018"
"19/01/2018 23:15","Purchase","'70838153003424700","WXR131","","PRIMAX 95","Billed","10.87","25.00","PSS TAMAN AUSTIN PERDANA","","Standalone","","","31 Jan 2018"
"19/01/2018 23:13","Reload","'70838153003424700","WXR131","","","Billed","","-25.00","PSS TAMAN AUSTIN PERDANA","","Standalone","","","31 Jan 2018"
"12/01/2018 21:11","Purchase","'70838153003424700","WXR131","","PRIMAX 95","Billed","8.85","20.00","PSS TAMAN AUSTIN PERDANA","","Standalone","","","31 Jan 2018"
"12/01/2018 21:10","Reload","'70838153003424700","WXR131","","","Billed","","-20.00","PSS TAMAN AUSTIN PERDANA","","Standalone","","","31 Jan 2018"