"Date Time","Transaction Type","Card Number","Vehicle Number","Driver Card Number","Product Type","Billing Type","Transaction Volume (Litres)","Transaction Amount (RM)","Station Name","Odometer","Card Type","Cost Centre","Cost Centre Name","Statement Month"
"25/01/2018 15:20","Purchase","'70838153003423611","WXR188","","PRIMAX 95","Billed","3.46","7.91","PSS HICOM SEK B SEK 27","","Standalone","","","31 Jan 2018"
"24/01/2018 13:48","Purchase","'70838153003423611","WXR188","","PRIMAX 95","Billed","3.48","8.00","PSS JALAN LANGAT","","Standalone","","","31 Jan 2018"
"24/01/2018 12:22","Purchase","'70838153003423611","WXR188","","PRIMAX 95","Billed","3.39","7.79","PSS FAS","","Standalone","","","31 Jan 2018"
"23/01/2018 15:30","Purchase","'70838153003423611","WXR188","","PRIMAX 95","Billed","1.74","4.00","PSS JENJARUM","","Standalone","","","31 Jan 2018"
"22/01/2018 16:16","Purchase","'70838153003423611","WXR188","","PRIMAX 95","Billed","3.48","8.00","PSS TAMAN SRI ANDALAS","","Standalone","","","31 Jan 2018"
"21/01/2018 18:49","Purchase","'70838153003423611","WXR188","","PRIMAX 95","Billed","3.48","8.00","PSS PERSIARAN RAJA MUDA MUSA","","Standalone","","","31 Jan 2018"
"21/01/2018 02:38","Purchase","'70838153003423611","WXR188","","PRIMAX 95","Billed","2.49","5.72","PSS BUKIT TINGGI 2","","Standalone","","","31 Jan 2018"
"20/01/2018 15:37","Purchase","'70838153003423611","WXR188","","PRIMAX 95","Billed","3.05","7.00","PSS JENJARUM","","Standalone","","","31 Jan 2018"
"19/01/2018 16:24","Purchase","'70838153003423611","WXR188","","PRIMAX 95","Billed","2.61","6.00","PSS NKVE KLANG BOUND","","Standalone","","","31 Jan 2018"
"19/01/2018 13:29","Purchase","'70838153003423611","WXR188","","PRIMAX 95","Billed","3.48","8.00","PSS BUKIT TINGGI 2","","Standalone","","","31 Jan 2018"
"18/01/2018 17:40","Purchase","'70838153003423611","WXR188","","PRIMAX 95","Billed","3.30","7.58","PSS BATU BELAH","","Standalone","","","31 Jan 2018"
"16/01/2018 18:12","Purchase","'70838153003423611","WXR188","","PRIMAX 95","Billed","3.54","8.00","PSS JALAN PANDANGAN KLANG","","Standalone","","","31 Jan 2018"
"16/01/2018 13:04","Purchase","'70838153003423611","WXR188","","PRIMAX 95","Billed","2.66","6.00","PSS BUKIT TINGGI 2","","Standalone","","","31 Jan 2018"
"15/01/2018 15:40","Purchase","'70838153003423611","WXR188","","PRIMAX 95","Billed","3.54","8.00","PSS JALAN 222 PETALING JAYA","","Standalone","","","31 Jan 2018"
"14/01/2018 17:29","Reload","'70838153003423611","WXR188","","","Billed","","-100.00","PSS CYBERJAYA","","Standalone","","","31 Jan 2018"