"Date Time","Transaction Type","Card Number","Vehicle Number","Driver Card Number","Product Type","Billing Type","Transaction Volume (Litres)","Transaction Amount (RM)","Station Name","Odometer","Card Type","Cost Centre","Cost Centre Name","Statement Month"
"30/01/2018 09:16","Purchase","'70838153003424676","WXR128","","PRIMAX 95","Billed","6.55","15.00","PSS JAYA GADING","922","Standalone","","","31 Jan 2018"
"27/01/2018 14:40","Purchase","'70838153003424676","WXR128","","PRIMAX 95","Billed","10.92","25.00","PSS KUANTAN PUTRI","","Standalone","","","31 Jan 2018"
"26/01/2018 07:43","Purchase","'70838153003424676","WXR128","","PRIMAX 95","Billed","32.77","75.04","PSS JALAN GAMBANG","922","Standalone","","","31 Jan 2018"
"26/01/2018 07:41","Reload","'70838153003424676","WXR128","","","Billed","","-150.00","PSS JALAN GAMBANG","","Standalone","","","31 Jan 2018"
"24/01/2018 09:17","Purchase","'70838153003424676","WXR128","","PRIMAX 95","Billed","2.27","5.21","PSS BANDAR INDERA MAHKOTA","922","Standalone","","","31 Jan 2018"
"24/01/2018 09:16","Reload","'70838153003424676","WXR128","","","Billed","","-10.00","PSS BANDAR INDERA MAHKOTA","","Standalone","","","31 Jan 2018"
"22/01/2018 07:27","Purchase","'70838153003424676","WXR128","","PRIMAX 95","Billed","10.87","25.00","PSS JAYA GADING","922","Standalone","","","31 Jan 2018"
"22/01/2018 07:26","Reload","'70838153003424676","WXR128","","","Billed","","-30.00","PSS JAYA GADING","","Standalone","","","31 Jan 2018"
"20/01/2018 17:50","Purchase","'70838153003424676","WXR128","","PRIMAX 95","Billed","13.05","30.00","PSS PETRONAS KARAK REST","9229","Standalone","","","31 Jan 2018"
"20/01/2018 17:48","Reload","'70838153003424676","WXR128","","","Billed","","-30.00","PSS PETRONAS KARAK REST","","Standalone","","","31 Jan 2018"
"17/01/2018 14:06","Purchase","'70838153003424676","WXR128","","PRIMAX 95","Billed","5.31","12.00","PSS JAYA GADING","922","Standalone","","","31 Jan 2018"
"17/01/2018 11:17","Reload","'70838153003424676","WXR128","","","Billed","","-10.00","PSS JALAN GAMBANG","","Standalone","","","31 Jan 2018"
"13/01/2018 21:44","Purchase","'70838153003424676","WXR128","","PRIMAX 95","Billed","8.85","20.00","PSS CHERATING SG KARANG","922","Standalone","","","31 Jan 2018"
"13/01/2018 17:24","Purchase","'70838153003424676","WXR128","","PRIMAX 95","Billed","17.70","40.00","PSS PADANG MIDIN","922","Standalone","","","31 Jan 2018"
"13/01/2018 17:23","Reload","'70838153003424676","WXR128","","","Billed","","-60.00","PSS PADANG MIDIN","","Standalone","","","31 Jan 2018"
"12/01/2018 16:04","Purchase","'70838153003424676","WXR128","","PRIMAX 95","Billed","26.55","60.00","PSS DARAT MAKBAR","922","Standalone","","","31 Jan 2018"
"12/01/2018 16:03","Reload","'70838153003424676","WXR128","","","Billed","","-60.00","PSS DARAT MAKBAR","","Standalone","","","31 Jan 2018"
"11/01/2018 10:25","Purchase","'70838153003424676","WXR128","","PRIMAX 95","Billed","8.85","20.00","PSS JAYA GADING","922","Standalone","","","31 Jan 2018"
"11/01/2018 10:24","Reload","'70838153003424676","WXR128","","","Billed","","-20.00","PSS JAYA GADING","","Standalone","","","31 Jan 2018"
"10/01/2018 13:41","Purchase","'70838153003424676","WXR128","","PRIMAX 95","Billed","8.74","20.00","PSS JAYA GADING","922","Standalone","","","31 Jan 2018"
"10/01/2018 13:39","Reload","'70838153003424676","WXR128","","","Billed","","-20.00","PSS JAYA GADING","","Standalone","","","31 Jan 2018"
"08/01/2018 15:31","Purchase","'70838153003424676","WXR128","","PRIMAX 95","Billed","8.73","20.00","PSS PERMATANG BADAK","922","Standalone","","","31 Jan 2018"
"08/01/2018 15:30","Reload","'70838153003424676","WXR128","","","Billed","","-20.00","PSS PERMATANG BADAK","","Standalone","","","31 Jan 2018"
"08/01/2018 08:48","Purchase","'70838153003424676","WXR128","","PRIMAX 95","Billed","4.37","10.00","PSS JALAN GAMBANG","922","Standalone","","","31 Jan 2018"
"08/01/2018 08:46","Reload","'70838153003424676","WXR128","","","Billed","","-15.00","PSS JALAN GAMBANG","","Standalone","","","31 Jan 2018"
"07/01/2018 20:44","Purchase","'70838153003424676","WXR128","","PRIMAX 95","Billed","3.00","6.88","PSS JALAN GAMBANG","922","Standalone","","","31 Jan 2018"
"05/01/2018 11:39","Purchase","'70838153003424676","WXR128","","PRIMAX 95","Billed","15.29","35.00","PSS JAYA GADING","922","Standalone","","","31 Jan 2018"
"05/01/2018 11:38","Reload","'70838153003424676","WXR128","","","Billed","","-30.00","PSS JAYA GADING","","Standalone","","","31 Jan 2018"
"03/01/2018 21:46","Purchase","'70838153003424676","WXR128","","PRIMAX 95","Billed","22.12","50.00","PSS KUANTAN PUTRI","922","Standalone","","","31 Jan 2018"
"03/01/2018 21:45","Reload","'70838153003424676","WXR128","","","Billed","","-30.00","PSS KUANTAN PUTRI","","Standalone","","","31 Jan 2018"
"02/01/2018 14:07","Purchase","'70838153003424676","WXR128","","PRIMAX 95","Billed","15.49","35.00","PSS JAYA GADING","922","Standalone","","","31 Jan 2018"
"01/01/2018 12:38","Purchase","'70838153003424676","WXR128","","PRIMAX 95","Billed","17.70","40.00","PSS TAMAN SAMUDERA BATU CAVES","922","Standalone","","","31 Jan 2018"
"01/01/2018 12:37","Reload","'70838153003424676","WXR128","","","Billed","","-60.00","PSS TAMAN SAMUDERA BATU CAVES","","Standalone","","","31 Jan 2018"