"Date Time","Transaction Type","Card Number","Vehicle Number","Driver Card Number","Product Type","Billing Type","Transaction Volume (Litres)","Transaction Amount (RM)","Station Name","Odometer","Card Type","Cost Centre","Cost Centre Name","Statement Month"
"18/01/2018 18:17","Purchase","'70838153003424684","WXR129","","PRIMAX 95","Billed","21.74","50.00","PSS KM72 L/RAYA KARAK ARAH KL","123456","Standalone","","","31 Jan 2018"
"17/01/2018 13:36","Purchase","'70838153003424684","WXR129","","PRIMAX 95","Billed","22.13","50.00","PSS TAMAN TUALANG INDAH","123456","Standalone","","","31 Jan 2018"
"17/01/2018 13:26","Reload","'70838153003424684","WXR129","","","Billed","","-100.00","PSS TAMAN TUALANG INDAH","","Standalone","","","31 Jan 2018"
"09/01/2018 15:25","Purchase","'70838153003424684","WXR129","","PRIMAX 95","Billed","26.20","60.00","PSS JERANTUT 2","123456","Standalone","","","31 Jan 2018"
"07/01/2018 09:59","Purchase","'70838153003424684","WXR129","","PRIMAX 95","Billed","17.47","40.00","PSS SONGSANG","123456","Standalone","","","31 Jan 2018"
"07/01/2018 09:57","Reload","'70838153003424684","WXR129","","","Billed","","-100.00","PSS SONGSANG","","Standalone","","","31 Jan 2018"
"06/01/2018 11:40","Purchase","'70838153003424684","WXR129","","PRIMAX 95","Billed","21.84","50.00","PSS TAMAN TUALANG INDAH","123456","Standalone","","","31 Jan 2018"
"04/01/2018 17:01","Purchase","'70838153003424684","WXR129","","PRIMAX 95","Billed","21.83","50.00","PSS JALAN GAMBANG","123456","Standalone","","","31 Jan 2018"
"04/01/2018 16:58","Reload","'70838153003424684","WXR129","","","Billed","","-100.00","PSS JALAN GAMBANG","","Standalone","","","31 Jan 2018"
"02/01/2018 15:01","Purchase","'70838153003424684","WXR129","","PRIMAX 95","Billed","6.17","13.95","PSS SONGSANG","123456","Standalone","","","31 Jan 2018"
"01/01/2018 23:08","Purchase","'70838153003424684","WXR129","","PRIMAX 95","Billed","22.13","50.00","PSS KARAK","123456","Standalone","","","31 Jan 2018"