"Date Time","Transaction Type","Card Number","Vehicle Number","Driver Card Number","Product Type","Billing Type","Transaction Volume (Litres)","Transaction Amount (RM)","Station Name","Odometer","Card Type","Cost Centre","Cost Centre Name","Statement Month"
"31/01/2018 09:01","Purchase","'70838153003424379","WXR119","","PRIMAX 95","Billed","13.10","30.00","PSS JLN KUCHING","123456","Standalone","","","31 Jan 2018"
"31/01/2018 08:59","Reload","'70838153003424379","WXR119","","","Billed","","-50.00","PSS JLN KUCHING","","Standalone","","","31 Jan 2018"
"22/01/2018 22:45","Purchase","'70838153003424379","WXR119","","PRIMAX 95","Billed","24.83","57.11","PSS BRINCHANG","123456","Standalone","","","31 Jan 2018"
"22/01/2018 09:24","Purchase","'70838153003424379","WXR119","","PRIMAX 95","Billed","21.74","50.00","PSS SUNWAY BATU CAVES","9814","Standalone","","","31 Jan 2018"
"22/01/2018 09:23","Reload","'70838153003424379","WXR119","","","Billed","","-100.00","PSS SUNWAY BATU CAVES","","Standalone","","","31 Jan 2018"