"Date Time","Transaction Type","Card Number","Vehicle Number","Driver Card Number","Product Type","Billing Type","Transaction Volume (Litres)","Transaction Amount (RM)","Station Name","Odometer","Card Type","Cost Centre","Cost Centre Name","Statement Month"
"30/01/2018 08:48","Purchase","'70838153003423744","WXR15","","PRIMAX 97","Billed","2.43","6.21","PSS GERIK","","Standalone","","","31 Jan 2018"
"29/01/2018 10:53","Purchase","'70838153003423744","WXR15","","PRIMAX 97","Billed","29.70","76.02","PSS CHANGLOON","","Standalone","","","31 Jan 2018"
"27/01/2018 08:57","Purchase","'70838153003423744","WXR15","","PRIMAX 97","Billed","27.35","70.02","PSS GERIK","","Standalone","","","31 Jan 2018"
"27/01/2018 08:55","Reload","'70838153003423744","WXR15","","","Billed","","-200.00","PSS GERIK","","Standalone","","","31 Jan 2018"
"13/01/2018 07:47","Purchase","'70838153003423744","WXR15","","PRIMAX 97","Billed","31.84","80.54","PSS GERIK","","Standalone","","","31 Jan 2018"
"05/01/2018 11:35","Purchase","'70838153003423744","WXR15","","PRIMAX 97","Billed","31.28","80.08","PSS GERIK","","Standalone","","","31 Jan 2018"