"Date Time","Transaction Type","Card Number","Vehicle Number","Driver Card Number","Product Type","Billing Type","Transaction Volume (Litres)","Transaction Amount (RM)","Station Name","Odometer","Card Type","Cost Centre","Cost Centre Name","Statement Month"
"30/01/2018 15:00","Purchase","'70838153003423553","WXR101","","PRIMAX 95","Billed","26.20","60.00","PSS LEBOH AMJ SEMABOK","","Standalone","","","31 Jan 2018"
"30/01/2018 14:59","Reload","'70838153003423553","WXR101","","","Billed","","-50.00","PSS LEBOH AMJ SEMABOK","","Standalone","","","31 Jan 2018"
"26/01/2018 10:55","Purchase","'70838153003423553","WXR101","","PRIMAX 95","Billed","45.85","105.00","PSS UJONG PASIR","","Standalone","","","31 Jan 2018"
"26/01/2018 10:54","Reload","'70838153003423553","WXR101","","","Billed","","-100.00","PSS UJONG PASIR","","Standalone","","","31 Jan 2018"
"24/01/2018 15:14","Purchase","'70838153003423553","WXR101","","PRIMAX 95","Billed","36.96","85.00","PSS JASIN BESTARI","","Standalone","","","31 Jan 2018"
"24/01/2018 15:13","Reload","'70838153003423553","WXR101","","","Billed","","-100.00","PSS JASIN BESTARI","","Standalone","","","31 Jan 2018"
"22/01/2018 12:42","Purchase","'70838153003423553","WXR101","","PRIMAX 95","Billed","25.22","58.00","PSS UJONG PASIR","","Standalone","","","31 Jan 2018"
"21/01/2018 22:44","Purchase","'70838153003423553","WXR101","","PRIMAX 95","Billed","23.04","53.00","PSS LALUAN KEDUA (ARAH UTARA)","","Standalone","","","31 Jan 2018"
"19/01/2018 21:00","Purchase","'70838153003423553","WXR101","","PRIMAX 95","Billed","27.40","63.01","PSS LALUAN KEDUA (ARAH SELATAN)","","Standalone","","","31 Jan 2018"
"19/01/2018 07:26","Purchase","'70838153003423553","WXR101","","PRIMAX 95","Billed","42.63","98.05","PSS PEKAN AIR MOLEK","","Standalone","","","31 Jan 2018"
"19/01/2018 07:24","Reload","'70838153003423553","WXR101","","","Billed","","-150.00","PSS PEKAN AIR MOLEK","","Standalone","","","31 Jan 2018"
"15/01/2018 22:37","Purchase","'70838153003423553","WXR101","","PRIMAX 95","Billed","48.67","110.00","PSS LEBOH AMJ SEMABOK","","Standalone","","","31 Jan 2018"
"15/01/2018 07:50","Purchase","'70838153003423553","WXR101","","PRIMAX 95","Billed","46.91","106.01","PSS LEBOH AMJ SEMABOK","","Standalone","","","31 Jan 2018"
"14/01/2018 15:31","Reload","'70838153003423553","WXR101","","","Billed","","-300.00","PSS LEBOH AMJ SEMABOK","","Standalone","","","31 Jan 2018"
"10/01/2018 17:43","Purchase","'70838153003423553","WXR101","","PRIMAX 95","Billed","49.78","114.00","PSS JASIN BESTARI","","Standalone","","","31 Jan 2018"
"09/01/2018 20:13","Purchase","'70838153003423553","WXR101","","PRIMAX 95","Billed","23.15","53.01","PSS PEKAN AIR MOLEK","","Standalone","","","31 Jan 2018"
"09/01/2018 20:11","Reload","'70838153003423553","WXR101","","","Billed","","-150.00","PSS PEKAN AIR MOLEK","","Standalone","","","31 Jan 2018"
"06/01/2018 20:05","Purchase","'70838153003423553","WXR101","","PRIMAX 95","Billed","41.05","94.01","PSS PEKAN AIR MOLEK","","Standalone","","","31 Jan 2018"
"06/01/2018 20:04","Reload","'70838153003423553","WXR101","","","Billed","","-100.00","PSS PEKAN AIR MOLEK","","Standalone","","","31 Jan 2018"
"01/01/2018 22:33","Purchase","'70838153003423553","WXR101","","PRIMAX 95","Billed","35.40","80.00","PSS LEBOH AMJ SEMABOK","","Standalone","","","31 Jan 2018"
"01/01/2018 22:32","Reload","'70838153003423553","WXR101","","","Billed","","-100.00","PSS LEBOH AMJ SEMABOK","","Standalone","","","31 Jan 2018"