"Date Time","Transaction Type","Card Number","Vehicle Number","Driver Card Number","Product Type","Billing Type","Transaction Volume (Litres)","Transaction Amount (RM)","Station Name","Odometer","Card Type","Cost Centre","Cost Centre Name","Statement Month"
"28/01/2018 13:37","Purchase","'70838153003423652","WXR11","","PRIMAX 95","Billed","17.47","40.00","PSS BIDOR TAPAH","","Standalone","","","31 Jan 2018"
"11/01/2018 16:24","Reload","'70838153003423652","WXR11","","","Billed","","-50.00","PSS JALAN KUALA PERLIS","","Standalone","","","31 Jan 2018"
"06/01/2018 00:58","Purchase","'70838153003423652","WXR11","","PRIMAX 95","Billed","13.10","30.00","PSS SIMPANG PULAI ARAH SELATAN","","Standalone","","","31 Jan 2018"
"05/01/2018 15:35","Purchase","'70838153003423652","WXR11","","PRIMAX 95","Billed","13.10","30.00","PSS SIMPANG PULAI ARAH UTARA","","Standalone","","","31 Jan 2018"
"05/01/2018 15:33","Reload","'70838153003423652","WXR11","","","Billed","","-50.00","PSS SIMPANG PULAI ARAH UTARA","","Standalone","","","31 Jan 2018"