"Date Time","Transaction Type","Card Number","Vehicle Number","Driver Card Number","Product Type","Billing Type","Transaction Volume (Litres)","Transaction Amount (RM)","Station Name","Odometer","Card Type","Cost Centre","Cost Centre Name","Statement Month"
"27/01/2018 20:45","Purchase","'70838153003423751","WXR16","","PRIMAX 95","Billed","21.84","50.00","PSS BANDAR MERU RAYA","","Standalone","","","31 Jan 2018"
"24/01/2018 16:07","Purchase","'70838153003423751","WXR16","","PRIMAX 95","Billed","21.74","50.00","PSS BIDOR TAPAH","","Standalone","","","31 Jan 2018"
"24/01/2018 16:06","Reload","'70838153003423751","WXR16","","","Billed","","-100.00","PSS BIDOR TAPAH","","Standalone","","","31 Jan 2018"
"21/01/2018 08:19","Purchase","'70838153003423751","WXR16","","PRIMAX 95","Billed","26.18","60.20","PSS BIDOR TAPAH","","Standalone","","","31 Jan 2018"
"21/01/2018 08:18","Reload","'70838153003423751","WXR16","","","Billed","","-70.00","PSS BIDOR TAPAH","","Standalone","","","31 Jan 2018"
"17/01/2018 14:15","Purchase","'70838153003423751","WXR16","","PRIMAX 95","Billed","13.28","30.00","PSS BIDOR TAPAH","","Standalone","","","31 Jan 2018"
"15/01/2018 18:26","Purchase","'70838153003423751","WXR16","","PRIMAX 95","Billed","4.43","10.00","PSS BIDOR TAPAH","","Standalone","","","31 Jan 2018"
"15/01/2018 18:26","Purchase","'70838153003423751","WXR16","","PRIMAX 95","Un-billed","4.43","10.00","PSS BIDOR TAPAH","","Standalone","","","Unbilled Transaction"
"15/01/2018 18:24","Purchase","'70838153003423751","WXR16","","PRIMAX 95","Billed","4.43","10.00","PSS BIDOR TAPAH","","Standalone","","","31 Jan 2018"
"15/01/2018 18:24","Purchase","'70838153003423751","WXR16","","PRIMAX 95","Un-billed","4.43","10.00","PSS BIDOR TAPAH","","Standalone","","","Unbilled Transaction"
"15/01/2018 18:04","Reload","'70838153003423751","WXR16","","","Billed","","-50.00","PSS BIDOR TAPAH","","Standalone","","","31 Jan 2018"
"09/01/2018 11:08","Purchase","'70838153003423751","WXR16","","PRIMAX 95","Billed","17.47","40.00","PSS BIDOR TAPAH","","Standalone","","","31 Jan 2018"
"04/01/2018 16:13","Purchase","'70838153003423751","WXR16","","PRIMAX 97","Billed","3.91","10.00","PSS SIMPANG PULAI ARAH SELATAN","","Standalone","","","31 Jan 2018"
"02/01/2018 13:14","Reload","'70838153003423751","WXR16","","","Billed","","-50.00","PSS BIDOR TAPAH","","Standalone","","","31 Jan 2018"