"Date Time","Transaction Type","Card Number","Vehicle Number","Driver Card Number","Product Type","Billing Type","Transaction Volume (Litres)","Transaction Amount (RM)","Station Name","Odometer","Card Type","Cost Centre","Cost Centre Name","Statement Month"
"30/01/2018 15:07","Purchase","'70838153003423462","WXR258","","PRIMAX 95","Billed","4.37","10.00","PSS LEBUHRAYA SPRINT","","Standalone","","","31 Jan 2018"
"30/01/2018 15:06","Reload","'70838153003423462","WXR258","","","Billed","","-10.00","PSS LEBUHRAYA SPRINT","","Standalone","","","31 Jan 2018"
"30/01/2018 07:42","Purchase","'70838153003423462","WXR258","","PRIMAX 95","Billed","10.04","23.00","PSS KOTA DAMANSARA 2","","Standalone","","","31 Jan 2018"
"30/01/2018 07:41","Reload","'70838153003423462","WXR258","","","Billed","","-25.00","PSS KOTA DAMANSARA 2","","Standalone","","","31 Jan 2018"
"29/01/2018 09:57","Purchase","'70838153003423462","WXR258","","PRIMAX 95","Billed","8.73","20.00","PSS KOTA DAMANSARA 2","","Standalone","","","31 Jan 2018"
"29/01/2018 09:54","Reload","'70838153003423462","WXR258","","","Billed","","-10.00","PSS KOTA DAMANSARA 2","","Standalone","","","31 Jan 2018"
"28/01/2018 09:17","Purchase","'70838153003423462","WXR258","","PRIMAX 95","Billed","10.04","23.00","PSS KOTA DAMANSARA 2","","Standalone","","","31 Jan 2018"
"28/01/2018 09:15","Reload","'70838153003423462","WXR258","","","Billed","","-25.00","PSS KOTA DAMANSARA 2","","Standalone","","","31 Jan 2018"
"26/01/2018 07:34","Purchase","'70838153003423462","WXR258","","PRIMAX 95","Billed","10.04","23.00","PSS MUTIARA DAMANSARA","","Standalone","","","31 Jan 2018"
"26/01/2018 07:30","Reload","'70838153003423462","WXR258","","","Billed","","-25.00","PSS MUTIARA DAMANSARA","","Standalone","","","31 Jan 2018"
"25/01/2018 12:23","Purchase","'70838153003423462","WXR258","","PRIMAX 95","Billed","10.04","23.00","PSS LEBUHRAYA SPRINT","","Standalone","","","31 Jan 2018"
"25/01/2018 12:21","Reload","'70838153003423462","WXR258","","","Billed","","-25.00","PSS LEBUHRAYA SPRINT","","Standalone","","","31 Jan 2018"
"24/01/2018 07:35","Purchase","'70838153003423462","WXR258","","PRIMAX 95","Billed","10.00","23.00","PSS MUTIARA DAMANSARA","","Standalone","","","31 Jan 2018"
"24/01/2018 07:34","Reload","'70838153003423462","WXR258","","","Billed","","-25.00","PSS MUTIARA DAMANSARA","","Standalone","","","31 Jan 2018"
"23/01/2018 14:32","Purchase","'70838153003423462","WXR258","","PRIMAX 95","Billed","8.70","20.00","PSS KOTA DAMANSARA 2","","Standalone","","","31 Jan 2018"
"23/01/2018 07:38","Purchase","'70838153003423462","WXR258","","PRIMAX 95","Billed","10.00","23.00","PSS MUTIARA DAMANSARA","","Standalone","","","31 Jan 2018"
"23/01/2018 07:36","Reload","'70838153003423462","WXR258","","","Billed","","-25.00","PSS MUTIARA DAMANSARA","","Standalone","","","31 Jan 2018"
"22/01/2018 07:44","Purchase","'70838153003423462","WXR258","","PRIMAX 95","Billed","10.00","23.00","PSS MUTIARA DAMANSARA","","Standalone","","","31 Jan 2018"
"22/01/2018 07:43","Reload","'70838153003423462","WXR258","","","Billed","","-25.00","PSS MUTIARA DAMANSARA","","Standalone","","","31 Jan 2018"
"20/01/2018 14:32","Purchase","'70838153003423462","WXR258","","PRIMAX 95","Billed","10.00","23.00","PSS TTDI","","Standalone","","","31 Jan 2018"
"20/01/2018 14:31","Reload","'70838153003423462","WXR258","","","Billed","","-25.00","PSS TTDI","","Standalone","","","31 Jan 2018"
"19/01/2018 08:23","Purchase","'70838153003423462","WXR258","","PRIMAX 95","Billed","10.00","23.00","PSS MUTIARA DAMANSARA","","Standalone","","","31 Jan 2018"
"19/01/2018 08:20","Reload","'70838153003423462","WXR258","","","Billed","","-25.00","PSS MUTIARA DAMANSARA","","Standalone","","","31 Jan 2018"
"18/01/2018 07:43","Purchase","'70838153003423462","WXR258","","PRIMAX 95","Billed","10.00","23.00","PSS MUTIARA DAMANSARA","","Standalone","","","31 Jan 2018"
"18/01/2018 07:41","Reload","'70838153003423462","WXR258","","","Billed","","-25.00","PSS MUTIARA DAMANSARA","","Standalone","","","31 Jan 2018"
"17/01/2018 07:42","Purchase","'70838153003423462","WXR258","","PRIMAX 95","Billed","10.18","23.00","PSS MUTIARA DAMANSARA","","Standalone","","","31 Jan 2018"
"17/01/2018 07:39","Reload","'70838153003423462","WXR258","","","Billed","","-25.00","PSS MUTIARA DAMANSARA","","Standalone","","","31 Jan 2018"
"16/01/2018 07:34","Purchase","'70838153003423462","WXR258","","PRIMAX 95","Billed","10.18","23.00","PSS MUTIARA DAMANSARA","","Standalone","","","31 Jan 2018"
"16/01/2018 07:32","Reload","'70838153003423462","WXR258","","","Billed","","-25.00","PSS MUTIARA DAMANSARA","","Standalone","","","31 Jan 2018"
"15/01/2018 17:53","Purchase","'70838153003423462","WXR258","","PRIMAX 95","Billed","10.18","23.00","PSS MUTIARA DAMANSARA","","Standalone","","","31 Jan 2018"
"14/01/2018 18:06","Purchase","'70838153003423462","WXR258","","PRIMAX 95","Billed","10.18","23.00","PSS MUTIARA DAMANSARA","","Standalone","","","31 Jan 2018"
"14/01/2018 18:01","Reload","'70838153003423462","WXR258","","","Billed","","-50.00","PSS MUTIARA DAMANSARA","","Standalone","","","31 Jan 2018"
"12/01/2018 17:22","Purchase","'70838153003423462","WXR258","","PRIMAX 95","Billed","10.18","23.00","PSS LOT 4783 BUKIT JALIL","","Standalone","","","31 Jan 2018"
"11/01/2018 21:58","Purchase","'70838153003423462","WXR258","","PRIMAX 95","Billed","10.18","23.00","PSS MUTIARA DAMANSARA","","Standalone","","","31 Jan 2018"
"11/01/2018 21:56","Reload","'70838153003423462","WXR258","","","Billed","","-25.00","PSS MUTIARA DAMANSARA","","Standalone","","","31 Jan 2018"
"10/01/2018 23:10","Purchase","'70838153003423462","WXR258","","PRIMAX 95","Billed","10.04","23.00","PSS KOTA DAMANSARA 2","","Standalone","","","31 Jan 2018"
"10/01/2018 23:10","Purchase","'70838153003423462","WXR258","","PRIMAX 95","Un-billed","10.04","23.00","PSS KOTA DAMANSARA 2","","Standalone","","","Unbilled Transaction"
"10/01/2018 23:08","Reload","'70838153003423462","WXR258","","","Billed","","-25.00","PSS KOTA DAMANSARA 2","","Standalone","","","31 Jan 2018"
"10/01/2018 11:47","Purchase","'70838153003423462","WXR258","","PRIMAX 95","Billed","10.04","23.00","PSS ARA DAMANSARA","","Standalone","","","31 Jan 2018"
"10/01/2018 11:45","Reload","'70838153003423462","WXR258","","","Billed","","-25.00","PSS ARA DAMANSARA","","Standalone","","","31 Jan 2018"
"09/01/2018 07:38","Purchase","'70838153003423462","WXR258","","PRIMAX 95","Billed","10.04","23.00","PSS MUTIARA DAMANSARA","","Standalone","","","31 Jan 2018"
"09/01/2018 07:35","Reload","'70838153003423462","WXR258","","","Billed","","-25.00","PSS MUTIARA DAMANSARA","","Standalone","","","31 Jan 2018"
"07/01/2018 18:53","Purchase","'70838153003423462","WXR258","","PRIMAX 95","Billed","10.04","23.00","PSS KOTA DAMANSARA 2","","Standalone","","","31 Jan 2018"
"07/01/2018 18:51","Reload","'70838153003423462","WXR258","","","Billed","","-25.00","PSS KOTA DAMANSARA 2","","Standalone","","","31 Jan 2018"
"05/01/2018 12:28","Purchase","'70838153003423462","WXR258","","PRIMAX 95","Billed","10.04","23.00","PSS KM5.75 PENCHALA LINK","","Standalone","","","31 Jan 2018"
"05/01/2018 12:26","Reload","'70838153003423462","WXR258","","","Billed","","-25.00","PSS KM5.75 PENCHALA LINK","","Standalone","","","31 Jan 2018"
"04/01/2018 10:03","Purchase","'70838153003423462","WXR258","","PRIMAX 95","Billed","10.04","23.00","PSS TTDI","","Standalone","","","31 Jan 2018"
"04/01/2018 10:00","Reload","'70838153003423462","WXR258","","","Billed","","-25.00","PSS TTDI","","Standalone","","","31 Jan 2018"
"03/01/2018 16:35","Purchase","'70838153003423462","WXR258","","PRIMAX 95","Billed","10.18","23.00","PSS LEBUHRAYA SPRINT","","Standalone","","","31 Jan 2018"
"03/01/2018 16:34","Reload","'70838153003423462","WXR258","","","Billed","","-25.00","PSS LEBUHRAYA SPRINT","","Standalone","","","31 Jan 2018"
"02/01/2018 16:13","Purchase","'70838153003423462","WXR258","","PRIMAX 95","Billed","10.18","23.00","PSS TTDI","","Standalone","","","31 Jan 2018"
"02/01/2018 16:11","Reload","'70838153003423462","WXR258","","","Billed","","-30.00","PSS TTDI","","Standalone","","","31 Jan 2018"