"Date Time","Transaction Type","Card Number","Vehicle Number","Driver Card Number","Product Type","Billing Type","Transaction Volume (Litres)","Transaction Amount (RM)","Station Name","Odometer","Card Type","Cost Centre","Cost Centre Name","Statement Month"
"28/01/2018 19:35","Purchase","'70838153003423983","WXR21","","PRIMAX 95","Billed","40.00","91.60","PSS SENAWANG 1","","Standalone","","","31 Jan 2018"
"22/01/2018 18:35","Purchase","'70838153003423983","WXR21","","PRIMAX 95","Billed","34.78","80.00","PSS RAWAT & REHAT(S) KL- SEREMBAN","","Standalone","","","31 Jan 2018"
"15/01/2018 22:18","Purchase","'70838153003423983","WXR21","","PRIMAX 95","Billed","37.61","85.00","PSS REMBAU","","Standalone","","","31 Jan 2018"
"11/01/2018 08:13","Purchase","'70838153003423983","WXR21","","PRIMAX 95","Billed","22.12","50.00","PSS REMBAU","","Standalone","","","31 Jan 2018"
"11/01/2018 08:12","Reload","'70838153003423983","WXR21","","","Billed","","-300.00","PSS REMBAU","","Standalone","","","31 Jan 2018"