"Date Time","Transaction Type","Card Number","Vehicle Number","Driver Card Number","Product Type","Billing Type","Transaction Volume (Litres)","Transaction Amount (RM)","Station Name","Odometer","Card Type","Cost Centre","Cost Centre Name","Statement Month"
"31/01/2018 21:39","Purchase","'70838153003423256","WXR2","","PRIMAX 95","Billed","62.22","142.47","PSS JALAN SELANGOR","","Standalone","","","31 Jan 2018"
"31/01/2018 21:38","Reload","'70838153003423256","WXR2","","","Billed","","-200.00","PSS JALAN SELANGOR","","Standalone","","","31 Jan 2018"
"29/01/2018 20:27","Purchase","'70838153003423256","WXR2","","PRIMAX 95","Billed","26.63","60.99","PSS PUTRA PERDANA","","Standalone","","","31 Jan 2018"
"28/01/2018 09:45","Purchase","'70838153003423256","WXR2","","PRIMAX 95","Billed","29.55","67.67","PSS CHANGLOON","","Standalone","","","31 Jan 2018"
"25/01/2018 19:38","Reload","'70838153003423256","WXR2","","","Billed","","-50.00","PSS GAMBANG RSA EAST","","Standalone","","","31 Jan 2018"
"22/01/2018 19:35","Purchase","'70838153003423256","WXR2","","PRIMAX 97","Billed","66.19","170.11","PSS ELITE HIGHWAY","","Standalone","","","31 Jan 2018"
"13/01/2018 16:24","Reload","'70838153003423256","WXR2","","","Billed","","-50.00","PSS NIBONG TEBAL SPS","","Standalone","","","31 Jan 2018"
"12/01/2018 16:27","Reload","'70838153003423256","WXR2","","","Billed","","-50.00","PSS TANDOP","","Standalone","","","31 Jan 2018"
"11/01/2018 09:01","Reload","'70838153003423256","WXR2","","","Billed","","-150.00","PSS JALAN GOPENG I","","Standalone","","","31 Jan 2018"
"09/01/2018 23:24","Purchase","'70838153003423256","WXR2","","PRIMAX 97","Billed","35.36","90.53","PSS SALAK JAYA","","Standalone","","","31 Jan 2018"
"05/01/2018 14:45","Purchase","'70838153003423256","WXR2","","PRIMAX 97","Billed","42.76","109.47","PSS SETIA TROPIKA","","Standalone","","","31 Jan 2018"
"05/01/2018 14:44","Reload","'70838153003423256","WXR2","","","Billed","","-200.00","PSS SETIA TROPIKA","","Standalone","","","31 Jan 2018"
"05/01/2018 14:41","Purchase","'70838153003423256","WXR2","","PRIMAX 97","Billed","19.95","51.08","PSS SETIA TROPIKA","","Standalone","","","31 Jan 2018"
"03/01/2018 22:26","Purchase","'70838153003423256","WXR2","","PRIMAX 97","Billed","0.40","1.00","PSS SRI DAMANSARA","","Standalone","","","31 Jan 2018"
"03/01/2018 21:13","Purchase","'70838153003423256","WXR2","","PRIMAX 97","Billed","0.40","1.00","PSS KOTA DAMANSARA 2","","Standalone","","","31 Jan 2018"
"03/01/2018 21:06","Purchase","'70838153003423256","WXR2","","PRIMAX 95","Billed","0.44","1.00","PSS KOTA DAMANSARA","","Standalone","","","31 Jan 2018"
"03/01/2018 09:19","Purchase","'70838153003423256","WXR2","","PRIMAX 97","Billed","63.55","160.77","PSS KLIA 2","","Standalone","","","31 Jan 2018"
"03/01/2018 09:17","Reload","'70838153003423256","WXR2","","","Billed","","-200.00","PSS KLIA 2","","Standalone","","","31 Jan 2018"