"Date Time","Transaction Type","Card Number","Vehicle Number","Driver Card Number","Product Type","Billing Type","Transaction Volume (Litres)","Transaction Amount (RM)","Station Name","Odometer","Card Type","Cost Centre","Cost Centre Name","Statement Month"
"31/01/2018 12:31","Purchase","'70838153003496484","WXR361","","PRIMAX 95","Billed","31.88","73.01","PSS SKVE","","Standalone","","","31 Jan 2018"
"31/01/2018 12:28","Reload","'70838153003496484","WXR361","","","Billed","","-100.00","PSS SKVE","","Standalone","","","31 Jan 2018"
"29/01/2018 11:45","Purchase","'70838153003496484","WXR361","","PRIMAX 95","Billed","36.25","83.00","PSS SKVE","","Standalone","","","31 Jan 2018"
"29/01/2018 11:44","Reload","'70838153003496484","WXR361","","","Billed","","-100.00","PSS SKVE","","Standalone","","","31 Jan 2018"
"27/01/2018 00:50","Purchase","'70838153003496484","WXR361","","PRIMAX 95","Billed","13.10","30.00","PSS SEGAMBUT","","Standalone","","","31 Jan 2018"
"25/01/2018 19:45","Purchase","'70838153003496484","WXR361","","PRIMAX 95","Billed","37.12","85.00","PSS JALAN TUN RAZAK","","Standalone","","","31 Jan 2018"
"25/01/2018 19:44","Reload","'70838153003496484","WXR361","","","Billed","","-100.00","PSS JALAN TUN RAZAK","","Standalone","","","31 Jan 2018"
"24/01/2018 13:20","Purchase","'70838153003496484","WXR361","","PRIMAX 95","Billed","35.66","82.01","PSS CYBERJAYA","","Standalone","","","31 Jan 2018"
"24/01/2018 13:18","Reload","'70838153003496484","WXR361","","","Billed","","-100.00","PSS CYBERJAYA","","Standalone","","","31 Jan 2018"
"20/01/2018 12:02","Purchase","'70838153003496484","WXR361","","PRIMAX 95","Billed","34.78","80.00","PSS SEK 7 SHAH ALAM","","Standalone","","","31 Jan 2018"
"17/01/2018 20:47","Purchase","'70838153003496484","WXR361","","PRIMAX 95","Billed","42.04","95.00","PSS KLIA 2","","Standalone","","","31 Jan 2018"
"15/01/2018 20:40","Purchase","'70838153003496484","WXR361","","PRIMAX 95","Billed","35.40","80.00","PSS KESAS ARAH SUBANG","","Standalone","","","31 Jan 2018"
"15/01/2018 20:37","Reload","'70838153003496484","WXR361","","","Billed","","-200.00","PSS KESAS ARAH SUBANG","","Standalone","","","31 Jan 2018"
"13/01/2018 13:04","Purchase","'70838153003496484","WXR361","","PRIMAX 95","Billed","39.82","90.00","PSS LAKSAMANA CHENG HO","","Standalone","","","31 Jan 2018"
"13/01/2018 13:02","Reload","'70838153003496484","WXR361","","","Billed","","-150.00","PSS LAKSAMANA CHENG HO","","Standalone","","","31 Jan 2018"