"Date Time","Transaction Type","Card Number","Vehicle Number","Driver Card Number","Product Type","Billing Type","Transaction Volume (Litres)","Transaction Amount (RM)","Station Name","Odometer","Card Type","Cost Centre","Cost Centre Name","Statement Month"
"27/01/2018 16:37","Purchase","'70838153003424254","WXR36","","PRIMAX 95","Billed","27.33","62.59","PSS LEBUHRAYA SPRINT","","Standalone","","","31 Jan 2018"
"24/01/2018 16:22","Reload","'70838153003424254","WXR36","","","Billed","","-100.00","PSS LEBUHRAYA SPRINT","","Standalone","","","31 Jan 2018"
"20/01/2018 16:36","Purchase","'70838153003424254","WXR36","","PRIMAX 95","Billed","16.93","38.93","PSS LEBUHRAYA SPRINT","","Standalone","","","31 Jan 2018"
"14/01/2018 17:21","Purchase","'70838153003424254","WXR36","","PRIMAX 95","Billed","24.58","55.56","PSS LEBUHRAYA SPRINT","","Standalone","","","31 Jan 2018"
"10/01/2018 16:26","Purchase","'70838153003424254","WXR36","","PRIMAX 95","Billed","28.42","65.08","PSS LEBUHRAYA SPRINT","","Standalone","","","31 Jan 2018"
"03/01/2018 16:22","Purchase","'70838153003424254","WXR36","","PRIMAX 95","Billed","20.97","47.38","PSS LEBUHRAYA SPRINT","","Standalone","","","31 Jan 2018"
"02/01/2018 07:07","Reload","'70838153003424254","WXR36","","","Billed","","-200.00","PSS LEBUHRAYA SPRINT","","Standalone","","","31 Jan 2018"