"Date Time","Transaction Type","Card Number","Vehicle Number","Driver Card Number","Product Type","Billing Type","Transaction Volume (Litres)","Transaction Amount (RM)","Station Name","Odometer","Card Type","Cost Centre","Cost Centre Name","Statement Month"
"30/01/2018 13:03","Purchase","'70838153003496393","WXR355","","PRIMAX 95","Billed","13.10","30.00","PSS PERMATANG BADAK","","Standalone","","","31 Jan 2018"
"30/01/2018 13:03","Reload","'70838153003496393","WXR355","","","Billed","","-30.00","PSS PERMATANG BADAK","","Standalone","","","31 Jan 2018"
"29/01/2018 13:49","Purchase","'70838153003496393","WXR355","","PRIMAX 95","Billed","14.55","33.32","PSS PERMATANG BADAK","","Standalone","","","31 Jan 2018"
"29/01/2018 13:48","Reload","'70838153003496393","WXR355","","","Billed","","-30.00","PSS PERMATANG BADAK","","Standalone","","","31 Jan 2018"
"24/01/2018 12:25","Purchase","'70838153003496393","WXR355","","PRIMAX 95","Billed","11.36","26.13","PSS JALAN KUANTAN SG LEMBING","","Standalone","","","31 Jan 2018"
"24/01/2018 12:25","Purchase","'70838153003496393","WXR355","","PRIMAX 95","Un-billed","11.36","26.13","PSS JALAN KUANTAN SG LEMBING","","Standalone","","","Unbilled Transaction"
"24/01/2018 12:24","Purchase","'70838153003496393","WXR355","","","Un-billed","","","PSS JALAN KUANTAN SG LEMBING","","Standalone","","","Unbilled Transaction"
"24/01/2018 12:24","Reload","'70838153003496393","WXR355","","","Billed","","-30.00","PSS JALAN KUANTAN SG LEMBING","","Standalone","","","31 Jan 2018"
"23/01/2018 11:43","Purchase","'70838153003496393","WXR355","","PRIMAX 95","Billed","8.70","20.00","PSS DARAT MAKBAR","","Standalone","","","31 Jan 2018"
"19/01/2018 16:19","Purchase","'70838153003496393","WXR355","","PRIMAX 95","Billed","13.05","30.00","PSS JALAN KUANTAN SG LEMBING","","Standalone","","","31 Jan 2018"
"19/01/2018 16:16","Reload","'70838153003496393","WXR355","","","Billed","","-50.00","PSS JALAN KUANTAN SG LEMBING","","Standalone","","","31 Jan 2018"
"15/01/2018 11:58","Purchase","'70838153003496393","WXR355","","PRIMAX 95","Billed","13.28","30.00","PSS JALAN KUANTAN SG LEMBING","","Standalone","","","31 Jan 2018"
"15/01/2018 11:58","Reload","'70838153003496393","WXR355","","","Billed","","-30.00","PSS JALAN KUANTAN SG LEMBING","","Standalone","","","31 Jan 2018"
"11/01/2018 15:48","Purchase","'70838153003496393","WXR355","","PRIMAX 95","Billed","8.85","20.00","PSS JALAN KUANTAN SG LEMBING","","Standalone","","","31 Jan 2018"
"11/01/2018 11:41","Purchase","'70838153003496393","WXR355","","PRIMAX 95","Billed","13.28","30.00","PSS JALAN KUANTAN SG LEMBING","","Standalone","","","31 Jan 2018"
"11/01/2018 11:40","Reload","'70838153003496393","WXR355","","","Billed","","-50.00","PSS JALAN KUANTAN SG LEMBING","","Standalone","","","31 Jan 2018"
"08/01/2018 10:16","Purchase","'70838153003496393","WXR355","","PRIMAX 95","Billed","11.63","26.63","PSS JALAN KUANTAN SG LEMBING","","Standalone","","","31 Jan 2018"
"02/01/2018 13:39","Purchase","'70838153003496393","WXR355","","PRIMAX 95","Billed","13.27","30.00","PSS KUANTAN BY-PASS PANDAN","","Standalone","","","31 Jan 2018"
"02/01/2018 13:37","Reload","'70838153003496393","WXR355","","","Billed","","-50.00","PSS KUANTAN BY-PASS PANDAN","","Standalone","","","31 Jan 2018"