"Date Time","Transaction Type","Card Number","Vehicle Number","Driver Card Number","Product Type","Billing Type","Transaction Volume (Litres)","Transaction Amount (RM)","Station Name","Odometer","Card Type","Cost Centre","Cost Centre Name","Statement Month"
"30/01/2018 22:54","Purchase","'70838153003496468","WXR360","","PRIMAX 95","Billed","13.11","30.03","PSS KM5.5 JALAN CHERAS","","Standalone","","","31 Jan 2018"
"30/01/2018 16:21","Purchase","'70838153003496468","WXR360","","PRIMAX 95","Billed","2.79","6.38","PSS NPE PANTAI DALAM","","Standalone","","","31 Jan 2018"
"29/01/2018 10:19","Purchase","'70838153003496468","WXR360","","PRIMAX 95","Billed","2.50","5.73","PSS KM 305 PLUS ARAH SELATAN","","Standalone","","","31 Jan 2018"
"26/01/2018 07:55","Purchase","'70838153003496468","WXR360","","PRIMAX 95","Billed","3.00","6.88","PSS GRAND SAGA  KL BOUND","","Standalone","","","31 Jan 2018"
"25/01/2018 08:16","Purchase","'70838153003496468","WXR360","","PRIMAX 95","Billed","3.07","7.03","PSS EAST-WEST LINK","","Standalone","","","31 Jan 2018"
"22/01/2018 12:48","Purchase","'70838153003496468","WXR360","","PRIMAX 95","Billed","2.37","5.44","PSS JALAN REKO2","","Standalone","","","31 Jan 2018"
"21/01/2018 17:36","Purchase","'70838153003496468","WXR360","","PRIMAX 95","Billed","16.52","38.00","PSS GENTING SEMPAH","","Standalone","","","31 Jan 2018"
"20/01/2018 18:01","Purchase","'70838153003496468","WXR360","","PRIMAX 95","Billed","13.04","30.00","PSS PRIMA SAUJANA 1","","Standalone","","","31 Jan 2018"
"19/01/2018 08:08","Purchase","'70838153003496468","WXR360","","PRIMAX 97","Billed","8.41","21.60","PSS EAST-WEST LINK","","Standalone","","","31 Jan 2018"
"18/01/2018 13:30","Reload","'70838153003496468","WXR360","","","Billed","","-100.00","PSS NPE PANTAI DALAM","","Standalone","","","31 Jan 2018"
"18/01/2018 13:25","Purchase","'70838153003496468","WXR360","","PRIMAX 95","Billed","2.61","6.00","PSS NPE PANTAI DALAM","","Standalone","","","31 Jan 2018"
"16/01/2018 18:00","Purchase","'70838153003496468","WXR360","","PRIMAX 95","Billed","3.25","7.35","PSS PERSIARAN MAHKOTA CHERAS","","Standalone","","","31 Jan 2018"
"15/01/2018 08:02","Purchase","'70838153003496468","WXR360","","PRIMAX 95","Billed","2.99","6.76","PSS EAST-WEST LINK","","Standalone","","","31 Jan 2018"
"14/01/2018 12:24","Purchase","'70838153003496468","WXR360","","PRIMAX 95","Billed","4.43","10.01","PSS KM5.5 JALAN CHERAS","","Standalone","","","31 Jan 2018"
"13/01/2018 08:49","Purchase","'70838153003496468","WXR360","","PRIMAX 95","Billed","17.70","40.00","PSS SEMENYIH","","Standalone","","","31 Jan 2018"
"06/01/2018 00:05","Purchase","'70838153003496468","WXR360","","PRIMAX 95","Billed","10.92","25.00","PSS BALAKONG II","","Standalone","","","31 Jan 2018"
"04/01/2018 09:06","Purchase","'70838153003496468","WXR360","","PRIMAX 97","Billed","8.89","22.76","PSS LEBUHRAYA SILK","","Standalone","","","31 Jan 2018"