"Date Time","Transaction Type","Card Number","Vehicle Number","Driver Card Number","Product Type","Billing Type","Transaction Volume (Litres)","Transaction Amount (RM)","Station Name","Odometer","Card Type","Cost Centre","Cost Centre Name","Statement Month"
"24/01/2018 20:41","Reload","'70838153003495890","WXR332","","","Billed","","-25.00","PSS JLN LORONG PANDAN","","Standalone","","","31 Jan 2018"
"22/01/2018 21:44","Purchase","'70838153003495890","WXR332","","PRIMAX 95","Billed","13.04","30.00","PSS JLN LORONG PANDAN","","Standalone","","","31 Jan 2018"
"22/01/2018 21:40","Reload","'70838153003495890","WXR332","","","Billed","","-20.00","PSS JLN LORONG PANDAN","","Standalone","","","31 Jan 2018"
"21/01/2018 23:45","Purchase","'70838153003495890","WXR332","","PRIMAX 95","Billed","23.49","54.02","PSS JLN LORONG PANDAN","853074","Standalone","","","31 Jan 2018"
"21/01/2018 18:00","Reload","'70838153003495890","WXR332","","","Billed","","-60.00","PSS REMBIA","","Standalone","","","31 Jan 2018"
"21/01/2018 14:42","Purchase","'70838153003495890","WXR332","","PRIMAX 95","Billed","38.35","88.20","PSS JLN LORONG PANDAN","852808","Standalone","","","31 Jan 2018"
"21/01/2018 14:39","Reload","'70838153003495890","WXR332","","","Billed","","-90.00","PSS JLN LORONG PANDAN","","Standalone","","","31 Jan 2018"
"20/01/2018 16:26","Purchase","'70838153003495890","WXR332","","PRIMAX 95","Billed","33.48","77.00","PSS JLN LORONG PANDAN","852355","Standalone","","","31 Jan 2018"
"20/01/2018 16:24","Reload","'70838153003495890","WXR332","","","Billed","","-78.60","PSS JLN LORONG PANDAN","","Standalone","","","31 Jan 2018"
"19/01/2018 11:46","Purchase","'70838153003495890","WXR332","","PRIMAX 95","Billed","26.09","60.00","PSS JLN LORONG PANDAN","852014","Standalone","","","31 Jan 2018"
"19/01/2018 11:43","Reload","'70838153003495890","WXR332","","","Billed","","-60.00","PSS JLN LORONG PANDAN","","Standalone","","","31 Jan 2018"
"18/01/2018 19:09","Purchase","'70838153003495890","WXR332","","PRIMAX 95","Billed","9.57","22.00","PSS JLN LORONG PANDAN","851755","Standalone","","","31 Jan 2018"
"18/01/2018 19:07","Reload","'70838153003495890","WXR332","","","Billed","","-15.00","PSS JLN LORONG PANDAN","","Standalone","","","31 Jan 2018"
"17/01/2018 20:12","Purchase","'70838153003495890","WXR332","","PRIMAX 95","Billed","3.98","9.00","PSS JLN LORONG PANDAN","851674","Standalone","","","31 Jan 2018"
"17/01/2018 20:10","Reload","'70838153003495890","WXR332","","","Billed","","-15.00","PSS JLN LORONG PANDAN","","Standalone","","","31 Jan 2018"
"16/01/2018 21:13","Purchase","'70838153003495890","WXR332","","PRIMAX 95","Billed","19.91","45.00","PSS JLN LORONG PANDAN","851642","Standalone","","","31 Jan 2018"
"16/01/2018 21:11","Reload","'70838153003495890","WXR332","","","Billed","","-40.00","PSS JLN LORONG PANDAN","","Standalone","","","31 Jan 2018"
"16/01/2018 09:50","Purchase","'70838153003495890","WXR332","","PRIMAX 95","Billed","34.51","78.00","PSS JLN LORONG PANDAN","851446","Standalone","","","31 Jan 2018"
"16/01/2018 09:47","Reload","'70838153003495890","WXR332","","","Billed","","-80.00","PSS JLN LORONG PANDAN","","Standalone","","","31 Jan 2018"
"15/01/2018 07:47","Purchase","'70838153003495890","WXR332","","PRIMAX 95","Billed","46.90","106.00","PSS JLN LORONG PANDAN","851092","Standalone","","","31 Jan 2018"
"15/01/2018 07:44","Reload","'70838153003495890","WXR332","","","Billed","","-30.00","PSS JLN LORONG PANDAN","","Standalone","","","31 Jan 2018"
"13/01/2018 21:10","Reload","'70838153003495890","WXR332","","","Billed","","-80.00","PSS KLIA 2","","Standalone","","","31 Jan 2018"
"12/01/2018 23:41","Purchase","'70838153003495890","WXR332","","PRIMAX 95","Billed","30.97","70.00","PSS JLN LORONG PANDAN","850696","Standalone","","","31 Jan 2018"
"12/01/2018 23:38","Reload","'70838153003495890","WXR332","","","Billed","","-40.00","PSS JLN LORONG PANDAN","","Standalone","","","31 Jan 2018"
"12/01/2018 23:37","Reload","'70838153003495890","WXR332","","","Billed","","-30.00","PSS JLN LORONG PANDAN","","Standalone","","","31 Jan 2018"
"11/01/2018 22:27","Purchase","'70838153003495890","WXR332","","PRIMAX 95","Billed","26.55","60.00","PSS JLN LORONG PANDAN","850401","Standalone","","","31 Jan 2018"
"11/01/2018 22:25","Reload","'70838153003495890","WXR332","","","Billed","","-60.00","PSS JLN LORONG PANDAN","","Standalone","","","31 Jan 2018"
"08/01/2018 21:13","Purchase","'70838153003495890","WXR332","","PRIMAX 95","Billed","61.14","140.00","PSS JLN LORONG PANDAN","850164","Standalone","","","31 Jan 2018"
"08/01/2018 21:11","Reload","'70838153003495890","WXR332","","","Billed","","-140.00","PSS JLN LORONG PANDAN","","Standalone","","","31 Jan 2018"
"06/01/2018 09:04","Purchase","'70838153003495890","WXR332","","PRIMAX 95","Billed","34.93","80.00","PSS MUKIM BACHANG","849655","Standalone","","","31 Jan 2018"
"06/01/2018 09:01","Reload","'70838153003495890","WXR332","","","Billed","","-80.00","PSS MUKIM BACHANG","","Standalone","","","31 Jan 2018"
"05/01/2018 20:37","Purchase","'70838153003495890","WXR332","","PRIMAX 95","Billed","48.04","110.00","PSS KLIA 1","849275","Standalone","","","31 Jan 2018"
"05/01/2018 20:28","Reload","'70838153003495890","WXR332","","","Billed","","-80.00","PSS KLIA 1","","Standalone","","","31 Jan 2018"
"03/01/2018 21:11","Purchase","'70838153003495890","WXR332","","PRIMAX 95","Billed","13.27","30.00","PSS JLN LORONG PANDAN","","Standalone","","","31 Jan 2018"
"03/01/2018 21:06","Reload","'70838153003495890","WXR332","","","Billed","","-30.00","PSS JLN LORONG PANDAN","","Standalone","","","31 Jan 2018"