"Date Time","Transaction Type","Card Number","Vehicle Number","Driver Card Number","Product Type","Billing Type","Transaction Volume (Litres)","Transaction Amount (RM)","Station Name","Odometer","Card Type","Cost Centre","Cost Centre Name","Statement Month"
"12/01/2018 11:52","Purchase","'70838153003496435","WXR357","","PRIMAX 95","Billed","17.70","40.00","PSS KM 4 JALAN GAMBANG","","Standalone","","","31 Jan 2018"
"12/01/2018 11:49","Reload","'70838153003496435","WXR357","","","Billed","","-40.00","PSS KM 4 JALAN GAMBANG","","Standalone","","","31 Jan 2018"
"08/01/2018 21:03","Purchase","'70838153003496435","WXR357","","PRIMAX 95","Billed","21.84","50.00","PSS KM 4 JALAN GAMBANG","","Standalone","","","31 Jan 2018"
"08/01/2018 21:01","Reload","'70838153003496435","WXR357","","","Billed","","-50.00","PSS KM 4 JALAN GAMBANG","","Standalone","","","31 Jan 2018"
"06/01/2018 17:20","Purchase","'70838153003496435","WXR357","","PRIMAX 95","Billed","21.84","50.00","PSS KM 4 JALAN GAMBANG","","Standalone","","","31 Jan 2018"
"06/01/2018 17:18","Reload","'70838153003496435","WXR357","","","Billed","","-60.00","PSS KM 4 JALAN GAMBANG","","Standalone","","","31 Jan 2018"