"Date Time","Transaction Type","Card Number","Vehicle Number","Driver Card Number","Product Type","Billing Type","Transaction Volume (Litres)","Transaction Amount (RM)","Station Name","Odometer","Card Type","Cost Centre","Cost Centre Name","Statement Month"
"31/01/2018 21:06","Purchase","'70838153003424288","WXR38","","PRIMAX 95","Billed","8.35","19.11","PSS LAGUNA MERBUK","","Standalone","","","31 Jan 2018"
"28/01/2018 21:23","Purchase","'70838153003424288","WXR38","","PRIMAX 95","Billed","21.84","50.00","PSS LAGUNA MERBUK","","Standalone","","","31 Jan 2018"
"26/01/2018 20:37","Purchase","'70838153003424288","WXR38","","PRIMAX 95","Billed","13.10","30.00","PSS LAGUNA MERBUK","","Standalone","","","31 Jan 2018"
"26/01/2018 20:35","Reload","'70838153003424288","WXR38","","","Billed","","-100.00","PSS LAGUNA MERBUK","","Standalone","","","31 Jan 2018"
"07/01/2018 13:07","Purchase","'70838153003424288","WXR38","","PRIMAX 95","Billed","13.98","32.00","PSS LAGUNA MERBUK","","Standalone","","","31 Jan 2018"
"03/01/2018 10:42","Purchase","'70838153003424288","WXR38","","PRIMAX 95","Billed","13.28","30.00","PSS LAGUNA MERBUK","","Standalone","","","31 Jan 2018"
"03/01/2018 10:40","Reload","'70838153003424288","WXR38","","","Billed","","-50.00","PSS LAGUNA MERBUK","","Standalone","","","31 Jan 2018"