"Date Time","Transaction Type","Card Number","Vehicle Number","Driver Card Number","Product Type","Billing Type","Transaction Volume (Litres)","Transaction Amount (RM)","Station Name","Odometer","Card Type","Cost Centre","Cost Centre Name","Statement Month"
"31/01/2018 20:30","Purchase","'70838153003495940","WXR337","","PRIMAX 95","Billed","8.73","20.00","PSS TAMAN DELIMA","","Standalone","","","31 Jan 2018"
"31/01/2018 20:28","Reload","'70838153003495940","WXR337","","","Billed","","-20.00","PSS TAMAN DELIMA","","Standalone","","","31 Jan 2018"
"31/01/2018 08:36","Purchase","'70838153003495940","WXR337","","PRIMAX 95","Billed","8.73","20.00","PSS TAMAN TAMPOI UTAMA","","Standalone","","","31 Jan 2018"
"31/01/2018 08:35","Reload","'70838153003495940","WXR337","","","Billed","","-20.00","PSS TAMAN TAMPOI UTAMA","","Standalone","","","31 Jan 2018"
"29/01/2018 12:46","Purchase","'70838153003495940","WXR337","","PRIMAX 95","Billed","13.10","30.00","PSS TAMAN DELIMA","","Standalone","","","31 Jan 2018"
"29/01/2018 12:43","Reload","'70838153003495940","WXR337","","","Billed","","-30.00","PSS TAMAN DELIMA","","Standalone","","","31 Jan 2018"
"24/01/2018 21:37","Purchase","'70838153003495940","WXR337","","PRIMAX 95","Billed","13.04","30.00","PSS TAMAN DELIMA","","Standalone","","","31 Jan 2018"
"24/01/2018 21:34","Reload","'70838153003495940","WXR337","","","Billed","","-30.00","PSS TAMAN DELIMA","","Standalone","","","31 Jan 2018"
"23/01/2018 14:45","Purchase","'70838153003495940","WXR337","","PRIMAX 95","Billed","10.87","25.00","PSS JALAN DATIN HALIMAH","","Standalone","","","31 Jan 2018"
"23/01/2018 14:43","Reload","'70838153003495940","WXR337","","","Billed","","-20.00","PSS JALAN DATIN HALIMAH","","Standalone","","","31 Jan 2018"
"21/01/2018 08:16","Purchase","'70838153003495940","WXR337","","PRIMAX 95","Billed","10.87","25.00","PSS JALAN TAR","","Standalone","","","31 Jan 2018"
"21/01/2018 08:14","Reload","'70838153003495940","WXR337","","","Billed","","-30.00","PSS JALAN TAR","","Standalone","","","31 Jan 2018"
"19/01/2018 06:33","Purchase","'70838153003495940","WXR337","","PRIMAX 95","Billed","8.70","20.00","PSS TAMAN TAMPOI UTAMA","","Standalone","","","31 Jan 2018"
"19/01/2018 06:32","Reload","'70838153003495940","WXR337","","","Billed","","-20.00","PSS TAMAN TAMPOI UTAMA","","Standalone","","","31 Jan 2018"
"16/01/2018 09:30","Purchase","'70838153003495940","WXR337","","PRIMAX 95","Billed","11.06","25.00","PSS TAMAN DAYA","","Standalone","","","31 Jan 2018"
"16/01/2018 09:28","Purchase","'70838153003495940","WXR337","","PRIMAX 95","Billed","2.21","5.00","PSS TAMAN DAYA","","Standalone","","","31 Jan 2018"
"16/01/2018 09:23","Reload","'70838153003495940","WXR337","","","Billed","","-30.00","PSS TAMAN DAYA","","Standalone","","","31 Jan 2018"
"14/01/2018 22:03","Purchase","'70838153003495940","WXR337","","PRIMAX 95","Billed","13.27","30.00","PSS TAMAN DELIMA","","Standalone","","","31 Jan 2018"
"14/01/2018 22:01","Reload","'70838153003495940","WXR337","","","Billed","","-30.00","PSS TAMAN DELIMA","","Standalone","","","31 Jan 2018"
"13/01/2018 11:29","Purchase","'70838153003495940","WXR337","","PRIMAX 95","Billed","8.85","20.00","PSS JALAN TAR","","Standalone","","","31 Jan 2018"
"11/01/2018 11:32","Purchase","'70838153003495940","WXR337","","PRIMAX 95","Billed","17.70","40.00","PSS LEBUHRAYA PASIR GUDANG 3","","Standalone","","","31 Jan 2018"
"11/01/2018 11:29","Reload","'70838153003495940","WXR337","","","Billed","","-50.00","PSS LEBUHRAYA PASIR GUDANG 3","","Standalone","","","31 Jan 2018"
"09/01/2018 19:50","Purchase","'70838153003495940","WXR337","","PRIMAX 95","Billed","10.92","25.00","PSS TAMAN DELIMA","","Standalone","","","31 Jan 2018"
"09/01/2018 19:49","Reload","'70838153003495940","WXR337","","","Billed","","-15.00","PSS TAMAN DELIMA","","Standalone","","","31 Jan 2018"
"09/01/2018 11:27","Purchase","'70838153003495940","WXR337","","PRIMAX 95","Billed","13.10","30.00","PSS JALAN TAR","","Standalone","","","31 Jan 2018"
"09/01/2018 11:26","Reload","'70838153003495940","WXR337","","","Billed","","-50.00","PSS JALAN TAR","","Standalone","","","31 Jan 2018"
"08/01/2018 07:58","Purchase","'70838153003495940","WXR337","","PRIMAX 95","Billed","13.10","30.00","PSS JALAN LANGKASUKA","","Standalone","","","31 Jan 2018"
"08/01/2018 07:55","Reload","'70838153003495940","WXR337","","","Billed","","-30.00","PSS JALAN LANGKASUKA","","Standalone","","","31 Jan 2018"