"Date Time","Transaction Type","Card Number","Vehicle Number","Driver Card Number","Product Type","Billing Type","Transaction Volume (Litres)","Transaction Amount (RM)","Station Name","Odometer","Card Type","Cost Centre","Cost Centre Name","Statement Month"
"30/01/2018 12:01","Purchase","'70838153003424551","WXR43","","PRIMAX 95","Billed","17.47","40.00","PSS SUNGAI JAGUNG","61114","Standalone","","","31 Jan 2018"
"23/01/2018 12:04","Purchase","'70838153003424551","WXR43","","PRIMAX 95","Billed","17.39","40.00","PSS SUNGAI JAGUNG","60616","Standalone","","","31 Jan 2018"
"18/01/2018 11:39","Reload","'70838153003424551","WXR43","","","Billed","","-220.00","PSS LAGUNA MERBUK","","Standalone","","","31 Jan 2018"
"04/01/2018 11:59","Purchase","'70838153003424551","WXR43","","PRIMAX 95","Billed","17.47","40.00","PSS SUNGAI JAGUNG","59609","Standalone","","","31 Jan 2018"
"02/01/2018 12:49","Purchase","'70838153003424551","WXR43","","PRIMAX 95","Billed","13.28","30.00","PSS LAGUNA MERBUK","59278","Standalone","","","31 Jan 2018"