"Date Time","Transaction Type","Card Number","Vehicle Number","Driver Card Number","Product Type","Billing Type","Transaction Volume (Litres)","Transaction Amount (RM)","Station Name","Odometer","Card Type","Cost Centre","Cost Centre Name","Statement Month"
"31/01/2018 08:48","Purchase","'70838153003498761","WXR443","","PRIMAX 95","Billed","13.10","30.00","PSS TAMAN MERANTI JAYA","","Standalone","","","31 Jan 2018"
"28/01/2018 18:51","Purchase","'70838153003498761","WXR443","","PRIMAX 95","Billed","13.10","30.00","PSS NKVE (SUBANG TOLL)","","Standalone","","","31 Jan 2018"
"28/01/2018 09:38","Purchase","'70838153003498761","WXR443","","PRIMAX 97","Billed","47.48","121.55","PSS PADANG MIDIN","","Standalone","","","31 Jan 2018"
"26/01/2018 10:34","Purchase","'70838153003498761","WXR443","","PRIMAX 95","Billed","37.38","85.60","PSS TAMAN MERANTI JAYA","","Standalone","","","31 Jan 2018"
"26/01/2018 10:31","Reload","'70838153003498761","WXR443","","","Billed","","-500.00","PSS TAMAN MERANTI JAYA","","Standalone","","","31 Jan 2018"
"23/01/2018 15:03","Purchase","'70838153003498761","WXR443","","PRIMAX 95","Billed","15.22","35.00","PSS ELITE LAYBY","","Standalone","","","31 Jan 2018"
"17/01/2018 20:41","Purchase","'70838153003498761","WXR443","","PRIMAX 95","Billed","66.42","150.10","PSS PUCHONG BT 14","","Standalone","","","31 Jan 2018"
"17/01/2018 18:37","Purchase","'70838153003498761","WXR443","","PRIMAX 95","Billed","20.40","46.10","PSS TAMAN MERANTI JAYA","","Standalone","","","31 Jan 2018"
"16/01/2018 10:44","Purchase","'70838153003498761","WXR443","","PRIMAX 95","Billed","22.13","50.00","PSS LDP PUCHONG UTAMA","","Standalone","","","31 Jan 2018"
"14/01/2018 20:07","Purchase","'70838153003498761","WXR443","","PRIMAX 95","Billed","44.25","100.00","PSS ULU BERNAM","5246","Standalone","","","31 Jan 2018"
"14/01/2018 11:41","Reload","'70838153003498761","WXR443","","","Billed","","-500.00","PSS LDP PUCHONG UTAMA","","Standalone","","","31 Jan 2018"