"Date Time","Transaction Type","Card Number","Vehicle Number","Driver Card Number","Product Type","Billing Type","Transaction Volume (Litres)","Transaction Amount (RM)","Station Name","Odometer","Card Type","Cost Centre","Cost Centre Name","Statement Month"
"31/01/2018 18:41","Purchase","'70838153003498118","WXR413","","PRIMAX 95","Billed","21.84","50.00","PSS AULONG","","Standalone","","","31 Jan 2018"
"30/01/2018 20:28","Purchase","'70838153003498118","WXR413","","PRIMAX 95","Billed","10.92","25.00","PSS AULONG","","Standalone","","","31 Jan 2018"
"30/01/2018 20:27","Reload","'70838153003498118","WXR413","","","Billed","","-50.00","PSS AULONG","","Standalone","","","31 Jan 2018"
"30/01/2018 13:07","Purchase","'70838153003498118","WXR413","","PRIMAX 95","Billed","15.28","35.00","PSS R & R GUNUNG SEMANGGOL","","Standalone","","","31 Jan 2018"
"30/01/2018 13:05","Reload","'70838153003498118","WXR413","","","Billed","","-60.00","PSS R & R GUNUNG SEMANGGOL","","Standalone","","","31 Jan 2018"
"29/01/2018 19:49","Purchase","'70838153003498118","WXR413","","PRIMAX 95","Billed","17.47","40.00","PSS AULONG","","Standalone","","","31 Jan 2018"
"29/01/2018 19:46","Reload","'70838153003498118","WXR413","","","Billed","","-30.00","PSS AULONG","","Standalone","","","31 Jan 2018"
"29/01/2018 10:17","Purchase","'70838153003498118","WXR413","","PRIMAX 95","Billed","13.10","30.00","PSS SKVE","","Standalone","","","31 Jan 2018"
"28/01/2018 08:07","Purchase","'70838153003498118","WXR413","","PRIMAX 95","Billed","34.93","80.00","PSS RAWAT & REHAT(S) KL- SEREMBAN","","Standalone","","","31 Jan 2018"
"28/01/2018 08:05","Reload","'70838153003498118","WXR413","","","Billed","","-70.00","PSS RAWAT & REHAT(S) KL- SEREMBAN","","Standalone","","","31 Jan 2018"
"27/01/2018 15:16","Purchase","'70838153003498118","WXR413","","PRIMAX 95","Billed","26.20","60.00","PSS AULONG","","Standalone","","","31 Jan 2018"
"27/01/2018 10:41","Purchase","'70838153003498118","WXR413","","PRIMAX 95","Billed","8.74","20.00","PSS AULONG","","Standalone","","","31 Jan 2018"
"27/01/2018 10:39","Reload","'70838153003498118","WXR413","","","Billed","","-50.00","PSS AULONG","","Standalone","","","31 Jan 2018"
"26/01/2018 11:02","Purchase","'70838153003498118","WXR413","","PRIMAX 95","Billed","8.74","20.00","PSS AULONG","","Standalone","","","31 Jan 2018"
"26/01/2018 11:00","Reload","'70838153003498118","WXR413","","","Billed","","-100.00","PSS AULONG","","Standalone","","","31 Jan 2018"
"25/01/2018 12:05","Purchase","'70838153003498118","WXR413","","PRIMAX 95","Billed","17.47","40.00","PSS AULONG","","Standalone","","","31 Jan 2018"
"24/01/2018 16:46","Purchase","'70838153003498118","WXR413","","PRIMAX 95","Billed","13.05","30.00","PSS PEKAN SIMPANG TAIPING","","Standalone","","","31 Jan 2018"
"24/01/2018 12:32","Purchase","'70838153003498118","WXR413","","PRIMAX 95","Billed","13.05","30.00","PSS AULONG","","Standalone","","","31 Jan 2018"
"24/01/2018 12:31","Reload","'70838153003498118","WXR413","","","Billed","","-100.00","PSS AULONG","","Standalone","","","31 Jan 2018"
"23/01/2018 22:02","Purchase","'70838153003498118","WXR413","","PRIMAX 95","Billed","15.22","35.00","PSS AULONG","","Standalone","","","31 Jan 2018"
"22/01/2018 14:06","Purchase","'70838153003498118","WXR413","","PRIMAX 95","Billed","15.22","35.00","PSS AULONG","","Standalone","","","31 Jan 2018"
"22/01/2018 14:04","Reload","'70838153003498118","WXR413","","","Billed","","-50.00","PSS AULONG","","Standalone","","","31 Jan 2018"
"21/01/2018 14:14","Purchase","'70838153003498118","WXR413","","PRIMAX 95","Billed","13.05","30.00","PSS AULONG","","Standalone","","","31 Jan 2018"
"21/01/2018 14:12","Reload","'70838153003498118","WXR413","","","Billed","","-40.00","PSS AULONG","","Standalone","","","31 Jan 2018"
"20/01/2018 21:37","Purchase","'70838153003498118","WXR413","","PRIMAX 95","Billed","13.05","30.00","PSS AULONG","","Standalone","","","31 Jan 2018"
"20/01/2018 11:38","Purchase","'70838153003498118","WXR413","","PRIMAX 95","Billed","13.04","30.00","PSS TUPAI","","Standalone","","","31 Jan 2018"
"20/01/2018 11:35","Reload","'70838153003498118","WXR413","","","Billed","","-50.00","PSS TUPAI","","Standalone","","","31 Jan 2018"
"19/01/2018 08:30","Purchase","'70838153003498118","WXR413","","PRIMAX 95","Billed","13.05","30.00","PSS AULONG","","Standalone","","","31 Jan 2018"
"17/01/2018 20:29","Purchase","'70838153003498118","WXR413","","PRIMAX 95","Billed","13.28","30.00","PSS AULONG","","Standalone","","","31 Jan 2018"
"17/01/2018 20:27","Reload","'70838153003498118","WXR413","","","Billed","","-50.00","PSS AULONG","","Standalone","","","31 Jan 2018"
"16/01/2018 13:58","Purchase","'70838153003498118","WXR413","","PRIMAX 95","Billed","17.70","40.00","PSS AULONG","","Standalone","","","31 Jan 2018"
"16/01/2018 13:56","Reload","'70838153003498118","WXR413","","","Billed","","-60.00","PSS AULONG","","Standalone","","","31 Jan 2018"
"15/01/2018 14:12","Purchase","'70838153003498118","WXR413","","PRIMAX 95","Billed","13.27","30.00","PSS R & R GUNUNG SEMANGGOL","","Standalone","","","31 Jan 2018"
"15/01/2018 09:00","Purchase","'70838153003498118","WXR413","","PRIMAX 95","Billed","17.70","40.00","PSS AULONG","","Standalone","","","31 Jan 2018"
"15/01/2018 08:58","Reload","'70838153003498118","WXR413","","","Billed","","-50.00","PSS AULONG","","Standalone","","","31 Jan 2018"
"14/01/2018 11:52","Purchase","'70838153003498118","WXR413","","PRIMAX 95","Billed","22.13","50.00","PSS AULONG","50","Standalone","","","31 Jan 2018"
"14/01/2018 11:49","Reload","'70838153003498118","WXR413","","","Billed","","-80.00","PSS AULONG","","Standalone","","","31 Jan 2018"