"Date Time","Transaction Type","Card Number","Vehicle Number","Driver Card Number","Product Type","Billing Type","Transaction Volume (Litres)","Transaction Amount (RM)","Station Name","Odometer","Card Type","Cost Centre","Cost Centre Name","Statement Month"
"29/01/2018 10:35","Purchase","'70838153003498241","WXR424","","PRIMAX 95","Billed","10.88","24.91","PSS JALAN GOPENG I","39074","Standalone","","","31 Jan 2018"
"21/01/2018 17:22","Purchase","'70838153003498241","WXR424","","PRIMAX 97","Billed","32.68","83.99","PSS PADANG RENGAS","37861","Standalone","","","31 Jan 2018"
"15/01/2018 12:55","Purchase","'70838153003498241","WXR424","","PRIMAX 97","Billed","32.06","81.10","PSS SIMPANG PULAI ARAH SELATAN","37208","Standalone","","","31 Jan 2018"
"10/01/2018 12:23","Purchase","'70838153003498241","WXR424","","PRIMAX 97","Billed","23.44","60.00","PSS SLIM RIVER","36453","Standalone","","","31 Jan 2018"
"10/01/2018 12:19","Reload","'70838153003498241","WXR424","","","Billed","","-250.00","PSS SLIM RIVER","","Standalone","","","31 Jan 2018"