"Date Time","Transaction Type","Card Number","Vehicle Number","Driver Card Number","Product Type","Billing Type","Transaction Volume (Litres)","Transaction Amount (RM)","Station Name","Odometer","Card Type","Cost Centre","Cost Centre Name","Statement Month"
"26/01/2018 07:51","Purchase","'70838153003424312","WXR40","","PRIMAX 95","Billed","21.84","50.00","PSS JALAN RAJA SYED ALWI","115196","Standalone","","","31 Jan 2018"
"26/01/2018 07:49","Reload","'70838153003424312","WXR40","","","Billed","","-50.00","PSS JALAN RAJA SYED ALWI","","Standalone","","","31 Jan 2018"
"16/01/2018 23:09","Purchase","'70838153003424312","WXR40","","PRIMAX 95","Billed","22.13","50.00","PSS JALAN RAJA SYED ALWI","123456","Standalone","","","31 Jan 2018"
"11/01/2018 08:06","Purchase","'70838153003424312","WXR40","","PRIMAX 95","Billed","22.13","50.00","PSS BEHOR TEMAK","123456","Standalone","","","31 Jan 2018"
"11/01/2018 08:04","Reload","'70838153003424312","WXR40","","","Billed","","-50.00","PSS BEHOR TEMAK","","Standalone","","","31 Jan 2018"
"05/01/2018 07:59","Purchase","'70838153003424312","WXR40","","PRIMAX 95","Billed","21.84","50.00","PSS JALAN RAJA SYED ALWI","114439","Standalone","","","31 Jan 2018"
"05/01/2018 07:56","Reload","'70838153003424312","WXR40","","","Billed","","-100.00","PSS JALAN RAJA SYED ALWI","","Standalone","","","31 Jan 2018"