"Date Time","Transaction Type","Card Number","Vehicle Number","Driver Card Number","Product Type","Billing Type","Transaction Volume (Litres)","Transaction Amount (RM)","Station Name","Odometer","Card Type","Cost Centre","Cost Centre Name","Statement Month"
"30/01/2018 13:17","Purchase","'70838153003498142","WXR416","","PRIMAX 95","Billed","13.10","30.00","PSS JALAN GOPENG II","30","Standalone","","","31 Jan 2018"
"30/01/2018 13:14","Reload","'70838153003498142","WXR416","","","Billed","","-100.00","PSS JALAN GOPENG II","","Standalone","","","31 Jan 2018"
"26/01/2018 14:25","Purchase","'70838153003498142","WXR416","","PRIMAX 95","Billed","21.83","50.00","PSS JALAN GOPENG I","50","Standalone","","","31 Jan 2018"
"24/01/2018 19:09","Purchase","'70838153003498142","WXR416","","PRIMAX 95","Billed","17.53","40.31","PSS JALAN GOPENG I","50","Standalone","","","31 Jan 2018"
"24/01/2018 19:07","Reload","'70838153003498142","WXR416","","","Billed","","-100.00","PSS JALAN GOPENG I","","Standalone","","","31 Jan 2018"
"23/01/2018 09:08","Purchase","'70838153003498142","WXR416","","PRIMAX 95","Un-billed","13.04","30.00","PSS JALAN GOPENG I","30","Standalone","","","Unbilled Transaction"
"23/01/2018 09:06","Reload","'70838153003498142","WXR416","","","Billed","","-30.00","PSS JALAN GOPENG I","","Standalone","","","31 Jan 2018"
"20/01/2018 20:49","Purchase","'70838153003498142","WXR416","","PRIMAX 95","Billed","4.35","10.00","PSS TAMAN PENGKALAN JAYA","30","Standalone","","","31 Jan 2018"
"18/01/2018 12:05","Purchase","'70838153003498142","WXR416","","PRIMAX 95","Billed","17.39","40.00","PSS JALAN GOPENG II","50","Standalone","","","31 Jan 2018"
"18/01/2018 12:03","Reload","'70838153003498142","WXR416","","","Billed","","-50.00","PSS JALAN GOPENG II","","Standalone","","","31 Jan 2018"
"16/01/2018 20:31","Purchase","'70838153003498142","WXR416","","PRIMAX 95","Billed","10.88","24.59","PSS JALAN GOPENG II","50","Standalone","","","31 Jan 2018"
"14/01/2018 12:35","Purchase","'70838153003498142","WXR416","","PRIMAX 95","Billed","11.25","25.41","PSS TAMAN PENGKALAN JAYA","30","Standalone","","","31 Jan 2018"
"14/01/2018 12:34","Reload","'70838153003498142","WXR416","","","Billed","","-50.00","PSS TAMAN PENGKALAN JAYA","","Standalone","","","31 Jan 2018"
"11/01/2018 13:33","Purchase","'70838153003498142","WXR416","","PRIMAX 95","Billed","18.20","41.13","PSS MANJUNG POINT","50","Standalone","","","31 Jan 2018"
"10/01/2018 09:48","Purchase","'70838153003498142","WXR416","","PRIMAX 95","Billed","21.84","50.00","PSS JALAN GOPENG II","50","Standalone","","","31 Jan 2018"
"09/01/2018 09:45","Purchase","'70838153003498142","WXR416","","PRIMAX 95","Billed","6.55","15.00","PSS JALAN GOPENG II","15","Standalone","","","31 Jan 2018"
"09/01/2018 09:43","Reload","'70838153003498142","WXR416","","","Billed","","-100.00","PSS JALAN GOPENG II","","Standalone","","","31 Jan 2018"
"07/01/2018 17:09","Purchase","'70838153003498142","WXR416","","PRIMAX 95","Billed","24.05","55.06","PSS COCHRANE PERKASA","50","Standalone","","","31 Jan 2018"
"06/01/2018 12:24","Purchase","'70838153003498142","WXR416","","PRIMAX 95","Billed","18.36","42.04","PSS SIMPANG PULAI ARAH SELATAN","50","Standalone","","","31 Jan 2018"
"06/01/2018 12:21","Reload","'70838153003498142","WXR416","","","Billed","","-100.00","PSS SIMPANG PULAI ARAH SELATAN","","Standalone","","","31 Jan 2018"
"05/01/2018 20:46","Purchase","'70838153003498142","WXR416","","PRIMAX 95","Billed","20.66","47.30","PSS SUNGAI PERAK (S)","40","Standalone","","","31 Jan 2018"
"03/01/2018 10:21","Reload","'70838153003498142","WXR416","","","Billed","","-50.00","PSS JALAN 20/1 SEKSYEN 20","","Standalone","","","31 Jan 2018"