"Date Time","Transaction Type","Card Number","Vehicle Number","Driver Card Number","Product Type","Billing Type","Transaction Volume (Litres)","Transaction Amount (RM)","Station Name","Odometer","Card Type","Cost Centre","Cost Centre Name","Statement Month"
"31/01/2018 20:26","Purchase","'70838153003498183","WXR419","","PRIMAX 97","Un-billed","29.82","76.33","PSS JLN BANDAR PASIR GUDANG","","Standalone","","","Unbilled Transaction"
"30/01/2018 19:24","Purchase","'70838153003498183","WXR419","","PRIMAX 95","Billed","30.57","70.00","PSS TMN PASIR PUTIH","","Standalone","","","31 Jan 2018"
"30/01/2018 19:23","Reload","'70838153003498183","WXR419","","","Billed","","-200.00","PSS TMN PASIR PUTIH","","Standalone","","","31 Jan 2018"
"27/01/2018 23:03","Purchase","'70838153003498183","WXR419","","PRIMAX 95","Billed","21.83","50.00","PSS TMN PASIR PUTIH","","Standalone","","","31 Jan 2018"
"27/01/2018 23:02","Purchase","'70838153003498183","WXR419","","PRIMAX 95","Billed","21.83","50.00","PSS TMN PASIR PUTIH","","Standalone","","","31 Jan 2018"
"27/01/2018 23:00","Purchase","'70838153003498183","WXR419","","PRIMAX 95","Billed","21.83","50.00","PSS TMN PASIR PUTIH","","Standalone","","","31 Jan 2018"
"26/01/2018 16:29","Reload","'70838153003498183","WXR419","","","Billed","","-150.00","PSS BANDAR BARU UDA 1","","Standalone","","","31 Jan 2018"
"26/01/2018 16:17","Purchase","'70838153003498183","WXR419","","PRIMAX 97","Billed","23.44","60.00","PSS BANDAR BARU UDA 1","","Standalone","","","31 Jan 2018"
"24/01/2018 22:09","Purchase","'70838153003498183","WXR419","","PRIMAX 95","Billed","30.43","70.00","PSS TMN BUKIT DAHLIA","","Standalone","","","31 Jan 2018"
"24/01/2018 22:08","Reload","'70838153003498183","WXR419","","","Billed","","-100.00","PSS TMN BUKIT DAHLIA","","Standalone","","","31 Jan 2018"
"21/01/2018 19:14","Purchase","'70838153003498183","WXR419","","PRIMAX 95","Billed","30.43","70.00","PSS TMN PASIR PUTIH","","Standalone","","","31 Jan 2018"
"19/01/2018 17:05","Purchase","'70838153003498183","WXR419","","PRIMAX 95","Billed","43.48","100.00","PSS TMN PASIR PUTIH","","Standalone","","","31 Jan 2018"
"19/01/2018 16:58","Reload","'70838153003498183","WXR419","","","Billed","","-200.00","PSS TMN PASIR PUTIH","","Standalone","","","31 Jan 2018"