"Date Time","Transaction Type","Card Number","Vehicle Number","Driver Card Number","Product Type","Billing Type","Transaction Volume (Litres)","Transaction Amount (RM)","Station Name","Odometer","Card Type","Cost Centre","Cost Centre Name","Statement Month"
"31/01/2018 17:22","Purchase","'70838153003496112","WXR555","","PRIMAX 95","Un-billed","61.14","140.00","PSS BATU FERINGGI","","Standalone","","","Unbilled Transaction"
"31/01/2018 17:20","Reload","'70838153003496112","WXR555","","","Billed","","-140.00","PSS BATU FERINGGI","","Standalone","","","31 Jan 2018"
"29/01/2018 21:31","Purchase","'70838153003496112","WXR555","","PRIMAX 95","Billed","30.57","70.00","PSS BATU FERINGGI","","Standalone","","","31 Jan 2018"
"29/01/2018 21:29","Reload","'70838153003496112","WXR555","","","Billed","","-70.00","PSS BATU FERINGGI","","Standalone","","","31 Jan 2018"
"27/01/2018 22:50","Purchase","'70838153003496112","WXR555","","PRIMAX 95","Billed","30.42","69.65","PSS BATU FERINGGI","","Standalone","","","31 Jan 2018"
"27/01/2018 22:49","Reload","'70838153003496112","WXR555","","","Billed","","-70.00","PSS BATU FERINGGI","","Standalone","","","31 Jan 2018"
"20/01/2018 22:37","Purchase","'70838153003496112","WXR555","","PRIMAX 95","Billed","3.05","7.00","PSS BATU FERINGGI","","Standalone","","","31 Jan 2018"
"19/01/2018 21:56","Purchase","'70838153003496112","WXR555","","PRIMAX 95","Billed","30.44","70.00","PSS BATU FERINGGI","","Standalone","","","31 Jan 2018"
"19/01/2018 21:55","Reload","'70838153003496112","WXR555","","","Billed","","-70.00","PSS BATU FERINGGI","","Standalone","","","31 Jan 2018"
"18/01/2018 20:32","Purchase","'70838153003496112","WXR555","","PRIMAX 95","Billed","30.44","70.00","PSS BATU FERINGGI","","Standalone","","","31 Jan 2018"
"18/01/2018 20:31","Reload","'70838153003496112","WXR555","","","Billed","","-70.00","PSS BATU FERINGGI","","Standalone","","","31 Jan 2018"
"16/01/2018 20:59","Purchase","'70838153003496112","WXR555","","PRIMAX 95","Billed","27.88","63.00","PSS BATU FERINGGI","","Standalone","","","31 Jan 2018"
"16/01/2018 20:58","Reload","'70838153003496112","WXR555","","","Billed","","-70.00","PSS BATU FERINGGI","","Standalone","","","31 Jan 2018"
"16/01/2018 20:55","Purchase","'70838153003496112","WXR555","","PRIMAX 95","Billed","4.09","9.25","PSS BATU FERINGGI","","Standalone","","","31 Jan 2018"
"16/01/2018 00:38","Purchase","'70838153003496112","WXR555","","PRIMAX 95","Billed","44.25","100.00","PSS BATU FERINGGI","","Standalone","","","31 Jan 2018"
"16/01/2018 00:36","Reload","'70838153003496112","WXR555","","","Billed","","-100.00","PSS BATU FERINGGI","","Standalone","","","31 Jan 2018"
"13/01/2018 19:45","Purchase","'70838153003496112","WXR555","","PRIMAX 95","Billed","33.19","75.00","PSS BATU FERINGGI","","Standalone","","","31 Jan 2018"
"13/01/2018 19:44","Reload","'70838153003496112","WXR555","","","Billed","","-70.00","PSS BATU FERINGGI","","Standalone","","","31 Jan 2018"
"12/01/2018 22:09","Purchase","'70838153003496112","WXR555","","PRIMAX 95","Billed","30.98","70.00","PSS BATU FERINGGI","","Standalone","","","31 Jan 2018"
"12/01/2018 22:08","Reload","'70838153003496112","WXR555","","","Billed","","-70.00","PSS BATU FERINGGI","","Standalone","","","31 Jan 2018"
"11/01/2018 19:46","Purchase","'70838153003496112","WXR555","","PRIMAX 95","Billed","61.95","140.00","PSS BATU FERINGGI","","Standalone","","","31 Jan 2018"
"11/01/2018 19:44","Reload","'70838153003496112","WXR555","","","Billed","","-140.00","PSS BATU FERINGGI","","Standalone","","","31 Jan 2018"
"10/01/2018 16:22","Purchase","'70838153003496112","WXR555","","PRIMAX 95","Billed","6.55","15.00","PSS BATU FERINGGI","","Standalone","","","31 Jan 2018"
"08/01/2018 23:07","Purchase","'70838153003496112","WXR555","","PRIMAX 95","Billed","30.57","70.00","PSS BATU FERINGGI","","Standalone","","","31 Jan 2018"
"08/01/2018 23:05","Reload","'70838153003496112","WXR555","","","Billed","","-50.00","PSS BATU FERINGGI","","Standalone","","","31 Jan 2018"
"06/01/2018 22:47","Purchase","'70838153003496112","WXR555","","PRIMAX 95","Billed","30.57","70.00","PSS BATU FERINGGI","","Standalone","","","31 Jan 2018"
"06/01/2018 22:44","Reload","'70838153003496112","WXR555","","","Billed","","-100.00","PSS BATU FERINGGI","","Standalone","","","31 Jan 2018"
"05/01/2018 22:18","Purchase","'70838153003496112","WXR555","","PRIMAX 95","Billed","61.14","140.00","PSS BATU FERINGGI","","Standalone","","","31 Jan 2018"
"05/01/2018 22:16","Reload","'70838153003496112","WXR555","","","Billed","","-140.00","PSS BATU FERINGGI","","Standalone","","","31 Jan 2018"
"04/01/2018 15:46","Purchase","'70838153003496112","WXR555","","PRIMAX 95","Billed","6.55","15.00","PSS BATU FERINGGI","","Standalone","","","31 Jan 2018"
"03/01/2018 22:42","Purchase","'70838153003496112","WXR555","","PRIMAX 97","Billed","27.67","70.00","PSS BATU FERINGGI","","Standalone","","","31 Jan 2018"
"03/01/2018 22:39","Reload","'70838153003496112","WXR555","","","Billed","","-70.00","PSS BATU FERINGGI","","Standalone","","","31 Jan 2018"
"02/01/2018 17:23","Purchase","'70838153003496112","WXR555","","PRIMAX 95","Billed","30.98","70.00","PSS BATU FERINGGI","","Standalone","","","31 Jan 2018"
"02/01/2018 11:16","Reload","'70838153003496112","WXR555","","","Billed","","-70.00","PSS BATU FERINGGI","","Standalone","","","31 Jan 2018"