"Date Time","Transaction Type","Card Number","Vehicle Number","Driver Card Number","Product Type","Billing Type","Transaction Volume (Litres)","Transaction Amount (RM)","Station Name","Odometer","Card Type","Cost Centre","Cost Centre Name","Statement Month"
"20/01/2018 10:23","Purchase","'70838153003424825","WXR53","","PRIMAX 95","Billed","2.61","6.00","PSS MATA AIR","1234","Standalone","","","31 Jan 2018"
"18/01/2018 20:43","Purchase","'70838153003424825","WXR53","","PRIMAX 95","Billed","2.17","5.00","PSS MATA AIR","1234","Standalone","","","31 Jan 2018"
"06/01/2018 20:37","Purchase","'70838153003424825","WXR53","","PRIMAX 95","Billed","2.18","5.00","PSS MATA AIR","1234","Standalone","","","31 Jan 2018"
"04/01/2018 19:15","Purchase","'70838153003424825","WXR53","","PRIMAX 95","Billed","2.18","5.00","PSS MATA AIR","12345","Standalone","","","31 Jan 2018"
"01/01/2018 11:17","Purchase","'70838153003424825","WXR53","","PRIMAX 95","Billed","2.66","6.00","PSS MATA AIR","12345","Standalone","","","31 Jan 2018"