"Date Time","Transaction Type","Card Number","Vehicle Number","Driver Card Number","Product Type","Billing Type","Transaction Volume (Litres)","Transaction Amount (RM)","Station Name","Odometer","Card Type","Cost Centre","Cost Centre Name","Statement Month"
"31/01/2018 10:58","Purchase","'70838153003424882","WXR58","","PRIMAX 95","Billed","51.31","117.50","PSS TAMAN MELATI","","Standalone","","","31 Jan 2018"
"29/01/2018 15:47","Purchase","'70838153003424882","WXR58","","PRIMAX 95","Billed","29.75","68.13","PSS TAMAN MELATI","","Standalone","","","31 Jan 2018"
"29/01/2018 12:47","Reload","'70838153003424882","WXR58","","","Billed","","-300.00","PSS TAMAN MELATI","","Standalone","","","31 Jan 2018"
"25/01/2018 12:23","Purchase","'70838153003424882","WXR58","","PRIMAX 97","Billed","26.98","69.06","PSS TAMAN MELATI","","Standalone","","","31 Jan 2018"
"21/01/2018 20:09","Purchase","'70838153003424882","WXR58","","PRIMAX 95","Billed","53.67","123.44","PSS TAMAN MELATI","","Standalone","","","31 Jan 2018"
"17/01/2018 19:00","Purchase","'70838153003424882","WXR58","","PRIMAX 95","Billed","43.52","98.36","PSS TAMAN MELATI","","Standalone","","","31 Jan 2018"
"17/01/2018 18:57","Reload","'70838153003424882","WXR58","","","Billed","","-400.00","PSS TAMAN MELATI","","Standalone","","","31 Jan 2018"
"17/01/2018 16:55","Purchase","'70838153003424882","WXR58","","PRIMAX 95","Billed","3.74","8.46","PSS TAMAN MELATI","","Standalone","","","31 Jan 2018"
"14/01/2018 17:12","Purchase","'70838153003424882","WXR58","","PRIMAX 95","Billed","30.31","68.49","PSS TAMAN MELATI","","Standalone","","","31 Jan 2018"
"13/01/2018 19:26","Purchase","'70838153003424882","WXR58","","PRIMAX 95","Billed","41.82","94.51","PSS JALAN SULTANAH SAMBONGAN","","Standalone","","","31 Jan 2018"
"12/01/2018 14:15","Purchase","'70838153003424882","WXR58","","PRIMAX 95","Billed","30.57","69.09","PSS TAMAN MELATI","","Standalone","","","31 Jan 2018"
"08/01/2018 13:50","Purchase","'70838153003424882","WXR58","","PRIMAX 95","Billed","25.96","59.45","PSS TAMAN MELATI","","Standalone","","","31 Jan 2018"
"08/01/2018 13:45","Reload","'70838153003424882","WXR58","","","Billed","","-300.00","PSS TAMAN MELATI","","Standalone","","","31 Jan 2018"
"06/01/2018 23:51","Purchase","'70838153003424882","WXR58","","PRIMAX 95","Billed","19.90","45.58","PSS TAMAN MELATI","","Standalone","","","31 Jan 2018"