"Date Time","Transaction Type","Card Number","Vehicle Number","Driver Card Number","Product Type","Billing Type","Transaction Volume (Litres)","Transaction Amount (RM)","Station Name","Odometer","Card Type","Cost Centre","Cost Centre Name","Statement Month"
"30/01/2018 16:35","Purchase","'70838153003495544","WXR542","","PRIMAX 95","Billed","17.47","40.00","PSS PADANG MAT SIRAT","","Standalone","","","31 Jan 2018"
"30/01/2018 16:34","Reload","'70838153003495544","WXR542","","","Billed","","-40.00","PSS PADANG MAT SIRAT","","Standalone","","","31 Jan 2018"
"27/01/2018 18:30","Purchase","'70838153003495544","WXR542","","PRIMAX 95","Billed","17.47","40.00","PSS KUAH LANGKAWI","","Standalone","","","31 Jan 2018"
"27/01/2018 18:29","Reload","'70838153003495544","WXR542","","","Billed","","-40.00","PSS KUAH LANGKAWI","","Standalone","","","31 Jan 2018"
"24/01/2018 13:35","Purchase","'70838153003495544","WXR542","","PRIMAX 95","Billed","25.15","57.84","PSS KUAH LANGKAWI","","Standalone","","","31 Jan 2018"
"24/01/2018 13:34","Reload","'70838153003495544","WXR542","","","Billed","","-60.00","PSS KUAH LANGKAWI","","Standalone","","","31 Jan 2018"
"20/01/2018 16:45","Purchase","'70838153003495544","WXR542","","PRIMAX 95","Billed","20.88","48.02","PSS KUAH LANGKAWI","","Standalone","","","31 Jan 2018"
"20/01/2018 16:44","Reload","'70838153003495544","WXR542","","","Billed","","-50.00","PSS KUAH LANGKAWI","","Standalone","","","31 Jan 2018"
"17/01/2018 23:00","Purchase","'70838153003495544","WXR542","","PRIMAX 95","Billed","13.28","30.00","PSS PANTAI KOK","","Standalone","","","31 Jan 2018"
"17/01/2018 22:59","Reload","'70838153003495544","WXR542","","","Billed","","-30.00","PSS PANTAI KOK","","Standalone","","","31 Jan 2018"
"17/01/2018 20:07","Purchase","'70838153003495544","WXR542","","PRIMAX 95","Billed","3.54","8.00","PSS KUAH LANGKAWI","","Standalone","","","31 Jan 2018"
"15/01/2018 08:50","Purchase","'70838153003495544","WXR542","","PRIMAX 95","Billed","17.70","40.00","PSS KUAH LANGKAWI","","Standalone","","","31 Jan 2018"
"15/01/2018 08:49","Reload","'70838153003495544","WXR542","","","Billed","","-40.00","PSS KUAH LANGKAWI","","Standalone","","","31 Jan 2018"
"12/01/2018 21:10","Purchase","'70838153003495544","WXR542","","PRIMAX 95","Billed","22.12","50.00","PSS KUAH LANGKAWI","","Standalone","","","31 Jan 2018"
"12/01/2018 21:09","Reload","'70838153003495544","WXR542","","","Billed","","-50.00","PSS KUAH LANGKAWI","","Standalone","","","31 Jan 2018"
"10/01/2018 08:58","Purchase","'70838153003495544","WXR542","","PRIMAX 95","Billed","15.28","35.00","PSS KUAH LANGKAWI","","Standalone","","","31 Jan 2018"
"10/01/2018 08:58","Reload","'70838153003495544","WXR542","","","Billed","","-35.00","PSS KUAH LANGKAWI","","Standalone","","","31 Jan 2018"
"07/01/2018 20:15","Purchase","'70838153003495544","WXR542","","PRIMAX 95","Billed","17.47","40.00","PSS KUAH LANGKAWI","","Standalone","","","31 Jan 2018"
"07/01/2018 20:14","Reload","'70838153003495544","WXR542","","","Billed","","-40.00","PSS KUAH LANGKAWI","","Standalone","","","31 Jan 2018"
"04/01/2018 08:40","Purchase","'70838153003495544","WXR542","","PRIMAX 95","Billed","17.47","40.00","PSS KUAH LANGKAWI","","Standalone","","","31 Jan 2018"
"04/01/2018 08:39","Reload","'70838153003495544","WXR542","","","Billed","","-40.00","PSS KUAH LANGKAWI","","Standalone","","","31 Jan 2018"