"Date Time","Transaction Type","Card Number","Vehicle Number","Driver Card Number","Product Type","Billing Type","Transaction Volume (Litres)","Transaction Amount (RM)","Station Name","Odometer","Card Type","Cost Centre","Cost Centre Name","Statement Month"
"30/01/2018 22:22","Purchase","'70838153003424643","WXR50","","PRIMAX 95","Billed","21.83","50.00","PSS KANGAR","","Standalone","","","31 Jan 2018"
"30/01/2018 22:21","Reload","'70838153003424643","WXR50","","","Billed","","-100.00","PSS KANGAR","","Standalone","","","31 Jan 2018"
"27/01/2018 16:55","Purchase","'70838153003424643","WXR50","","PRIMAX 95","Billed","21.84","50.00","PSS MATA AIR","12345","Standalone","","","31 Jan 2018"
"23/01/2018 15:54","Purchase","'70838153003424643","WXR50","","PRIMAX 95","Billed","21.74","50.00","PSS MATA AIR","12345","Standalone","","","31 Jan 2018"
"19/01/2018 21:20","Purchase","'70838153003424643","WXR50","","PRIMAX 95","Billed","26.09","60.00","PSS KANGAR","","Standalone","","","31 Jan 2018"
"19/01/2018 21:18","Reload","'70838153003424643","WXR50","","","Billed","","-100.00","PSS KANGAR","","Standalone","","","31 Jan 2018"
"15/01/2018 22:27","Purchase","'70838153003424643","WXR50","","PRIMAX 95","Billed","17.70","40.00","PSS MATA AIR","","Standalone","","","31 Jan 2018"
"12/01/2018 18:13","Purchase","'70838153003424643","WXR50","","PRIMAX 95","Billed","26.55","60.00","PSS MATA AIR","","Standalone","","","31 Jan 2018"
"08/01/2018 11:55","Purchase","'70838153003424643","WXR50","","PRIMAX 95","Billed","21.83","50.00","PSS KANGAR","","Standalone","","","31 Jan 2018"
"08/01/2018 11:54","Reload","'70838153003424643","WXR50","","","Billed","","-60.00","PSS KANGAR","","Standalone","","","31 Jan 2018"
"03/01/2018 15:18","Purchase","'70838153003424643","WXR50","","PRIMAX 95","Billed","22.13","50.00","PSS JALAN RAJA SYED ALWI","","Standalone","","","31 Jan 2018"
"03/01/2018 15:17","Reload","'70838153003424643","WXR50","","","Billed","","-100.00","PSS JALAN RAJA SYED ALWI","","Standalone","","","31 Jan 2018"