"Date Time","Transaction Type","Card Number","Vehicle Number","Driver Card Number","Product Type","Billing Type","Transaction Volume (Litres)","Transaction Amount (RM)","Station Name","Odometer","Card Type","Cost Centre","Cost Centre Name","Statement Month"
"30/01/2018 14:47","Purchase","'70838153003495577","WXR545","","PRIMAX 95","Billed","11.36","26.00","PSS PANTAI KOK","","Standalone","","","31 Jan 2018"
"29/01/2018 16:29","Reload","'70838153003495577","WXR545","","","Billed","","-50.00","PSS KEDAWANG LANGKAWI","","Standalone","","","31 Jan 2018"
"29/01/2018 09:31","Purchase","'70838153003495577","WXR545","","PRIMAX 95","Billed","11.36","26.00","PSS PANTAI KOK","","Standalone","","","31 Jan 2018"
"28/01/2018 12:35","Purchase","'70838153003495577","WXR545","","PRIMAX 95","Billed","8.74","20.00","PSS PADANG MAT SIRAT","","Standalone","","","31 Jan 2018"
"28/01/2018 12:34","Reload","'70838153003495577","WXR545","","","Billed","","-50.00","PSS PADANG MAT SIRAT","","Standalone","","","31 Jan 2018"
"28/01/2018 12:31","Purchase","'70838153003495577","WXR545","","PRIMAX 95","Billed","2.94","6.72","PSS PADANG MAT SIRAT","","Standalone","","","31 Jan 2018"
"25/01/2018 21:18","Purchase","'70838153003495577","WXR545","","PRIMAX 95","Billed","11.36","26.00","PSS PANTAI KOK","","Standalone","","","31 Jan 2018"
"25/01/2018 14:01","Purchase","'70838153003495577","WXR545","","PRIMAX 95","Billed","11.36","26.00","PSS PADANG MAT SIRAT","","Standalone","","","31 Jan 2018"
"25/01/2018 14:00","Reload","'70838153003495577","WXR545","","","Billed","","-50.00","PSS PADANG MAT SIRAT","","Standalone","","","31 Jan 2018"
"24/01/2018 07:59","Purchase","'70838153003495577","WXR545","","PRIMAX 95","Billed","11.31","26.00","PSS PADANG MAT SIRAT","","Standalone","","","31 Jan 2018"
"22/01/2018 11:38","Purchase","'70838153003495577","WXR545","","PRIMAX 95","Billed","11.30","26.00","PSS KELEBANG LANGKAWI","","Standalone","","","31 Jan 2018"
"22/01/2018 11:37","Reload","'70838153003495577","WXR545","","","Billed","","-50.00","PSS KELEBANG LANGKAWI","","Standalone","","","31 Jan 2018"
"21/01/2018 15:57","Purchase","'70838153003495577","WXR545","","PRIMAX 95","Billed","11.30","26.00","PSS KELEBANG LANGKAWI","","Standalone","","","31 Jan 2018"
"19/01/2018 18:19","Purchase","'70838153003495577","WXR545","","PRIMAX 95","Billed","10.87","25.00","PSS PANTAI KOK","","Standalone","","","31 Jan 2018"
"19/01/2018 18:17","Reload","'70838153003495577","WXR545","","","Billed","","-50.00","PSS PANTAI KOK","","Standalone","","","31 Jan 2018"
"18/01/2018 18:43","Purchase","'70838153003495577","WXR545","","PRIMAX 95","Billed","10.87","25.00","PSS PANTAI KOK","","Standalone","","","31 Jan 2018"
"16/01/2018 16:21","Purchase","'70838153003495577","WXR545","","PRIMAX 95","Billed","11.06","25.00","PSS PANTAI KOK","","Standalone","","","31 Jan 2018"
"16/01/2018 16:20","Reload","'70838153003495577","WXR545","","","Billed","","-50.00","PSS PANTAI KOK","","Standalone","","","31 Jan 2018"
"13/01/2018 07:54","Purchase","'70838153003495577","WXR545","","PRIMAX 95","Billed","11.51","26.00","PSS PANTAI KOK","","Standalone","","","31 Jan 2018"
"11/01/2018 13:16","Purchase","'70838153003495577","WXR545","","PRIMAX 95","Billed","11.51","26.00","PSS PADANG MAT SIRAT","","Standalone","","","31 Jan 2018"
"11/01/2018 10:42","Reload","'70838153003495577","WXR545","","","Billed","","-50.00","PSS PADANG MAT SIRAT","","Standalone","","","31 Jan 2018"
"10/01/2018 22:24","Purchase","'70838153003495577","WXR545","","PRIMAX 95","Billed","8.74","20.00","PSS PADANG MAT SIRAT","","Standalone","","","31 Jan 2018"
"10/01/2018 17:49","Purchase","'70838153003495577","WXR545","","PRIMAX 95","Billed","11.36","26.00","PSS PANTAI KOK","","Standalone","","","31 Jan 2018"
"10/01/2018 17:48","Reload","'70838153003495577","WXR545","","","Billed","","-52.00","PSS PANTAI KOK","","Standalone","","","31 Jan 2018"
"09/01/2018 19:06","Purchase","'70838153003495577","WXR545","","PRIMAX 95","Billed","11.36","26.00","PSS KEDAWANG LANGKAWI","","Standalone","","","31 Jan 2018"
"08/01/2018 17:05","Purchase","'70838153003495577","WXR545","","PRIMAX 95","Billed","11.36","26.00","PSS PADANG MAT SIRAT","","Standalone","","","31 Jan 2018"
"07/01/2018 20:51","Reload","'70838153003495577","WXR545","","","Billed","","-50.00","PSS PADANG MAT SIRAT","","Standalone","","","31 Jan 2018"
"06/01/2018 18:34","Purchase","'70838153003495577","WXR545","","PRIMAX 95","Billed","10.92","25.00","PSS PANTAI KOK","","Standalone","","","31 Jan 2018"
"05/01/2018 07:26","Purchase","'70838153003495577","WXR545","","PRIMAX 95","Billed","10.92","25.00","PSS PADANG MAT SIRAT","","Standalone","","","31 Jan 2018"
"05/01/2018 07:25","Reload","'70838153003495577","WXR545","","","Billed","","-50.00","PSS PADANG MAT SIRAT","","Standalone","","","31 Jan 2018"
"04/01/2018 15:19","Purchase","'70838153003495577","WXR545","","PRIMAX 95","Billed","10.92","25.00","PSS TOK SENIK","","Standalone","","","31 Jan 2018"
"02/01/2018 21:23","Purchase","'70838153003495577","WXR545","","PRIMAX 95","Billed","11.06","25.00","PSS PADANG MAT SIRAT","","Standalone","","","31 Jan 2018"
"01/01/2018 23:09","Reload","'70838153003495577","WXR545","","","Billed","","-50.00","PSS PADANG MAT SIRAT","","Standalone","","","31 Jan 2018"
"01/01/2018 21:35","Purchase","'70838153003495577","WXR545","","PRIMAX 95","Billed","11.06","25.00","PSS KEDAWANG LANGKAWI","","Standalone","","","31 Jan 2018"
"01/01/2018 09:19","Purchase","'70838153003495577","WXR545","","PRIMAX 95","Billed","11.06","25.00","PSS PADANG MAT SIRAT","","Standalone","","","31 Jan 2018"
"01/01/2018 09:17","Reload","'70838153003495577","WXR545","","","Billed","","-50.00","PSS PADANG MAT SIRAT","","Standalone","","","31 Jan 2018"
"01/01/2018 00:16","Purchase","'70838153003495577","WXR545","","PRIMAX 95","Billed","11.06","25.00","PSS KELEBANG LANGKAWI","","Standalone","","","31 Jan 2018"