"Date Time","Transaction Type","Card Number","Vehicle Number","Driver Card Number","Product Type","Billing Type","Transaction Volume (Litres)","Transaction Amount (RM)","Station Name","Odometer","Card Type","Cost Centre","Cost Centre Name","Statement Month"
"25/01/2018 10:58","Purchase","'70838153003496302","WXR558","","PRIMAX 95","Billed","13.10","30.00","PSS BATU FERINGGI","229200","Standalone","","","31 Jan 2018"
"25/01/2018 10:57","Reload","'70838153003496302","WXR558","","","Billed","","-50.00","PSS BATU FERINGGI","","Standalone","","","31 Jan 2018"
"24/01/2018 09:03","Purchase","'70838153003496302","WXR558","","PRIMAX 95","Billed","17.39","40.00","PSS BATU FERINGGI","229000","Standalone","","","31 Jan 2018"
"24/01/2018 09:01","Reload","'70838153003496302","WXR558","","","Billed","","-30.00","PSS BATU FERINGGI","","Standalone","","","31 Jan 2018"
"16/01/2018 09:54","Purchase","'70838153003496302","WXR558","","PRIMAX 95","Billed","22.13","50.00","PSS BATU FERINGGI","227000","Standalone","","","31 Jan 2018"
"16/01/2018 09:53","Reload","'70838153003496302","WXR558","","","Billed","","-50.00","PSS BATU FERINGGI","","Standalone","","","31 Jan 2018"
"08/01/2018 10:52","Purchase","'70838153003496302","WXR558","","PRIMAX 95","Billed","21.84","50.00","PSS BATU FERINGGI","222540","Standalone","","","31 Jan 2018"
"06/01/2018 15:24","Purchase","'70838153003496302","WXR558","","PRIMAX 95","Billed","13.10","30.00","PSS BATU FERINGGI","224000","Standalone","","","31 Jan 2018"
"06/01/2018 15:22","Reload","'70838153003496302","WXR558","","","Billed","","-100.00","PSS BATU FERINGGI","","Standalone","","","31 Jan 2018"
"03/01/2018 10:05","Purchase","'70838153003496302","WXR558","","PRIMAX 95","Billed","8.85","20.00","PSS BATU FERINGGI","222200","Standalone","","","31 Jan 2018"