"Date Time","Transaction Type","Card Number","Vehicle Number","Driver Card Number","Product Type","Billing Type","Transaction Volume (Litres)","Transaction Amount (RM)","Station Name","Odometer","Card Type","Cost Centre","Cost Centre Name","Statement Month"
"25/01/2018 16:34","Purchase","'70838153003495585","WXR546","","PRIMAX 95","Billed","20.09","46.00","PSS PADANG MAT SIRAT","","Standalone","","","31 Jan 2018"
"25/01/2018 16:32","Reload","'70838153003495585","WXR546","","","Billed","","-50.00","PSS PADANG MAT SIRAT","","Standalone","","","31 Jan 2018"
"21/01/2018 19:18","Purchase","'70838153003495585","WXR546","","PRIMAX 95","Billed","26.09","60.00","PSS KEDAWANG LANGKAWI","","Standalone","","","31 Jan 2018"
"21/01/2018 19:17","Reload","'70838153003495585","WXR546","","","Billed","","-50.00","PSS KEDAWANG LANGKAWI","","Standalone","","","31 Jan 2018"
"15/01/2018 14:45","Purchase","'70838153003495585","WXR546","","PRIMAX 95","Billed","11.06","25.00","PSS KEDAWANG LANGKAWI","","Standalone","","","31 Jan 2018"
"15/01/2018 14:44","Reload","'70838153003495585","WXR546","","","Billed","","-30.00","PSS KEDAWANG LANGKAWI","","Standalone","","","31 Jan 2018"
"14/01/2018 19:09","Purchase","'70838153003495585","WXR546","","PRIMAX 95","Billed","11.06","25.00","PSS KEDAWANG LANGKAWI","","Standalone","","","31 Jan 2018"
"14/01/2018 19:08","Reload","'70838153003495585","WXR546","","","Billed","","-30.00","PSS KEDAWANG LANGKAWI","","Standalone","","","31 Jan 2018"