"Date Time","Transaction Type","Card Number","Vehicle Number","Driver Card Number","Product Type","Billing Type","Transaction Volume (Litres)","Transaction Amount (RM)","Station Name","Odometer","Card Type","Cost Centre","Cost Centre Name","Statement Month"
"31/01/2018 21:42","Purchase","'70838153003500293","WXR673","","PRIMAX 95","Billed","13.10","30.00","PSS BANDAR JERTEH","","Standalone","","","31 Jan 2018"
"31/01/2018 21:40","Reload","'70838153003500293","WXR673","","","Billed","","-30.00","PSS BANDAR JERTEH","","Standalone","","","31 Jan 2018"
"29/01/2018 19:20","Purchase","'70838153003500293","WXR673","","PRIMAX 95","Billed","13.10","30.00","PSS BANDAR JERTEH","","Standalone","","","31 Jan 2018"
"29/01/2018 19:18","Reload","'70838153003500293","WXR673","","","Billed","","-30.00","PSS BANDAR JERTEH","","Standalone","","","31 Jan 2018"
"26/01/2018 11:37","Purchase","'70838153003500293","WXR673","","PRIMAX 95","Billed","13.10","30.00","PSS KAMPUNG RAJA BESUT","","Standalone","","","31 Jan 2018"
"26/01/2018 11:36","Reload","'70838153003500293","WXR673","'70838153003500293","","Billed","","-50.00","PSS KAMPUNG RAJA BESUT","","Standalone","","","31 Jan 2018"
"23/01/2018 08:05","Purchase","'70838153003500293","WXR673","","PRIMAX 95","Billed","13.04","30.00","PSS KAMPUNG RAJA BESUT","","Standalone","","","31 Jan 2018"
"23/01/2018 08:04","Reload","'70838153003500293","WXR673","'70838153003500293","","Billed","","-50.00","PSS KAMPUNG RAJA BESUT","","Standalone","","","31 Jan 2018"
"21/01/2018 18:36","Purchase","'70838153003500293","WXR673","","PRIMAX 95","Billed","13.04","30.00","PSS BANDAR JERTEH","","Standalone","","","31 Jan 2018"
"21/01/2018 18:32","Reload","'70838153003500293","WXR673","","","Billed","","-30.00","PSS BANDAR JERTEH","","Standalone","","","31 Jan 2018"