"Date Time","Transaction Type","Card Number","Vehicle Number","Driver Card Number","Product Type","Billing Type","Transaction Volume (Litres)","Transaction Amount (RM)","Station Name","Odometer","Card Type","Cost Centre","Cost Centre Name","Statement Month"
"29/01/2018 07:18","Purchase","'70838153003500079","WXR666","","PRIMAX 95","Billed","34.93","80.00","PSS TAMAN DAYA","","Standalone","","","31 Jan 2018"
"28/01/2018 23:00","Purchase","'70838153003500079","WXR666","","PRIMAX 95","Billed","8.73","20.00","PSS TAMAN SETIA INDAH","","Standalone","","","31 Jan 2018"
"28/01/2018 22:59","Reload","'70838153003500079","WXR666","","","Billed","","-200.00","PSS TAMAN SETIA INDAH","","Standalone","","","31 Jan 2018"
"26/01/2018 19:12","Purchase","'70838153003500079","WXR666","","PRIMAX 95","Billed","21.84","50.00","PSS JALAN MENGKIBOL KLUANG","","Standalone","","","31 Jan 2018"
"24/01/2018 07:33","Purchase","'70838153003500079","WXR666","","PRIMAX 95","Billed","33.04","76.00","PSS TAMAN DAYA","","Standalone","","","31 Jan 2018"
"24/01/2018 07:30","Reload","'70838153003500079","WXR666","","","Billed","","-126.00","PSS TAMAN DAYA","","Standalone","","","31 Jan 2018"
"19/01/2018 18:06","Purchase","'70838153003500079","WXR666","","PRIMAX 95","Billed","26.09","60.00","PSS JALAN MENGKIBOL KLUANG","","Standalone","","","31 Jan 2018"
"19/01/2018 18:05","Reload","'70838153003500079","WXR666","","","Billed","","-60.00","PSS JALAN MENGKIBOL KLUANG","","Standalone","","","31 Jan 2018"
"15/01/2018 07:17","Purchase","'70838153003500079","WXR666","","PRIMAX 95","Billed","22.12","50.00","PSS TAMAN DAYA","","Standalone","","","31 Jan 2018"
"15/01/2018 07:16","Reload","'70838153003500079","WXR666","","","Billed","","-50.00","PSS TAMAN DAYA","","Standalone","","","31 Jan 2018"
"13/01/2018 15:21","Purchase","'70838153003500079","WXR666","","PRIMAX 95","Billed","13.28","30.00","PSS JALAN MENGKIBOL KLUANG","","Standalone","","","31 Jan 2018"
"11/01/2018 21:04","Purchase","'70838153003500079","WXR666","","PRIMAX 95","Billed","22.12","50.00","PSS TAMAN SETIA INDAH","","Standalone","","","31 Jan 2018"
"11/01/2018 21:03","Reload","'70838153003500079","WXR666","","","Billed","","-50.00","PSS TAMAN SETIA INDAH","","Standalone","","","31 Jan 2018"
"10/01/2018 12:31","Purchase","'70838153003500079","WXR666","","PRIMAX 95","Billed","30.57","70.00","PSS AIR KEROH RSA NORTH BOUND","","Standalone","","","31 Jan 2018"
"10/01/2018 12:28","Reload","'70838153003500079","WXR666","","","Billed","","-100.00","PSS AIR KEROH RSA NORTH BOUND","","Standalone","","","31 Jan 2018"
"10/01/2018 10:28","Purchase","'70838153003500079","WXR666","","PRIMAX 95","Billed","21.83","50.00","PSS SKUDAI RSA","","Standalone","","","31 Jan 2018"
"07/01/2018 07:13","Purchase","'70838153003500079","WXR666","","PRIMAX 95","Billed","21.83","50.00","PSS TAMAN DAYA","","Standalone","","","31 Jan 2018"
"07/01/2018 07:12","Reload","'70838153003500079","WXR666","","","Billed","","-100.00","PSS TAMAN DAYA","","Standalone","","","31 Jan 2018"
"04/01/2018 15:00","Purchase","'70838153003500079","WXR666","","PRIMAX 95","Billed","21.83","50.00","PSS TAMAN DAYA","","Standalone","","","31 Jan 2018"
"04/01/2018 14:58","Reload","'70838153003500079","WXR666","","","Billed","","-50.00","PSS TAMAN DAYA","","Standalone","","","31 Jan 2018"