"Date Time","Transaction Type","Card Number","Vehicle Number","Driver Card Number","Product Type","Billing Type","Transaction Volume (Litres)","Transaction Amount (RM)","Station Name","Odometer","Card Type","Cost Centre","Cost Centre Name","Statement Month"
"30/01/2018 21:22","Purchase","'70838153003500129","WXR668","","PRIMAX 97","Billed","15.63","40.01","PSS LURAH SEMANTAN","","Standalone","","","31 Jan 2018"
"30/01/2018 21:20","Reload","'70838153003500129","WXR668","","","Billed","","-50.00","PSS LURAH SEMANTAN","","Standalone","","","31 Jan 2018"
"29/01/2018 09:42","Purchase","'70838153003500129","WXR668","","PRIMAX 97","Billed","15.63","40.01","PSS LURAH SEMANTAN","","Standalone","","","31 Jan 2018"
"29/01/2018 09:41","Reload","'70838153003500129","WXR668","","","Billed","","-20.00","PSS LURAH SEMANTAN","","Standalone","","","31 Jan 2018"
"26/01/2018 21:22","Purchase","'70838153003500129","WXR668","","PRIMAX 97","Billed","15.63","40.00","PSS SONGSANG","","Standalone","","","31 Jan 2018"
"26/01/2018 21:21","Reload","'70838153003500129","WXR668","","","Billed","","-50.00","PSS SONGSANG","","Standalone","","","31 Jan 2018"
"23/01/2018 10:03","Purchase","'70838153003500129","WXR668","","PRIMAX 95","Billed","17.39","40.00","PSS LURAH SEMANTAN","","Standalone","","","31 Jan 2018"
"23/01/2018 10:02","Reload","'70838153003500129","WXR668","","","Billed","","-50.00","PSS LURAH SEMANTAN","","Standalone","","","31 Jan 2018"
"17/01/2018 09:29","Purchase","'70838153003500129","WXR668","","PRIMAX 97","Billed","19.76","50.00","PSS LURAH SEMANTAN","","Standalone","","","31 Jan 2018"
"17/01/2018 09:29","Reload","'70838153003500129","WXR668","","","Billed","","-50.00","PSS LURAH SEMANTAN","","Standalone","","","31 Jan 2018"
"15/01/2018 19:19","Purchase","'70838153003500129","WXR668","","PRIMAX 97","Billed","15.81","40.00","PSS SONGSANG","","Standalone","","","31 Jan 2018"
"09/01/2018 08:47","Purchase","'70838153003500129","WXR668","","PRIMAX 97","Billed","19.53","50.00","PSS LURAH SEMANTAN","","Standalone","","","31 Jan 2018"
"08/01/2018 10:13","Reload","'70838153003500129","WXR668","","","Billed","","-100.00","PSS LURAH SEMANTAN","","Standalone","","","31 Jan 2018"