"Date Time","Transaction Type","Card Number","Vehicle Number","Driver Card Number","Product Type","Billing Type","Transaction Volume (Litres)","Transaction Amount (RM)","Station Name","Odometer","Card Type","Cost Centre","Cost Centre Name","Statement Month"
"29/01/2018 17:18","Purchase","'70838153003497763","WXR600","","PRIMAX 95","Billed","21.83","50.00","PSS KELEBANG LANGKAWI","","Standalone","","","31 Jan 2018"
"29/01/2018 17:17","Reload","'70838153003497763","WXR600","","","Billed","","-100.00","PSS KELEBANG LANGKAWI","","Standalone","","","31 Jan 2018"
"26/01/2018 10:25","Purchase","'70838153003497763","WXR600","","PRIMAX 95","Billed","10.05","23.00","PSS KEDAWANG LANGKAWI","1","Standalone","","","31 Jan 2018"
"26/01/2018 10:24","Reload","'70838153003497763","WXR600","","","Billed","","-30.00","PSS KEDAWANG LANGKAWI","","Standalone","","","31 Jan 2018"
"21/01/2018 10:29","Purchase","'70838153003497763","WXR600","","PRIMAX 95","Billed","21.74","50.00","PSS TOK SENIK","","Standalone","","","31 Jan 2018"
"21/01/2018 10:28","Reload","'70838153003497763","WXR600","","","Billed","","-50.00","PSS TOK SENIK","","Standalone","","","31 Jan 2018"
"16/01/2018 16:15","Purchase","'70838153003497763","WXR600","","PRIMAX 95","Billed","22.13","50.00","PSS KEDAWANG LANGKAWI","1","Standalone","","","31 Jan 2018"
"16/01/2018 16:14","Reload","'70838153003497763","WXR600","","","Billed","","-50.00","PSS KEDAWANG LANGKAWI","","Standalone","","","31 Jan 2018"
"15/01/2018 14:16","Purchase","'70838153003497763","WXR600","","PRIMAX 95","Billed","22.13","50.00","PSS KEDAWANG LANGKAWI","","Standalone","","","31 Jan 2018"
"15/01/2018 14:15","Reload","'70838153003497763","WXR600","","","Billed","","-50.00","PSS KEDAWANG LANGKAWI","","Standalone","","","31 Jan 2018"
"11/01/2018 07:32","Purchase","'70838153003497763","WXR600","","PRIMAX 95","Billed","22.13","50.00","PSS KEDAWANG LANGKAWI","","Standalone","","","31 Jan 2018"
"11/01/2018 07:31","Reload","'70838153003497763","WXR600","","","Billed","","-50.00","PSS KEDAWANG LANGKAWI","","Standalone","","","31 Jan 2018"
"07/01/2018 07:48","Purchase","'70838153003497763","WXR600","","PRIMAX 95","Billed","10.05","23.00","PSS TOK SENIK","","Standalone","","","31 Jan 2018"
"02/01/2018 07:26","Purchase","'70838153003497763","WXR600","","PRIMAX 95","Billed","22.13","50.00","PSS TOK SENIK","","Standalone","","","31 Jan 2018"
"02/01/2018 07:25","Reload","'70838153003497763","WXR600","","","Billed","","-50.00","PSS TOK SENIK","","Standalone","","","31 Jan 2018"