"Date Time","Transaction Type","Card Number","Vehicle Number","Driver Card Number","Product Type","Billing Type","Transaction Volume (Litres)","Transaction Amount (RM)","Station Name","Odometer","Card Type","Cost Centre","Cost Centre Name","Statement Month"
"23/01/2018 12:12","Purchase","'70838153003500053","WXR664","","PRIMAX 95","Billed","39.13","90.00","PSS KAMPUNG RAJA BESUT","","Standalone","","","31 Jan 2018"
"23/01/2018 12:11","Reload","'70838153003500053","WXR664","'70838153003500053","","Billed","","-100.00","PSS KAMPUNG RAJA BESUT","","Standalone","","","31 Jan 2018"
"16/01/2018 11:52","Purchase","'70838153003500053","WXR664","","PRIMAX 95","Billed","39.83","90.00","PSS KAMPUNG RAJA BESUT","","Standalone","","","31 Jan 2018"
"16/01/2018 11:50","Reload","'70838153003500053","WXR664","'70838153003500053","","Billed","","-50.00","PSS KAMPUNG RAJA BESUT","","Standalone","","","31 Jan 2018"
"10/01/2018 18:24","Purchase","'70838153003500053","WXR664","","PRIMAX 95","Billed","34.94","80.00","PSS KAMPUNG RAJA BESUT","","Standalone","","","31 Jan 2018"
"10/01/2018 18:23","Reload","'70838153003500053","WXR664","'70838153003500053","","Billed","","-100.00","PSS KAMPUNG RAJA BESUT","","Standalone","","","31 Jan 2018"
"10/01/2018 18:22","Purchase","'70838153003500053","WXR664","","PRIMAX 95","Billed","34.93","80.00","PSS KAMPUNG RAJA BESUT","","Standalone","","","31 Jan 2018"
"07/01/2018 13:15","Purchase","'70838153003500053","WXR664","","PRIMAX 95","Billed","35.69","81.72","PSS PASIR PUTEH 2","","Standalone","","","31 Jan 2018"
"07/01/2018 13:10","Reload","'70838153003500053","WXR664","","","Billed","","-80.00","PSS PASIR PUTEH 2","","Standalone","","","31 Jan 2018"
"04/01/2018 07:03","Purchase","'70838153003500053","WXR664","","PRIMAX 95","Billed","34.93","80.00","PSS BANDAR PERMAISURI","","Standalone","","","31 Jan 2018"
"04/01/2018 07:01","Reload","'70838153003500053","WXR664","","","Billed","","-100.00","PSS BANDAR PERMAISURI","","Standalone","","","31 Jan 2018"