"Date Time","Transaction Type","Card Number","Vehicle Number","Driver Card Number","Product Type","Billing Type","Transaction Volume (Litres)","Transaction Amount (RM)","Station Name","Odometer","Card Type","Cost Centre","Cost Centre Name","Statement Month"
"30/01/2018 15:05","Purchase","'70838153003498720","WXR637","","PRIMAX 95","Billed","21.83","50.00","PSS MRR2 AMPANG","","Standalone","","","31 Jan 2018"
"30/01/2018 15:03","Reload","'70838153003498720","WXR637","","","Billed","","-50.00","PSS MRR2 AMPANG","","Standalone","","","31 Jan 2018"
"20/01/2018 19:14","Purchase","'70838153003498720","WXR637","","PRIMAX 95","Billed","13.05","30.00","PSS TAMAN CEMPAKA","","Standalone","","","31 Jan 2018"
"20/01/2018 19:13","Reload","'70838153003498720","WXR637","","","Billed","","-30.00","PSS TAMAN CEMPAKA","","Standalone","","","31 Jan 2018"
"18/01/2018 16:17","Purchase","'70838153003498720","WXR637","","PRIMAX 95","Billed","8.70","20.00","PSS TMN EQUINE SERI KEMBANGAN","","Standalone","","","31 Jan 2018"
"18/01/2018 16:16","Reload","'70838153003498720","WXR637","","","Billed","","-20.00","PSS TMN EQUINE SERI KEMBANGAN","","Standalone","","","31 Jan 2018"
"16/01/2018 18:15","Purchase","'70838153003498720","WXR637","","PRIMAX 95","Billed","8.85","20.00","PSS BUKIT JALIL TAMAN TEKNOLOGI MSIA 2","","Standalone","","","31 Jan 2018"
"16/01/2018 18:14","Reload","'70838153003498720","WXR637","","","Billed","","-20.00","PSS BUKIT JALIL TAMAN TEKNOLOGI MSIA 2","","Standalone","","","31 Jan 2018"
"15/01/2018 20:04","Purchase","'70838153003498720","WXR637","","PRIMAX 95","Billed","8.85","20.00","PSS JALAN BESAR SERDANG","","Standalone","","","31 Jan 2018"
"15/01/2018 20:03","Reload","'70838153003498720","WXR637","","","Billed","","-20.00","PSS JALAN BESAR SERDANG","","Standalone","","","31 Jan 2018"
"15/01/2018 12:56","Purchase","'70838153003498720","WXR637","","PRIMAX 95","Billed","8.85","20.00","PSS SERI KEMBANGAN 1","","Standalone","","","31 Jan 2018"
"15/01/2018 12:54","Reload","'70838153003498720","WXR637","","","Billed","","-20.00","PSS SERI KEMBANGAN 1","","Standalone","","","31 Jan 2018"
"13/01/2018 19:12","Purchase","'70838153003498720","WXR637","","PRIMAX 95","Billed","22.12","50.00","PSS PANDAN INDAH","","Standalone","","","31 Jan 2018"
"13/01/2018 19:11","Reload","'70838153003498720","WXR637","","","Billed","","-50.00","PSS PANDAN INDAH","","Standalone","","","31 Jan 2018"
"12/01/2018 18:29","Purchase","'70838153003498720","WXR637","","PRIMAX 95","Billed","8.85","20.00","PSS KM 305 PLUS ARAH SELATAN","","Standalone","","","31 Jan 2018"
"12/01/2018 18:27","Reload","'70838153003498720","WXR637","","","Billed","","-20.00","PSS KM 305 PLUS ARAH SELATAN","","Standalone","","","31 Jan 2018"
"11/01/2018 19:24","Purchase","'70838153003498720","WXR637","","PRIMAX 95","Billed","8.85","20.00","PSS LOT 353 JLN CHERAS","","Standalone","","","31 Jan 2018"
"11/01/2018 19:22","Reload","'70838153003498720","WXR637","","","Billed","","-20.00","PSS LOT 353 JLN CHERAS","","Standalone","","","31 Jan 2018"
"10/01/2018 21:10","Purchase","'70838153003498720","WXR637","","PRIMAX 95","Billed","8.73","20.00","PSS KM 0.7 BESRAYA ARAH UTARA","","Standalone","","","31 Jan 2018"
"10/01/2018 21:09","Reload","'70838153003498720","WXR637","","","Billed","","-20.00","PSS KM 0.7 BESRAYA ARAH UTARA","","Standalone","","","31 Jan 2018"
"09/01/2018 21:48","Purchase","'70838153003498720","WXR637","","PRIMAX 95","Billed","8.73","20.00","PSS JALAN BESAR SERDANG","","Standalone","","","31 Jan 2018"
"09/01/2018 21:46","Reload","'70838153003498720","WXR637","","","Billed","","-20.00","PSS JALAN BESAR SERDANG","","Standalone","","","31 Jan 2018"
"06/01/2018 23:13","Purchase","'70838153003498720","WXR637","","PRIMAX 95","Billed","8.74","20.00","PSS LOT 4783 BUKIT JALIL","","Standalone","","","31 Jan 2018"
"06/01/2018 23:11","Reload","'70838153003498720","WXR637","","","Billed","","-20.00","PSS LOT 4783 BUKIT JALIL","","Standalone","","","31 Jan 2018"
"05/01/2018 16:39","Purchase","'70838153003498720","WXR637","","PRIMAX 95","Billed","8.73","20.00","PSS SERI KEMBANGAN 1","","Standalone","","","31 Jan 2018"
"05/01/2018 16:38","Reload","'70838153003498720","WXR637","","","Billed","","-20.00","PSS SERI KEMBANGAN 1","","Standalone","","","31 Jan 2018"
"04/01/2018 22:07","Purchase","'70838153003498720","WXR637","","PRIMAX 95","Billed","8.74","20.00","PSS SEK 17 SUBANG JAYA","","Standalone","","","31 Jan 2018"
"04/01/2018 22:05","Reload","'70838153003498720","WXR637","","","Billed","","-20.00","PSS SEK 17 SUBANG JAYA","","Standalone","","","31 Jan 2018"
"01/01/2018 17:09","Purchase","'70838153003498720","WXR637","","PRIMAX 95","Billed","13.28","30.00","PSS EAST-WEST LINK","","Standalone","","","31 Jan 2018"
"01/01/2018 17:08","Reload","'70838153003498720","WXR637","","","Billed","","-30.00","PSS EAST-WEST LINK","","Standalone","","","31 Jan 2018"