"Date Time","Transaction Type","Card Number","Vehicle Number","Driver Card Number","Product Type","Billing Type","Transaction Volume (Litres)","Transaction Amount (RM)","Station Name","Odometer","Card Type","Cost Centre","Cost Centre Name","Statement Month"
"27/01/2018 21:23","Purchase","'70838153003424916","WXR60","","PRIMAX 95","Billed","12.27","28.10","PSS TAPAH ARAH UTARA","","Standalone","","","31 Jan 2018"
"27/01/2018 07:29","Purchase","'70838153003424916","WXR60","","PRIMAX 95","Billed","47.40","108.53","PSS BANDAR MUTIARA","","Standalone","","","31 Jan 2018"
"27/01/2018 07:28","Reload","'70838153003424916","WXR60","","","Billed","","-130.00","PSS BANDAR MUTIARA","","Standalone","","","31 Jan 2018"
"25/01/2018 00:34","Purchase","'70838153003424916","WXR60","","PRIMAX 95","Billed","14.06","32.20","PSS RAWANG RSA","","Standalone","","","31 Jan 2018"
"20/01/2018 09:29","Purchase","'70838153003424916","WXR60","","PRIMAX 95","Billed","47.85","110.06","PSS JLN TANJONG BENDAHARA","","Standalone","","","31 Jan 2018"
"20/01/2018 09:28","Reload","'70838153003424916","WXR60","","","Billed","","-150.00","PSS JLN TANJONG BENDAHARA","","Standalone","","","31 Jan 2018"
"06/01/2018 22:22","Purchase","'70838153003424916","WXR60","","PRIMAX 95","Billed","13.65","31.26","PSS TAPAH ARAH UTARA","","Standalone","","","31 Jan 2018"
"05/01/2018 18:35","Purchase","'70838153003424916","WXR60","","PRIMAX 95","Billed","48.91","112.00","PSS BANDAR MUTIARA","","Standalone","","","31 Jan 2018"
"05/01/2018 18:32","Reload","'70838153003424916","WXR60","","","Billed","","-130.00","PSS BANDAR MUTIARA","","Standalone","","","31 Jan 2018"