"Date Time","Transaction Type","Card Number","Vehicle Number","Driver Card Number","Product Type","Billing Type","Transaction Volume (Litres)","Transaction Amount (RM)","Station Name","Odometer","Card Type","Cost Centre","Cost Centre Name","Statement Month"
"31/01/2018 14:38","Purchase","'70838153003498985","WXR639","","PRIMAX 95","Un-billed","21.84","50.00","PSS TAMAN WILAYAH","193383","Standalone","","","Unbilled Transaction"
"31/01/2018 14:36","Reload","'70838153003498985","WXR639","","","Billed","","-50.00","PSS TAMAN WILAYAH","","Standalone","","","31 Jan 2018"
"28/01/2018 08:17","Purchase","'70838153003498985","WXR639","","PRIMAX 95","Billed","21.83","50.00","PSS MRR2 BATU CAVES","193249","Standalone","","","31 Jan 2018"
"28/01/2018 08:15","Reload","'70838153003498985","WXR639","","","Billed","","-50.00","PSS MRR2 BATU CAVES","","Standalone","","","31 Jan 2018"
"24/01/2018 08:14","Purchase","'70838153003498985","WXR639","","PRIMAX 95","Billed","21.74","50.00","PSS TAMAN WILAYAH","193102","Standalone","","","31 Jan 2018"
"24/01/2018 08:12","Reload","'70838153003498985","WXR639","","","Billed","","-50.00","PSS TAMAN WILAYAH","","Standalone","","","31 Jan 2018"
"22/01/2018 11:54","Purchase","'70838153003498985","WXR639","","PRIMAX 95","Billed","21.74","50.00","PSS TAMAN WILAYAH","195952","Standalone","","","31 Jan 2018"
"22/01/2018 11:50","Reload","'70838153003498985","WXR639","","","Billed","","-50.00","PSS TAMAN WILAYAH","","Standalone","","","31 Jan 2018"
"18/01/2018 11:55","Purchase","'70838153003498985","WXR639","","PRIMAX 95","Billed","21.74","50.00","PSS TAMAN WILAYAH","192822","Standalone","","","31 Jan 2018"
"18/01/2018 11:51","Reload","'70838153003498985","WXR639","","","Billed","","-50.00","PSS TAMAN WILAYAH","","Standalone","","","31 Jan 2018"
"16/01/2018 12:37","Purchase","'70838153003498985","WXR639","","PRIMAX 95","Billed","22.13","50.00","PSS TAMAN WILAYAH","192680","Standalone","","","31 Jan 2018"
"16/01/2018 12:32","Reload","'70838153003498985","WXR639","","","Billed","","-50.00","PSS TAMAN WILAYAH","","Standalone","","","31 Jan 2018"
"14/01/2018 10:25","Purchase","'70838153003498985","WXR639","","PRIMAX 95","Billed","26.55","60.00","PSS BATU 6 JALAN IPOH","192534","Standalone","","","31 Jan 2018"
"14/01/2018 10:18","Reload","'70838153003498985","WXR639","","","Billed","","-60.00","PSS BATU 6 JALAN IPOH","","Standalone","","","31 Jan 2018"
"06/01/2018 11:28","Purchase","'70838153003498985","WXR639","","PRIMAX 95","Billed","21.84","50.00","PSS TAMAN WILAYAH","192340","Standalone","","","31 Jan 2018"
"06/01/2018 11:25","Reload","'70838153003498985","WXR639","","","Billed","","-50.00","PSS TAMAN WILAYAH","","Standalone","","","31 Jan 2018"