"Date Time","Transaction Type","Card Number","Vehicle Number","Driver Card Number","Product Type","Billing Type","Transaction Volume (Litres)","Transaction Amount (RM)","Station Name","Odometer","Card Type","Cost Centre","Cost Centre Name","Statement Month"
"26/01/2018 15:58","Purchase","'70838153003422860","WXR79","","PRIMAX 95","Billed","21.84","50.00","PSS KAMPUNG AWAH","","Standalone","","","31 Jan 2018"
"26/01/2018 15:57","Reload","'70838153003422860","WXR79","","","Billed","","-50.00","PSS KAMPUNG AWAH","","Standalone","","","31 Jan 2018"
"22/01/2018 12:54","Purchase","'70838153003422860","WXR79","","PRIMAX 95","Billed","21.74","50.00","PSS KAMPUNG AWAH","","Standalone","","","31 Jan 2018"
"22/01/2018 12:53","Reload","'70838153003422860","WXR79","","","Billed","","-30.00","PSS KAMPUNG AWAH","","Standalone","","","31 Jan 2018"
"18/01/2018 11:06","Purchase","'70838153003422860","WXR79","","PRIMAX 95","Billed","13.05","30.00","PSS KAMPUNG AWAH","","Standalone","","","31 Jan 2018"
"18/01/2018 11:04","Reload","'70838153003422860","WXR79","","","Billed","","-50.00","PSS KAMPUNG AWAH","","Standalone","","","31 Jan 2018"
"14/01/2018 10:56","Purchase","'70838153003422860","WXR79","","PRIMAX 95","Billed","22.12","50.00","PSS RAWAT & REHAT(S) KL- SEREMBAN","","Standalone","","","31 Jan 2018"
"14/01/2018 10:55","Reload","'70838153003422860","WXR79","","","Billed","","-50.00","PSS RAWAT & REHAT(S) KL- SEREMBAN","","Standalone","","","31 Jan 2018"
"13/01/2018 10:14","Purchase","'70838153003422860","WXR79","","PRIMAX 95","Billed","22.13","50.00","PSS MARAN","","Standalone","","","31 Jan 2018"
"13/01/2018 10:13","Reload","'70838153003422860","WXR79","","","Billed","","-50.00","PSS MARAN","","Standalone","","","31 Jan 2018"
"11/01/2018 10:40","Purchase","'70838153003422860","WXR79","","PRIMAX 95","Billed","22.12","50.00","PSS KM72 L/RAYA KARAK ARAH KL","","Standalone","","","31 Jan 2018"
"11/01/2018 10:38","Reload","'70838153003422860","WXR79","'70838153003422860","","Billed","","-50.00","PSS KM72 L/RAYA KARAK ARAH KL","","Standalone","","","31 Jan 2018"
"04/01/2018 11:24","Purchase","'70838153003422860","WXR79","","PRIMAX 95","Billed","21.84","50.00","PSS KAMPUNG AWAH","","Standalone","","","31 Jan 2018"
"04/01/2018 11:23","Reload","'70838153003422860","WXR79","","","Billed","","-50.00","PSS KAMPUNG AWAH","","Standalone","","","31 Jan 2018"