"Date Time","Transaction Type","Card Number","Vehicle Number","Driver Card Number","Product Type","Billing Type","Transaction Volume (Litres)","Transaction Amount (RM)","Station Name","Odometer","Card Type","Cost Centre","Cost Centre Name","Statement Month"
"31/01/2018 11:07","Purchase","'70838153003425301","WXR75","","PRIMAX 95","Billed","17.47","40.00","PSS LT911 ULU KLANG MRR2","1510","Standalone","","","31 Jan 2018"
"28/01/2018 22:02","Purchase","'70838153003425301","WXR75","","PRIMAX 95","Billed","8.73","20.00","PSS JALAN KUARI","1500","Standalone","","","31 Jan 2018"
"26/01/2018 18:22","Reload","'70838153003425301","WXR75","","","Billed","","-400.00","PSS PANDAN INDAH","","Standalone","","","31 Jan 2018"
"21/01/2018 07:00","Purchase","'70838153003425301","WXR75","","PRIMAX 95","Billed","15.22","35.00","PSS JALAN KUARI","1410","Standalone","","","31 Jan 2018"
"20/01/2018 19:03","Reload","'70838153003425301","WXR75","","","Billed","","-20.00","PSS TAMAN PUTRA","","Standalone","","","31 Jan 2018"
"15/01/2018 18:13","Purchase","'70838153003425301","WXR75","","PRIMAX 95","Billed","13.27","30.00","PSS JALAN KUARI","1400","Standalone","","","31 Jan 2018"
"14/01/2018 12:14","Purchase","'70838153003425301","WXR75","","PRIMAX 95","Billed","8.85","20.00","PSS PANDAN INDAH","1360","Standalone","","","31 Jan 2018"
"13/01/2018 07:00","Purchase","'70838153003425301","WXR75","","PRIMAX 95","Billed","8.85","20.00","PSS PANDAN INDAH","1310","Standalone","","","31 Jan 2018"
"10/01/2018 18:28","Purchase","'70838153003425301","WXR75","","PRIMAX 95","Billed","8.73","20.00","PSS TAMAN PUTRA","1300","Standalone","","","31 Jan 2018"
"06/01/2018 18:51","Purchase","'70838153003425301","WXR75","","PRIMAX 95","Billed","8.73","20.00","PSS PANDAN INDAH","1200","Standalone","","","31 Jan 2018"
"06/01/2018 18:50","Reload","'70838153003425301","WXR75","","","Billed","","-50.00","PSS PANDAN INDAH","","Standalone","","","31 Jan 2018"
"04/01/2018 19:37","Purchase","'70838153003425301","WXR75","","PRIMAX 95","Billed","8.73","20.00","PSS TAMAN PUTRA","1200","Standalone","","","31 Jan 2018"
"02/01/2018 12:16","Purchase","'70838153003425301","WXR75","","PRIMAX 95","Billed","13.28","30.00","PSS COCHRANE PERKASA","1100","Standalone","","","31 Jan 2018"