"Date Time","Transaction Type","Card Number","Vehicle Number","Driver Card Number","Product Type","Billing Type","Transaction Volume (Litres)","Transaction Amount (RM)","Station Name","Odometer","Card Type","Cost Centre","Cost Centre Name","Statement Month"
"31/01/2018 11:14","Purchase","'70838153003502174","WXR754","","PRIMAX 95","Billed","30.57","70.00","PSS JALAN LARKIN","294922","Standalone","","","31 Jan 2018"
"31/01/2018 11:11","Reload","'70838153003502174","WXR754","","","Billed","","-70.00","PSS JALAN LARKIN","","Standalone","","","31 Jan 2018"
"25/01/2018 15:37","Purchase","'70838153003502174","WXR754","","PRIMAX 95","Billed","21.83","50.00","PSS NUSA BESTARI","293978","Standalone","","","31 Jan 2018"
"24/01/2018 13:16","Purchase","'70838153003502174","WXR754","","PRIMAX 95","Billed","21.74","50.00","PSS PERSIARAN INDAH","293778","Standalone","","","31 Jan 2018"
"24/01/2018 13:14","Reload","'70838153003502174","WXR754","'70838153003502174","","Billed","","-100.00","PSS PERSIARAN INDAH","","Standalone","","","31 Jan 2018"
"23/01/2018 13:54","Purchase","'70838153003502174","WXR754","","PRIMAX 95","Billed","17.39","40.00","PSS JALAN LANGKASUKA","293592","Standalone","","","31 Jan 2018"
"22/01/2018 11:24","Purchase","'70838153003502174","WXR754","","PRIMAX 95","Billed","26.09","60.00","PSS NUSA PERINTIS","293393","Standalone","","","31 Jan 2018"
"22/01/2018 11:22","Reload","'70838153003502174","WXR754","","","Billed","","-100.00","PSS NUSA PERINTIS","","Standalone","","","31 Jan 2018"
"19/01/2018 12:20","Purchase","'70838153003502174","WXR754","","PRIMAX 95","Billed","26.09","60.00","PSS TAMAN SRI ORKID","292528","Standalone","","","31 Jan 2018"
"19/01/2018 12:18","Reload","'70838153003502174","WXR754","","","Billed","","-50.00","PSS TAMAN SRI ORKID","","Standalone","","","31 Jan 2018"
"17/01/2018 15:05","Purchase","'70838153003502174","WXR754","","PRIMAX 95","Billed","22.12","50.00","PSS INNER RING ROAD","291977","Standalone","","","31 Jan 2018"
"17/01/2018 15:03","Reload","'70838153003502174","WXR754","'70838153003502174","","Billed","","-60.00","PSS INNER RING ROAD","","Standalone","","","31 Jan 2018"
"15/01/2018 14:51","Purchase","'70838153003502174","WXR754","","PRIMAX 95","Billed","22.12","50.00","PSS NUSA BESTARI","291580","Standalone","","","31 Jan 2018"
"13/01/2018 11:47","Purchase","'70838153003502174","WXR754","","PRIMAX 95","Billed","22.12","50.00","PSS NUSA PERINTIS","291331","Standalone","","","31 Jan 2018"
"13/01/2018 11:45","Reload","'70838153003502174","WXR754","","","Billed","","-100.00","PSS NUSA PERINTIS","","Standalone","","","31 Jan 2018"
"12/01/2018 10:54","Purchase","'70838153003502174","WXR754","","PRIMAX 95","Billed","22.12","50.00","PSS JALAN LANGKASUKA","291099","Standalone","","","31 Jan 2018"
"10/01/2018 15:06","Purchase","'70838153003502174","WXR754","","PRIMAX 95","Billed","21.83","50.00","PSS NUSA PERINTIS","290883","Standalone","","","31 Jan 2018"
"10/01/2018 15:03","Reload","'70838153003502174","WXR754","","","Billed","","-100.00","PSS NUSA PERINTIS","","Standalone","","","31 Jan 2018"