"Date Time","Transaction Type","Card Number","Vehicle Number","Driver Card Number","Product Type","Billing Type","Transaction Volume (Litres)","Transaction Amount (RM)","Station Name","Odometer","Card Type","Cost Centre","Cost Centre Name","Statement Month"
"30/01/2018 09:18","Purchase","'70838153003422837","WXR76","","PRIMAX 95","Billed","34.93","80.00","PSS MUKIM KESANG","","Standalone","","","31 Jan 2018"
"30/01/2018 09:17","Reload","'70838153003422837","WXR76","","","Billed","","-300.00","PSS MUKIM KESANG","","Standalone","","","31 Jan 2018"
"26/01/2018 07:49","Purchase","'70838153003422837","WXR76","","PRIMAX 95","Billed","31.59","72.35","PSS BUKIT KANGKAR","","Standalone","","","31 Jan 2018"
"16/01/2018 11:10","Purchase","'70838153003422837","WXR76","","PRIMAX 95","Billed","30.97","70.00","PSS MUKIM KESANG","","Standalone","","","31 Jan 2018"
"13/01/2018 08:34","Purchase","'70838153003422837","WXR76","","PRIMAX 95","Billed","30.97","70.00","PSS BUKIT KANGKAR","","Standalone","","","31 Jan 2018"
"13/01/2018 08:33","Reload","'70838153003422837","WXR76","","","Billed","","-150.00","PSS BUKIT KANGKAR","","Standalone","","","31 Jan 2018"
"07/01/2018 18:58","Purchase","'70838153003422837","WXR76","","PRIMAX 95","Billed","30.57","70.00","PSS MACHAP ARAH SELATAN","","Standalone","","","31 Jan 2018"
"07/01/2018 18:57","Reload","'70838153003422837","WXR76","","","Billed","","-100.00","PSS MACHAP ARAH SELATAN","","Standalone","","","31 Jan 2018"