"Date Time","Transaction Type","Card Number","Vehicle Number","Driver Card Number","Product Type","Billing Type","Transaction Volume (Litres)","Transaction Amount (RM)","Station Name","Odometer","Card Type","Cost Centre","Cost Centre Name","Statement Month"
"31/01/2018 14:53","Purchase","'70838153003425285","WXR73","","PRIMAX 95","Billed","21.83","50.00","PSS KM 4 JALAN SALLEH","","Standalone","","","31 Jan 2018"
"31/01/2018 14:52","Reload","'70838153003425285","WXR73","","","Billed","","-50.00","PSS KM 4 JALAN SALLEH","","Standalone","","","31 Jan 2018"
"29/01/2018 13:51","Purchase","'70838153003425285","WXR73","","PRIMAX 95","Billed","17.47","40.00","PSS BANDAR BARU SALAK TINGGI","","Standalone","","","31 Jan 2018"
"28/01/2018 17:39","Reload","'70838153003425285","WXR73","","","Billed","","-50.00","PSS BUKIT GAMBIR","","Standalone","","","31 Jan 2018"
"27/01/2018 12:49","Purchase","'70838153003425285","WXR73","","PRIMAX 95","Billed","24.45","56.00","PSS BUKIT GAMBIR","","Standalone","","","31 Jan 2018"
"27/01/2018 12:41","Reload","'70838153003425285","WXR73","","","Billed","","-50.00","PSS BUKIT GAMBIR","","Standalone","","","31 Jan 2018"
"24/01/2018 13:05","Purchase","'70838153003425285","WXR73","","PRIMAX 95","Billed","17.19","39.53","PSS BUKIT GAMBIR","","Standalone","","","31 Jan 2018"
"23/01/2018 20:38","Purchase","'70838153003425285","WXR73","","PRIMAX 95","Billed","10.00","23.00","PSS BUKIT KANGKAR","","Standalone","","","31 Jan 2018"
"22/01/2018 08:35","Purchase","'70838153003425285","WXR73","","PRIMAX 95","Billed","13.04","30.00","PSS TANGKAK","","Standalone","","","31 Jan 2018"
"22/01/2018 08:22","Reload","'70838153003425285","WXR73","","","Billed","","-100.00","PSS TANGKAK","","Standalone","","","31 Jan 2018"
"21/01/2018 20:57","Purchase","'70838153003425285","WXR73","","PRIMAX 95","Billed","8.70","20.00","PSS BUKIT KANGKAR","","Standalone","","","31 Jan 2018"
"21/01/2018 20:56","Reload","'70838153003425285","WXR73","","","Billed","","-20.00","PSS BUKIT KANGKAR","","Standalone","","","31 Jan 2018"
"20/01/2018 17:55","Purchase","'70838153003425285","WXR73","","PRIMAX 95","Billed","8.70","20.00","PSS BUKIT KANGKAR","","Standalone","","","31 Jan 2018"
"20/01/2018 17:54","Reload","'70838153003425285","WXR73","","","Billed","","-20.00","PSS BUKIT KANGKAR","","Standalone","","","31 Jan 2018"
"17/01/2018 22:57","Purchase","'70838153003425285","WXR73","","PRIMAX 95","Billed","13.27","30.00","PSS JALAN SULAIMAN MUAR","","Standalone","","","31 Jan 2018"
"17/01/2018 22:55","Reload","'70838153003425285","WXR73","","","Billed","","-30.00","PSS JALAN SULAIMAN MUAR","","Standalone","","","31 Jan 2018"
"15/01/2018 07:42","Purchase","'70838153003425285","WXR73","","PRIMAX 95","Billed","8.85","20.00","PSS BUKIT KANGKAR","","Standalone","","","31 Jan 2018"
"15/01/2018 07:41","Reload","'70838153003425285","WXR73","","","Billed","","-20.00","PSS BUKIT KANGKAR","","Standalone","","","31 Jan 2018"
"12/01/2018 15:26","Purchase","'70838153003425285","WXR73","","PRIMAX 95","Billed","13.27","30.00","PSS UJONG PASIR","","Standalone","","","31 Jan 2018"
"12/01/2018 15:24","Reload","'70838153003425285","WXR73","","","Billed","","-30.00","PSS UJONG PASIR","","Standalone","","","31 Jan 2018"
"10/01/2018 20:00","Purchase","'70838153003425285","WXR73","","PRIMAX 95","Billed","8.73","20.00","PSS BUKIT KANGKAR","","Standalone","","","31 Jan 2018"
"10/01/2018 19:58","Reload","'70838153003425285","WXR73","","","Billed","","-20.00","PSS BUKIT KANGKAR","","Standalone","","","31 Jan 2018"
"09/01/2018 20:55","Purchase","'70838153003425285","WXR73","","PRIMAX 95","Billed","13.10","30.00","PSS BUKIT KANGKAR","","Standalone","","","31 Jan 2018"
"09/01/2018 20:53","Reload","'70838153003425285","WXR73","","","Billed","","-30.00","PSS BUKIT KANGKAR","","Standalone","","","31 Jan 2018"
"08/01/2018 20:01","Purchase","'70838153003425285","WXR73","","PRIMAX 95","Billed","13.10","30.00","PSS BUKIT KANGKAR","","Standalone","","","31 Jan 2018"
"08/01/2018 20:00","Reload","'70838153003425285","WXR73","","","Billed","","-30.00","PSS BUKIT KANGKAR","","Standalone","","","31 Jan 2018"
"06/01/2018 11:03","Purchase","'70838153003425285","WXR73","","PRIMAX 95","Billed","13.10","30.00","PSS PARIT BINTANG","","Standalone","","","31 Jan 2018"
"06/01/2018 11:02","Reload","'70838153003425285","WXR73","","","Billed","","-30.00","PSS PARIT BINTANG","","Standalone","","","31 Jan 2018"
"05/01/2018 21:04","Purchase","'70838153003425285","WXR73","","PRIMAX 95","Billed","13.10","30.00","PSS BUKIT KANGKAR","","Standalone","","","31 Jan 2018"
"05/01/2018 21:02","Reload","'70838153003425285","WXR73","","","Billed","","-30.00","PSS BUKIT KANGKAR","","Standalone","","","31 Jan 2018"
"03/01/2018 20:12","Purchase","'70838153003425285","WXR73","","PRIMAX 95","Billed","13.27","30.00","PSS BUKIT GAMBIR","","Standalone","","","31 Jan 2018"
"03/01/2018 20:11","Reload","'70838153003425285","WXR73","","","Billed","","-30.00","PSS BUKIT GAMBIR","","Standalone","","","31 Jan 2018"
"02/01/2018 14:54","Purchase","'70838153003425285","WXR73","","PRIMAX 95","Billed","19.03","43.00","PSS BUKIT KANGKAR","","Standalone","","","31 Jan 2018"
"02/01/2018 14:52","Reload","'70838153003425285","WXR73","","","Billed","","-30.00","PSS BUKIT KANGKAR","","Standalone","","","31 Jan 2018"
"02/01/2018 09:20","Purchase","'70838153003425285","WXR73","","PRIMAX 95","Billed","13.27","30.00","PSS BUKIT GAMBIR","","Standalone","","","31 Jan 2018"
"02/01/2018 09:03","Reload","'70838153003425285","WXR73","","","Billed","","-30.00","PSS BUKIT GAMBIR","","Standalone","","","31 Jan 2018"