"Date Time","Transaction Type","Card Number","Vehicle Number","Driver Card Number","Product Type","Billing Type","Transaction Volume (Litres)","Transaction Amount (RM)","Station Name","Odometer","Card Type","Cost Centre","Cost Centre Name","Statement Month"
"27/01/2018 23:54","Purchase","'70838153003502158","WXR753","","PRIMAX 95","Billed","1.75","4.00","PSS JALAN STOREY","","Standalone","","","31 Jan 2018"
"27/01/2018 03:08","Purchase","'70838153003502158","WXR753","","PRIMAX 95","Billed","2.62","6.00","PSS JLN BANDAR PASIR GUDANG","","Standalone","","","31 Jan 2018"
"26/01/2018 02:00","Purchase","'70838153003502158","WXR753","","PRIMAX 95","Billed","2.62","6.00","PSS JALAN STOREY","","Standalone","","","31 Jan 2018"
"25/01/2018 11:22","Purchase","'70838153003502158","WXR753","","PRIMAX 95","Billed","4.37","10.00","PSS TMN BUKIT DAHLIA","","Standalone","","","31 Jan 2018"
"25/01/2018 11:18","Reload","'70838153003502158","WXR753","","","Billed","","-10.00","PSS TMN BUKIT DAHLIA","","Standalone","","","31 Jan 2018"
"24/01/2018 11:47","Purchase","'70838153003502158","WXR753","","PRIMAX 95","Billed","1.30","3.00","PSS BAYU SENIBONG","","Standalone","","","31 Jan 2018"
"23/01/2018 11:24","Purchase","'70838153003502158","WXR753","","PRIMAX 95","Billed","0.44","1.00","PSS BAYU SENIBONG","","Standalone","","","31 Jan 2018"
"22/01/2018 19:22","Purchase","'70838153003502158","WXR753","","PRIMAX 95","Billed","13.04","30.00","PSS PUTRI WANGSA","","Standalone","","","31 Jan 2018"
"22/01/2018 19:20","Reload","'70838153003502158","WXR753","","","Billed","","-50.00","PSS PUTRI WANGSA","","Standalone","","","31 Jan 2018"
"22/01/2018 17:05","Purchase","'70838153003502158","WXR753","","PRIMAX 95","Billed","5.65","13.00","PSS JALAN TAMPOI 2","","Standalone","","","31 Jan 2018"
"22/01/2018 01:58","Purchase","'70838153003502158","WXR753","","PRIMAX 95","Billed","2.61","6.00","PSS TMN BUKIT DAHLIA","","Standalone","","","31 Jan 2018"
"21/01/2018 13:03","Purchase","'70838153003502158","WXR753","","PRIMAX 95","Billed","1.30","3.00","PSS BAYU SENIBONG","","Standalone","","","31 Jan 2018"
"21/01/2018 01:33","Purchase","'70838153003502158","WXR753","","PRIMAX 95","Billed","2.61","6.00","PSS JALAN STOREY","","Standalone","","","31 Jan 2018"
"20/01/2018 02:40","Purchase","'70838153003502158","WXR753","","PRIMAX 95","Billed","2.61","6.00","PSS TMN BUKIT DAHLIA","","Standalone","","","31 Jan 2018"
"19/01/2018 12:45","Purchase","'70838153003502158","WXR753","","PRIMAX 95","Billed","1.30","3.00","PSS BAYU SENIBONG","","Standalone","","","31 Jan 2018"
"19/01/2018 01:51","Purchase","'70838153003502158","WXR753","","PRIMAX 95","Billed","2.61","6.00","PSS JALAN STOREY","","Standalone","","","31 Jan 2018"
"18/01/2018 01:47","Purchase","'70838153003502158","WXR753","","PRIMAX 95","Billed","2.61","6.00","PSS JLN BANDAR PASIR GUDANG","","Standalone","","","31 Jan 2018"
"17/01/2018 12:44","Purchase","'70838153003502158","WXR753","","PRIMAX 95","Billed","1.33","3.00","PSS BAYU SENIBONG","","Standalone","","","31 Jan 2018"
"16/01/2018 17:46","Purchase","'70838153003502158","WXR753","","PRIMAX 95","Billed","2.21","5.00","PSS BAYU PUTERI","","Standalone","","","31 Jan 2018"
"16/01/2018 13:26","Purchase","'70838153003502158","WXR753","","PRIMAX 95","Billed","1.77","4.00","PSS BAYU SENIBONG","","Standalone","","","31 Jan 2018"
"16/01/2018 13:11","Reload","'70838153003502158","WXR753","","","Billed","","-60.00","PSS BAYU SENIBONG","","Standalone","","","31 Jan 2018"
"13/01/2018 02:15","Purchase","'70838153003502158","WXR753","","PRIMAX 95","Billed","2.65","6.00","PSS BAYU PUTERI","","Standalone","","","31 Jan 2018"
"11/01/2018 12:29","Purchase","'70838153003502158","WXR753","","PRIMAX 95","Billed","1.33","3.00","PSS BAYU SENIBONG","","Standalone","","","31 Jan 2018"
"10/01/2018 14:29","Purchase","'70838153003502158","WXR753","","PRIMAX 95","Billed","17.47","40.00","PSS TMN BUKIT DAHLIA","","Standalone","","","31 Jan 2018"
"10/01/2018 14:22","Reload","'70838153003502158","WXR753","","","Billed","","-50.00","PSS TMN BUKIT DAHLIA","","Standalone","","","31 Jan 2018"