"Date Time","Transaction Type","Card Number","Vehicle Number","Driver Card Number","Product Type","Billing Type","Transaction Volume (Litres)","Transaction Amount (RM)","Station Name","Odometer","Card Type","Cost Centre","Cost Centre Name","Statement Month"
"28/01/2018 12:13","Purchase","'70838153003422886","WXR81","","PRIMAX 95","Billed","30.57","70.00","PSS JALAN KAMPUNG SIMEE","50","Standalone","","","31 Jan 2018"
"28/01/2018 12:12","Reload","'70838153003422886","WXR81","","","Billed","","-100.00","PSS JALAN KAMPUNG SIMEE","","Standalone","","","31 Jan 2018"
"25/01/2018 11:52","Purchase","'70838153003422886","WXR81","","PRIMAX 95","Billed","2.84","6.51","PSS JALAN GOPENG II","50","Standalone","","","31 Jan 2018"
"24/01/2018 18:18","Purchase","'70838153003422886","WXR81","","PRIMAX 95","Billed","21.74","50.00","PSS JALAN GOPENG I","50","Standalone","","","31 Jan 2018"
"24/01/2018 18:17","Reload","'70838153003422886","WXR81","","","Billed","","-50.00","PSS JALAN GOPENG I","","Standalone","","","31 Jan 2018"
"23/01/2018 12:53","Purchase","'70838153003422886","WXR81","","PRIMAX 95","Billed","13.05","30.00","PSS TAMAN PENGKALAN UTAMA","50","Standalone","","","31 Jan 2018"
"22/01/2018 11:34","Purchase","'70838153003422886","WXR81","","PRIMAX 95","Billed","26.09","60.00","PSS SUNGAI PERAK (U)","50","Standalone","","","31 Jan 2018"
"22/01/2018 11:32","Reload","'70838153003422886","WXR81","","","Billed","","-100.00","PSS SUNGAI PERAK (U)","","Standalone","","","31 Jan 2018"
"19/01/2018 19:55","Purchase","'70838153003422886","WXR81","","PRIMAX 95","Billed","21.74","50.00","PSS JALAN GOPENG II","50","Standalone","","","31 Jan 2018"
"19/01/2018 17:25","Purchase","'70838153003422886","WXR81","","PRIMAX 95","Billed","30.44","70.00","PSS SUNGKAI","50","Standalone","","","31 Jan 2018"
"19/01/2018 17:24","Reload","'70838153003422886","WXR81","","","Billed","","-100.00","PSS SUNGKAI","","Standalone","","","31 Jan 2018"
"17/01/2018 10:20","Purchase","'70838153003422886","WXR81","","PRIMAX 95","Billed","26.55","60.00","PSS JALAN GOPENG II","50","Standalone","","","31 Jan 2018"
"17/01/2018 10:15","Reload","'70838153003422886","WXR81","","","Billed","","-100.00","PSS JALAN GOPENG II","","Standalone","","","31 Jan 2018"
"13/01/2018 06:51","Purchase","'70838153003422886","WXR81","","PRIMAX 95","Billed","1.82","4.11","PSS JALAN GOPENG II","50","Standalone","","","31 Jan 2018"
"12/01/2018 10:28","Purchase","'70838153003422886","WXR81","","PRIMAX 95","Billed","2.74","6.20","PSS JALAN GOPENG II","50","Standalone","","","31 Jan 2018"
"09/01/2018 18:45","Purchase","'70838153003422886","WXR81","","PRIMAX 95","Billed","21.84","50.00","PSS TAMAN PENGKALAN JAYA","50","Standalone","","","31 Jan 2018"
"07/01/2018 10:52","Purchase","'70838153003422886","WXR81","","PRIMAX 95","Billed","34.94","80.00","PSS TAMAN PENGKALAN UTAMA","50","Standalone","","","31 Jan 2018"
"07/01/2018 10:51","Reload","'70838153003422886","WXR81","","","Billed","","-120.00","PSS TAMAN PENGKALAN UTAMA","","Standalone","","","31 Jan 2018"
"03/01/2018 18:06","Purchase","'70838153003422886","WXR81","","PRIMAX 95","Billed","3.10","7.00","PSS JALAN GOPENG I","50","Standalone","","","31 Jan 2018"