"Date Time","Transaction Type","Card Number","Vehicle Number","Driver Card Number","Product Type","Billing Type","Transaction Volume (Litres)","Transaction Amount (RM)","Station Name","Odometer","Card Type","Cost Centre","Cost Centre Name","Statement Month"
"31/01/2018 13:26","Purchase","'70838153003422928","WXR85","","PRIMAX 95","Billed","21.84","50.00","PSS TAMAN SAUJANA BATU GAJAH","","Standalone","","","31 Jan 2018"
"31/01/2018 13:24","Reload","'70838153003422928","WXR85","","","Billed","","-50.00","PSS TAMAN SAUJANA BATU GAJAH","","Standalone","","","31 Jan 2018"
"30/01/2018 19:23","Purchase","'70838153003422928","WXR85","","PRIMAX 95","Billed","13.10","30.00","PSS RISHAH HIJAU","","Standalone","","","31 Jan 2018"
"30/01/2018 19:21","Reload","'70838153003422928","WXR85","","","Billed","","-30.00","PSS RISHAH HIJAU","","Standalone","","","31 Jan 2018"
"30/01/2018 01:57","Purchase","'70838153003422928","WXR85","","PRIMAX 95","Billed","21.83","50.00","PSS R & R GUNUNG SEMANGGOL","","Standalone","","","31 Jan 2018"
"30/01/2018 01:56","Reload","'70838153003422928","WXR85","","","Billed","","-50.00","PSS R & R GUNUNG SEMANGGOL","","Standalone","","","31 Jan 2018"
"29/01/2018 17:19","Purchase","'70838153003422928","WXR85","","PRIMAX 95","Billed","15.29","35.00","PSS TAMAN SAUJANA BATU GAJAH","","Standalone","","","31 Jan 2018"
"29/01/2018 17:17","Reload","'70838153003422928","WXR85","","","Billed","","-35.00","PSS TAMAN SAUJANA BATU GAJAH","","Standalone","","","31 Jan 2018"
"28/01/2018 12:21","Purchase","'70838153003422928","WXR85","","PRIMAX 95","Billed","13.10","30.00","PSS RISHAH HIJAU","","Standalone","","","31 Jan 2018"
"28/01/2018 12:19","Reload","'70838153003422928","WXR85","","","Billed","","-30.00","PSS RISHAH HIJAU","","Standalone","","","31 Jan 2018"
"27/01/2018 12:15","Purchase","'70838153003422928","WXR85","","PRIMAX 95","Billed","13.10","30.00","PSS TAMAN SAUJANA BATU GAJAH","","Standalone","","","31 Jan 2018"
"27/01/2018 12:06","Reload","'70838153003422928","WXR85","","","Billed","","-30.00","PSS TAMAN SAUJANA BATU GAJAH","","Standalone","","","31 Jan 2018"