"Date Time","Transaction Type","Card Number","Vehicle Number","Driver Card Number","Product Type","Billing Type","Transaction Volume (Litres)","Transaction Amount (RM)","Station Name","Odometer","Card Type","Cost Centre","Cost Centre Name","Statement Month"
"31/01/2018 22:55","Purchase","'70838153003498852","WXR894","","PRIMAX 95","Billed","45.42","104.00","PSS BAGAN SERAI","1153","Standalone","","","31 Jan 2018"
"31/01/2018 22:52","Reload","'70838153003498852","WXR894","","","Billed","","-100.00","PSS BAGAN SERAI","","Standalone","","","31 Jan 2018"
"28/01/2018 13:28","Purchase","'70838153003498852","WXR894","","PRIMAX 95","Billed","20.09","46.00","PSS SUNGAI PERAK (S)","1153","Standalone","","","31 Jan 2018"
"28/01/2018 13:26","Reload","'70838153003498852","WXR894","","","Billed","","-40.00","PSS SUNGAI PERAK (S)","","Standalone","","","31 Jan 2018"
"23/01/2018 11:30","Purchase","'70838153003498852","WXR894","","PRIMAX 95","Billed","17.39","40.00","PSS KG KEDAH","1153","Standalone","","","31 Jan 2018"
"23/01/2018 11:27","Reload","'70838153003498852","WXR894","","","Billed","","-50.00","PSS KG KEDAH","","Standalone","","","31 Jan 2018"