"Date Time","Transaction Type","Card Number","Vehicle Number","Driver Card Number","Product Type","Billing Type","Transaction Volume (Litres)","Transaction Amount (RM)","Station Name","Odometer","Card Type","Cost Centre","Cost Centre Name","Statement Month"
"29/01/2018 19:43","Purchase","'70838153003423363","WXR8","","PRIMAX 95","Billed","11.95","27.35","PSS PEKAN SALAK","","Standalone","","","31 Jan 2018"
"24/01/2018 21:51","Purchase","'70838153003423363","WXR8","","PRIMAX 95","Billed","21.74","50.00","PSS KLIA 3","","Standalone","","","31 Jan 2018"
"17/01/2018 19:18","Purchase","'70838153003423363","WXR8","","PRIMAX 95","Billed","22.11","49.97","PSS KLIA 3","","Standalone","","","31 Jan 2018"
"11/01/2018 19:04","Purchase","'70838153003423363","WXR8","","PRIMAX 95","Billed","33.25","75.14","PSS KLIA 3","","Standalone","","","31 Jan 2018"
"11/01/2018 19:02","Reload","'70838153003423363","WXR8","","","Billed","","-200.00","PSS KLIA 3","","Standalone","","","31 Jan 2018"