"Date Time","Transaction Type","Card Number","Vehicle Number","Driver Card Number","Product Type","Billing Type","Transaction Volume (Litres)","Transaction Amount (RM)","Station Name","Odometer","Card Type","Cost Centre","Cost Centre Name","Statement Month"
"31/01/2018 22:23","Purchase","'70838153003496757","WXR810","","PRIMAX 95","Billed","13.53","30.98","PSS KANGAR","888","Standalone","","","31 Jan 2018"
"30/01/2018 10:27","Purchase","'70838153003496757","WXR810","","PRIMAX 95","Billed","10.05","23.00","PSS JALAN RAJA SYED ALWI","888","Standalone","","","31 Jan 2018"
"29/01/2018 13:06","Purchase","'70838153003496757","WXR810","","PRIMAX 95","Billed","10.04","23.00","PSS KANGAR","100","Standalone","","","31 Jan 2018"
"27/01/2018 23:11","Purchase","'70838153003496757","WXR810","","PRIMAX 95","Billed","37.12","85.00","PSS MUKIM SUNGAI PASIR","1000","Standalone","","","31 Jan 2018"
"27/01/2018 23:09","Reload","'70838153003496757","WXR810","","","Billed","","-90.00","PSS MUKIM SUNGAI PASIR","","Standalone","","","31 Jan 2018"
"27/01/2018 16:41","Purchase","'70838153003496757","WXR810","","PRIMAX 95","Billed","21.84","50.00","PSS MERGONG (STESEN SERVICES PETRONAS )","888","Standalone","","","31 Jan 2018"
"27/01/2018 16:40","Reload","'70838153003496757","WXR810","","","Billed","","-50.00","PSS MERGONG (STESEN SERVICES PETRONAS )","","Standalone","","","31 Jan 2018"
"26/01/2018 22:04","Purchase","'70838153003496757","WXR810","","PRIMAX 95","Billed","25.33","58.00","PSS JALAN RAJA SYED ALWI","888","Standalone","","","31 Jan 2018"
"26/01/2018 22:01","Reload","'70838153003496757","WXR810","","","Billed","","-90.00","PSS JALAN RAJA SYED ALWI","","Standalone","","","31 Jan 2018"
"24/01/2018 13:22","Purchase","'70838153003496757","WXR810","","PRIMAX 95","Billed","10.00","23.00","PSS BEHOR TEMAK","900","Standalone","","","31 Jan 2018"
"23/01/2018 23:28","Purchase","'70838153003496757","WXR810","","PRIMAX 95","Billed","6.52","15.00","PSS JALAN RAJA SYED ALWI","1000","Standalone","","","31 Jan 2018"
"20/01/2018 09:58","Purchase","'70838153003496757","WXR810","","PRIMAX 95","Billed","10.00","23.00","PSS KANGAR","888","Standalone","","","31 Jan 2018"
"19/01/2018 10:33","Purchase","'70838153003496757","WXR810","","PRIMAX 95","Billed","0.05","0.12","PSS JALAN RAJA SYED ALWI","1000","Standalone","","","31 Jan 2018"
"19/01/2018 10:30","Reload","'70838153003496757","WXR810","","","Billed","","-100.00","PSS JALAN RAJA SYED ALWI","","Standalone","","","31 Jan 2018"
"18/01/2018 12:51","Purchase","'70838153003496757","WXR810","","PRIMAX 95","Billed","43.00","98.90","PSS KANGAR","1000","Standalone","","","31 Jan 2018"
"18/01/2018 12:49","Reload","'70838153003496757","WXR810","","","Billed","","-100.00","PSS KANGAR","","Standalone","","","31 Jan 2018"
"17/01/2018 23:14","Purchase","'70838153003496757","WXR810","","PRIMAX 95","Billed","8.85","20.00","PSS SIMPANG PULAI ARAH UTARA","250","Standalone","","","31 Jan 2018"
"17/01/2018 15:43","Purchase","'70838153003496757","WXR810","","PRIMAX 95","Billed","44.25","100.00","PSS NKVE HIGHWAY","","Standalone","","","31 Jan 2018"
"17/01/2018 15:39","Reload","'70838153003496757","WXR810","","","Billed","","-100.00","PSS NKVE HIGHWAY","","Standalone","","","31 Jan 2018"
"15/01/2018 10:25","Purchase","'70838153003496757","WXR810","","PRIMAX 95","Billed","4.43","10.00","PSS JALAN RAJA SYED ALWI","3754","Standalone","","","31 Jan 2018"
"15/01/2018 10:23","Reload","'70838153003496757","WXR810","","","Billed","","-30.00","PSS JALAN RAJA SYED ALWI","","Standalone","","","31 Jan 2018"