"Date Time","Transaction Type","Card Number","Vehicle Number","Driver Card Number","Product Type","Billing Type","Transaction Volume (Litres)","Transaction Amount (RM)","Station Name","Odometer","Card Type","Cost Centre","Cost Centre Name","Statement Month"
"27/01/2018 21:26","Purchase","'70838153003496229","WXR800","","PRIMAX 95","Billed","13.10","30.00","PSS MUKIM SUNGAI PASIR","99","Standalone","","","31 Jan 2018"
"27/01/2018 21:25","Reload","'70838153003496229","WXR800","","","Billed","","-50.00","PSS MUKIM SUNGAI PASIR","","Standalone","","","31 Jan 2018"
"26/01/2018 10:26","Purchase","'70838153003496229","WXR800","","PRIMAX 95","Billed","10.77","24.67","PSS BANDAR MUTIARA","99","Standalone","","","31 Jan 2018"
"23/01/2018 13:03","Purchase","'70838153003496229","WXR800","","PRIMAX 95","Billed","11.01","25.33","PSS TAMAN RIA SG PETANI","99","Standalone","","","31 Jan 2018"
"23/01/2018 12:55","Reload","'70838153003496229","WXR800","","","Billed","","-50.00","PSS TAMAN RIA SG PETANI","","Standalone","","","31 Jan 2018"