"Date Time","Transaction Type","Card Number","Vehicle Number","Driver Card Number","Product Type","Billing Type","Transaction Volume (Litres)","Transaction Amount (RM)","Station Name","Odometer","Card Type","Cost Centre","Cost Centre Name","Statement Month"
"21/01/2018 09:58","Purchase","'70838153003496674","WXR817","","PRIMAX 95","Billed","13.05","30.00","PSS GURUN","","Standalone","","","31 Jan 2018"
"21/01/2018 09:57","Reload","'70838153003496674","WXR817","","","Billed","","-30.00","PSS GURUN","","Standalone","","","31 Jan 2018"
"17/01/2018 09:36","Purchase","'70838153003496674","WXR817","","PRIMAX 95","Billed","22.13","50.00","PSS JLN KELAB CINTA SAYANG","","Standalone","","","31 Jan 2018"
"17/01/2018 09:35","Reload","'70838153003496674","WXR817","","","Billed","","-50.00","PSS JLN KELAB CINTA SAYANG","","Standalone","","","31 Jan 2018"
"14/01/2018 18:58","Purchase","'70838153003496674","WXR817","","PRIMAX 95","Billed","13.28","30.00","PSS JLN KELAB CINTA SAYANG","","Standalone","","","31 Jan 2018"
"14/01/2018 18:54","Reload","'70838153003496674","WXR817","","","Billed","","-30.00","PSS JLN KELAB CINTA SAYANG","","Standalone","","","31 Jan 2018"