"Date Time","Transaction Type","Card Number","Vehicle Number","Driver Card Number","Product Type","Billing Type","Transaction Volume (Litres)","Transaction Amount (RM)","Station Name","Odometer","Card Type","Cost Centre","Cost Centre Name","Statement Month"
"17/01/2018 22:27","Purchase","'70838153003423173","WXR91","","PRIMAX 95","Billed","22.13","50.00","PSS JALAN SIMPANG TAIPING","","Standalone","","","31 Jan 2018"
"17/01/2018 22:23","Reload","'70838153003423173","WXR91","","","Billed","","-50.00","PSS JALAN SIMPANG TAIPING","","Standalone","","","31 Jan 2018"
"07/01/2018 18:20","Purchase","'70838153003423173","WXR91","","PRIMAX 95","Billed","21.84","50.00","PSS PADANG RENGAS","","Standalone","","","31 Jan 2018"
"07/01/2018 18:07","Reload","'70838153003423173","WXR91","","","Billed","","-100.00","PSS PADANG RENGAS","","Standalone","","","31 Jan 2018"
"03/01/2018 15:36","Purchase","'70838153003423173","WXR91","","PRIMAX 95","Billed","22.12","50.00","PSS PANTAI REMIS","","Standalone","","","31 Jan 2018"