"Date Time","Transaction Type","Card Number","Vehicle Number","Driver Card Number","Product Type","Billing Type","Transaction Volume (Litres)","Transaction Amount (RM)","Station Name","Odometer","Card Type","Cost Centre","Cost Centre Name","Statement Month"
"29/01/2018 08:30","Purchase","'70838153003500244","WXR930","","PRIMAX 97","Billed","64.84","165.99","PSS SRI DAMANSARA","","Standalone","","","31 Jan 2018"
"26/01/2018 11:01","Purchase","'70838153003500244","WXR930","","PRIMAX 95","Billed","47.16","108.00","PSS BUKIT BANDAR RAYA","1","Standalone","","","31 Jan 2018"
"26/01/2018 10:59","Reload","'70838153003500244","WXR930","","","Billed","","-400.00","PSS BUKIT BANDAR RAYA","","Standalone","","","31 Jan 2018"
"18/01/2018 20:10","Purchase","'70838153003500244","WXR930","","PRIMAX 95","Billed","49.13","113.00","PSS JALAN TUN RAZAK","","Standalone","","","31 Jan 2018"
"12/01/2018 20:46","Purchase","'70838153003500244","WXR930","","PRIMAX 97","Billed","33.15","83.86","PSS SRI HARTAMAS","","Standalone","","","31 Jan 2018"
"11/01/2018 21:16","Purchase","'70838153003500244","WXR930","","PRIMAX 97","Billed","60.87","154.01","PSS KOTA DAMANSARA 2","","Standalone","","","31 Jan 2018"
"11/01/2018 19:00","Purchase","'70838153003500244","WXR930","","PRIMAX 97","Billed","63.26","160.06","PSS KOTA DAMANSARA 2","","Standalone","","","31 Jan 2018"
"09/01/2018 17:13","Reload","'70838153003500244","WXR930","","","Billed","","-300.00","PSS KM2.95 PENCHALA LINK ARAH DAMANSARA","","Standalone","","","31 Jan 2018"
"09/01/2018 17:11","Purchase","'70838153003500244","WXR930","","PRIMAX 95","Billed","48.91","112.01","PSS KM2.95 PENCHALA LINK ARAH DAMANSARA","","Standalone","","","31 Jan 2018"
"07/01/2018 22:50","Reload","'70838153003500244","WXR930","","","Billed","","-300.00","PSS SRI DAMANSARA","","Standalone","","","31 Jan 2018"
"07/01/2018 22:47","Purchase","'70838153003500244","WXR930","","PRIMAX 95","Billed","13.54","31.00","PSS SRI DAMANSARA","","Standalone","","","31 Jan 2018"
"04/01/2018 20:54","Purchase","'70838153003500244","WXR930","","PRIMAX 95","Billed","5.59","12.80","PSS KOTA DAMANSARA 2","","Standalone","","","31 Jan 2018"
"02/01/2018 20:19","Purchase","'70838153003500244","WXR930","","PRIMAX 95","Billed","25.66","57.99","PSS KOTA DAMANSARA 2","","Standalone","","","31 Jan 2018"