"Date Time","Transaction Type","Card Number","Vehicle Number","Driver Card Number","Product Type","Billing Type","Transaction Volume (Litres)","Transaction Amount (RM)","Station Name","Odometer","Card Type","Cost Centre","Cost Centre Name","Statement Month"
"31/01/2018 13:13","Purchase","'70838153003499751","WXR920","","PRIMAX 95","Billed","13.10","30.00","PSS LT911 ULU KLANG MRR2","","Standalone","","","31 Jan 2018"
"31/01/2018 13:05","Reload","'70838153003499751","WXR920","","","Billed","","-30.00","PSS HULU KELANG","","Standalone","","","31 Jan 2018"
"31/01/2018 08:51","Purchase","'70838153003499751","WXR920","","PRIMAX 95","Billed","17.47","40.00","PSS PUTRA HEIGHT","","Standalone","","","31 Jan 2018"
"31/01/2018 08:50","Reload","'70838153003499751","WXR920","","","Billed","","-40.00","PSS PUTRA HEIGHT","","Standalone","","","31 Jan 2018"
"27/01/2018 18:33","Purchase","'70838153003499751","WXR920","","PRIMAX 95","Billed","13.10","30.00","PSS SEK 7 SHAH ALAM","","Standalone","","","31 Jan 2018"
"27/01/2018 00:23","Purchase","'70838153003499751","WXR920","","PRIMAX 95","Billed","13.10","30.00","PSS USJ 20","","Standalone","","","31 Jan 2018"
"27/01/2018 00:21","Reload","'70838153003499751","WXR920","","","Billed","","-50.00","PSS USJ 20","","Standalone","","","31 Jan 2018"
"26/01/2018 13:29","Purchase","'70838153003499751","WXR920","","PRIMAX 95","Billed","13.10","30.00","PSS PUTRA HEIGHT","","Standalone","","","31 Jan 2018"
"26/01/2018 13:27","Reload","'70838153003499751","WXR920","","","Billed","","-40.00","PSS PUTRA HEIGHT","","Standalone","","","31 Jan 2018"
"24/01/2018 14:37","Purchase","'70838153003499751","WXR920","","PRIMAX 95","Billed","8.70","20.00","PSS PUTRA HEIGHT","","Standalone","","","31 Jan 2018"
"24/01/2018 12:31","Purchase","'70838153003499751","WXR920","","PRIMAX 95","Billed","8.70","20.00","PSS COCHRANE PERKASA","","Standalone","","","31 Jan 2018"
"24/01/2018 12:29","Reload","'70838153003499751","WXR920","","","Billed","","-20.00","PSS COCHRANE PERKASA","","Standalone","","","31 Jan 2018"
"22/01/2018 10:18","Purchase","'70838153003499751","WXR920","","PRIMAX 95","Billed","8.70","20.00","PSS NKVE HIGHWAY","","Standalone","","","31 Jan 2018"
"22/01/2018 10:16","Reload","'70838153003499751","WXR920","","","Billed","","-30.00","PSS NKVE HIGHWAY","","Standalone","","","31 Jan 2018"
"15/01/2018 06:50","Purchase","'70838153003499751","WXR920","","PRIMAX 95","Billed","22.13","50.00","PSS HICOM SEK B SEK 27","","Standalone","","","31 Jan 2018"
"15/01/2018 00:21","Purchase","'70838153003499751","WXR920","","PRIMAX 95","Billed","8.85","20.01","PSS HICOM SEK B SEK 27","","Standalone","","","31 Jan 2018"
"14/01/2018 12:09","Reload","'70838153003499751","WXR920","","","Billed","","-50.00","PSS PUTRA HEIGHT","","Standalone","","","31 Jan 2018"
"13/01/2018 07:17","Purchase","'70838153003499751","WXR920","","PRIMAX 95","Billed","13.28","30.00","PSS HICOM SEK B SEK 27","","Standalone","","","31 Jan 2018"
"13/01/2018 06:58","Reload","'70838153003499751","WXR920","","","Billed","","-50.00","PSS TAMAN ALAM MEGAH","","Standalone","","","31 Jan 2018"
"11/01/2018 07:36","Purchase","'70838153003499751","WXR920","","PRIMAX 95","Billed","30.10","68.01","PSS HICOM SEK B SEK 27","","Standalone","","","31 Jan 2018"
"11/01/2018 07:22","Reload","'70838153003499751","WXR920","","","Billed","","-50.00","PSS TAMAN ALAM MEGAH","","Standalone","","","31 Jan 2018"
"10/01/2018 20:09","Purchase","'70838153003499751","WXR920","","PRIMAX 95","Billed","8.74","20.00","PSS HICOM SEK B SEK 27","","Standalone","","","31 Jan 2018"
"05/01/2018 21:06","Reload","'70838153003499751","WXR920","","","Billed","","-50.00","PSS USJ 20","","Standalone","","","31 Jan 2018"