"Date Time","Transaction Type","Card Number","Vehicle Number","Driver Card Number","Product Type","Billing Type","Transaction Volume (Litres)","Transaction Amount (RM)","Station Name","Odometer","Card Type","Cost Centre","Cost Centre Name","Statement Month"
"10/01/2018 14:12","Purchase","'70838153003499728","WXR923","","PRIMAX 95","Billed","8.73","20.00","PSS KLIA 1","3979","Standalone","","","31 Jan 2018"
"09/01/2018 13:01","Purchase","'70838153003499728","WXR923","","PRIMAX 95","Billed","13.10","30.00","PSS JALAN JELATEK 2","30","Standalone","","","31 Jan 2018"
"09/01/2018 12:59","Reload","'70838153003499728","WXR923","","","Billed","","-50.00","PSS JALAN JELATEK 2","","Standalone","","","31 Jan 2018"
"09/01/2018 09:01","Purchase","'70838153003499728","WXR923","","PRIMAX 95","Billed","8.74","20.00","PSS PPK DENGKIL","20","Standalone","","","31 Jan 2018"
"08/01/2018 08:59","Purchase","'70838153003499728","WXR923","","PRIMAX 95","Billed","13.10","30.00","PSS BUKIT CHANGGANG","30","Standalone","","","31 Jan 2018"
"08/01/2018 08:56","Reload","'70838153003499728","WXR923","","","Billed","","-50.00","PSS BUKIT CHANGGANG","","Standalone","","","31 Jan 2018"