"Date Time","Transaction Type","Card Number","Vehicle Number","Driver Card Number","Product Type","Billing Type","Transaction Volume (Litres)","Transaction Amount (RM)","Station Name","Odometer","Card Type","Cost Centre","Cost Centre Name","Statement Month"
"31/01/2018 23:32","Purchase","'70838153003499447","WXR901","","PRIMAX 95","Un-billed","6.55","15.00","PSS ARA DAMANSARA","15","Standalone","","","Unbilled Transaction"
"26/01/2018 15:21","Purchase","'70838153003499447","WXR901","","PRIMAX 95","Billed","8.73","20.00","PSS ARA DAMANSARA","20","Standalone","","","31 Jan 2018"
"26/01/2018 15:19","Reload","'70838153003499447","WXR901","","","Billed","","-10.00","PSS ARA DAMANSARA","","Standalone","","","31 Jan 2018"
"25/01/2018 20:14","Purchase","'70838153003499447","WXR901","","PRIMAX 95","Billed","8.73","20.00","PSS ARA DAMANSARA","20","Standalone","","","31 Jan 2018"
"25/01/2018 20:11","Reload","'70838153003499447","WXR901","","","Billed","","-20.00","PSS ARA DAMANSARA","","Standalone","","","31 Jan 2018"
"19/01/2018 18:36","Purchase","'70838153003499447","WXR901","","PRIMAX 95","Billed","8.70","20.00","PSS ARA DAMANSARA","20","Standalone","","","31 Jan 2018"
"19/01/2018 18:29","Reload","'70838153003499447","WXR901","","","Billed","","-50.00","PSS ARA DAMANSARA","","Standalone","","","31 Jan 2018"
"16/01/2018 19:36","Purchase","'70838153003499447","WXR901","","PRIMAX 95","Billed","17.70","40.00","PSS ARA DAMANSARA","40","Standalone","","","31 Jan 2018"
"13/01/2018 11:52","Purchase","'70838153003499447","WXR901","","PRIMAX 97","Billed","11.86","30.00","PSS ARA DAMANSARA","","Standalone","","","31 Jan 2018"
"13/01/2018 11:50","Reload","'70838153003499447","WXR901","","","Billed","","-50.00","PSS ARA DAMANSARA","","Standalone","","","31 Jan 2018"
"11/01/2018 12:20","Purchase","'70838153003499447","WXR901","","PRIMAX 95","Billed","8.85","20.00","PSS ARA DAMANSARA","","Standalone","","","31 Jan 2018"
"11/01/2018 12:17","Reload","'70838153003499447","WXR901","","","Billed","","-30.00","PSS ARA DAMANSARA","","Standalone","","","31 Jan 2018"
"03/01/2018 15:51","Purchase","'70838153003499447","WXR901","","PRIMAX 95","Billed","13.27","30.00","PSS ARA DAMANSARA","","Standalone","","","31 Jan 2018"
"03/01/2018 15:49","Reload","'70838153003499447","WXR901","","","Billed","","-30.00","PSS ARA DAMANSARA","","Standalone","","","31 Jan 2018"