"Date Time","Transaction Type","Card Number","Vehicle Number","Driver Card Number","Product Type","Billing Type","Transaction Volume (Litres)","Transaction Amount (RM)","Station Name","Odometer","Card Type","Cost Centre","Cost Centre Name","Statement Month"
"31/01/2018 23:39","Purchase","'70838153003500467","WXR951","","PRIMAX 95","Un-billed","21.83","50.00","PSS AYER KEROH 3","155","Standalone","","","Unbilled Transaction"
"30/01/2018 21:29","Purchase","'70838153003500467","WXR951","","PRIMAX 95","Billed","13.10","30.00","PSS RAWAT & REHAT(S) KL- SEREMBAN","150","Standalone","","","31 Jan 2018"
"27/01/2018 22:43","Purchase","'70838153003500467","WXR951","","PRIMAX 95","Billed","17.47","40.00","PSS CHENG","55","Standalone","","","31 Jan 2018"
"27/01/2018 22:41","Reload","'70838153003500467","WXR951","","","Billed","","-150.00","PSS CHENG","","Standalone","","","31 Jan 2018"
"26/01/2018 17:25","Purchase","'70838153003500467","WXR951","","PRIMAX 95","Billed","13.10","30.00","PSS CHENG","50","Standalone","","","31 Jan 2018"
"24/01/2018 08:37","Purchase","'70838153003500467","WXR951","","PRIMAX 95","Billed","6.52","15.00","PSS TAMAN SETIA INDAH","","Standalone","","","31 Jan 2018"
"22/01/2018 12:27","Purchase","'70838153003500467","WXR951","","PRIMAX 95","Billed","4.35","10.00","PSS TAMAN DAYA","","Standalone","","","31 Jan 2018"
"22/01/2018 12:23","Reload","'70838153003500467","WXR951","","","Billed","","-100.00","PSS TAMAN DAYA","","Standalone","","","31 Jan 2018"