"Date Time","Transaction Type","Card Number","Vehicle Number","Driver Card Number","Product Type","Billing Type","Transaction Volume (Litres)","Transaction Amount (RM)","Station Name","Odometer","Card Type","Cost Centre","Cost Centre Name","Statement Month"
"31/01/2018 21:03","Purchase","'70838153003423132","WXR95","","PRIMAX 95","Un-billed","30.22","69.20","PSS KLIA 1","73721","Standalone","","","Unbilled Transaction"
"31/01/2018 21:01","Reload","'70838153003423132","WXR95","","","Un-billed","","-70.00","PSS KLIA 1","","Standalone","","","Unbilled Transaction"
"22/01/2018 01:30","Purchase","'70838153003423132","WXR95","","PRIMAX 95","Billed","30.18","69.42","PSS LOT 4783 BUKIT JALIL","72884","Standalone","","","31 Jan 2018"
"22/01/2018 01:28","Reload","'70838153003423132","WXR95","","","Billed","","-70.00","PSS LOT 4783 BUKIT JALIL","","Standalone","","","31 Jan 2018"
"21/01/2018 13:39","Purchase","'70838153003423132","WXR95","","PRIMAX 95","Billed","30.06","69.13","PSS KLIA 1","72598","Standalone","","","31 Jan 2018"
"21/01/2018 13:35","Reload","'70838153003423132","WXR95","","","Billed","","-70.00","PSS KLIA 1","","Standalone","","","31 Jan 2018"
"21/01/2018 08:35","Purchase","'70838153003423132","WXR95","","PRIMAX 95","Billed","30.26","69.60","PSS BANDAR TUN RAZAK","72385","Standalone","","","31 Jan 2018"
"21/01/2018 08:34","Reload","'70838153003423132","WXR95","","","Billed","","-70.00","PSS BANDAR TUN RAZAK","","Standalone","","","31 Jan 2018"
"20/01/2018 11:22","Purchase","'70838153003423132","WXR95","","PRIMAX 95","Billed","20.02","46.03","PSS USJ 6 UEP SUBANG JAYA","72300","Standalone","","","31 Jan 2018"
"20/01/2018 11:20","Reload","'70838153003423132","WXR95","","","Billed","","-50.00","PSS USJ 6 UEP SUBANG JAYA","","Standalone","","","31 Jan 2018"
"19/01/2018 12:50","Purchase","'70838153003423132","WXR95","","PRIMAX 95","Billed","33.66","77.42","PSS TAMAN SAMUDERA MANJUNG","3619","Standalone","","","31 Jan 2018"
"19/01/2018 08:25","Purchase","'70838153003423132","WXR95","","PRIMAX 95","Billed","40.01","92.02","PSS ELITE HIGHWAY","71631","Standalone","","","31 Jan 2018"
"19/01/2018 08:22","Reload","'70838153003423132","WXR95","","","Billed","","-150.00","PSS ELITE HIGHWAY","","Standalone","","","31 Jan 2018"
"18/01/2018 05:31","Purchase","'70838153003423132","WXR95","","PRIMAX 95","Billed","15.31","35.21","PSS KLIA 1","71362","Standalone","","","31 Jan 2018"
"18/01/2018 05:29","Reload","'70838153003423132","WXR95","","","Billed","","-50.00","PSS KLIA 1","","Standalone","","","31 Jan 2018"