"Date Time","Transaction Type","Card Number","Vehicle Number","Driver Card Number","Product Type","Billing Type","Transaction Volume (Litres)","Transaction Amount (RM)","Station Name","Odometer","Card Type","Cost Centre","Cost Centre Name","Statement Month"
"29/01/2018 15:47","Purchase","'70838153003499454","WXR900","","PRIMAX 95","Billed","17.47","40.00","PSS JALAN GOPENG I","","Standalone","","","31 Jan 2018"
"28/01/2018 12:20","Purchase","'70838153003499454","WXR900","","PRIMAX 95","Billed","30.57","70.00","PSS MERGONG (STESEN SERVICES PETRONAS )","","Standalone","","","31 Jan 2018"
"28/01/2018 12:18","Reload","'70838153003499454","WXR900","","","Billed","","-100.00","PSS MERGONG (STESEN SERVICES PETRONAS )","","Standalone","","","31 Jan 2018"
"24/01/2018 05:36","Purchase","'70838153003499454","WXR900","","PRIMAX 95","Billed","30.44","70.00","PSS BEHOR TEMAK","","Standalone","","","31 Jan 2018"
"22/01/2018 15:33","Purchase","'70838153003499454","WXR900","","PRIMAX 95","Billed","30.44","70.00","PSS BEHOR TEMAK","","Standalone","","","31 Jan 2018"
"20/01/2018 11:04","Purchase","'70838153003499454","WXR900","","PRIMAX 95","Billed","21.74","50.00","PSS BEHOR TEMAK","","Standalone","","","31 Jan 2018"
"16/01/2018 07:25","Reload","'70838153003499454","WXR900","","","Billed","","-200.00","PSS BEHOR TEMAK","","Standalone","","","31 Jan 2018"