"Date Time","Transaction Type","Card Number","Vehicle Number","Driver Card Number","Product Type","Billing Type","Transaction Volume (Litres)","Transaction Amount (RM)","Station Name","Odometer","Card Type","Cost Centre","Cost Centre Name","Statement Month"
"28/01/2018 04:30","Purchase","'70838153003500236","WXR931","","PRIMAX 95","Billed","8.96","20.51","PSS TAMAN SAMUDERA BATU CAVES","18900","Standalone","","","31 Jan 2018"
"27/01/2018 10:37","Purchase","'70838153003500236","WXR931","","PRIMAX 97","Billed","21.48","54.98","PSS KL-KARAK","15900","Standalone","","","31 Jan 2018"
"26/01/2018 09:27","Purchase","'70838153003500236","WXR931","","PRIMAX 95","Billed","13.33","30.52","PSS KL-KARAK","15900","Standalone","","","31 Jan 2018"
"26/01/2018 09:25","Reload","'70838153003500236","WXR931","","","Billed","","-100.00","PSS KL-KARAK","","Standalone","","","31 Jan 2018"
"22/01/2018 14:21","Purchase","'70838153003500236","WXR931","","PRIMAX 95","Billed","22.00","50.60","PSS KLIA 1","15900","Standalone","","","31 Jan 2018"
"22/01/2018 14:20","Reload","'70838153003500236","WXR931","","","Billed","","-100.00","PSS KLIA 1","","Standalone","","","31 Jan 2018"
"21/01/2018 07:09","Purchase","'70838153003500236","WXR931","","PRIMAX 97","Billed","22.85","58.72","PSS GENTING SEMPAH","15880","Standalone","","","31 Jan 2018"
"17/01/2018 03:32","Purchase","'70838153003500236","WXR931","","PRIMAX 97","Billed","29.31","74.14","PSS KL-KARAK","15800","Standalone","","","31 Jan 2018"
"17/01/2018 03:31","Reload","'70838153003500236","WXR931","","","Billed","","-100.00","PSS KL-KARAK","","Standalone","","","31 Jan 2018"
"13/01/2018 15:37","Purchase","'70838153003500236","WXR931","","PRIMAX 95","Billed","36.68","82.91","PSS NKVE KLANG BOUND","15000","Standalone","","","31 Jan 2018"
"07/01/2018 06:53","Reload","'70838153003500236","WXR931","","","Billed","","-100.00","PSS TAMAN SAMUDERA BATU CAVES","","Standalone","","","31 Jan 2018"
"03/01/2018 22:55","Purchase","'70838153003500236","WXR931","","PRIMAX 97","Billed","33.29","84.23","PSS KL-KARAK","155000","Standalone","","","31 Jan 2018"
"03/01/2018 22:53","Reload","'70838153003500236","WXR931","","","Billed","","-100.00","PSS KL-KARAK","","Standalone","","","31 Jan 2018"