"Date Time","Transaction Type","Card Number","Vehicle Number","Driver Card Number","Product Type","Billing Type","Transaction Volume (Litres)","Transaction Amount (RM)","Station Name","Odometer","Card Type","Cost Centre","Cost Centre Name","Statement Month"
"28/04/2018 18:30","Purchase","'70838153003498084","WXR411","","PRIMAX 95","Billed","22.73","50.00","PSS PAKA 2","","Standalone","","","30 Apr 2018"
"21/04/2018 11:45","Purchase","'70838153003498084","WXR411","","PRIMAX 95","Billed","22.73","50.00","PSS TAMAN BALOK MAKMUR","","Standalone","","","30 Apr 2018"
"16/04/2018 19:18","Purchase","'70838153003498084","WXR411","","PRIMAX 95","Billed","22.73","50.00","PSS PAKA 2","","Standalone","","","30 Apr 2018"
"13/04/2018 17:40","Reload","'70838153003498084","WXR411","","","Billed","","-150.00","PSS TAMAN BALOK MAKMUR","","Standalone","","","30 Apr 2018"
"12/04/2018 18:11","Purchase","'70838153003498084","WXR411","","PRIMAX 95","Billed","22.73","50.00","PSS JALAN PAKA DUNGUN","","Standalone","","","30 Apr 2018"
"02/04/2018 21:22","Purchase","'70838153003498084","WXR411","","PRIMAX 95","Billed","22.73","50.00","PSS TAMAN BALOK MAKMUR","","Standalone","","","30 Apr 2018"
"02/04/2018 21:20","Reload","'70838153003498084","WXR411","","","Billed","","-100.00","PSS TAMAN BALOK MAKMUR","","Standalone","","","30 Apr 2018"