"Date Time","Transaction Type","Card Number","Vehicle Number","Driver Card Number","Product Type","Billing Type","Transaction Volume (Litres)","Transaction Amount (RM)","Station Name","Odometer","Card Type","Cost Centre","Cost Centre Name","Statement Month"
"30/04/2018 08:25","Purchase","'70838153003498837","WXR895","","PRIMAX 95","Billed","36.37","80.00","PSS TASEK","233878","Standalone","","","30 Apr 2018"
"28/04/2018 16:44","Purchase","'70838153003498837","WXR895","","PRIMAX 95","Billed","31.82","70.00","PSS TAPAH ARAH UTARA","233564","Standalone","","","30 Apr 2018"
"28/04/2018 08:06","Purchase","'70838153003498837","WXR895","","PRIMAX 95","Billed","31.82","70.00","PSS TASEK","233167","Standalone","","","30 Apr 2018"
"28/04/2018 08:04","Reload","'70838153003498837","WXR895","","","Billed","","-400.00","PSS TASEK","","Standalone","","","30 Apr 2018"
"27/04/2018 14:12","Purchase","'70838153003498837","WXR895","","Diesel","Billed","0.46","1.00","PSS TASEK","222222","Standalone","","","30 Apr 2018"
"25/04/2018 23:32","Purchase","'70838153003498837","WXR895","","PRIMAX 95","Billed","22.73","50.00","PSS TASEK","232949","Standalone","","","30 Apr 2018"
"25/04/2018 23:30","Reload","'70838153003498837","WXR895","","","Billed","","-100.00","PSS TASEK","","Standalone","","","30 Apr 2018"
"25/04/2018 23:28","Purchase","'70838153003498837","WXR895","","PRIMAX 95","Billed","4.55","10.00","PSS TASEK","232949","Standalone","","","30 Apr 2018"
"24/04/2018 08:20","Purchase","'70838153003498837","WXR895","","PRIMAX 95","Billed","22.73","50.00","PSS JALAN KAMPUNG SIMEE","232777","Standalone","","","30 Apr 2018"
"22/04/2018 13:21","Purchase","'70838153003498837","WXR895","","PRIMAX 95","Billed","22.73","50.00","PSS TAPAH ARAH UTARA","232513","Standalone","","","30 Apr 2018"
"22/04/2018 07:05","Purchase","'70838153003498837","WXR895","","PRIMAX 95","Billed","22.73","50.00","PSS GUNUNG LANG","231832","Standalone","","","30 Apr 2018"
"21/04/2018 15:19","Purchase","'70838153003498837","WXR895","","PRIMAX 95","Billed","22.73","50.00","PSS GUNUNG LANG","231944","Standalone","","","30 Apr 2018"
"20/04/2018 13:00","Purchase","'70838153003498837","WXR895","","PRIMAX 95","Billed","22.73","50.00","PSS SUNGAI PERAK (S)","231777","Standalone","","","30 Apr 2018"
"19/04/2018 09:07","Purchase","'70838153003498837","WXR895","","PRIMAX 95","Billed","27.28","60.00","PSS GUNUNG LANG","231532","Standalone","","","30 Apr 2018"
"17/04/2018 07:53","Purchase","'70838153003498837","WXR895","","PRIMAX 95","Billed","22.73","50.00","PSS JALAN KAMPUNG SIMEE","231369","Standalone","","","30 Apr 2018"
"14/04/2018 12:59","Purchase","'70838153003498837","WXR895","","PRIMAX 95","Billed","31.82","70.00","PSS GUNUNG LANG","231061","Standalone","","","30 Apr 2018"
"13/04/2018 11:17","Purchase","'70838153003498837","WXR895","","PRIMAX 95","Billed","22.73","50.00","PSS SUNGAI PERAK (S)","230823","Standalone","","","30 Apr 2018"
"13/04/2018 11:15","Reload","'70838153003498837","WXR895","","","Billed","","-300.00","PSS SUNGAI PERAK (S)","","Standalone","","","30 Apr 2018"
"11/04/2018 07:34","Purchase","'70838153003498837","WXR895","","PRIMAX 95","Billed","22.73","50.00","PSS MANJOI","230567","Standalone","","","30 Apr 2018"
"08/04/2018 22:51","Purchase","'70838153003498837","WXR895","","PRIMAX 95","Billed","22.73","50.00","PSS R & R GUNUNG SEMANGGOL","230329","Standalone","","","30 Apr 2018"
"08/04/2018 14:14","Purchase","'70838153003498837","WXR895","","PRIMAX 95","Billed","27.27","60.00","PSS TASEK","230040","Standalone","","","30 Apr 2018"
"06/04/2018 20:31","Purchase","'70838153003498837","WXR895","","PRIMAX 95","Billed","22.73","50.00","PSS SUNGAI PERAK (U)","229841","Standalone","","","30 Apr 2018"
"05/04/2018 02:01","Purchase","'70838153003498837","WXR895","","PRIMAX 95","Billed","22.73","50.00","PSS SUNGAI PERAK (S)","229655","Standalone","","","30 Apr 2018"
"04/04/2018 11:03","Purchase","'70838153003498837","WXR895","","PRIMAX 95","Billed","22.73","50.00","PSS GUNUNG LANG","229428","Standalone","","","30 Apr 2018"
"04/04/2018 11:00","Reload","'70838153003498837","WXR895","","","Billed","","-500.00","PSS GUNUNG LANG","","Standalone","","","30 Apr 2018"
"03/04/2018 18:21","Purchase","'70838153003498837","WXR895","","PRIMAX 95","Billed","9.25","20.35","PSS GUNUNG LANG","229394","Standalone","","","30 Apr 2018"