"Date Time","Transaction Type","Card Number","Vehicle Number","Driver Card Number","Product Type","Billing Type","Transaction Volume (Litres)","Transaction Amount (RM)","Station Name","Odometer","Card Type","Cost Centre","Cost Centre Name","Statement Month"
"30/04/2018 21:10","Purchase","'70838153003500236","WXR931","","PRIMAX 95","Un-billed","22.73","50.00","PSS KLIA 1","181000","Standalone","","","Unbilled Transaction"
"30/04/2018 20:03","Reload","'70838153003500236","WXR931","","","Billed","","-100.00","PSS KLIA 2","","Standalone","","","30 Apr 2018"
"30/04/2018 01:10","Purchase","'70838153003500236","WXR931","","PRIMAX 95","Billed","22.73","50.00","PSS KLIA 2","180000","Standalone","","","30 Apr 2018"
"29/04/2018 19:02","Purchase","'70838153003500236","WXR931","","PRIMAX 95","Billed","22.73","50.00","PSS SALAK SOUTH","180000","Standalone","","","30 Apr 2018"
"29/04/2018 19:01","Reload","'70838153003500236","WXR931","","","Billed","","-100.00","PSS SALAK SOUTH","","Standalone","","","30 Apr 2018"
"28/04/2018 17:49","Purchase","'70838153003500236","WXR931","","PRIMAX 95","Billed","22.73","50.00","PSS REMBAU","18200","Standalone","","","30 Apr 2018"
"28/04/2018 09:50","Purchase","'70838153003500236","WXR931","","PRIMAX 95","Billed","22.73","50.00","PSS MUTIARA DAMANSARA","180000","Standalone","","","30 Apr 2018"
"28/04/2018 09:49","Reload","'70838153003500236","WXR931","","","Billed","","-100.00","PSS MUTIARA DAMANSARA","","Standalone","","","30 Apr 2018"
"27/04/2018 12:35","Purchase","'70838153003500236","WXR931","","PRIMAX 95","Billed","22.73","50.00","PSS PUTRA PERDANA","170000","Standalone","","","30 Apr 2018"
"25/04/2018 22:30","Purchase","'70838153003500236","WXR931","","PRIMAX 95","Billed","22.73","50.00","PSS SUNWAY BATU CAVES","170000","Standalone","","","30 Apr 2018"
"25/04/2018 22:28","Reload","'70838153003500236","WXR931","","","Billed","","-100.00","PSS SUNWAY BATU CAVES","","Standalone","","","30 Apr 2018"
"24/04/2018 15:41","Purchase","'70838153003500236","WXR931","","PRIMAX 95","Billed","9.09","20.00","PSS KLIA 1","170000","Standalone","","","30 Apr 2018"
"19/04/2018 16:53","Purchase","'70838153003500236","WXR931","","PRIMAX 95","Billed","22.73","50.00","PSS KLIA 2","175000","Standalone","","","30 Apr 2018"
"17/04/2018 14:13","Purchase","'70838153003500236","WXR931","","PRIMAX 95","Billed","22.73","50.00","PSS RINGLET","177933","Standalone","","","30 Apr 2018"
"17/04/2018 11:08","Purchase","'70838153003500236","WXR931","","PRIMAX 95","Billed","13.64","30.00","PSS TAMAN SAMUDERA BATU CAVES","177744","Standalone","","","30 Apr 2018"
"17/04/2018 11:06","Reload","'70838153003500236","WXR931","","","Billed","","-100.00","PSS TAMAN SAMUDERA BATU CAVES","","Standalone","","","30 Apr 2018"
"14/04/2018 10:09","Purchase","'70838153003500236","WXR931","","PRIMAX 97","Billed","20.24","50.00","PSS KL-KARAK","175000","Standalone","","","30 Apr 2018"
"14/04/2018 10:08","Reload","'70838153003500236","WXR931","","","Billed","","-100.00","PSS KL-KARAK","","Standalone","","","30 Apr 2018"
"13/04/2018 11:03","Purchase","'70838153003500236","WXR931","","PRIMAX 95","Billed","22.73","50.00","PSS KLIA 1","176000","Standalone","","","30 Apr 2018"
"12/04/2018 16:55","Purchase","'70838153003500236","WXR931","","PRIMAX 97","Billed","20.24","50.00","PSS BATU 6 JALAN IPOH","176890","Standalone","","","30 Apr 2018"
"12/04/2018 16:53","Reload","'70838153003500236","WXR931","","","Billed","","-100.00","PSS BATU 6 JALAN IPOH","","Standalone","","","30 Apr 2018"
"10/04/2018 19:05","Purchase","'70838153003500236","WXR931","","PRIMAX 95","Billed","22.73","50.00","PSS KL-KARAK","179569","Standalone","","","30 Apr 2018"
"10/04/2018 09:22","Purchase","'70838153003500236","WXR931","","PRIMAX 97","Billed","20.24","50.00","PSS KL-KARAK","176338","Standalone","","","30 Apr 2018"
"10/04/2018 09:20","Reload","'70838153003500236","WXR931","","","Billed","","-100.00","PSS KL-KARAK","","Standalone","","","30 Apr 2018"
"09/04/2018 11:45","Purchase","'70838153003500236","WXR931","","PRIMAX 95","Billed","22.73","50.00","PSS KLIA 1","176047","Standalone","","","30 Apr 2018"
"08/04/2018 14:23","Purchase","'70838153003500236","WXR931","","PRIMAX 95","Billed","22.73","50.00","PSS SUNWAY BATU CAVES","165000","Standalone","","","30 Apr 2018"
"08/04/2018 14:21","Reload","'70838153003500236","WXR931","","","Billed","","-100.00","PSS SUNWAY BATU CAVES","","Standalone","","","30 Apr 2018"
"07/04/2018 14:22","Purchase","'70838153003500236","WXR931","","PRIMAX 97","Billed","26.32","65.00","PSS KLIA 2","175447","Standalone","","","30 Apr 2018"
"07/04/2018 09:12","Purchase","'70838153003500236","WXR931","","PRIMAX 95","Billed","15.91","35.00","PSS KLIA 1","176000","Standalone","","","30 Apr 2018"
"07/04/2018 09:10","Reload","'70838153003500236","WXR931","","","Billed","","-100.00","PSS KLIA 1","","Standalone","","","30 Apr 2018"
"06/04/2018 12:17","Purchase","'70838153003500236","WXR931","","PRIMAX 95","Billed","22.73","50.00","PSS SG TUA","174925","Standalone","","","30 Apr 2018"
"05/04/2018 07:11","Purchase","'70838153003500236","WXR931","","PRIMAX 97","Billed","20.24","50.00","PSS KLIA 1","174696","Standalone","","","30 Apr 2018"
"05/04/2018 07:09","Reload","'70838153003500236","WXR931","","","Billed","","-100.00","PSS KLIA 1","","Standalone","","","30 Apr 2018"
"04/04/2018 08:26","Purchase","'70838153003500236","WXR931","","PRIMAX 95","Billed","22.73","50.00","PSS KLIA 1","174520","Standalone","","","30 Apr 2018"
"03/04/2018 15:09","Purchase","'70838153003500236","WXR931","","PRIMAX 97","Billed","20.24","50.00","PSS KL-KARAK","174742","Standalone","","","30 Apr 2018"
"03/04/2018 15:07","Reload","'70838153003500236","WXR931","","","Billed","","-100.00","PSS KL-KARAK","","Standalone","","","30 Apr 2018"
"01/04/2018 17:53","Purchase","'70838153003500236","WXR931","","PRIMAX 95","Billed","29.86","65.68","PSS KLIA 1","173817","Standalone","","","30 Apr 2018"
"01/04/2018 12:17","Purchase","'70838153003500236","WXR931","","PRIMAX 97","Billed","20.24","50.00","PSS SETAPAK INDAH","160","Standalone","","","30 Apr 2018"
"01/04/2018 12:16","Reload","'70838153003500236","WXR931","","","Billed","","-100.00","PSS SETAPAK INDAH","","Standalone","","","30 Apr 2018"