"Date Time","Transaction Type","Card Number","Vehicle Number","Driver Card Number","Product Type","Billing Type","Transaction Volume (Litres)","Transaction Amount (RM)","Station Name","Odometer","Card Type","Cost Centre","Cost Centre Name","Statement Month"
"13/04/2018 18:34","Purchase","'70838153003496039","WXR553","","PRIMAX 95","Billed","22.73","50.00","PSS BALIK PULAU 1 (LOT 179)","","Standalone","","","30 Apr 2018"
"13/04/2018 18:32","Reload","'70838153003496039","WXR553","","","Billed","","-50.00","PSS BALIK PULAU 1 (LOT 179)","","Standalone","","","30 Apr 2018"
"11/04/2018 10:10","Purchase","'70838153003496039","WXR553","","PRIMAX 95","Billed","22.73","50.00","PSS BATU FERINGGI","","Standalone","","","30 Apr 2018"
"11/04/2018 10:09","Reload","'70838153003496039","WXR553","","","Billed","","-50.00","PSS BATU FERINGGI","","Standalone","","","30 Apr 2018"
"04/04/2018 14:12","Purchase","'70838153003496039","WXR553","","PRIMAX 95","Billed","31.82","70.00","PSS BATU FERINGGI","","Standalone","","","30 Apr 2018"
"04/04/2018 14:11","Reload","'70838153003496039","WXR553","","","Billed","","-70.00","PSS BATU FERINGGI","","Standalone","","","30 Apr 2018"
"02/04/2018 22:25","Purchase","'70838153003496039","WXR553","","PRIMAX 95","Billed","22.73","50.00","PSS BATU FERINGGI","","Standalone","","","30 Apr 2018"
"02/04/2018 22:23","Reload","'70838153003496039","WXR553","","","Billed","","-50.00","PSS BATU FERINGGI","","Standalone","","","30 Apr 2018"