"Date Time","Transaction Type","Card Number","Vehicle Number","Driver Card Number","Product Type","Billing Type","Transaction Volume (Litres)","Transaction Amount (RM)","Station Name","Odometer","Card Type","Cost Centre","Cost Centre Name","Statement Month"
"24/04/2018 10:32","Purchase","'70838153003500244","WXR930","","PRIMAX 97","Billed","39.27","96.99","PSS JALAN TUN RAZAK","9","Standalone","","","30 Apr 2018"
"16/04/2018 09:55","Purchase","'70838153003500244","WXR930","","PRIMAX 97","Billed","37.26","92.02","PSS JALAN TUN RAZAK","7895","Standalone","","","30 Apr 2018"
"15/04/2018 20:33","Purchase","'70838153003500244","WXR930","","PRIMAX 95","Billed","20.90","45.99","PSS KOTA DAMANSARA","","Standalone","","","30 Apr 2018"
"15/04/2018 18:19","Purchase","'70838153003500244","WXR930","","PRIMAX 97","Billed","39.27","97.00","PSS KOTA DAMANSARA","","Standalone","","","30 Apr 2018"
"11/04/2018 16:15","Reload","'70838153003500244","WXR930","","","Billed","","-500.00","PSS KOTA DAMANSARA","","Standalone","","","30 Apr 2018"
"11/04/2018 16:11","Purchase","'70838153003500244","WXR930","","PRIMAX 97","Billed","69.23","171.00","PSS KOTA DAMANSARA","","Standalone","","","30 Apr 2018"
"06/04/2018 16:16","Purchase","'70838153003500244","WXR930","","PRIMAX 97","Billed","43.17","106.62","PSS SRI DAMANSARA","5838","Standalone","","","30 Apr 2018"