"Date Time","Transaction Type","Card Number","Vehicle Number","Driver Card Number","Product Type","Billing Type","Transaction Volume (Litres)","Transaction Amount (RM)","Station Name","Odometer","Card Type","Cost Centre","Cost Centre Name","Statement Month"
"29/04/2018 15:21","Purchase","'70838153003425079","WXR62","","PRIMAX 95","Billed","3.73","8.20","PSS JLN KELAB CINTA SAYANG","","Standalone","","","30 Apr 2018"
"28/04/2018 10:18","Purchase","'70838153003425079","WXR62","","PRIMAX 95","Billed","13.64","30.00","PSS BANDAR MUTIARA","","Standalone","","","30 Apr 2018"
"28/04/2018 10:16","Reload","'70838153003425079","WXR62","","","Billed","","-200.00","PSS BANDAR MUTIARA","","Standalone","","","30 Apr 2018"
"10/04/2018 12:26","Purchase","'70838153003425079","WXR62","","PRIMAX 95","Billed","2.37","5.21","PSS SUNGAI LALANG 2","","Standalone","","","30 Apr 2018"
"09/04/2018 13:06","Purchase","'70838153003425079","WXR62","","PRIMAX 95","Billed","9.09","20.00","PSS SUNGAI LALANG 2","","Standalone","","","30 Apr 2018"
"06/04/2018 13:44","Purchase","'70838153003425079","WXR62","","PRIMAX 95","Billed","13.64","30.00","PSS JLN KELAB CINTA SAYANG","","Standalone","","","30 Apr 2018"
"05/04/2018 10:27","Purchase","'70838153003425079","WXR62","","PRIMAX 95","Billed","13.64","30.00","PSS SUNGAI LALANG 2","","Standalone","","","30 Apr 2018"
"03/04/2018 16:49","Purchase","'70838153003425079","WXR62","","PRIMAX 95","Billed","9.09","20.00","PSS BANDAR MUTIARA","","Standalone","","","30 Apr 2018"
"03/04/2018 16:48","Reload","'70838153003425079","WXR62","","","Billed","","-100.00","PSS BANDAR MUTIARA","","Standalone","","","30 Apr 2018"