"Date Time","Transaction Type","Card Number","Vehicle Number","Driver Card Number","Product Type","Billing Type","Transaction Volume (Litres)","Transaction Amount (RM)","Station Name","Odometer","Card Type","Cost Centre","Cost Centre Name","Statement Month"
"28/04/2018 20:39","Purchase","'70838153003500079","WXR666","","PRIMAX 95","Billed","43.18","95.00","PSS RAWAT & REHAT(S) KL- SEREMBAN","","Standalone","","","30 Apr 2018"
"26/04/2018 18:39","Purchase","'70838153003500079","WXR666","","PRIMAX 95","Billed","40.00","88.00","PSS SKUDAI RSA","","Standalone","","","30 Apr 2018"
"26/04/2018 18:30","Reload","'70838153003500079","WXR666","","","Billed","","-200.00","PSS SKUDAI RSA","","Standalone","","","30 Apr 2018"
"25/04/2018 14:29","Purchase","'70838153003500079","WXR666","","PRIMAX 95","Billed","27.28","60.00","PSS JALAN MENGKIBOL KLUANG","","Standalone","","","30 Apr 2018"
"25/04/2018 14:26","Reload","'70838153003500079","WXR666","","","Billed","","-60.00","PSS JALAN MENGKIBOL KLUANG","","Standalone","","","30 Apr 2018"
"21/04/2018 12:19","Purchase","'70838153003500079","WXR666","","PRIMAX 95","Billed","22.73","50.00","PSS JALAN MENGKIBOL KLUANG","","Standalone","","","30 Apr 2018"
"21/04/2018 12:18","Reload","'70838153003500079","WXR666","","","Billed","","-50.00","PSS JALAN MENGKIBOL KLUANG","","Standalone","","","30 Apr 2018"
"19/04/2018 20:48","Purchase","'70838153003500079","WXR666","","PRIMAX 95","Billed","22.73","50.00","PSS TAMAN SETIA INDAH","","Standalone","","","30 Apr 2018"
"19/04/2018 20:46","Reload","'70838153003500079","WXR666","","","Billed","","-50.00","PSS TAMAN SETIA INDAH","","Standalone","","","30 Apr 2018"
"16/04/2018 10:00","Purchase","'70838153003500079","WXR666","","PRIMAX 95","Billed","27.27","60.00","PSS TAMAN DAYA","","Standalone","","","30 Apr 2018"
"16/04/2018 09:57","Reload","'70838153003500079","WXR666","","","Billed","","-60.00","PSS TAMAN DAYA","","Standalone","","","30 Apr 2018"
"13/04/2018 18:14","Purchase","'70838153003500079","WXR666","","PRIMAX 95","Billed","22.73","50.00","PSS JALAN MENGKIBOL KLUANG","","Standalone","","","30 Apr 2018"
"13/04/2018 18:13","Reload","'70838153003500079","WXR666","","","Billed","","-50.00","PSS JALAN MENGKIBOL KLUANG","","Standalone","","","30 Apr 2018"
"11/04/2018 14:54","Purchase","'70838153003500079","WXR666","","PRIMAX 95","Billed","27.27","60.00","PSS TAMAN DAYA","","Standalone","","","30 Apr 2018"
"11/04/2018 14:53","Reload","'70838153003500079","WXR666","","","Billed","","-60.00","PSS TAMAN DAYA","","Standalone","","","30 Apr 2018"
"07/04/2018 15:48","Purchase","'70838153003500079","WXR666","","PRIMAX 95","Billed","22.73","50.00","PSS JALAN MENGKIBOL KLUANG","","Standalone","","","30 Apr 2018"
"07/04/2018 15:45","Reload","'70838153003500079","WXR666","","","Billed","","-50.00","PSS JALAN MENGKIBOL KLUANG","","Standalone","","","30 Apr 2018"
"05/04/2018 22:05","Purchase","'70838153003500079","WXR666","","PRIMAX 95","Billed","22.73","50.00","PSS TAMAN SETIA INDAH","","Standalone","","","30 Apr 2018"
"05/04/2018 22:03","Reload","'70838153003500079","WXR666","","","Billed","","-50.00","PSS TAMAN SETIA INDAH","","Standalone","","","30 Apr 2018"