"Date Time","Transaction Type","Card Number","Vehicle Number","Driver Card Number","Product Type","Billing Type","Transaction Volume (Litres)","Transaction Amount (RM)","Station Name","Odometer","Card Type","Cost Centre","Cost Centre Name","Statement Month"
"30/04/2018 06:54","Purchase","'70838153003720917","WXR 5117","","PRIMAX 95","Billed","2.27","5.00","PSS KG. HJ. DORANI","","Standalone","","","30 Apr 2018"
"29/04/2018 06:42","Purchase","'70838153003720917","WXR 5117","","PRIMAX 95","Billed","1.82","4.00","PSS KG. HJ. DORANI","","Standalone","","","30 Apr 2018"
"28/04/2018 13:36","Reload","'70838153003720917","WXR 5117","","","Billed","","-10.00","PSS SUNGAI BESAR","","Standalone","","","30 Apr 2018"
"27/04/2018 20:28","Purchase","'70838153003720917","WXR 5117","","PRIMAX 95","Billed","1.36","3.00","PSS LATAR 1 (KLS ARAH KUALA SEL)","","Standalone","","","30 Apr 2018"
"27/04/2018 12:59","Purchase","'70838153003720917","WXR 5117","","PRIMAX 95","Billed","1.82","4.00","PSS SUBANG BESTARI","","Standalone","","","30 Apr 2018"
"26/04/2018 21:11","Purchase","'70838153003720917","WXR 5117","","PRIMAX 95","Billed","2.27","5.00","PSS SUNGAI BESAR","","Standalone","","","30 Apr 2018"
"26/04/2018 19:43","Reload","'70838153003720917","WXR 5117","","","Billed","","-10.00","PSS MERBAU INDAH","","Standalone","","","30 Apr 2018"
"26/04/2018 19:37","Purchase","'70838153003720917","WXR 5117","","PRIMAX 95","Billed","0.91","2.00","PSS MERBAU INDAH","","Standalone","","","30 Apr 2018"
"26/04/2018 13:43","Purchase","'70838153003720917","WXR 5117","","PRIMAX 95","Billed","2.27","5.00","PSS SUBANG BESTARI","","Standalone","","","30 Apr 2018"
"23/04/2018 10:36","Reload","'70838153003720917","WXR 5117","","","Billed","","-10.00","PSS SUNGAI BESAR","","Standalone","","","30 Apr 2018"