"Date Time","Transaction Type","Card Number","Vehicle Number","Driver Card Number","Product Type","Billing Type","Transaction Volume (Litres)","Transaction Amount (RM)","Station Name","Odometer","Card Type","Cost Centre","Cost Centre Name","Statement Month"
"28/04/2018 08:18","Purchase","'70838153003581525","WXR1101","","PRIMAX 95","Billed","22.73","50.00","PSS CHENG","6","Standalone","","","30 Apr 2018"
"28/04/2018 08:16","Reload","'70838153003581525","WXR1101","","","Billed","","-300.00","PSS CHENG","","Standalone","","","30 Apr 2018"
"21/04/2018 20:40","Purchase","'70838153003581525","WXR1101","","PRIMAX 95","Billed","23.36","51.40","PSS CHENG","50000","Standalone","","","30 Apr 2018"
"10/04/2018 19:58","Purchase","'70838153003581525","WXR1101","","PRIMAX 95","Billed","22.74","50.03","PSS CHENG","5753","Standalone","","","30 Apr 2018"
"04/04/2018 09:44","Purchase","'70838153003581525","WXR1101","","PRIMAX 95","Billed","22.69","49.92","PSS CHENG","4","Standalone","","","30 Apr 2018"
"03/04/2018 22:23","Purchase","'70838153003581525","WXR1101","","PRIMAX 95","Billed","22.73","50.00","PSS CHENG","425862","Standalone","","","30 Apr 2018"