"Date Time","Transaction Type","Card Number","Vehicle Number","Driver Card Number","Product Type","Billing Type","Transaction Volume (Litres)","Transaction Amount (RM)","Station Name","Odometer","Card Type","Cost Centre","Cost Centre Name","Statement Month"
"30/04/2018 22:06","Purchase","'70838153003499751","WXR920","","PRIMAX 95","Un-billed","13.64","30.00","PSS TAMAN DAGANG","","Standalone","","","Unbilled Transaction"
"26/04/2018 08:46","Purchase","'70838153003499751","WXR920","","PRIMAX 95","Billed","22.73","50.00","PSS NKVE HIGHWAY","","Standalone","","","30 Apr 2018"
"26/04/2018 08:45","Reload","'70838153003499751","WXR920","","","Billed","","-50.00","PSS NKVE HIGHWAY","","Standalone","","","30 Apr 2018"
"24/04/2018 23:22","Purchase","'70838153003499751","WXR920","","PRIMAX 95","Billed","9.09","20.00","PSS USJ 20","","Standalone","","","30 Apr 2018"
"24/04/2018 23:21","Reload","'70838153003499751","WXR920","","","Billed","","-20.00","PSS USJ 20","","Standalone","","","30 Apr 2018"
"23/04/2018 17:20","Purchase","'70838153003499751","WXR920","","PRIMAX 95","Billed","18.18","40.00","PSS USJ 20","","Standalone","","","30 Apr 2018"
"23/04/2018 17:19","Reload","'70838153003499751","WXR920","","","Billed","","-40.00","PSS USJ 20","","Standalone","","","30 Apr 2018"
"22/04/2018 15:49","Purchase","'70838153003499751","WXR920","","PRIMAX 95","Billed","13.64","30.00","PSS MUTIARA DAMANSARA","","Standalone","","","30 Apr 2018"
"22/04/2018 15:44","Reload","'70838153003499751","WXR920","","","Billed","","-30.00","PSS MUTIARA DAMANSARA","","Standalone","","","30 Apr 2018"
"22/04/2018 09:44","Purchase","'70838153003499751","WXR920","","PRIMAX 95","Billed","13.64","30.00","PSS BRICKFIELDS","","Standalone","","","30 Apr 2018"
"22/04/2018 09:43","Reload","'70838153003499751","WXR920","","","Billed","","-30.00","PSS BRICKFIELDS","","Standalone","","","30 Apr 2018"
"21/04/2018 06:58","Purchase","'70838153003499751","WXR920","","PRIMAX 95","Billed","13.64","30.00","PSS TAMAN ALAM MEGAH","","Standalone","","","30 Apr 2018"
"21/04/2018 06:57","Reload","'70838153003499751","WXR920","","","Billed","","-30.00","PSS TAMAN ALAM MEGAH","","Standalone","","","30 Apr 2018"
"18/04/2018 18:21","Purchase","'70838153003499751","WXR920","","PRIMAX 95","Billed","9.09","20.00","PSS USJ 20","","Standalone","","","30 Apr 2018"
"18/04/2018 18:20","Reload","'70838153003499751","WXR920","","","Billed","","-20.00","PSS USJ 20","","Standalone","","","30 Apr 2018"
"18/04/2018 16:12","Purchase","'70838153003499751","WXR920","","PRIMAX 95","Billed","9.09","20.00","PSS USJ 20","","Standalone","","","30 Apr 2018"
"18/04/2018 16:08","Reload","'70838153003499751","WXR920","","","Billed","","-20.00","PSS USJ 20","","Standalone","","","30 Apr 2018"
"15/04/2018 06:19","Purchase","'70838153003499751","WXR920","","PRIMAX 95","Billed","13.64","30.00","PSS NKVE HIGHWAY","","Standalone","","","30 Apr 2018"
"15/04/2018 06:17","Reload","'70838153003499751","WXR920","","","Billed","","-30.00","PSS NKVE HIGHWAY","","Standalone","","","30 Apr 2018"
"14/04/2018 15:21","Purchase","'70838153003499751","WXR920","","PRIMAX 95","Billed","13.64","30.00","PSS JALAN PLUMBUM","","Standalone","","","30 Apr 2018"
"14/04/2018 15:19","Reload","'70838153003499751","WXR920","","","Billed","","-30.00","PSS JALAN PLUMBUM","","Standalone","","","30 Apr 2018"
"13/04/2018 23:45","Purchase","'70838153003499751","WXR920","","PRIMAX 95","Billed","9.09","20.00","PSS USJ 20","","Standalone","","","30 Apr 2018"
"13/04/2018 23:44","Reload","'70838153003499751","WXR920","","","Billed","","-20.00","PSS USJ 20","","Standalone","","","30 Apr 2018"
"13/04/2018 14:47","Purchase","'70838153003499751","WXR920","","PRIMAX 95","Billed","13.64","30.00","PSS NKVE HIGHWAY","","Standalone","","","30 Apr 2018"
"13/04/2018 14:46","Reload","'70838153003499751","WXR920","","","Billed","","-30.00","PSS NKVE HIGHWAY","","Standalone","","","30 Apr 2018"
"12/04/2018 23:37","Purchase","'70838153003499751","WXR920","","PRIMAX 95","Billed","13.64","30.00","PSS USJ 20","","Standalone","","","30 Apr 2018"
"12/04/2018 23:36","Reload","'70838153003499751","WXR920","","","Billed","","-30.00","PSS USJ 20","","Standalone","","","30 Apr 2018"
"12/04/2018 17:58","Purchase","'70838153003499751","WXR920","","PRIMAX 95","Billed","13.64","30.00","PSS TAMAN ALAM MEGAH","","Standalone","","","30 Apr 2018"
"12/04/2018 17:57","Reload","'70838153003499751","WXR920","","","Billed","","-30.00","PSS TAMAN ALAM MEGAH","","Standalone","","","30 Apr 2018"
"10/04/2018 18:40","Purchase","'70838153003499751","WXR920","","PRIMAX 95","Billed","13.64","30.00","PSS USJ 20","","Standalone","","","30 Apr 2018"
"10/04/2018 18:39","Reload","'70838153003499751","WXR920","","","Billed","","-30.00","PSS USJ 20","","Standalone","","","30 Apr 2018"
"08/04/2018 18:02","Purchase","'70838153003499751","WXR920","","PRIMAX 95","Billed","16.82","37.00","PSS KLIA 1","","Standalone","","","30 Apr 2018"
"08/04/2018 17:59","Reload","'70838153003499751","WXR920","","","Billed","","-30.00","PSS KLIA 1","","Standalone","","","30 Apr 2018"
"06/04/2018 22:45","Purchase","'70838153003499751","WXR920","","PRIMAX 95","Billed","13.64","30.00","PSS PUTRA HEIGHT 2","","Standalone","","","30 Apr 2018"
"06/04/2018 22:37","Reload","'70838153003499751","WXR920","","","Billed","","-30.00","PSS PUTRA HEIGHT 2","","Standalone","","","30 Apr 2018"
"04/04/2018 21:44","Purchase","'70838153003499751","WXR920","","PRIMAX 95","Billed","18.18","40.00","PSS HICOM SEK B SEK 27","","Standalone","","","30 Apr 2018"
"04/04/2018 21:43","Reload","'70838153003499751","WXR920","","","Billed","","-40.00","PSS HICOM SEK B SEK 27","","Standalone","","","30 Apr 2018"
"03/04/2018 16:30","Purchase","'70838153003499751","WXR920","","PRIMAX 95","Billed","18.18","40.00","PSS SEK 26 SHAH ALAM","","Standalone","","","30 Apr 2018"
"03/04/2018 16:29","Reload","'70838153003499751","WXR920","","","Billed","","-40.00","PSS SEK 26 SHAH ALAM","","Standalone","","","30 Apr 2018"