"Date Time","Transaction Type","Card Number","Vehicle Number","Driver Card Number","Product Type","Billing Type","Transaction Volume (Litres)","Transaction Amount (RM)","Station Name","Odometer","Card Type","Cost Centre","Cost Centre Name","Statement Month"
"30/04/2018 12:02","Purchase","'70838153003498803","WXR445","","PRIMAX 97","Billed","12.15","30.00","PSS MERSING","","Standalone","","","30 Apr 2018"
"27/04/2018 22:10","Purchase","'70838153003498803","WXR445","","PRIMAX 97","Billed","24.29","60.00","PSS FAS","","Standalone","","","30 Apr 2018"
"26/04/2018 07:24","Purchase","'70838153003498803","WXR445","","PRIMAX 97","Billed","3.24","8.00","PSS TEMASYA FEDERAL HIGHWAY","","Standalone","","","30 Apr 2018"
"24/04/2018 07:47","Purchase","'70838153003498803","WXR445","","PRIMAX 97","Billed","3.24","8.00","PSS TEMASYA FEDERAL HIGHWAY","","Standalone","","","30 Apr 2018"
"22/04/2018 17:10","Purchase","'70838153003498803","WXR445","","PRIMAX 97","Billed","12.15","30.00","PSS JALAN PLUMBUM","","Standalone","","","30 Apr 2018"
"20/04/2018 07:46","Purchase","'70838153003498803","WXR445","","PRIMAX 97","Billed","2.02","5.00","PSS TEMASYA FEDERAL HIGHWAY","","Standalone","","","30 Apr 2018"
"18/04/2018 11:35","Purchase","'70838153003498803","WXR445","","PRIMAX 95","Billed","3.87","8.50","PSS KG MELAYU SUBANG","","Standalone","","","30 Apr 2018"
"16/04/2018 07:36","Purchase","'70838153003498803","WXR445","","PRIMAX 97","Billed","3.24","8.00","PSS TEMASYA FEDERAL HIGHWAY","","Standalone","","","30 Apr 2018"
"14/04/2018 17:47","Purchase","'70838153003498803","WXR445","","PRIMAX 97","Billed","14.17","35.00","PSS KM 12.3 LEBUHRAYA PERSEKUTUAN","","Standalone","","","30 Apr 2018"
"12/04/2018 07:46","Purchase","'70838153003498803","WXR445","","PRIMAX 97","Billed","3.24","8.00","PSS TEMASYA FEDERAL HIGHWAY","","Standalone","","","30 Apr 2018"
"09/04/2018 07:37","Purchase","'70838153003498803","WXR445","","PRIMAX 97","Billed","2.83","7.00","PSS TEMASYA FEDERAL HIGHWAY","","Standalone","","","30 Apr 2018"
"07/04/2018 08:26","Reload","'70838153003498803","WXR445","","","Billed","","-300.00","PSS FAS","","Standalone","","","30 Apr 2018"