"Date Time","Transaction Type","Card Number","Vehicle Number","Driver Card Number","Product Type","Billing Type","Transaction Volume (Litres)","Transaction Amount (RM)","Station Name","Odometer","Card Type","Cost Centre","Cost Centre Name","Statement Month"
"27/04/2018 10:02","Purchase","'70838153003423116","WXR1","","PRIMAX 95","Billed","22.73","50.00","PSS NPE TAMAN DESA","","Standalone","","","30 Apr 2018"
"27/04/2018 10:00","Reload","'70838153003423116","WXR1","","","Billed","","-100.00","PSS NPE TAMAN DESA","","Standalone","","","30 Apr 2018"
"19/04/2018 23:07","Purchase","'70838153003423116","WXR1","","PRIMAX 95","Billed","22.73","50.00","PSS NKVE KLANG BOUND","","Standalone","","","30 Apr 2018"
"16/04/2018 16:25","Purchase","'70838153003423116","WXR1","","PRIMAX 95","Billed","22.73","50.00","PSS EAST-WEST LINK","","Standalone","","","30 Apr 2018"
"16/04/2018 16:24","Reload","'70838153003423116","WXR1","","","Billed","","-100.00","PSS EAST-WEST LINK","","Standalone","","","30 Apr 2018"
"15/04/2018 18:55","Purchase","'70838153003423116","WXR1","","PRIMAX 95","Billed","3.20","7.03","PSS SALAK JAYA","","Standalone","","","30 Apr 2018"
"10/04/2018 22:14","Purchase","'70838153003423116","WXR1","","PRIMAX 95","Billed","22.73","50.00","PSS SALAK JAYA","","Standalone","","","30 Apr 2018"
"04/04/2018 14:47","Purchase","'70838153003423116","WXR1","","PRIMAX 95","Billed","22.73","50.00","PSS TAMAN GASING INDAH","","Standalone","","","30 Apr 2018"