"Date Time","Transaction Type","Card Number","Vehicle Number","Driver Card Number","Product Type","Billing Type","Transaction Volume (Litres)","Transaction Amount (RM)","Station Name","Odometer","Card Type","Cost Centre","Cost Centre Name","Statement Month"
"20/04/2018 22:12","Purchase","'70838153003495585","WXR546","","PRIMAX 95","Billed","10.46","23.00","PSS KEDAWANG LANGKAWI","","Standalone","","","30 Apr 2018"
"20/04/2018 22:11","Reload","'70838153003495585","WXR546","","","Billed","","-20.00","PSS KEDAWANG LANGKAWI","","Standalone","","","30 Apr 2018"
"15/04/2018 13:42","Purchase","'70838153003495585","WXR546","","PRIMAX 95","Billed","11.37","25.00","PSS KEDAWANG LANGKAWI","","Standalone","","","30 Apr 2018"
"15/04/2018 13:41","Reload","'70838153003495585","WXR546","","","Billed","","-20.00","PSS KEDAWANG LANGKAWI","","Standalone","","","30 Apr 2018"
"13/04/2018 22:14","Purchase","'70838153003495585","WXR546","","PRIMAX 95","Billed","33.18","73.00","PSS KEDAWANG LANGKAWI","","Standalone","","","30 Apr 2018"
"13/04/2018 22:13","Reload","'70838153003495585","WXR546","","","Billed","","-70.00","PSS KEDAWANG LANGKAWI","","Standalone","","","30 Apr 2018"
"12/04/2018 11:01","Purchase","'70838153003495585","WXR546","","PRIMAX 95","Billed","6.82","15.00","PSS TOK SENIK","","Standalone","","","30 Apr 2018"
"12/04/2018 11:00","Reload","'70838153003495585","WXR546","","","Billed","","-15.00","PSS TOK SENIK","","Standalone","","","30 Apr 2018"
"05/04/2018 09:15","Purchase","'70838153003495585","WXR546","","PRIMAX 95","Billed","5.46","12.00","PSS PADANG MAT SIRAT","","Standalone","","","30 Apr 2018"
"05/04/2018 09:14","Reload","'70838153003495585","WXR546","","","Billed","","-15.00","PSS PADANG MAT SIRAT","","Standalone","","","30 Apr 2018"
"03/04/2018 08:56","Purchase","'70838153003495585","WXR546","","PRIMAX 95","Billed","5.91","13.00","PSS KEDAWANG LANGKAWI","","Standalone","","","30 Apr 2018"
"03/04/2018 08:55","Reload","'70838153003495585","WXR546","","","Billed","","-15.00","PSS KEDAWANG LANGKAWI","","Standalone","","","30 Apr 2018"