"Date Time","Transaction Type","Card Number","Vehicle Number","Driver Card Number","Product Type","Billing Type","Transaction Volume (Litres)","Transaction Amount (RM)","Station Name","Odometer","Card Type","Cost Centre","Cost Centre Name","Statement Month"
"26/04/2018 21:40","Purchase","'70838153003500269","WXR929","","PRIMAX 95","Billed","22.45","49.38","PSS KOTA DAMANSARA 2","","Standalone","","","30 Apr 2018"
"24/04/2018 08:49","Purchase","'70838153003500269","WXR929","","PRIMAX 95","Billed","23.01","50.62","PSS KOTA DAMANSARA","","Standalone","","","30 Apr 2018"
"24/04/2018 08:47","Reload","'70838153003500269","WXR929","","","Billed","","-100.00","PSS KOTA DAMANSARA","","Standalone","","","30 Apr 2018"
"20/04/2018 21:29","Purchase","'70838153003500269","WXR929","","PRIMAX 95","Billed","21.23","46.71","PSS KOTA DAMANSARA 2","","Standalone","","","30 Apr 2018"
"18/04/2018 14:03","Purchase","'70838153003500269","WXR929","","PRIMAX 95","Billed","26.01","57.22","PSS TELOK PANGLIMA GARANG","","Standalone","","","30 Apr 2018"
"18/04/2018 14:00","Reload","'70838153003500269","WXR929","","","Billed","","-100.00","PSS TELOK PANGLIMA GARANG","","Standalone","","","30 Apr 2018"
"17/04/2018 07:14","Purchase","'70838153003500269","WXR929","","PRIMAX 95","Billed","23.02","50.64","PSS KOTA DAMANSARA 2","","Standalone","","","30 Apr 2018"
"13/04/2018 22:08","Purchase","'70838153003500269","WXR929","","PRIMAX 95","Billed","23.01","50.63","PSS KOTA DAMANSARA 2","","Standalone","","","30 Apr 2018"
"13/04/2018 22:07","Reload","'70838153003500269","WXR929","","","Billed","","-100.00","PSS KOTA DAMANSARA 2","","Standalone","","","30 Apr 2018"
"11/04/2018 10:49","Purchase","'70838153003500269","WXR929","","PRIMAX 95","Billed","20.01","44.02","PSS KOTA DAMANSARA 2","","Standalone","","","30 Apr 2018"
"07/04/2018 12:31","Purchase","'70838153003500269","WXR929","","PRIMAX 95","Billed","25.01","55.03","PSS KOTA DAMANSARA 2","","Standalone","","","30 Apr 2018"
"07/04/2018 12:26","Reload","'70838153003500269","WXR929","","","Billed","","-100.00","PSS KOTA DAMANSARA 2","","Standalone","","","30 Apr 2018"