"Date Time","Transaction Type","Card Number","Vehicle Number","Driver Card Number","Product Type","Billing Type","Transaction Volume (Litres)","Transaction Amount (RM)","Station Name","Odometer","Card Type","Cost Centre","Cost Centre Name","Statement Month"
"29/04/2018 17:58","Purchase","'70838153003423256","WXR2","","PRIMAX 95","Billed","30.98","68.16","PSS TAMAN GASING INDAH","","Standalone","","","30 Apr 2018"
"27/04/2018 20:09","Purchase","'70838153003423256","WXR2","","PRIMAX 95","Billed","37.20","81.84","PSS TAMAN GASING INDAH","","Standalone","","","30 Apr 2018"
"27/04/2018 20:06","Reload","'70838153003423256","WXR2","","","Billed","","-150.00","PSS TAMAN GASING INDAH","","Standalone","","","30 Apr 2018"
"22/04/2018 12:24","Purchase","'70838153003423256","WXR2","","PRIMAX 95","Billed","54.76","120.46","PSS ARA DAMANSARA","","Standalone","","","30 Apr 2018"
"22/04/2018 12:23","Reload","'70838153003423256","WXR2","","","Billed","","-100.00","PSS ARA DAMANSARA","","Standalone","","","30 Apr 2018"
"15/04/2018 20:13","Purchase","'70838153003423256","WXR2","","PRIMAX 95","Billed","13.64","30.00","PSS TAMAN GASING INDAH","","Standalone","","","30 Apr 2018"
"15/04/2018 20:10","Reload","'70838153003423256","WXR2","","","Billed","","-50.00","PSS TAMAN GASING INDAH","","Standalone","","","30 Apr 2018"