"Date Time","Transaction Type","Card Number","Vehicle Number","Driver Card Number","Product Type","Billing Type","Transaction Volume (Litres)","Transaction Amount (RM)","Station Name","Odometer","Card Type","Cost Centre","Cost Centre Name","Statement Month"
"26/04/2018 12:31","Purchase","'70838153003579305","WXR1009","","PRIMAX 95","Billed","15.91","35.00","PSS KG. GAUNG","207895","Standalone","","","30 Apr 2018"
"26/04/2018 12:30","Reload","'70838153003579305","WXR1009","","","Billed","","-30.00","PSS KG. GAUNG","","Standalone","","","30 Apr 2018"
"24/04/2018 08:02","Purchase","'70838153003579305","WXR1009","","PRIMAX 95","Billed","13.64","30.00","PSS KG. GAUNG","207771","Standalone","","","30 Apr 2018"
"24/04/2018 08:01","Reload","'70838153003579305","WXR1009","","","Billed","","-30.00","PSS KG. GAUNG","","Standalone","","","30 Apr 2018"
"19/04/2018 21:49","Purchase","'70838153003579305","WXR1009","","PRIMAX 95","Billed","29.55","65.00","PSS KG. GAUNG","207383","Standalone","","","30 Apr 2018"
"19/04/2018 21:45","Reload","'70838153003579305","WXR1009","","","Billed","","-70.00","PSS KG. GAUNG","","Standalone","","","30 Apr 2018"
"15/04/2018 20:40","Purchase","'70838153003579305","WXR1009","","PRIMAX 95","Billed","9.09","20.00","PSS KG. GAUNG","206915","Standalone","","","30 Apr 2018"
"15/04/2018 20:38","Reload","'70838153003579305","WXR1009","","","Billed","","-20.00","PSS KG. GAUNG","","Standalone","","","30 Apr 2018"
"13/04/2018 17:52","Purchase","'70838153003579305","WXR1009","","PRIMAX 95","Billed","9.09","20.00","PSS KG. GAUNG","206781","Standalone","","","30 Apr 2018"
"13/04/2018 17:51","Reload","'70838153003579305","WXR1009","","","Billed","","-20.00","PSS KG. GAUNG","","Standalone","","","30 Apr 2018"
"08/04/2018 08:06","Purchase","'70838153003579305","WXR1009","","PRIMAX 95","Billed","2.58","5.68","PSS MUKIM KASA PASIR MAS","206154","Standalone","","","30 Apr 2018"
"01/04/2018 07:59","Purchase","'70838153003579305","WXR1009","","PRIMAX 95","Billed","29.55","65.00","PSS KG. GAUNG","206890","Standalone","","","30 Apr 2018"
"01/04/2018 07:57","Reload","'70838153003579305","WXR1009","","","Billed","","-50.00","PSS KG. GAUNG","","Standalone","","","30 Apr 2018"