"Date Time","Transaction Type","Card Number","Vehicle Number","Driver Card Number","Product Type","Billing Type","Transaction Volume (Litres)","Transaction Amount (RM)","Station Name","Odometer","Card Type","Cost Centre","Cost Centre Name","Statement Month"
"30/04/2018 10:06","Purchase","'70838153003674387","WXR 2164","","PRIMAX 95","Billed","29.57","65.05","PSS PENGKALAN KUBOR","5","Standalone","","","30 Apr 2018"
"27/04/2018 14:01","Purchase","'70838153003674387","WXR 2164","","PRIMAX 95","Billed","27.29","60.04","PSS MACHANG","6","Standalone","","","30 Apr 2018"
"24/04/2018 14:37","Reload","'70838153003674387","WXR 2164","","","Billed","","-500.00","PSS GUCHIL JAYA KUALA KRAI","","Standalone","","","30 Apr 2018"
"24/04/2018 14:35","Purchase","'70838153003674387","WXR 2164","","PRIMAX 95","Billed","22.73","50.00","PSS GUCHIL JAYA KUALA KRAI","4","Standalone","","","30 Apr 2018"
"23/04/2018 09:04","Purchase","'70838153003674387","WXR 2164","","PRIMAX 95","Billed","27.58","60.67","PSS MACHANG BYPASS","9","Standalone","","","30 Apr 2018"
"19/04/2018 19:45","Purchase","'70838153003674387","WXR 2164","","PRIMAX 95","Billed","22.73","50.00","PSS MACHANG BYPASS","9","Standalone","","","30 Apr 2018"
"16/04/2018 08:23","Purchase","'70838153003674387","WXR 2164","","PRIMAX 95","Billed","22.73","50.00","PSS GUCHIL JAYA KUALA KRAI","50","Standalone","","","30 Apr 2018"
"16/04/2018 08:19","Reload","'70838153003674387","WXR 2164","","","Billed","","-300.00","PSS GUCHIL JAYA KUALA KRAI","","Standalone","","","30 Apr 2018"