"Date Time","Transaction Type","Card Number","Vehicle Number","Driver Card Number","Product Type","Billing Type","Transaction Volume (Litres)","Transaction Amount (RM)","Station Name","Odometer","Card Type","Cost Centre","Cost Centre Name","Statement Month"
"22/04/2018 21:38","Purchase","'70838153003680434","WXR 2305","","PRIMAX 95","Billed","22.73","50.00","PSS PUTRAJAYA PRECINT 9","","Standalone","","","30 Apr 2018"
"22/04/2018 21:36","Reload","'70838153003680434","WXR 2305","","","Billed","","-50.00","PSS PUTRAJAYA PRECINT 9","","Standalone","","","30 Apr 2018"
"15/04/2018 18:38","Purchase","'70838153003680434","WXR 2305","","PRIMAX 95","Billed","22.73","50.00","PSS KM5.5 JALAN CHERAS","","Standalone","","","30 Apr 2018"
"15/04/2018 18:37","Reload","'70838153003680434","WXR 2305","","","Billed","","-50.00","PSS KM5.5 JALAN CHERAS","","Standalone","","","30 Apr 2018"
"08/04/2018 07:42","Purchase","'70838153003680434","WXR 2305","","PRIMAX 95","Billed","27.27","60.00","PSS KM5.5 JALAN CHERAS","","Standalone","","","30 Apr 2018"
"08/04/2018 07:40","Reload","'70838153003680434","WXR 2305","","","Billed","","-60.00","PSS KM5.5 JALAN CHERAS","","Standalone","","","30 Apr 2018"
"04/04/2018 22:52","Purchase","'70838153003680434","WXR 2305","","PRIMAX 95","Billed","7.27","16.00","PSS KM5.5 JALAN CHERAS","","Standalone","","","30 Apr 2018"
"01/04/2018 20:43","Purchase","'70838153003680434","WXR 2305","","PRIMAX 95","Billed","26.82","59.00","PSS SKUDAI RSA","","Standalone","","","30 Apr 2018"
"01/04/2018 20:39","Reload","'70838153003680434","WXR 2305","","","Billed","","-70.00","PSS SKUDAI RSA","","Standalone","","","30 Apr 2018"
"01/04/2018 13:38","Purchase","'70838153003680434","WXR 2305","","PRIMAX 95","Billed","6.82","15.00","PSS TAMAN UNIVERSITI 2","","Standalone","","","30 Apr 2018"
"01/04/2018 13:32","Reload","'70838153003680434","WXR 2305","","","Billed","","-20.00","PSS TAMAN UNIVERSITI 2","","Standalone","","","30 Apr 2018"