"Date Time","Transaction Type","Card Number","Vehicle Number","Driver Card Number","Product Type","Billing Type","Transaction Volume (Litres)","Transaction Amount (RM)","Station Name","Odometer","Card Type","Cost Centre","Cost Centre Name","Statement Month"
"30/04/2018 16:16","Reload","'70838153003666623","WXR2002","","","Un-billed","","-500.00","PSS JALAN PLUMBUM","","Standalone","","","Unbilled Transaction"
"27/04/2018 13:52","Purchase","'70838153003666623","WXR2002","","Diesel","Billed","49.18","107.21","PSS JALAN PLUMBUM","237496","Standalone","","","30 Apr 2018"
"25/04/2018 11:15","Purchase","'70838153003666623","WXR2002","","Diesel","Billed","51.62","112.52","PSS DAMAI PERDANA","237147","Standalone","","","30 Apr 2018"
"23/04/2018 13:29","Purchase","'70838153003666623","WXR2002","","Diesel","Billed","39.98","87.15","PSS TAMAN MEDAN","236785","Standalone","","","30 Apr 2018"
"21/04/2018 15:47","Purchase","'70838153003666623","WXR2002","","Diesel","Billed","35.74","77.91","PSS BANDAR BUKIT BERUNTUNG","236468","Standalone","","","30 Apr 2018"
"18/04/2018 19:35","Purchase","'70838153003666623","WXR2002","","Diesel","Billed","44.64","97.32","PSS SUNGAI BESAR","","Standalone","","","30 Apr 2018"
"18/04/2018 07:24","Purchase","'70838153003666623","WXR2002","","Diesel","Billed","41.34","90.12","PSS TAPAH ARAH UTARA","235858","Standalone","","","30 Apr 2018"
"17/04/2018 18:10","Purchase","'70838153003666623","WXR2002","","Diesel","Billed","47.43","103.39","PSS JALAN PLUMBUM","235527","Standalone","","","30 Apr 2018"
"17/04/2018 17:33","Reload","'70838153003666623","WXR2002","","","Billed","","-500.00","PSS JALAN PLUMBUM","","Standalone","","","30 Apr 2018"
"16/04/2018 07:58","Purchase","'70838153003666623","WXR2002","","Diesel","Billed","36.07","78.64","PSS KUANTAN DAMANSARA","235148","Standalone","","","30 Apr 2018"
"15/04/2018 22:28","Purchase","'70838153003666623","WXR2002","","Diesel","Billed","30.52","66.53","PSS KL-KARAK","234890","Standalone","","","30 Apr 2018"
"13/04/2018 17:18","Purchase","'70838153003666623","WXR2002","","Diesel","Billed","36.70","80.00","PSS AIR KEROH RSA NORTH BOUND","234695","Standalone","","","30 Apr 2018"
"13/04/2018 03:20","Purchase","'70838153003666623","WXR2002","","Diesel","Billed","45.51","99.21","PSS MACHAP ARAH SELATAN","234324","Standalone","","","30 Apr 2018"
"12/04/2018 17:26","Reload","'70838153003666623","WXR2002","","","Billed","","-500.00","PSS JALAN PLUMBUM","","Standalone","","","30 Apr 2018"