"Date Time","Transaction Type","Card Number","Vehicle Number","Driver Card Number","Product Type","Billing Type","Transaction Volume (Litres)","Transaction Amount (RM)","Station Name","Odometer","Card Type","Cost Centre","Cost Centre Name","Statement Month"
"27/04/2018 22:24","Purchase","'70838153003423553","WXR101","","PRIMAX 95","Billed","44.35","97.57","PSS LEBOH AMJ SEMABOK","","Standalone","","","30 Apr 2018"
"25/04/2018 16:32","Purchase","'70838153003423553","WXR101","","PRIMAX 95","Billed","43.18","95.00","PSS LAKSAMANA CHENG HO","","Standalone","","","30 Apr 2018"
"25/04/2018 16:31","Reload","'70838153003423553","WXR101","","","Billed","","-200.00","PSS LAKSAMANA CHENG HO","","Standalone","","","30 Apr 2018"
"24/04/2018 07:30","Purchase","'70838153003423553","WXR101","","PRIMAX 95","Billed","25.00","55.00","PSS LEBOH AMJ SEMABOK","","Standalone","","","30 Apr 2018"
"21/04/2018 14:32","Purchase","'70838153003423553","WXR101","","PRIMAX 95","Billed","26.37","58.01","PSS LAKSAMANA CHENG HO","","Standalone","","","30 Apr 2018"
"21/04/2018 14:30","Reload","'70838153003423553","WXR101","","","Billed","","-100.00","PSS LAKSAMANA CHENG HO","","Standalone","","","30 Apr 2018"
"18/04/2018 07:29","Purchase","'70838153003423553","WXR101","","PRIMAX 95","Billed","45.45","100.00","PSS LEBOH AMJ SEMABOK","","Standalone","","","30 Apr 2018"
"18/04/2018 07:28","Reload","'70838153003423553","WXR101","","","Billed","","-100.00","PSS LEBOH AMJ SEMABOK","","Standalone","","","30 Apr 2018"
"17/04/2018 11:49","Purchase","'70838153003423553","WXR101","","PRIMAX 95","Billed","39.09","86.00","PSS PEKAN AIR MOLEK","","Standalone","","","30 Apr 2018"
"17/04/2018 11:48","Reload","'70838153003423553","WXR101","","","Billed","","-100.00","PSS PEKAN AIR MOLEK","","Standalone","","","30 Apr 2018"
"16/04/2018 07:27","Purchase","'70838153003423553","WXR101","","PRIMAX 95","Billed","22.73","50.00","PSS LEBOH AMJ SEMABOK","","Standalone","","","30 Apr 2018"
"16/04/2018 07:27","Reload","'70838153003423553","WXR101","","","Billed","","-50.00","PSS LEBOH AMJ SEMABOK","","Standalone","","","30 Apr 2018"
"15/04/2018 09:43","Purchase","'70838153003423553","WXR101","","PRIMAX 95","Billed","44.10","97.01","PSS BUKIT KATIL","","Standalone","","","30 Apr 2018"
"15/04/2018 09:41","Reload","'70838153003423553","WXR101","","","Billed","","-100.00","PSS BUKIT KATIL","","Standalone","","","30 Apr 2018"
"10/04/2018 16:38","Purchase","'70838153003423553","WXR101","","PRIMAX 95","Billed","18.18","39.99","PSS LEBOH AMJ SEMABOK","","Standalone","","","30 Apr 2018"
"08/04/2018 12:03","Purchase","'70838153003423553","WXR101","","PRIMAX 95","Billed","52.28","115.01","PSS PEKAN AIR MOLEK","","Standalone","","","30 Apr 2018"
"08/04/2018 12:01","Reload","'70838153003423553","WXR101","","","Billed","","-100.00","PSS PEKAN AIR MOLEK","","Standalone","","","30 Apr 2018"
"06/04/2018 06:57","Purchase","'70838153003423553","WXR101","","PRIMAX 95","Billed","43.18","95.00","PSS UJONG PASIR","","Standalone","","","30 Apr 2018"
"06/04/2018 06:55","Reload","'70838153003423553","WXR101","","","Billed","","-100.00","PSS UJONG PASIR","","Standalone","","","30 Apr 2018"
"03/04/2018 22:40","Purchase","'70838153003423553","WXR101","","PRIMAX 95","Billed","22.73","50.00","PSS LEBOH AMJ SEMABOK","","Standalone","","","30 Apr 2018"
"03/04/2018 22:39","Reload","'70838153003423553","WXR101","","","Billed","","-100.00","PSS LEBOH AMJ SEMABOK","","Standalone","","","30 Apr 2018"
"03/04/2018 07:25","Purchase","'70838153003423553","WXR101","","PRIMAX 95","Billed","34.30","75.45","PSS LEBOH AMJ SEMABOK","","Standalone","","","30 Apr 2018"
"02/04/2018 16:07","Purchase","'70838153003423553","WXR101","","PRIMAX 95","Billed","40.91","90.00","PSS PEKAN AIR MOLEK","","Standalone","","","30 Apr 2018"
"02/04/2018 16:06","Reload","'70838153003423553","WXR101","","","Billed","","-150.00","PSS PEKAN AIR MOLEK","","Standalone","","","30 Apr 2018"