Date Time,Transaction Type,Card Number,Vehicle Number,Driver Card Number,Product Type,Billing Type,Transaction Volume (Litres),Transaction Amount (RM),Station Name,Odometer,Card Type,Cost Centre,Cost Centre Name,Statement Month
31/3/2018 16:10,Purchase,'70838153003424486,WXR286,,Diesel,Billed,32.11,70,PSS BUKIT GAMBIR,580,Standalone,,,31-Mar-18
28/3/2018 21:26,Purchase,'70838153003424486,WXR286,,PRIMAX 95,Billed,22.73,50,PSS MUAR BYPASS,500,Standalone,,,31-Mar-18
28/3/2018 21:25,Reload,'70838153003424486,WXR286,,,Billed,,-200,PSS MUAR BYPASS,,Standalone,,,31-Mar-18
21/3/2018 10:36,Purchase,'70838153003424486,WXR286,,Diesel,Billed,23.15,50,PSS MUAR BYPASS,500,Standalone,,,31-Mar-18
16/3/2018 17:51,Purchase,'70838153003424486,WXR286,,Diesel,Billed,37.04,80,PSS MUKIM KESANG,150,Standalone,,,31-Mar-18
8/3/2018 21:00,Purchase,'70838153003424486,WXR286,,PRIMAX 95,Billed,22.62,50,PSS KM 4 JALAN SALLEH,50,Standalone,,,31-Mar-18
8/3/2018 20:58,Reload,'70838153003424486,WXR286,,,Billed,,-200,PSS KM 4 JALAN SALLEH,,Standalone,,,31-Mar-18
