"Date Time","Transaction Type","Card Number","Vehicle Number","Driver Card Number","Product Type","Billing Type","Transaction Volume (Litres)","Transaction Amount (RM)","Station Name","Odometer","Card Type","Cost Centre","Cost Centre Name","Statement Month"
"27/04/2018 10:32","Purchase","'70838153003495684","WXR322","","PRIMAX 95","Billed","22.73","50.00","PSS WANGSA MAJU SEK 2","473447","Standalone","","","30 Apr 2018"
"27/04/2018 10:31","Reload","'70838153003495684","WXR322","","","Billed","","-50.00","PSS WANGSA MAJU SEK 2","","Standalone","","","30 Apr 2018"
"24/04/2018 19:15","Purchase","'70838153003495684","WXR322","","PRIMAX 95","Billed","22.73","50.00","PSS LT911 ULU KLANG MRR2","473916","Standalone","","","30 Apr 2018"
"24/04/2018 19:13","Reload","'70838153003495684","WXR322","","","Billed","","-50.00","PSS LT911 ULU KLANG MRR2","","Standalone","","","30 Apr 2018"
"21/04/2018 11:18","Purchase","'70838153003495684","WXR322","","PRIMAX 97","Billed","20.24","50.00","PSS SETAPAK","473082","Standalone","","","30 Apr 2018"
"21/04/2018 11:17","Reload","'70838153003495684","WXR322","","","Billed","","-50.00","PSS SETAPAK","","Standalone","","","30 Apr 2018"
"19/04/2018 19:02","Purchase","'70838153003495684","WXR322","","PRIMAX 95","Billed","22.73","50.00","PSS BRICKFIELDS","472945","Standalone","","","30 Apr 2018"
"19/04/2018 19:00","Reload","'70838153003495684","WXR322","","","Billed","","-50.00","PSS BRICKFIELDS","","Standalone","","","30 Apr 2018"
"11/04/2018 21:50","Purchase","'70838153003495684","WXR322","","PRIMAX 95","Billed","22.73","50.00","PSS TAMAN CEMPAKA","478116","Standalone","","","30 Apr 2018"
"11/04/2018 21:42","Reload","'70838153003495684","WXR322","","","Billed","","-50.00","PSS TAMAN CEMPAKA","","Standalone","","","30 Apr 2018"
"04/04/2018 01:55","Purchase","'70838153003495684","WXR322","","PRIMAX 95","Billed","22.73","50.00","PSS WANGSA MAJU SEK 2","472191","Standalone","","","30 Apr 2018"
"04/04/2018 01:53","Reload","'70838153003495684","WXR322","","","Billed","","-50.00","PSS WANGSA MAJU SEK 2","","Standalone","","","30 Apr 2018"
"02/04/2018 18:01","Purchase","'70838153003495684","WXR322","","PRIMAX 95","Billed","22.73","50.00","PSS LOT 353 JLN CHERAS","471196","Standalone","","","30 Apr 2018"
"02/04/2018 18:00","Reload","'70838153003495684","WXR322","","","Billed","","-50.00","PSS LOT 353 JLN CHERAS","","Standalone","","","30 Apr 2018"
"02/04/2018 02:04","Purchase","'70838153003495684","WXR322","","PRIMAX 95","Billed","9.09","20.00","PSS COCHRANE PERKASA","471945","Standalone","","","30 Apr 2018"
"02/04/2018 02:02","Reload","'70838153003495684","WXR322","","","Billed","","-20.00","PSS COCHRANE PERKASA","","Standalone","","","30 Apr 2018"