"Date Time","Transaction Type","Card Number","Vehicle Number","Driver Card Number","Product Type","Billing Type","Transaction Volume (Litres)","Transaction Amount (RM)","Station Name","Odometer","Card Type","Cost Centre","Cost Centre Name","Statement Month"
"30/04/2018 06:57","Purchase","'70838153003667415","WXR 2081","","Diesel","Billed","45.87","100.00","PSS HICOM SEK B SEK 27","131648","Standalone","","","30 Apr 2018"
"30/04/2018 06:55","Reload","'70838153003667415","WXR 2081","","","Billed","","-100.00","PSS HICOM SEK B SEK 27","","Standalone","","","30 Apr 2018"
"28/04/2018 12:21","Purchase","'70838153003667415","WXR 2081","","Diesel","Billed","45.87","100.00","PSS SEK 22 SHAH ALAM","131209","Standalone","","","30 Apr 2018"
"28/04/2018 12:19","Reload","'70838153003667415","WXR 2081","","","Billed","","-100.00","PSS SEK 22 SHAH ALAM","","Standalone","","","30 Apr 2018"
"27/04/2018 18:54","Purchase","'70838153003667415","WXR 2081","","Diesel","Billed","22.94","50.00","PSS BANDAR TASEK PUTERI","131006","Standalone","","","30 Apr 2018"
"27/04/2018 18:52","Reload","'70838153003667415","WXR 2081","","","Billed","","-50.00","PSS BANDAR TASEK PUTERI","","Standalone","","","30 Apr 2018"
"26/04/2018 12:36","Purchase","'70838153003667415","WXR 2081","","Diesel","Billed","32.11","70.00","PSS KG MELAYU SUBANG","130761","Standalone","","","30 Apr 2018"
"26/04/2018 12:34","Reload","'70838153003667415","WXR 2081","","","Billed","","-70.00","PSS KG MELAYU SUBANG","","Standalone","","","30 Apr 2018"
"24/04/2018 15:06","Purchase","'70838153003667415","WXR 2081","","Diesel","Billed","45.87","100.00","PSS HICOM SEK B SEK 27","130326","Standalone","","","30 Apr 2018"
"24/04/2018 14:57","Reload","'70838153003667415","WXR 2081","","","Billed","","-100.00","PSS HICOM SEK B SEK 27","","Standalone","","","30 Apr 2018"
"21/04/2018 19:32","Purchase","'70838153003667415","WXR 2081","","Diesel","Billed","32.11","70.00","PSS SAUJANA UTAMA","129790","Standalone","","","30 Apr 2018"
"21/04/2018 19:30","Reload","'70838153003667415","WXR 2081","","","Billed","","-70.00","PSS SAUJANA UTAMA","","Standalone","","","30 Apr 2018"
"21/04/2018 07:23","Purchase","'70838153003667415","WXR 2081","","Diesel","Billed","45.87","100.00","PSS SAUJANA UTAMA","129513","Standalone","","","30 Apr 2018"
"21/04/2018 07:21","Reload","'70838153003667415","WXR 2081","","","Billed","","-100.00","PSS SAUJANA UTAMA","","Standalone","","","30 Apr 2018"
"19/04/2018 22:39","Purchase","'70838153003667415","WXR 2081","","Diesel","Billed","45.87","100.00","PSS SAUJANA UTAMA","129122","Standalone","","","30 Apr 2018"
"19/04/2018 22:38","Reload","'70838153003667415","WXR 2081","","","Billed","","-100.00","PSS SAUJANA UTAMA","","Standalone","","","30 Apr 2018"
"17/04/2018 21:29","Purchase","'70838153003667415","WXR 2081","","Diesel","Billed","45.87","100.00","PSS SAUJANA UTAMA","128579","Standalone","","","30 Apr 2018"
"17/04/2018 21:25","Reload","'70838153003667415","WXR 2081","","","Billed","","-100.00","PSS SAUJANA UTAMA","","Standalone","","","30 Apr 2018"
"16/04/2018 19:22","Purchase","'70838153003667415","WXR 2081","","Diesel","Billed","45.87","100.00","PSS SAUJANA UTAMA","128285","Standalone","","","30 Apr 2018"
"16/04/2018 19:20","Reload","'70838153003667415","WXR 2081","","","Billed","","-100.00","PSS SAUJANA UTAMA","","Standalone","","","30 Apr 2018"
"15/04/2018 10:07","Purchase","'70838153003667415","WXR 2081","","Diesel","Billed","36.70","80.00","PSS SAUJANA UTAMA","127937","Standalone","","","30 Apr 2018"
"15/04/2018 10:05","Reload","'70838153003667415","WXR 2081","","","Billed","","-80.00","PSS SAUJANA UTAMA","","Standalone","","","30 Apr 2018"
"14/04/2018 10:05","Purchase","'70838153003667415","WXR 2081","","Diesel","Billed","22.94","50.00","PSS SAUJANA UTAMA","127487","Standalone","","","30 Apr 2018"
"14/04/2018 10:03","Reload","'70838153003667415","WXR 2081","","","Billed","","-50.00","PSS SAUJANA UTAMA","","Standalone","","","30 Apr 2018"
"13/04/2018 06:52","Purchase","'70838153003667415","WXR 2081","","Diesel","Billed","22.94","50.00","PSS HICOM SEK B SEK 27","127331","Standalone","","","30 Apr 2018"
"13/04/2018 06:50","Reload","'70838153003667415","WXR 2081","","","Billed","","-50.00","PSS HICOM SEK B SEK 27","","Standalone","","","30 Apr 2018"
"11/04/2018 21:40","Purchase","'70838153003667415","WXR 2081","","Diesel","Billed","32.11","70.00","PSS SAUJANA UTAMA","126970","Standalone","","","30 Apr 2018"
"11/04/2018 21:38","Reload","'70838153003667415","WXR 2081","","","Billed","","-70.00","PSS SAUJANA UTAMA","","Standalone","","","30 Apr 2018"
"10/04/2018 20:54","Purchase","'70838153003667415","WXR 2081","","Diesel","Billed","45.87","100.00","PSS SAUJANA UTAMA","126688","Standalone","","","30 Apr 2018"
"10/04/2018 20:52","Reload","'70838153003667415","WXR 2081","","","Billed","","-100.00","PSS SAUJANA UTAMA","","Standalone","","","30 Apr 2018"
"08/04/2018 15:13","Purchase","'70838153003667415","WXR 2081","","Diesel","Billed","42.66","93.00","PSS ELITE LAYBY","126202","Standalone","","","30 Apr 2018"
"06/04/2018 19:45","Purchase","'70838153003667415","WXR 2081","","Diesel","Billed","49.08","107.00","PSS SAUJANA UTAMA","125713","Standalone","","","30 Apr 2018"
"06/04/2018 19:43","Reload","'70838153003667415","WXR 2081","","","Billed","","-200.00","PSS SAUJANA UTAMA","","Standalone","","","30 Apr 2018"
"05/04/2018 22:21","Purchase","'70838153003667415","WXR 2081","","Diesel","Billed","27.52","60.00","PSS SAUJANA UTAMA","125534","Standalone","","","30 Apr 2018"
"05/04/2018 22:18","Reload","'70838153003667415","WXR 2081","","","Billed","","-60.00","PSS SAUJANA UTAMA","","Standalone","","","30 Apr 2018"
"04/04/2018 14:45","Purchase","'70838153003667415","WXR 2081","","Diesel","Billed","45.87","100.00","PSS SAUJANA UTAMA","125122","Standalone","","","30 Apr 2018"
"04/04/2018 14:35","Reload","'70838153003667415","WXR 2081","","","Billed","","-100.00","PSS SAUJANA UTAMA","","Standalone","","","30 Apr 2018"