"Date Time","Transaction Type","Card Number","Vehicle Number","Driver Card Number","Product Type","Billing Type","Transaction Volume (Litres)","Transaction Amount (RM)","Station Name","Odometer","Card Type","Cost Centre","Cost Centre Name","Statement Month"
"30/04/2018 20:07","Purchase","'70838153003581079","WXR1081","","PRIMAX 95","Un-billed","22.73","50.00","PSS SKVE","519168","Standalone","","","Unbilled Transaction"
"30/04/2018 20:04","Reload","'70838153003581079","WXR1081","","","Un-billed","","-50.00","PSS SKVE","","Standalone","","","Unbilled Transaction"
"29/04/2018 10:47","Purchase","'70838153003581079","WXR1081","","PRIMAX 95","Billed","45.45","100.00","PSS MASJID TANAH","518862","Standalone","","","30 Apr 2018"
"29/04/2018 10:45","Reload","'70838153003581079","WXR1081","","","Billed","","-100.00","PSS MASJID TANAH","","Standalone","","","30 Apr 2018"
"25/04/2018 16:19","Purchase","'70838153003581079","WXR1081","","PRIMAX 95","Billed","45.45","100.00","PSS MASJID TANAH","518393","Standalone","","","30 Apr 2018"
"25/04/2018 16:16","Reload","'70838153003581079","WXR1081","","","Billed","","-100.00","PSS MASJID TANAH","","Standalone","","","30 Apr 2018"
"22/04/2018 19:10","Purchase","'70838153003581079","WXR1081","","PRIMAX 95","Billed","45.45","100.00","PSS MASJID TANAH","517975","Standalone","","","30 Apr 2018"
"22/04/2018 19:07","Reload","'70838153003581079","WXR1081","","","Billed","","-100.00","PSS MASJID TANAH","","Standalone","","","30 Apr 2018"
"20/04/2018 15:39","Purchase","'70838153003581079","WXR1081","","PRIMAX 95","Billed","22.73","50.00","PSS MASJID TANAH","517798","Standalone","","","30 Apr 2018"
"20/04/2018 15:37","Reload","'70838153003581079","WXR1081","","","Billed","","-50.00","PSS MASJID TANAH","","Standalone","","","30 Apr 2018"
"16/04/2018 12:21","Purchase","'70838153003581079","WXR1081","","PRIMAX 95","Billed","45.45","100.00","PSS SIMPANG EMPAT","517303","Standalone","","","30 Apr 2018"
"16/04/2018 12:19","Reload","'70838153003581079","WXR1081","","","Billed","","-100.00","PSS SIMPANG EMPAT","","Standalone","","","30 Apr 2018"
"13/04/2018 11:25","Purchase","'70838153003581079","WXR1081","","PRIMAX 95","Billed","45.46","100.00","PSS MITC","516890","Standalone","","","30 Apr 2018"
"13/04/2018 11:23","Reload","'70838153003581079","WXR1081","","","Billed","","-100.00","PSS MITC","","Standalone","","","30 Apr 2018"
"11/04/2018 14:46","Purchase","'70838153003581079","WXR1081","","PRIMAX 95","Billed","22.73","50.00","PSS KLEMAK ALOR GAJAH","516729","Standalone","","","30 Apr 2018"
"11/04/2018 14:44","Reload","'70838153003581079","WXR1081","","","Billed","","-50.00","PSS KLEMAK ALOR GAJAH","","Standalone","","","30 Apr 2018"
"07/04/2018 14:48","Purchase","'70838153003581079","WXR1081","","PRIMAX 95","Billed","45.45","100.00","PSS SIMPANG EMPAT","516201","Standalone","","","30 Apr 2018"
"07/04/2018 14:46","Reload","'70838153003581079","WXR1081","","","Billed","","-100.00","PSS SIMPANG EMPAT","","Standalone","","","30 Apr 2018"
"06/04/2018 17:50","Purchase","'70838153003581079","WXR1081","","PRIMAX 95","Billed","22.73","50.00","PSS MASJID TANAH","516082","Standalone","","","30 Apr 2018"
"06/04/2018 17:48","Reload","'70838153003581079","WXR1081","","","Billed","","-50.00","PSS MASJID TANAH","","Standalone","","","30 Apr 2018"
"03/04/2018 11:28","Purchase","'70838153003581079","WXR1081","","PRIMAX 95","Billed","22.73","50.01","PSS MASJID TANAH","515874","Standalone","","","30 Apr 2018"
"03/04/2018 11:26","Reload","'70838153003581079","WXR1081","","","Billed","","-100.00","PSS MASJID TANAH","","Standalone","","","30 Apr 2018"
"01/04/2018 14:36","Purchase","'70838153003581079","WXR1081","","PRIMAX 95","Billed","22.73","50.00","PSS MASJID TANAH","515693","Standalone","","","30 Apr 2018"
"01/04/2018 14:33","Reload","'70838153003581079","WXR1081","","","Billed","","-50.00","PSS MASJID TANAH","","Standalone","","","30 Apr 2018"