"Date Time","Transaction Type","Card Number","Vehicle Number","Driver Card Number","Product Type","Billing Type","Transaction Volume (Litres)","Transaction Amount (RM)","Station Name","Odometer","Card Type","Cost Centre","Cost Centre Name","Statement Month"
"12/04/2018 16:04","Purchase","'70838153003495577","WXR545","","PRIMAX 95","Billed","13.64","30.00","PSS KEDAWANG LANGKAWI","","Standalone","","","30 Apr 2018"
"12/04/2018 16:04","Reload","'70838153003495577","WXR545","","","Billed","","-30.00","PSS KEDAWANG LANGKAWI","","Standalone","","","30 Apr 2018"
"09/04/2018 15:00","Purchase","'70838153003495577","WXR545","","PRIMAX 95","Billed","11.37","25.00","PSS PADANG MAT SIRAT","","Standalone","","","30 Apr 2018"
"08/04/2018 09:15","Purchase","'70838153003495577","WXR545","","PRIMAX 95","Billed","11.37","25.00","PSS PADANG MAT SIRAT","","Standalone","","","30 Apr 2018"
"08/04/2018 09:14","Reload","'70838153003495577","WXR545","","","Billed","","-50.00","PSS PADANG MAT SIRAT","","Standalone","","","30 Apr 2018"
"06/04/2018 10:54","Purchase","'70838153003495577","WXR545","","PRIMAX 95","Billed","11.97","26.32","PSS PADANG MAT SIRAT","","Standalone","","","30 Apr 2018"
"03/04/2018 11:54","Purchase","'70838153003495577","WXR545","","PRIMAX 95","Billed","13.64","30.00","PSS PADANG MAT SIRAT","","Standalone","","","30 Apr 2018"
"03/04/2018 11:52","Reload","'70838153003495577","WXR545","","","Billed","","-50.00","PSS PADANG MAT SIRAT","","Standalone","","","30 Apr 2018"
"02/04/2018 09:56","Purchase","'70838153003495577","WXR545","","PRIMAX 95","Billed","13.64","30.00","PSS PADANG MAT SIRAT","","Standalone","","","30 Apr 2018"