"Date Time","Transaction Type","Card Number","Vehicle Number","Driver Card Number","Product Type","Billing Type","Transaction Volume (Litres)","Transaction Amount (RM)","Station Name","Odometer","Card Type","Cost Centre","Cost Centre Name","Statement Month"
"28/04/2018 09:10","Purchase","'70838153003501556","WXR989","","PRIMAX 95","Billed","22.73","50.00","PSS LUBUK CHINA","","Standalone","","","30 Apr 2018"
"28/04/2018 09:09","Reload","'70838153003501556","WXR989","","","Billed","","-100.00","PSS LUBUK CHINA","","Standalone","","","30 Apr 2018"
"26/04/2018 18:50","Purchase","'70838153003501556","WXR989","","PRIMAX 95","Billed","22.73","50.00","PSS LUBUK CHINA","","Standalone","","","30 Apr 2018"
"20/04/2018 17:55","Purchase","'70838153003501556","WXR989","","PRIMAX 95","Billed","31.82","70.00","PSS LUBUK CHINA","","Standalone","","","30 Apr 2018"
"19/04/2018 17:19","Purchase","'70838153003501556","WXR989","","PRIMAX 95","Billed","31.82","70.00","PSS LUBUK CHINA","","Standalone","","","30 Apr 2018"
"19/04/2018 17:17","Reload","'70838153003501556","WXR989","","","Billed","","-200.00","PSS LUBUK CHINA","","Standalone","","","30 Apr 2018"
"16/04/2018 10:57","Purchase","'70838153003501556","WXR989","","PRIMAX 95","Billed","22.73","50.00","PSS RAWAT & REHAT(S) KL- SEREMBAN","","Standalone","","","30 Apr 2018"
"12/04/2018 10:49","Purchase","'70838153003501556","WXR989","","PRIMAX 95","Billed","13.64","30.00","PSS LUBUK CHINA","","Standalone","","","30 Apr 2018"
"12/04/2018 10:47","Reload","'70838153003501556","WXR989","","","Billed","","-100.00","PSS LUBUK CHINA","","Standalone","","","30 Apr 2018"
"05/04/2018 09:25","Purchase","'70838153003501556","WXR989","","PRIMAX 95","Billed","22.73","50.00","PSS LUBUK CHINA","","Standalone","","","30 Apr 2018"
"01/04/2018 16:13","Purchase","'70838153003501556","WXR989","","PRIMAX 95","Billed","13.64","30.00","PSS LUBUK CHINA","","Standalone","","","30 Apr 2018"