"Date Time","Transaction Type","Card Number","Vehicle Number","Driver Card Number","Product Type","Billing Type","Transaction Volume (Litres)","Transaction Amount (RM)","Station Name","Odometer","Card Type","Cost Centre","Cost Centre Name","Statement Month"
"30/04/2018 10:49","Purchase","'70838153003501044","WXR961","","PRIMAX 95","Billed","2.27","5.00","PSS PUTRAJAYA PRECINT 9","5","Standalone","","","30 Apr 2018"
"23/04/2018 07:29","Purchase","'70838153003501044","WXR961","","PRIMAX 95","Billed","2.27","5.00","PSS TAMAN SAMUDERA BATU CAVES","5","Standalone","","","30 Apr 2018"
"19/04/2018 11:32","Reload","'70838153003501044","WXR961","","","Billed","","-20.00","PSS TAMAN SAMUDERA BATU CAVES","","Standalone","","","30 Apr 2018"
"19/04/2018 11:30","Purchase","'70838153003501044","WXR961","","PRIMAX 95","Billed","1.90","4.17","PSS TAMAN SAMUDERA BATU CAVES","5","Standalone","","","30 Apr 2018"
"16/04/2018 07:26","Purchase","'70838153003501044","WXR961","","PRIMAX 95","Billed","2.27","5.00","PSS TAMAN SAMUDERA BATU CAVES","5","Standalone","","","30 Apr 2018"
"12/04/2018 07:37","Purchase","'70838153003501044","WXR961","","PRIMAX 95","Billed","2.27","5.00","PSS TAMAN SRI GOMBAK","5","Standalone","","","30 Apr 2018"
"10/04/2018 13:16","Purchase","'70838153003501044","WXR961","","PRIMAX 95","Billed","2.28","5.00","PSS TAMAN SAMUDERA BATU CAVES","5","Standalone","","","30 Apr 2018"
"03/04/2018 07:35","Purchase","'70838153003501044","WXR961","","PRIMAX 95","Billed","2.27","5.00","PSS TAMAN SRI GOMBAK","5","Standalone","","","30 Apr 2018"
"03/04/2018 07:33","Reload","'70838153003501044","WXR961","","","Billed","","-20.00","PSS TAMAN SRI GOMBAK","","Standalone","","","30 Apr 2018"