"Date Time","Transaction Type","Card Number","Vehicle Number","Driver Card Number","Product Type","Billing Type","Transaction Volume (Litres)","Transaction Amount (RM)","Station Name","Odometer","Card Type","Cost Centre","Cost Centre Name","Statement Month"
"21/04/2018 12:48","Purchase","'70838153003581103","WXR1084","","PRIMAX 95","Billed","14.60","32.13","PSS LUBUK CHINA","","Standalone","","","30 Apr 2018"
"12/04/2018 22:09","Purchase","'70838153003581103","WXR1084","","PRIMAX 95","Billed","13.64","30.00","PSS LUBUK CHINA","","Standalone","","","30 Apr 2018"
"10/04/2018 21:45","Purchase","'70838153003581103","WXR1084","","PRIMAX 95","Billed","13.64","30.00","PSS LUBUK CHINA","","Standalone","","","30 Apr 2018"
"06/04/2018 22:53","Purchase","'70838153003581103","WXR1084","","PRIMAX 95","Billed","13.64","30.00","PSS LUBUK CHINA","","Standalone","","","30 Apr 2018"
"06/04/2018 22:51","Reload","'70838153003581103","WXR1084","","","Billed","","-100.00","PSS LUBUK CHINA","","Standalone","","","30 Apr 2018"