"Date Time","Transaction Type","Card Number","Vehicle Number","Driver Card Number","Product Type","Billing Type","Transaction Volume (Litres)","Transaction Amount (RM)","Station Name","Odometer","Card Type","Cost Centre","Cost Centre Name","Statement Month"
"29/04/2018 08:48","Purchase","'70838153003503305","WXR744","","PRIMAX 95","Billed","9.09","20.00","PSS SKUDAI RSA","","Standalone","","","30 Apr 2018"
"29/04/2018 08:47","Reload","'70838153003503305","WXR744","","","Billed","","-20.00","PSS SKUDAI RSA","","Standalone","","","30 Apr 2018"
"28/04/2018 19:05","Purchase","'70838153003503305","WXR744","","PRIMAX 95","Billed","9.09","20.00","PSS KLUANG AIR HITAM","","Standalone","","","30 Apr 2018"
"28/04/2018 18:48","Reload","'70838153003503305","WXR744","","","Billed","","-30.00","PSS KLUANG AIR HITAM","","Standalone","","","30 Apr 2018"
"28/04/2018 13:20","Purchase","'70838153003503305","WXR744","","PRIMAX 95","Billed","18.18","40.00","PSS TAMAN DESA KLUANG","","Standalone","","","30 Apr 2018"
"26/04/2018 11:21","Purchase","'70838153003503305","WXR744","","PRIMAX 95","Billed","18.18","40.00","PSS JALAN BATU PAHAT KLUANG","","Standalone","","","30 Apr 2018"
"26/04/2018 11:20","Reload","'70838153003503305","WXR744","","","Billed","","-50.00","PSS JALAN BATU PAHAT KLUANG","","Standalone","","","30 Apr 2018"
"22/04/2018 17:17","Purchase","'70838153003503305","WXR744","","PRIMAX 95","Billed","13.64","30.00","PSS JALAN BATU PAHAT KLUANG","","Standalone","","","30 Apr 2018"
"22/04/2018 17:15","Reload","'70838153003503305","WXR744","","","Billed","","-30.00","PSS JALAN BATU PAHAT KLUANG","","Standalone","","","30 Apr 2018"
"16/04/2018 12:31","Purchase","'70838153003503305","WXR744","","PRIMAX 95","Billed","13.64","30.00","PSS JALAN BATU PAHAT KLUANG","","Standalone","","","30 Apr 2018"
"16/04/2018 12:29","Reload","'70838153003503305","WXR744","","","Billed","","-50.00","PSS JALAN BATU PAHAT KLUANG","","Standalone","","","30 Apr 2018"
"07/04/2018 11:57","Purchase","'70838153003503305","WXR744","","PRIMAX 95","Billed","9.09","20.00","PSS KLUANG AIR HITAM","","Standalone","","","30 Apr 2018"
"07/04/2018 11:56","Reload","'70838153003503305","WXR744","","","Billed","","-30.00","PSS KLUANG AIR HITAM","","Standalone","","","30 Apr 2018"
"07/04/2018 11:53","Purchase","'70838153003503305","WXR744","","PRIMAX 95","Billed","3.06","6.73","PSS KLUANG AIR HITAM","","Standalone","","","30 Apr 2018"
"06/04/2018 22:16","Purchase","'70838153003503305","WXR744","","PRIMAX 95","Billed","22.73","50.00","PSS SEMERAH","","Standalone","","","30 Apr 2018"
"06/04/2018 13:48","Purchase","'70838153003503305","WXR744","","PRIMAX 95","Billed","9.09","20.00","PSS JALAN BATU PAHAT KLUANG","","Standalone","","","30 Apr 2018"
"05/04/2018 17:10","Purchase","'70838153003503305","WXR744","","PRIMAX 95","Billed","22.73","50.00","PSS BANDAR BARU AIR HITAM","","Standalone","","","30 Apr 2018"
"05/04/2018 17:08","Reload","'70838153003503305","WXR744","","","Billed","","-50.00","PSS BANDAR BARU AIR HITAM","","Standalone","","","30 Apr 2018"
"05/04/2018 15:20","Purchase","'70838153003503305","WXR744","","PRIMAX 95","Billed","2.73","6.00","PSS JALAN BATU PAHAT KLUANG","","Standalone","","","30 Apr 2018"
"03/04/2018 18:06","Purchase","'70838153003503305","WXR744","","PRIMAX 95","Billed","9.09","20.00","PSS JALAN BATU PAHAT KLUANG","","Standalone","","","30 Apr 2018"
"03/04/2018 18:05","Reload","'70838153003503305","WXR744","","","Billed","","-100.00","PSS JALAN BATU PAHAT KLUANG","","Standalone","","","30 Apr 2018"