"Date Time","Transaction Type","Card Number","Vehicle Number","Driver Card Number","Product Type","Billing Type","Transaction Volume (Litres)","Transaction Amount (RM)","Station Name","Odometer","Card Type","Cost Centre","Cost Centre Name","Statement Month"
"24/04/2018 12:25","Purchase","'70838153003423157","WXR93","","PRIMAX 95","Billed","59.10","130.01","PSS SEK 3 BANDAR BARU BANGI","63500","Standalone","","","30 Apr 2018"
"24/04/2018 12:24","Reload","'70838153003423157","WXR93","","","Billed","","-200.00","PSS SEK 3 BANDAR BARU BANGI","","Standalone","","","30 Apr 2018"
"16/04/2018 07:21","Purchase","'70838153003423157","WXR93","","PRIMAX 95","Billed","59.10","130.02","PSS SEK 3 BANDAR BARU BANGI","","Standalone","","","30 Apr 2018"
"15/04/2018 18:57","Purchase","'70838153003423157","WXR93","","PRIMAX 95","Billed","22.85","50.27","PSS SEK 3 BANDAR BARU BANGI","","Standalone","","","30 Apr 2018"
"15/04/2018 18:55","Reload","'70838153003423157","WXR93","","","Billed","","-200.00","PSS SEK 3 BANDAR BARU BANGI","","Standalone","","","30 Apr 2018"
"10/04/2018 22:52","Purchase","'70838153003423157","WXR93","","PRIMAX 95","Billed","59.09","130.00","PSS SECT 15 BB BANGI","63000","Standalone","","","30 Apr 2018"
"10/04/2018 22:51","Reload","'70838153003423157","WXR93","","","Billed","","-150.00","PSS SECT 15 BB BANGI","","Standalone","","","30 Apr 2018"
"04/04/2018 22:07","Purchase","'70838153003423157","WXR93","","PRIMAX 95","Billed","18.28","40.21","PSS SEK 3 BANDAR BARU BANGI","63000","Standalone","","","30 Apr 2018"
"04/04/2018 22:06","Reload","'70838153003423157","WXR93","","","Billed","","-50.00","PSS SEK 3 BANDAR BARU BANGI","","Standalone","","","30 Apr 2018"
"04/04/2018 22:04","Purchase","'70838153003423157","WXR93","","PRIMAX 95","Billed","2.41","5.30","PSS SEK 3 BANDAR BARU BANGI","63000","Standalone","","","30 Apr 2018"
"02/04/2018 23:35","Purchase","'70838153003423157","WXR93","","PRIMAX 95","Billed","57.04","125.49","PSS SEK 3 BANDAR BARU BANGI","6227","Standalone","","","30 Apr 2018"