"Date Time","Transaction Type","Card Number","Vehicle Number","Driver Card Number","Product Type","Billing Type","Transaction Volume (Litres)","Transaction Amount (RM)","Station Name","Odometer","Card Type","Cost Centre","Cost Centre Name","Statement Month"
"29/04/2018 20:49","Purchase","'70838153003501499","WXR993","","PRIMAX 95","Billed","9.09","20.00","PSS AULONG","","Standalone","","","30 Apr 2018"
"29/04/2018 20:47","Reload","'70838153003501499","WXR993","","","Billed","","-20.00","PSS AULONG","","Standalone","","","30 Apr 2018"
"18/04/2018 20:53","Purchase","'70838153003501499","WXR993","","PRIMAX 95","Billed","4.55","10.00","PSS AULONG","","Standalone","","","30 Apr 2018"
"18/04/2018 20:51","Reload","'70838153003501499","WXR993","","","Billed","","-20.00","PSS AULONG","","Standalone","","","30 Apr 2018"
"16/04/2018 20:38","Purchase","'70838153003501499","WXR993","","PRIMAX 95","Billed","4.55","10.00","PSS AULONG","","Standalone","","","30 Apr 2018"
"08/04/2018 21:35","Purchase","'70838153003501499","WXR993","","PRIMAX 95","Billed","4.55","10.00","PSS AULONG","","Standalone","","","30 Apr 2018"
"08/04/2018 21:32","Reload","'70838153003501499","WXR993","","","Billed","","-20.00","PSS AULONG","","Standalone","","","30 Apr 2018"