"Date Time","Transaction Type","Card Number","Vehicle Number","Driver Card Number","Product Type","Billing Type","Transaction Volume (Litres)","Transaction Amount (RM)","Station Name","Odometer","Card Type","Cost Centre","Cost Centre Name","Statement Month"
"30/04/2018 12:48","Purchase","'70838153003496104","WXR350","","PRIMAX 95","Billed","38.40","84.48","PSS KM 4 JALAN GAMBANG","","Standalone","","","30 Apr 2018"
"30/04/2018 12:46","Reload","'70838153003496104","WXR350","","","Billed","","-100.00","PSS KM 4 JALAN GAMBANG","","Standalone","","","30 Apr 2018"
"27/04/2018 18:19","Purchase","'70838153003496104","WXR350","","PRIMAX 95","Billed","21.09","46.39","PSS JALAN LIM HOE LEK","","Standalone","","","30 Apr 2018"
"27/04/2018 18:16","Reload","'70838153003496104","WXR350","","","Billed","","-30.00","PSS JALAN LIM HOE LEK","","Standalone","","","30 Apr 2018"
"24/04/2018 16:10","Purchase","'70838153003496104","WXR350","","PRIMAX 95","Billed","22.73","50.00","PSS JALAN KUANTAN SG LEMBING","","Standalone","","","30 Apr 2018"
"24/04/2018 16:09","Reload","'70838153003496104","WXR350","","","Billed","","-50.00","PSS JALAN KUANTAN SG LEMBING","","Standalone","","","30 Apr 2018"
"23/04/2018 21:37","Purchase","'70838153003496104","WXR350","","PRIMAX 95","Billed","40.92","90.01","PSS SERENDAH","","Standalone","","","30 Apr 2018"
"23/04/2018 21:36","Reload","'70838153003496104","WXR350","","","Billed","","-100.00","PSS SERENDAH","","Standalone","","","30 Apr 2018"
"21/04/2018 09:52","Purchase","'70838153003496104","WXR350","","PRIMAX 95","Billed","42.55","93.60","PSS TAMAN TUALANG INDAH","","Standalone","","","30 Apr 2018"
"21/04/2018 07:52","Reload","'70838153003496104","WXR350","","","Billed","","-100.00","PSS JAYA GADING","","Standalone","","","30 Apr 2018"
"19/04/2018 12:10","Purchase","'70838153003496104","WXR350","","PRIMAX 95","Billed","47.16","103.75","PSS JAYA GADING","","Standalone","","","30 Apr 2018"
"19/04/2018 12:05","Reload","'70838153003496104","WXR350","","","Billed","","-100.00","PSS JAYA GADING","","Standalone","","","30 Apr 2018"
"17/04/2018 04:15","Purchase","'70838153003496104","WXR350","","PRIMAX 95","Billed","24.59","54.10","PSS JALAN TUN RAZAK","","Standalone","","","30 Apr 2018"
"16/04/2018 17:26","Purchase","'70838153003496104","WXR350","","PRIMAX 95","Billed","48.64","107.00","PSS BANDAR INDERA MAHKOTA","","Standalone","","","30 Apr 2018"
"16/04/2018 17:24","Reload","'70838153003496104","WXR350","","","Billed","","-150.00","PSS BANDAR INDERA MAHKOTA","","Standalone","","","30 Apr 2018"
"13/04/2018 18:40","Purchase","'70838153003496104","WXR350","","PRIMAX 95","Billed","15.98","35.15","PSS TELOK SISEK","","Standalone","","","30 Apr 2018"
"12/04/2018 07:24","Purchase","'70838153003496104","WXR350","","PRIMAX 95","Billed","22.73","50.00","PSS JAYA GADING","","Standalone","","","30 Apr 2018"
"11/04/2018 12:48","Reload","'70838153003496104","WXR350","","","Billed","","-100.00","PSS BANDAR INDERA MAHKOTA","","Standalone","","","30 Apr 2018"
"11/04/2018 12:14","Purchase","'70838153003496104","WXR350","","PRIMAX 95","Billed","6.87","15.10","PSS JALAN BUKIT UBI KUANTAN","","Standalone","","","30 Apr 2018"
"08/04/2018 17:09","Purchase","'70838153003496104","WXR350","","PRIMAX 95","Billed","22.73","50.00","PSS KM 4 JALAN GAMBANG","","Standalone","","","30 Apr 2018"
"07/04/2018 09:20","Purchase","'70838153003496104","WXR350","","PRIMAX 95","Billed","15.86","34.90","PSS JAYA GADING","","Standalone","","","30 Apr 2018"
"07/04/2018 09:17","Reload","'70838153003496104","WXR350","","","Billed","","-100.00","PSS JAYA GADING","","Standalone","","","30 Apr 2018"
"04/04/2018 14:57","Purchase","'70838153003496104","WXR350","","PRIMAX 95","Billed","34.39","75.66","PSS JAYA GADING","","Standalone","","","30 Apr 2018"