"Date Time","Transaction Type","Card Number","Vehicle Number","Driver Card Number","Product Type","Billing Type","Transaction Volume (Litres)","Transaction Amount (RM)","Station Name","Odometer","Card Type","Cost Centre","Cost Centre Name","Statement Month"
"09/04/2018 15:25","Purchase","'70838153003579198","WXR1008","","PRIMAX 97","Billed","11.04","27.26","PSS JENJARUM","","Standalone","","","30 Apr 2018"
"06/04/2018 18:58","Purchase","'70838153003579198","WXR1008","","PRIMAX 97","Billed","16.20","40.00","PSS JENJARUM","","Standalone","","","30 Apr 2018"
"02/04/2018 19:08","Purchase","'70838153003579198","WXR1008","","PRIMAX 97","Billed","16.20","40.00","PSS JENJARUM","","Standalone","","","30 Apr 2018"
"02/04/2018 00:45","Purchase","'70838153003579198","WXR1008","","PRIMAX 95","Billed","22.73","50.00","PSS RAWAT & REHAT(S) KL- SEREMBAN","","Standalone","","","30 Apr 2018"
"01/04/2018 16:02","Purchase","'70838153003579198","WXR1008","","PRIMAX 95","Billed","22.73","50.00","PSS R & R GUNUNG SEMANGGOL","","Standalone","","","30 Apr 2018"