"Date Time","Transaction Type","Card Number","Vehicle Number","Driver Card Number","Product Type","Billing Type","Transaction Volume (Litres)","Transaction Amount (RM)","Station Name","Odometer","Card Type","Cost Centre","Cost Centre Name","Statement Month"
"15/04/2018 19:56","Purchase","'70838153003495403","WXR540","","Diesel","Billed","9.17","20.00","PSS KUAH LANGKAWI","","Standalone","","","30 Apr 2018"
"14/04/2018 12:58","Purchase","'70838153003495403","WXR540","","PRIMAX 95","Billed","20.00","44.00","PSS KUAH LANGKAWI","","Standalone","","","30 Apr 2018"
"11/04/2018 11:24","Purchase","'70838153003495403","WXR540","","PRIMAX 95","Billed","20.00","44.00","PSS KUAH LANGKAWI","","Standalone","","","30 Apr 2018"
"11/04/2018 11:23","Reload","'70838153003495403","WXR540","","","Billed","","-50.00","PSS KUAH LANGKAWI","","Standalone","","","30 Apr 2018"
"10/04/2018 08:55","Purchase","'70838153003495403","WXR540","","PRIMAX 95","Billed","20.00","44.00","PSS KUAH LANGKAWI","","Standalone","","","30 Apr 2018"
"10/04/2018 08:54","Reload","'70838153003495403","WXR540","","","Billed","","-50.00","PSS KUAH LANGKAWI","","Standalone","","","30 Apr 2018"
"09/04/2018 10:15","Purchase","'70838153003495403","WXR540","","PRIMAX 95","Billed","20.00","44.00","PSS KUAH LANGKAWI","1","Standalone","","","30 Apr 2018"
"09/04/2018 10:15","Reload","'70838153003495403","WXR540","","","Billed","","-50.00","PSS KUAH LANGKAWI","","Standalone","","","30 Apr 2018"
"08/04/2018 18:22","Purchase","'70838153003495403","WXR540","","Diesel","Billed","20.00","43.60","PSS TOK SENIK","","Standalone","","","30 Apr 2018"
"08/04/2018 18:20","Reload","'70838153003495403","WXR540","","","Billed","","-50.00","PSS TOK SENIK","","Standalone","","","30 Apr 2018"
"07/04/2018 17:31","Purchase","'70838153003495403","WXR540","","Diesel","Billed","9.17","20.00","PSS KUAH LANGKAWI","","Standalone","","","30 Apr 2018"
"07/04/2018 08:23","Purchase","'70838153003495403","WXR540","","PRIMAX 95","Billed","9.09","20.00","PSS KUAH LANGKAWI","","Standalone","","","30 Apr 2018"
"07/04/2018 08:22","Reload","'70838153003495403","WXR540","","","Billed","","-50.00","PSS KUAH LANGKAWI","","Standalone","","","30 Apr 2018"
"06/04/2018 08:17","Purchase","'70838153003495403","WXR540","","Diesel","Billed","9.17","20.00","PSS KUAH LANGKAWI","1","Standalone","","","30 Apr 2018"
"06/04/2018 08:15","Reload","'70838153003495403","WXR540","","","Billed","","-20.00","PSS KUAH LANGKAWI","","Standalone","","","30 Apr 2018"
"05/04/2018 10:10","Purchase","'70838153003495403","WXR540","","PRIMAX 95","Billed","15.00","33.00","PSS KUAH LANGKAWI","","Standalone","","","30 Apr 2018"
"05/04/2018 10:09","Reload","'70838153003495403","WXR540","","","Billed","","-50.00","PSS KUAH LANGKAWI","","Standalone","","","30 Apr 2018"
"01/04/2018 09:52","Purchase","'70838153003495403","WXR540","","PRIMAX 95","Billed","20.00","44.00","PSS TOK SENIK","","Standalone","","","30 Apr 2018"
"01/04/2018 09:50","Reload","'70838153003495403","WXR540","","","Billed","","-50.00","PSS TOK SENIK","","Standalone","","","30 Apr 2018"