"Date Time","Transaction Type","Card Number","Vehicle Number","Driver Card Number","Product Type","Billing Type","Transaction Volume (Litres)","Transaction Amount (RM)","Station Name","Odometer","Card Type","Cost Centre","Cost Centre Name","Statement Month"
"22/04/2018 14:57","Purchase","'70838153003501978","WXR739","","PRIMAX 95","Billed","15.18","33.40","PSS BANDAR BARU AIR HITAM","","Standalone","","","30 Apr 2018"
"22/04/2018 14:56","Reload","'70838153003501978","WXR739","","","Billed","","-50.00","PSS BANDAR BARU AIR HITAM","","Standalone","","","30 Apr 2018"
"22/04/2018 10:09","Purchase","'70838153003501978","WXR739","","PRIMAX 97","Billed","40.00","98.80","PSS BANDAR BARU AIR HITAM","","Standalone","","","30 Apr 2018"
"22/04/2018 10:08","Reload","'70838153003501978","WXR739","","","Billed","","-100.00","PSS BANDAR BARU AIR HITAM","","Standalone","","","30 Apr 2018"
"21/04/2018 18:19","Purchase","'70838153003501978","WXR739","","PRIMAX 95","Billed","10.02","22.05","PSS BANDAR BARU AIR HITAM","","Standalone","","","30 Apr 2018"
"21/04/2018 08:50","Purchase","'70838153003501978","WXR739","","PRIMAX 95","Billed","15.04","33.09","PSS BANDAR SERI PUTRA","","Standalone","","","30 Apr 2018"
"20/04/2018 22:59","Purchase","'70838153003501978","WXR739","","PRIMAX 95","Billed","15.12","33.25","PSS TAMAN SETIAWANGSA","","Standalone","","","30 Apr 2018"
"20/04/2018 22:57","Reload","'70838153003501978","WXR739","","","Billed","","-100.00","PSS TAMAN SETIAWANGSA","","Standalone","","","30 Apr 2018"
"20/04/2018 14:35","Purchase","'70838153003501978","WXR739","","PRIMAX 95","Billed","6.61","14.55","PSS BATU 3 SHAH ALAM","","Standalone","","","30 Apr 2018"
"20/04/2018 10:23","Purchase","'70838153003501978","WXR739","","PRIMAX 97","Billed","20.00","49.40","PSS SEK 3 BANDAR BARU BANGI","","Standalone","","","30 Apr 2018"
"18/04/2018 21:40","Purchase","'70838153003501978","WXR739","","PRIMAX 97","Billed","14.60","36.05","PSS KM 305 PLUS ARAH SELATAN","","Standalone","","","30 Apr 2018"
"18/04/2018 21:38","Reload","'70838153003501978","WXR739","","","Billed","","-100.00","PSS KM 305 PLUS ARAH SELATAN","","Standalone","","","30 Apr 2018"
"18/04/2018 17:02","Purchase","'70838153003501978","WXR739","","PRIMAX 97","Billed","40.49","100.00","PSS GENTING SEMPAH","","Standalone","","","30 Apr 2018"
"17/04/2018 14:57","Reload","'70838153003501978","WXR739","","","Billed","","-100.00","PSS SETAPAK","","Standalone","","","30 Apr 2018"
"15/04/2018 08:22","Purchase","'70838153003501978","WXR739","","PRIMAX 97","Billed","48.29","119.28","PSS KLIA 1","","Standalone","","","30 Apr 2018"
"15/04/2018 08:21","Reload","'70838153003501978","WXR739","","","Billed","","-100.00","PSS KLIA 1","","Standalone","","","30 Apr 2018"
"06/04/2018 22:39","Purchase","'70838153003501978","WXR739","","PRIMAX 97","Billed","44.83","110.72","PSS TAMAN DESA KLUANG","","Standalone","","","30 Apr 2018"
"06/04/2018 22:37","Reload","'70838153003501978","WXR739","","","Billed","","-120.00","PSS TAMAN DESA KLUANG","","Standalone","","","30 Apr 2018"
"05/04/2018 15:17","Purchase","'70838153003501978","WXR739","","PRIMAX 97","Billed","56.68","140.00","PSS JALAN TUN DR ISMAIL","","Standalone","","","30 Apr 2018"
"05/04/2018 15:16","Reload","'70838153003501978","WXR739","","","Billed","","-100.00","PSS JALAN TUN DR ISMAIL","","Standalone","","","30 Apr 2018"
"04/04/2018 10:58","Purchase","'70838153003501978","WXR739","","PRIMAX 97","Billed","24.29","60.00","PSS SEKSYEN 9-BANGI","","Standalone","","","30 Apr 2018"
"04/04/2018 10:57","Reload","'70838153003501978","WXR739","","","Billed","","-100.00","PSS SEKSYEN 9-BANGI","","Standalone","","","30 Apr 2018"
"02/04/2018 11:16","Purchase","'70838153003501978","WXR739","","PRIMAX 97","Billed","46.43","114.67","PSS RAWAT & REHAT(S) KL- SEREMBAN","","Standalone","","","30 Apr 2018"
"01/04/2018 08:18","Purchase","'70838153003501978","WXR739","","PRIMAX 97","Billed","22.06","54.50","PSS JALAN RHU AMPANG","","Standalone","","","30 Apr 2018"
"01/04/2018 08:17","Reload","'70838153003501978","WXR739","","","Billed","","-150.00","PSS JALAN RHU AMPANG","","Standalone","","","30 Apr 2018"