"Date Time","Transaction Type","Card Number","Vehicle Number","Driver Card Number","Product Type","Billing Type","Transaction Volume (Litres)","Transaction Amount (RM)","Station Name","Odometer","Card Type","Cost Centre","Cost Centre Name","Statement Month"
"26/04/2018 13:38","Purchase","'70838153003496468","WXR360","","PRIMAX 95","Billed","3.04","6.69","PSS NPE PANTAI DALAM","","Standalone","","","30 Apr 2018"
"25/04/2018 15:42","Purchase","'70838153003496468","WXR360","","PRIMAX 95","Billed","11.36","25.00","PSS KM 12.3 LEBUHRAYA PERSEKUTUAN","","Standalone","","","30 Apr 2018"
"24/04/2018 18:09","Purchase","'70838153003496468","WXR360","","PRIMAX 95","Billed","3.01","6.61","PSS GRAND SAGA  KL BOUND","","Standalone","","","30 Apr 2018"
"23/04/2018 09:19","Purchase","'70838153003496468","WXR360","","PRIMAX 95","Billed","2.87","6.32","PSS JALAN TUN RAZAK","","Standalone","","","30 Apr 2018"
"23/04/2018 09:19","Purchase","'70838153003496468","WXR360","","PRIMAX 95","Un-billed","2.87","6.32","PSS JALAN TUN RAZAK","","Standalone","","","Unbilled Transaction"
"22/04/2018 13:34","Purchase","'70838153003496468","WXR360","","PRIMAX 95","Billed","9.09","20.00","PSS JALAN REKO2","","Standalone","","","30 Apr 2018"
"20/04/2018 09:59","Purchase","'70838153003496468","WXR360","","PRIMAX 95","Billed","3.03","6.66","PSS BANGSAR","","Standalone","","","30 Apr 2018"
"19/04/2018 22:54","Purchase","'70838153003496468","WXR360","","PRIMAX 95","Billed","11.36","25.00","PSS BANDAR SRI PERMAISURI","","Standalone","","","30 Apr 2018"
"18/04/2018 13:23","Purchase","'70838153003496468","WXR360","","PRIMAX 95","Billed","2.53","5.56","PSS NPE PANTAI DALAM","","Standalone","","","30 Apr 2018"
"18/04/2018 13:19","Reload","'70838153003496468","WXR360","","","Billed","","-100.00","PSS NPE PANTAI DALAM","","Standalone","","","30 Apr 2018"
"17/04/2018 08:16","Purchase","'70838153003496468","WXR360","","PRIMAX 95","Billed","2.90","6.37","PSS NPE TAMAN DESA","","Standalone","","","30 Apr 2018"
"15/04/2018 10:24","Purchase","'70838153003496468","WXR360","","PRIMAX 95","Billed","18.33","40.32","PSS FAS","","Standalone","","","30 Apr 2018"
"14/04/2018 17:09","Purchase","'70838153003496468","WXR360","","PRIMAX 95","Billed","11.41","25.11","PSS JALAN TUN RAZAK","","Standalone","","","30 Apr 2018"
"13/04/2018 16:51","Purchase","'70838153003496468","WXR360","","PRIMAX 97","Billed","5.91","14.59","PSS NPE PANTAI DALAM","","Standalone","","","30 Apr 2018"
"10/04/2018 14:01","Reload","'70838153003496468","WXR360","","","Billed","","-100.00","PSS JALAN SUNGAI UJONG","","Standalone","","","30 Apr 2018"
"08/04/2018 09:30","Purchase","'70838153003496468","WXR360","","PRIMAX 95","Billed","37.28","82.00","PSS PRIMA SAUJANA 2","","Standalone","","","30 Apr 2018"
"08/04/2018 09:29","Reload","'70838153003496468","WXR360","","","Billed","","-100.00","PSS PRIMA SAUJANA 2","","Standalone","","","30 Apr 2018"
"06/04/2018 16:28","Purchase","'70838153003496468","WXR360","","PRIMAX 95","Billed","11.37","25.01","PSS GRAND SAGA  KL BOUND","","Standalone","","","30 Apr 2018"
"04/04/2018 06:22","Purchase","'70838153003496468","WXR360","","PRIMAX 95","Billed","18.19","40.02","PSS GRAND SAGA  KL BOUND","","Standalone","","","30 Apr 2018"
"02/04/2018 18:57","Purchase","'70838153003496468","WXR360","","PRIMAX 95","Billed","3.15","6.92","PSS PERSIARAN MAHKOTA CHERAS","","Standalone","","","30 Apr 2018"
"01/04/2018 13:25","Purchase","'70838153003496468","WXR360","","PRIMAX 95","Billed","28.66","63.05","PSS DESARU","","Standalone","","","30 Apr 2018"