"Date Time","Transaction Type","Card Number","Vehicle Number","Driver Card Number","Product Type","Billing Type","Transaction Volume (Litres)","Transaction Amount (RM)","Station Name","Odometer","Card Type","Cost Centre","Cost Centre Name","Statement Month"
"29/04/2018 11:51","Purchase","'70838153003500467","WXR951","","PRIMAX 95","Billed","13.64","30.00","PSS MACHAP ARAH SELATAN","203","Standalone","","","30 Apr 2018"
"29/04/2018 10:48","Reload","'70838153003500467","WXR951","","","Billed","","-100.00","PSS AYER KEROH 3","","Standalone","","","30 Apr 2018"
"29/04/2018 10:47","Purchase","'70838153003500467","WXR951","","PRIMAX 95","Billed","15.47","34.02","PSS AYER KEROH 3","202","Standalone","","","30 Apr 2018"
"25/04/2018 20:22","Purchase","'70838153003500467","WXR951","","PRIMAX 95","Billed","22.73","50.00","PSS TAMAN SETIA INDAH","202","Standalone","","","30 Apr 2018"
"22/04/2018 03:15","Purchase","'70838153003500467","WXR951","","PRIMAX 95","Billed","22.73","50.00","PSS MACHAP ARAH SELATAN","801","Standalone","","","30 Apr 2018"
"21/04/2018 18:36","Purchase","'70838153003500467","WXR951","","PRIMAX 95","Billed","18.18","40.00","PSS MITC","200","Standalone","","","30 Apr 2018"
"21/04/2018 18:35","Reload","'70838153003500467","WXR951","","","Billed","","-200.00","PSS MITC","","Standalone","","","30 Apr 2018"
"15/04/2018 13:39","Purchase","'70838153003500467","WXR951","","PRIMAX 95","Billed","4.55","10.00","PSS MACHAP ARAH SELATAN","50","Standalone","","","30 Apr 2018"
"13/04/2018 16:17","Purchase","'70838153003500467","WXR951","","PRIMAX 95","Billed","22.73","50.00","PSS SPA KRUBONG","197","Standalone","","","30 Apr 2018"
"13/04/2018 07:24","Purchase","'70838153003500467","WXR951","","PRIMAX 95","Billed","18.18","40.00","PSS SPA KRUBONG","40","Standalone","","","30 Apr 2018"
"12/04/2018 20:23","Purchase","'70838153003500467","WXR951","","PRIMAX 95","Billed","27.27","60.00","PSS TAMAN SETIA INDAH","196","Standalone","","","30 Apr 2018"
"08/04/2018 03:13","Purchase","'70838153003500467","WXR951","","PRIMAX 95","Billed","18.18","40.00","PSS MACHAP ARAH SELATAN","73797","Standalone","","","30 Apr 2018"
"07/04/2018 13:52","Reload","'70838153003500467","WXR951","","","Billed","","-200.00","PSS CHENG","","Standalone","","","30 Apr 2018"
"07/04/2018 13:50","Purchase","'70838153003500467","WXR951","","PRIMAX 95","Billed","5.42","11.92","PSS CHENG","196","Standalone","","","30 Apr 2018"
"06/04/2018 14:56","Purchase","'70838153003500467","WXR951","","PRIMAX 95","Billed","22.73","50.00","PSS CHENG","50","Standalone","","","30 Apr 2018"
"05/04/2018 20:02","Purchase","'70838153003500467","WXR951","","PRIMAX 95","Billed","22.73","50.00","PSS TAMAN SETIA INDAH","195","Standalone","","","30 Apr 2018"
"01/04/2018 16:35","Purchase","'70838153003500467","WXR951","","PRIMAX 95","Billed","22.73","50.00","PSS TAMAN SETIA INDAH","194","Standalone","","","30 Apr 2018"