"Date Time","Transaction Type","Card Number","Vehicle Number","Driver Card Number","Product Type","Billing Type","Transaction Volume (Litres)","Transaction Amount (RM)","Station Name","Odometer","Card Type","Cost Centre","Cost Centre Name","Statement Month"
"28/04/2018 22:15","Purchase","'70838153003424916","WXR60","","PRIMAX 95","Billed","19.52","42.93","PSS SIMPANG PULAI ARAH UTARA","","Standalone","","","30 Apr 2018"
"28/04/2018 07:17","Purchase","'70838153003424916","WXR60","","PRIMAX 95","Billed","48.67","107.07","PSS BANDAR MUTIARA","","Standalone","","","30 Apr 2018"
"28/04/2018 07:15","Reload","'70838153003424916","WXR60","","","Billed","","-150.00","PSS BANDAR MUTIARA","","Standalone","","","30 Apr 2018"
"08/04/2018 18:01","Purchase","'70838153003424916","WXR60","","PRIMAX 95","Billed","9.09","20.00","PSS PENDANG","","Standalone","","","30 Apr 2018"
"08/04/2018 17:59","Reload","'70838153003424916","WXR60","","","Billed","","-20.00","PSS PENDANG","","Standalone","","","30 Apr 2018"
"07/04/2018 20:51","Purchase","'70838153003424916","WXR60","","PRIMAX 95","Billed","9.09","20.00","PSS JLN TANJONG BENDAHARA","","Standalone","","","30 Apr 2018"
"07/04/2018 20:50","Reload","'70838153003424916","WXR60","","","Billed","","-20.00","PSS JLN TANJONG BENDAHARA","","Standalone","","","30 Apr 2018"
"07/04/2018 09:24","Purchase","'70838153003424916","WXR60","","PRIMAX 95","Billed","22.73","50.00","PSS SG TUA","","Standalone","","","30 Apr 2018"
"07/04/2018 09:21","Reload","'70838153003424916","WXR60","","","Billed","","-50.00","PSS SG TUA","","Standalone","","","30 Apr 2018"
"05/04/2018 22:04","Purchase","'70838153003424916","WXR60","","PRIMAX 95","Billed","45.79","100.74","PSS LAGUNA MERBUK","","Standalone","","","30 Apr 2018"
"05/04/2018 22:01","Reload","'70838153003424916","WXR60","","","Billed","","-100.00","PSS LAGUNA MERBUK","","Standalone","","","30 Apr 2018"