"Date Time","Transaction Type","Card Number","Vehicle Number","Driver Card Number","Product Type","Billing Type","Transaction Volume (Litres)","Transaction Amount (RM)","Station Name","Odometer","Card Type","Cost Centre","Cost Centre Name","Statement Month"
"18/04/2018 18:42","Purchase","'70838153003497367","WXR850","","PRIMAX 95","Billed","1.38","3.04","PSS LEBUHRAYA SPRINT","","Standalone","","","30 Apr 2018"
"18/04/2018 17:29","Purchase","'70838153003497367","WXR850","","PRIMAX 95","Billed","2.27","5.00","PSS LEBUHRAYA SPRINT","","Standalone","","","30 Apr 2018"
"18/04/2018 14:39","Purchase","'70838153003497367","WXR850","","PRIMAX 95","Billed","13.64","30.00","PSS LEBUHRAYA SPRINT","","Standalone","","","30 Apr 2018"
"18/04/2018 14:22","Purchase","'70838153003497367","WXR850","","PRIMAX 95","Billed","9.09","20.00","PSS LEBUHRAYA SPRINT","","Standalone","","","30 Apr 2018"
"17/04/2018 17:38","Purchase","'70838153003497367","WXR850","","PRIMAX 95","Billed","3.18","7.00","PSS LEBUHRAYA SPRINT","","Standalone","","","30 Apr 2018"
"17/04/2018 16:23","Reload","'70838153003497367","WXR850","","","Billed","","-370.00","PSS LEBUHRAYA SPRINT","","Standalone","","","30 Apr 2018"
"17/04/2018 16:17","Purchase","'70838153003497367","WXR850","","PRIMAX 95","Billed","27.27","60.00","PSS LEBUHRAYA SPRINT","","Standalone","","","30 Apr 2018"
"17/04/2018 15:55","Purchase","'70838153003497367","WXR850","","Diesel","Billed","27.52","60.00","PSS LEBUHRAYA SPRINT","","Standalone","","","30 Apr 2018"
"17/04/2018 15:28","Purchase","'70838153003497367","WXR850","","PRIMAX 95","Billed","22.73","50.00","PSS LEBUHRAYA SPRINT","","Standalone","","","30 Apr 2018"
"17/04/2018 14:24","Purchase","'70838153003497367","WXR850","","Diesel (EURO 5)","Billed","21.93","50.00","PSS LEBUHRAYA SPRINT","","Standalone","","","30 Apr 2018"
"17/04/2018 14:03","Purchase","'70838153003497367","WXR850","","PRIMAX 95","Billed","31.82","70.00","PSS LEBUHRAYA SPRINT","","Standalone","","","30 Apr 2018"
"16/04/2018 21:19","Purchase","'70838153003497367","WXR850","","PRIMAX 95","Billed","36.36","80.00","PSS LEBUHRAYA SPRINT","","Standalone","","","30 Apr 2018"
"16/04/2018 21:02","Reload","'70838153003497367","WXR850","","","Billed","","-370.00","PSS LEBUHRAYA SPRINT","","Standalone","","","30 Apr 2018"
"16/04/2018 20:16","Purchase","'70838153003497367","WXR850","","PRIMAX 95","Billed","22.73","50.00","PSS LEBUHRAYA SPRINT","","Standalone","","","30 Apr 2018"
"16/04/2018 15:15","Purchase","'70838153003497367","WXR850","","PRIMAX 95","Billed","13.64","30.00","PSS LEBUHRAYA SPRINT","","Standalone","","","30 Apr 2018"
"16/04/2018 14:49","Purchase","'70838153003497367","WXR850","","PRIMAX 95","Billed","22.73","50.00","PSS LEBUHRAYA SPRINT","","Standalone","","","30 Apr 2018"
"16/04/2018 14:34","Purchase","'70838153003497367","WXR850","","PRIMAX 95","Billed","9.09","20.00","PSS LEBUHRAYA SPRINT","","Standalone","","","30 Apr 2018"
"16/04/2018 14:29","Purchase","'70838153003497367","WXR850","","PRIMAX 95","Billed","22.73","50.00","PSS LEBUHRAYA SPRINT","","Standalone","","","30 Apr 2018"
"16/04/2018 14:12","Purchase","'70838153003497367","WXR850","","PRIMAX 95","Billed","13.64","30.00","PSS LEBUHRAYA SPRINT","","Standalone","","","30 Apr 2018"
"16/04/2018 14:00","Purchase","'70838153003497367","WXR850","","PRIMAX 95","Billed","9.09","20.00","PSS LEBUHRAYA SPRINT","","Standalone","","","30 Apr 2018"
"16/04/2018 13:51","Purchase","'70838153003497367","WXR850","","Diesel","Billed","32.11","70.00","PSS LEBUHRAYA SPRINT","","Standalone","","","30 Apr 2018"
"14/04/2018 12:37","Purchase","'70838153003497367","WXR850","","PRIMAX 95","Billed","18.18","40.00","PSS LEBUHRAYA SPRINT","","Standalone","","","30 Apr 2018"
"13/04/2018 12:02","Purchase","'70838153003497367","WXR850","","PRIMAX 95","Billed","4.55","10.00","PSS LEBUHRAYA SPRINT","","Standalone","","","30 Apr 2018"
"13/04/2018 11:27","Reload","'70838153003497367","WXR850","","","Billed","","-418.00","PSS LEBUHRAYA SPRINT","","Standalone","","","30 Apr 2018"
"12/04/2018 13:42","Purchase","'70838153003497367","WXR850","","PRIMAX 95","Billed","2.27","5.00","PSS LEBUHRAYA SPRINT","","Standalone","","","30 Apr 2018"
"12/04/2018 13:32","Purchase","'70838153003497367","WXR850","","PRIMAX 95","Billed","22.73","50.00","PSS LEBUHRAYA SPRINT","","Standalone","","","30 Apr 2018"
"12/04/2018 13:16","Purchase","'70838153003497367","WXR850","","PRIMAX 95","Billed","22.73","50.00","PSS LEBUHRAYA SPRINT","","Standalone","","","30 Apr 2018"
"12/04/2018 13:14","Purchase","'70838153003497367","WXR850","","PRIMAX 95","Billed","13.64","30.00","PSS LEBUHRAYA SPRINT","","Standalone","","","30 Apr 2018"
"12/04/2018 13:03","Purchase","'70838153003497367","WXR850","","PRIMAX 95","Billed","22.73","50.00","PSS LEBUHRAYA SPRINT","","Standalone","","","30 Apr 2018"
"11/04/2018 13:13","Purchase","'70838153003497367","WXR850","","PRIMAX 95","Billed","36.36","80.00","PSS LEBUHRAYA SPRINT","","Standalone","","","30 Apr 2018"
"11/04/2018 12:56","Purchase","'70838153003497367","WXR850","","PRIMAX 95","Billed","18.18","40.00","PSS LEBUHRAYA SPRINT","","Standalone","","","30 Apr 2018"
"11/04/2018 12:55","Purchase","'70838153003497367","WXR850","","PRIMAX 95","Billed","13.64","30.00","PSS LEBUHRAYA SPRINT","","Standalone","","","30 Apr 2018"
"11/04/2018 12:35","Purchase","'70838153003497367","WXR850","","PRIMAX 95","Billed","22.73","50.00","PSS LEBUHRAYA SPRINT","","Standalone","","","30 Apr 2018"
"11/04/2018 12:28","Purchase","'70838153003497367","WXR850","","PRIMAX 95","Billed","1.36","3.00","PSS LEBUHRAYA SPRINT","","Standalone","","","30 Apr 2018"
"11/04/2018 12:02","Purchase","'70838153003497367","WXR850","","PRIMAX 95","Billed","9.09","20.00","PSS LEBUHRAYA SPRINT","","Standalone","","","30 Apr 2018"
"11/04/2018 11:45","Reload","'70838153003497367","WXR850","","","Billed","","-420.00","PSS LEBUHRAYA SPRINT","","Standalone","","","30 Apr 2018"
"10/04/2018 16:39","Purchase","'70838153003497367","WXR850","","PRIMAX 95","Billed","0.86","1.89","PSS LEBUHRAYA SPRINT","","Standalone","","","30 Apr 2018"
"10/04/2018 14:49","Purchase","'70838153003497367","WXR850","","PRIMAX 95","Billed","6.82","15.00","PSS LEBUHRAYA SPRINT","","Standalone","","","30 Apr 2018"
"10/04/2018 14:49","Purchase","'70838153003497367","WXR850","","Diesel","Billed","4.59","10.00","PSS LEBUHRAYA SPRINT","","Standalone","","","30 Apr 2018"
"10/04/2018 14:43","Purchase","'70838153003497367","WXR850","","PRIMAX 95","Billed","22.73","50.00","PSS LEBUHRAYA SPRINT","","Standalone","","","30 Apr 2018"
"09/04/2018 16:25","Purchase","'70838153003497367","WXR850","","PRIMAX 95","Billed","22.73","50.00","PSS LEBUHRAYA SPRINT","","Standalone","","","30 Apr 2018"
"09/04/2018 15:19","Purchase","'70838153003497367","WXR850","","PRIMAX 95","Billed","18.18","40.00","PSS LEBUHRAYA SPRINT","","Standalone","","","30 Apr 2018"
"09/04/2018 13:26","Purchase","'70838153003497367","WXR850","","PRIMAX 95","Billed","2.27","5.00","PSS LEBUHRAYA SPRINT","","Standalone","","","30 Apr 2018"
"06/04/2018 16:00","Purchase","'70838153003497367","WXR850","","PRIMAX 95","Billed","18.18","40.00","PSS LEBUHRAYA SPRINT","","Standalone","","","30 Apr 2018"
"06/04/2018 15:35","Purchase","'70838153003497367","WXR850","","PRIMAX 95","Billed","13.64","30.00","PSS LEBUHRAYA SPRINT","","Standalone","","","30 Apr 2018"
"06/04/2018 11:36","Purchase","'70838153003497367","WXR850","","PRIMAX 95","Billed","9.09","20.00","PSS LEBUHRAYA SPRINT","","Standalone","","","30 Apr 2018"
"05/04/2018 15:48","Purchase","'70838153003497367","WXR850","","PRIMAX 95","Billed","22.73","50.00","PSS LEBUHRAYA SPRINT","","Standalone","","","30 Apr 2018"
"05/04/2018 12:53","Purchase","'70838153003497367","WXR850","","PRIMAX 95","Billed","22.73","50.00","PSS LEBUHRAYA SPRINT","","Standalone","","","30 Apr 2018"
"05/04/2018 12:03","Purchase","'70838153003497367","WXR850","","PRIMAX 95","Billed","4.55","10.00","PSS LEBUHRAYA SPRINT","","Standalone","","","30 Apr 2018"
"04/04/2018 15:43","Purchase","'70838153003497367","WXR850","","PRIMAX 95","Billed","22.73","50.00","PSS LEBUHRAYA SPRINT","","Standalone","","","30 Apr 2018"
"03/04/2018 17:06","Reload","'70838153003497367","WXR850","","","Billed","","-366.00","PSS LEBUHRAYA SPRINT","","Standalone","","","30 Apr 2018"
"03/04/2018 16:05","Purchase","'70838153003497367","WXR850","","PRIMAX 95","Billed","13.64","30.00","PSS LEBUHRAYA SPRINT","","Standalone","","","30 Apr 2018"
"03/04/2018 12:47","Purchase","'70838153003497367","WXR850","","PRIMAX 95","Billed","22.73","50.01","PSS LEBUHRAYA SPRINT","","Standalone","","","30 Apr 2018"
"03/04/2018 12:37","Purchase","'70838153003497367","WXR850","","PRIMAX 95","Billed","31.82","70.00","PSS LEBUHRAYA SPRINT","","Standalone","","","30 Apr 2018"
"03/04/2018 12:13","Purchase","'70838153003497367","WXR850","","PRIMAX 95","Billed","18.18","40.00","PSS LEBUHRAYA SPRINT","","Standalone","","","30 Apr 2018"
"02/04/2018 16:50","Purchase","'70838153003497367","WXR850","","PRIMAX 95","Billed","13.64","30.00","PSS LEBUHRAYA SPRINT","","Standalone","","","30 Apr 2018"
"02/04/2018 16:44","Purchase","'70838153003497367","WXR850","","PRIMAX 95","Billed","4.54","9.99","PSS LEBUHRAYA SPRINT","","Standalone","","","30 Apr 2018"
"02/04/2018 16:37","Purchase","'70838153003497367","WXR850","","PRIMAX 95","Billed","9.09","20.00","PSS LEBUHRAYA SPRINT","","Standalone","","","30 Apr 2018"
"02/04/2018 16:27","Purchase","'70838153003497367","WXR850","","PRIMAX 95","Billed","22.73","50.00","PSS LEBUHRAYA SPRINT","","Standalone","","","30 Apr 2018"
"02/04/2018 13:35","Purchase","'70838153003497367","WXR850","","PRIMAX 95","Billed","29.55","65.00","PSS LEBUHRAYA SPRINT","","Standalone","","","30 Apr 2018"
"02/04/2018 12:33","Purchase","'70838153003497367","WXR850","","PRIMAX 95","Billed","0.03","0.07","PSS LEBUHRAYA SPRINT","","Standalone","","","30 Apr 2018"