"Date Time","Transaction Type","Card Number","Vehicle Number","Driver Card Number","Product Type","Billing Type","Transaction Volume (Litres)","Transaction Amount (RM)","Station Name","Odometer","Card Type","Cost Centre","Cost Centre Name","Statement Month"
"22/04/2018 15:54","Purchase","'70838153003423736","WXR270","","PRIMAX 95","Billed","9.09","20.00","PSS KM 12.3 LEBUHRAYA PERSEKUTUAN","","Standalone","","","30 Apr 2018"
"22/04/2018 13:09","Purchase","'70838153003423736","WXR270","","PRIMAX 95","Billed","9.09","20.00","PSS KLIA 1","","Standalone","","","30 Apr 2018"
"22/04/2018 13:08","Reload","'70838153003423736","WXR270","","","Billed","","-40.00","PSS KLIA 1","","Standalone","","","30 Apr 2018"
"11/04/2018 12:28","Purchase","'70838153003423736","WXR270","","PRIMAX 95","Billed","13.64","30.00","PSS PENDAMAR INDAH 1","","Standalone","","","30 Apr 2018"
"11/04/2018 12:26","Reload","'70838153003423736","WXR270","","","Billed","","-30.00","PSS PENDAMAR INDAH 1","","Standalone","","","30 Apr 2018"
"08/04/2018 17:46","Purchase","'70838153003423736","WXR270","","PRIMAX 95","Billed","6.82","15.00","PSS PENDAMAR INDAH 1","","Standalone","","","30 Apr 2018"
"05/04/2018 11:14","Purchase","'70838153003423736","WXR270","","PRIMAX 95","Billed","4.55","10.00","PSS PENDAMAR INDAH 2","","Standalone","","","30 Apr 2018"
"03/04/2018 11:34","Purchase","'70838153003423736","WXR270","","PRIMAX 95","Billed","9.09","20.00","PSS JALAN LANGAT","","Standalone","","","30 Apr 2018"
"01/04/2018 16:33","Purchase","'70838153003423736","WXR270","","PRIMAX 97","Billed","4.05","10.00","PSS TAPAH ARAH UTARA","","Standalone","","","30 Apr 2018"
"01/04/2018 13:21","Purchase","'70838153003423736","WXR270","","PRIMAX 95","Billed","13.64","30.00","PSS PENDAMAR INDAH 1","","Standalone","","","30 Apr 2018"
"01/04/2018 13:20","Reload","'70838153003423736","WXR270","","","Billed","","-50.00","PSS PENDAMAR INDAH 1","","Standalone","","","30 Apr 2018"