"Date Time","Transaction Type","Card Number","Vehicle Number","Driver Card Number","Product Type","Billing Type","Transaction Volume (Litres)","Transaction Amount (RM)","Station Name","Odometer","Card Type","Cost Centre","Cost Centre Name","Statement Month"
"24/04/2018 16:47","Purchase","'70838153003502125","WXR750","","PRIMAX 95","Billed","21.76","47.88","PSS BAYU PUTERI","552443","Standalone","","","30 Apr 2018"
"23/04/2018 08:14","Purchase","'70838153003502125","WXR750","","PRIMAX 95","Billed","31.82","70.00","PSS JALAN MASAI LAMA","551656","Standalone","","","30 Apr 2018"
"23/04/2018 08:10","Reload","'70838153003502125","WXR750","","","Billed","","-100.00","PSS JALAN MASAI LAMA","","Standalone","","","30 Apr 2018"
"22/04/2018 17:58","Purchase","'70838153003502125","WXR750","","PRIMAX 95","Billed","42.73","94.01","PSS RAWAT & REHAT(S) KL- SEREMBAN","551315","Standalone","","","30 Apr 2018"
"22/04/2018 17:56","Reload","'70838153003502125","WXR750","","","Billed","","-100.00","PSS RAWAT & REHAT(S) KL- SEREMBAN","","Standalone","","","30 Apr 2018"
"22/04/2018 01:32","Purchase","'70838153003502125","WXR750","","PRIMAX 95","Billed","43.20","95.05","PSS FAS","550531","Standalone","","","30 Apr 2018"
"22/04/2018 01:29","Reload","'70838153003502125","WXR750","","","Billed","","-100.00","PSS FAS","","Standalone","","","30 Apr 2018"
"21/04/2018 10:15","Purchase","'70838153003502125","WXR750","","PRIMAX 95","Billed","40.91","90.00","PSS LEBUHRAYA PASIR GUDANG 1","550071","Standalone","","","30 Apr 2018"
"21/04/2018 10:09","Reload","'70838153003502125","WXR750","","","Billed","","-100.00","PSS LEBUHRAYA PASIR GUDANG 1","","Standalone","","","30 Apr 2018"
"19/04/2018 23:37","Purchase","'70838153003502125","WXR750","","PRIMAX 95","Billed","45.33","99.73","PSS RAWANG RSA","548923","Standalone","","","30 Apr 2018"
"19/04/2018 23:35","Reload","'70838153003502125","WXR750","","","Billed","","-100.00","PSS RAWANG RSA","","Standalone","","","30 Apr 2018"
"18/04/2018 10:18","Purchase","'70838153003502125","WXR750","","PRIMAX 95","Billed","25.88","56.93","PSS BAYU PUTERI","548498","Standalone","","","30 Apr 2018"
"17/04/2018 22:23","Purchase","'70838153003502125","WXR750","","PRIMAX 95","Billed","36.15","79.52","PSS KM 12.3 LEBUHRAYA PERSEKUTUAN","548106","Standalone","","","30 Apr 2018"
"17/04/2018 22:21","Reload","'70838153003502125","WXR750","","","Billed","","-100.00","PSS KM 12.3 LEBUHRAYA PERSEKUTUAN","","Standalone","","","30 Apr 2018"
"17/04/2018 15:06","Purchase","'70838153003502125","WXR750","","PRIMAX 95","Billed","31.82","70.01","PSS SKUDAI RSA","547703","Standalone","","","30 Apr 2018"
"17/04/2018 15:02","Reload","'70838153003502125","WXR750","","","Billed","","-100.00","PSS SKUDAI RSA","","Standalone","","","30 Apr 2018"
"13/04/2018 18:19","Purchase","'70838153003502125","WXR750","","PRIMAX 95","Billed","27.27","60.00","PSS BAYU PUTERI","546592","Standalone","","","30 Apr 2018"
"13/04/2018 18:17","Reload","'70838153003502125","WXR750","","","Billed","","-50.00","PSS BAYU PUTERI","","Standalone","","","30 Apr 2018"
"13/04/2018 09:09","Purchase","'70838153003502125","WXR750","","PRIMAX 95","Billed","32.98","72.55","PSS AIR KEROH 2","546347","Standalone","","","30 Apr 2018"
"13/04/2018 09:07","Reload","'70838153003502125","WXR750","","","Billed","","-80.00","PSS AIR KEROH 2","","Standalone","","","30 Apr 2018"
"09/04/2018 20:25","Purchase","'70838153003502125","WXR750","","PRIMAX 95","Billed","41.36","91.00","PSS SG BULOH LAYBY","545483","Standalone","","","30 Apr 2018"
"09/04/2018 20:23","Reload","'70838153003502125","WXR750","","","Billed","","-100.00","PSS SG BULOH LAYBY","","Standalone","","","30 Apr 2018"
"09/04/2018 08:24","Purchase","'70838153003502125","WXR750","","PRIMAX 95","Billed","34.09","74.98","PSS AULONG","545019","Standalone","","","30 Apr 2018"
"09/04/2018 00:12","Purchase","'70838153003502125","WXR750","","PRIMAX 95","Billed","38.64","85.01","PSS AIR KEROH RSA NORTH BOUND","544592","Standalone","","","30 Apr 2018"
"08/04/2018 18:47","Reload","'70838153003502125","WXR750","","","Billed","","-150.00","PSS LEBUHRAYA PASIR GUDANG 1","","Standalone","","","30 Apr 2018"
"07/04/2018 22:32","Purchase","'70838153003502125","WXR750","","PRIMAX 95","Billed","22.72","49.99","PSS JALAN MASAI LAMA","544202","Standalone","","","30 Apr 2018"
"07/04/2018 02:49","Purchase","'70838153003502125","WXR750","","PRIMAX 95","Billed","40.91","90.01","PSS ELITE HIGHWAY","543124","Standalone","","","30 Apr 2018"
"06/04/2018 18:38","Reload","'70838153003502125","WXR750","","","Billed","","-150.00","PSS LEBUHRAYA PASIR GUDANG 1","","Standalone","","","30 Apr 2018"
"05/04/2018 15:58","Purchase","'70838153003502125","WXR750","","PRIMAX 95","Billed","31.82","70.00","PSS LEBUHRAYA PASIR GUDANG 1","542733","Standalone","","","30 Apr 2018"
"05/04/2018 09:52","Purchase","'70838153003502125","WXR750","","PRIMAX 95","Billed","36.36","80.00","PSS ULU BERNAM","542310","Standalone","","","30 Apr 2018"
"05/04/2018 09:51","Reload","'70838153003502125","WXR750","","","Billed","","-150.00","PSS ULU BERNAM","","Standalone","","","30 Apr 2018"
"05/04/2018 02:45","Purchase","'70838153003502125","WXR750","","PRIMAX 95","Billed","19.89","43.75","PSS RAWANG RSA","462026","Standalone","","","30 Apr 2018"
"05/04/2018 02:45","Purchase","'70838153003502125","WXR750","","PRIMAX 95","Un-billed","19.89","43.75","PSS RAWANG RSA","462026","Standalone","","","Unbilled Transaction"
"04/04/2018 21:56","Purchase","'70838153003502125","WXR750","","PRIMAX 95","Billed","29.55","65.00","PSS MACHAP ARAH UTARA","541639","Standalone","","","30 Apr 2018"
"04/04/2018 21:55","Reload","'70838153003502125","WXR750","","","Billed","","-100.00","PSS MACHAP ARAH UTARA","","Standalone","","","30 Apr 2018"
"01/04/2018 10:25","Purchase","'70838153003502125","WXR750","","PRIMAX 95","Billed","39.20","86.25","PSS BAYU PUTERI","540665","Standalone","","","30 Apr 2018"