"Date Time","Transaction Type","Card Number","Vehicle Number","Driver Card Number","Product Type","Billing Type","Transaction Volume (Litres)","Transaction Amount (RM)","Station Name","Odometer","Card Type","Cost Centre","Cost Centre Name","Statement Month"
"22/04/2018 17:42","Purchase","'70838153003422951","WXR172","","PRIMAX 95","Billed","0.91","2.00","PSS TMN TENGKU MAHERAN","","Standalone","","","30 Apr 2018"
"17/04/2018 19:00","Purchase","'70838153003422951","WXR172","","PRIMAX 95","Billed","9.09","20.00","PSS JALAN KUALA PERLIS","","Standalone","","","30 Apr 2018"
"17/04/2018 16:09","Purchase","'70838153003422951","WXR172","","PRIMAX 95","Billed","18.18","40.00","PSS TOK SENIK","","Standalone","","","30 Apr 2018"
"17/04/2018 16:08","Reload","'70838153003422951","WXR172","","","Billed","","-100.00","PSS TOK SENIK","","Standalone","","","30 Apr 2018"
"09/04/2018 08:46","Purchase","'70838153003422951","WXR172","","PRIMAX 95","Billed","22.73","50.00","PSS TOK SENIK","","Standalone","","","30 Apr 2018"
"09/04/2018 08:45","Reload","'70838153003422951","WXR172","","","Billed","","-50.00","PSS TOK SENIK","","Standalone","","","30 Apr 2018"
"07/04/2018 09:46","Purchase","'70838153003422951","WXR172","","PRIMAX 95","Billed","27.28","60.00","PSS PANTAI KOK","","Standalone","","","30 Apr 2018"
"07/04/2018 09:44","Reload","'70838153003422951","WXR172","","","Billed","","-50.00","PSS PANTAI KOK","","Standalone","","","30 Apr 2018"