"Date Time","Transaction Type","Card Number","Vehicle Number","Driver Card Number","Product Type","Billing Type","Transaction Volume (Litres)","Transaction Amount (RM)","Station Name","Odometer","Card Type","Cost Centre","Cost Centre Name","Statement Month"
"17/04/2018 22:52","Purchase","'70838153003500699","WXR513","","PRIMAX 95","Billed","13.64","30.00","PSS KUAH LANGKAWI","","Standalone","","","30 Apr 2018"
"16/04/2018 11:31","Purchase","'70838153003500699","WXR513","","PRIMAX 95","Billed","13.64","30.00","PSS TOK SENIK","","Standalone","","","30 Apr 2018"
"16/04/2018 11:30","Reload","'70838153003500699","WXR513","","","Billed","","-50.00","PSS TOK SENIK","","Standalone","","","30 Apr 2018"
"12/04/2018 14:36","Purchase","'70838153003500699","WXR513","","PRIMAX 95","Billed","22.73","50.00","PSS KELEBANG LANGKAWI","","Standalone","","","30 Apr 2018"
"08/04/2018 08:53","Purchase","'70838153003500699","WXR513","","PRIMAX 95","Billed","13.64","30.00","PSS PADANG MAT SIRAT","","Standalone","","","30 Apr 2018"
"06/04/2018 11:41","Purchase","'70838153003500699","WXR513","","PRIMAX 95","Billed","13.64","30.00","PSS KEDAWANG LANGKAWI","","Standalone","","","30 Apr 2018"
"06/04/2018 11:40","Reload","'70838153003500699","WXR513","","","Billed","","-100.00","PSS KEDAWANG LANGKAWI","","Standalone","","","30 Apr 2018"
"02/04/2018 23:39","Purchase","'70838153003500699","WXR513","","PRIMAX 95","Billed","13.64","30.00","PSS KUAH LANGKAWI","","Standalone","","","30 Apr 2018"
"01/04/2018 20:24","Purchase","'70838153003500699","WXR513","","PRIMAX 95","Billed","13.64","30.00","PSS PANTAI KOK","","Standalone","","","30 Apr 2018"