"Date Time","Transaction Type","Card Number","Vehicle Number","Driver Card Number","Product Type","Billing Type","Transaction Volume (Litres)","Transaction Amount (RM)","Station Name","Odometer","Card Type","Cost Centre","Cost Centre Name","Statement Month"
"28/04/2018 13:39","Purchase","'70838153003676622","WXR 2204","","PRIMAX 95","Billed","31.82","70.00","PSS SUNGAI MANGGIS","100","Standalone","","","30 Apr 2018"
"20/04/2018 12:26","Purchase","'70838153003676622","WXR 2204","","PRIMAX 95","Billed","36.37","80.00","PSS JENJARUM","100","Standalone","","","30 Apr 2018"
"17/04/2018 14:24","Purchase","'70838153003676622","WXR 2204","","PRIMAX 95","Billed","40.91","90.00","PSS BANTING","100","Standalone","","","30 Apr 2018"
"14/04/2018 20:47","Purchase","'70838153003676622","WXR 2204","","PRIMAX 95","Billed","36.36","80.00","PSS BDR SAUJANA PUTRA","100","Standalone","","","30 Apr 2018"
"10/04/2018 23:58","Purchase","'70838153003676622","WXR 2204","","PRIMAX 95","Billed","44.97","98.94","PSS BDR SAUJANA PUTRA","100","Standalone","","","30 Apr 2018"
"08/04/2018 18:09","Purchase","'70838153003676622","WXR 2204","","PRIMAX 95","Billed","36.37","80.00","PSS SEK 15 SHAH ALAM","100","Standalone","","","30 Apr 2018"
"05/04/2018 20:43","Reload","'70838153003676622","WXR 2204","","","Billed","","-500.00","PSS SEK 15 SHAH ALAM","","Standalone","","","30 Apr 2018"
"02/04/2018 23:53","Purchase","'70838153003676622","WXR 2204","","PRIMAX 95","Billed","39.86","87.69","PSS JENJARUM","100","Standalone","","","30 Apr 2018"