"Date Time","Transaction Type","Card Number","Vehicle Number","Driver Card Number","Product Type","Billing Type","Transaction Volume (Litres)","Transaction Amount (RM)","Station Name","Odometer","Card Type","Cost Centre","Cost Centre Name","Statement Month"
"27/04/2018 11:58","Purchase","'70838153003580600","WXR1057","","PRIMAX 95","Billed","25.66","56.44","PSS SEKSYEN 16 BANDAR BARU BANGI","","Standalone","","","30 Apr 2018"
"27/04/2018 07:12","Purchase","'70838153003580600","WXR1057","","PRIMAX 95","Billed","2.27","5.00","PSS UNIKEB BANGI","","Standalone","","","30 Apr 2018"
"26/04/2018 20:21","Purchase","'70838153003580600","WXR1057","","PRIMAX 95","Billed","40.00","88.00","PSS SECT 15 BB BANGI","","Standalone","","","30 Apr 2018"
"26/04/2018 20:20","Reload","'70838153003580600","WXR1057","","","Billed","","-200.00","PSS SECT 15 BB BANGI","","Standalone","","","30 Apr 2018"
"21/04/2018 10:09","Purchase","'70838153003580600","WXR1057","","PRIMAX 95","Billed","20.85","45.88","PSS MACHAP ARAH SELATAN","","Standalone","","","30 Apr 2018"
"19/04/2018 13:57","Purchase","'70838153003580600","WXR1057","","PRIMAX 95","Billed","1.87","4.12","PSS SEKSYEN 16 BANDAR BARU BANGI","","Standalone","","","30 Apr 2018"
"19/04/2018 12:10","Purchase","'70838153003580600","WXR1057","","PRIMAX 95","Billed","22.73","50.00","PSS SEKSYEN 16 BANDAR BARU BANGI","","Standalone","","","30 Apr 2018"
"19/04/2018 12:09","Reload","'70838153003580600","WXR1057","","","Billed","","-100.00","PSS SEKSYEN 16 BANDAR BARU BANGI","","Standalone","","","30 Apr 2018"
"08/04/2018 20:55","Purchase","'70838153003580600","WXR1057","","PRIMAX 95","Billed","15.17","33.36","PSS SECT 15 BB BANGI","","Standalone","","","30 Apr 2018"
"07/04/2018 16:24","Purchase","'70838153003580600","WXR1057","","PRIMAX 95","Billed","10.00","22.00","PSS LEBUHRAYA SILK","","Standalone","","","30 Apr 2018"
"06/04/2018 18:08","Purchase","'70838153003580600","WXR1057","","PRIMAX 95","Billed","22.73","50.00","PSS SEKSYEN 16 BANDAR BARU BANGI","","Standalone","","","30 Apr 2018"
"05/04/2018 21:46","Reload","'70838153003580600","WXR1057","","","Billed","","-100.00","PSS SEKSYEN 16 BANDAR BARU BANGI","","Standalone","","","30 Apr 2018"
"03/04/2018 07:03","Purchase","'70838153003580600","WXR1057","","PRIMAX 95","Billed","2.09","4.59","PSS UNIKEB BANGI","","Standalone","","","30 Apr 2018"
"02/04/2018 07:00","Purchase","'70838153003580600","WXR1057","","PRIMAX 95","Billed","2.27","5.00","PSS UNIKEB BANGI","","Standalone","","","30 Apr 2018"
"01/04/2018 15:47","Purchase","'70838153003580600","WXR1057","","PRIMAX 95","Billed","20.00","44.00","PSS MASJID TANAH","","Standalone","","","30 Apr 2018"
"01/04/2018 15:46","Reload","'70838153003580600","WXR1057","","","Billed","","-50.00","PSS MASJID TANAH","","Standalone","","","30 Apr 2018"