"Date Time","Transaction Type","Card Number","Vehicle Number","Driver Card Number","Product Type","Billing Type","Transaction Volume (Litres)","Transaction Amount (RM)","Station Name","Odometer","Card Type","Cost Centre","Cost Centre Name","Statement Month"
"29/04/2018 15:29","Purchase","'70838153003423306","WXR183","","PRIMAX 95","Billed","31.82","70.00","PSS BUKIT TINGGI","","Standalone","","","30 Apr 2018"
"29/04/2018 15:27","Reload","'70838153003423306","WXR183","","","Billed","","-70.00","PSS BUKIT TINGGI","","Standalone","","","30 Apr 2018"
"25/04/2018 08:06","Purchase","'70838153003423306","WXR183","","PRIMAX 95","Billed","31.82","70.00","PSS PENDAMAR INDAH 2","","Standalone","","","30 Apr 2018"
"25/04/2018 08:04","Reload","'70838153003423306","WXR183","","","Billed","","-70.00","PSS PENDAMAR INDAH 2","","Standalone","","","30 Apr 2018"
"22/04/2018 10:53","Purchase","'70838153003423306","WXR183","","PRIMAX 95","Billed","31.82","70.00","PSS TELOK PANGLIMA GARANG","","Standalone","","","30 Apr 2018"
"22/04/2018 10:50","Reload","'70838153003423306","WXR183","","","Billed","","-70.00","PSS TELOK PANGLIMA GARANG","","Standalone","","","30 Apr 2018"
"17/04/2018 12:21","Purchase","'70838153003423306","WXR183","","PRIMAX 95","Billed","27.27","60.00","PSS TELOK PANGLIMA GARANG","","Standalone","","","30 Apr 2018"
"17/04/2018 08:33","Reload","'70838153003423306","WXR183","","","Billed","","-60.00","PSS TELOK PANGLIMA GARANG","","Standalone","","","30 Apr 2018"
"11/04/2018 08:12","Purchase","'70838153003423306","WXR183","","PRIMAX 95","Billed","31.82","70.00","PSS JALAN LANGAT","","Standalone","","","30 Apr 2018"
"09/04/2018 22:36","Reload","'70838153003423306","WXR183","","","Billed","","-70.00","PSS TELOK PANGLIMA GARANG","","Standalone","","","30 Apr 2018"