"Date Time","Transaction Type","Card Number","Vehicle Number","Driver Card Number","Product Type","Billing Type","Transaction Volume (Litres)","Transaction Amount (RM)","Station Name","Odometer","Card Type","Cost Centre","Cost Centre Name","Statement Month"
"27/04/2018 15:01","Reload","'70838153003498704","WXR438","","","Billed","","-50.00","PSS SG MAS2","","Standalone","","","30 Apr 2018"
"20/04/2018 15:48","Purchase","'70838153003498704","WXR438","","PRIMAX 95","Billed","22.73","50.00","PSS SG MAS2","","Standalone","","","30 Apr 2018"
"20/04/2018 15:47","Reload","'70838153003498704","WXR438","","","Billed","","-50.00","PSS SG MAS2","","Standalone","","","30 Apr 2018"
"06/04/2018 19:25","Purchase","'70838153003498704","WXR438","","PRIMAX 95","Billed","22.73","50.00","PSS JALAN MAWAI KOTA TINGGI","","Standalone","","","30 Apr 2018"
"06/04/2018 19:23","Reload","'70838153003498704","WXR438","","","Billed","","-50.00","PSS JALAN MAWAI KOTA TINGGI","","Standalone","","","30 Apr 2018"
"01/04/2018 18:51","Purchase","'70838153003498704","WXR438","","PRIMAX 95","Billed","22.73","50.00","PSS BANDAR TENGGARA","","Standalone","","","30 Apr 2018"
"01/04/2018 17:22","Reload","'70838153003498704","WXR438","","","Billed","","-50.00","PSS KLUANG AIR HITAM","","Standalone","","","30 Apr 2018"