"Date Time","Transaction Type","Card Number","Vehicle Number","Driver Card Number","Product Type","Billing Type","Transaction Volume (Litres)","Transaction Amount (RM)","Station Name","Odometer","Card Type","Cost Centre","Cost Centre Name","Statement Month"
"28/04/2018 19:01","Purchase","'70838153003498589","WXR632","","PRIMAX 95","Billed","31.82","70.00","PSS LOT 4783 BUKIT JALIL","","Standalone","","","30 Apr 2018"
"28/04/2018 18:59","Reload","'70838153003498589","WXR632","","","Billed","","-70.00","PSS LOT 4783 BUKIT JALIL","","Standalone","","","30 Apr 2018"
"27/04/2018 15:32","Purchase","'70838153003498589","WXR632","","PRIMAX 95","Billed","40.91","90.00","PSS CHERAS PERDANA","","Standalone","","","30 Apr 2018"
"27/04/2018 15:29","Reload","'70838153003498589","WXR632","","","Billed","","-90.00","PSS CHERAS PERDANA","","Standalone","","","30 Apr 2018"
"23/04/2018 10:37","Purchase","'70838153003498589","WXR632","","PRIMAX 95","Billed","36.36","80.00","PSS BANDAR TUN HUSSEIN ONN 2","","Standalone","","","30 Apr 2018"
"23/04/2018 10:35","Reload","'70838153003498589","WXR632","","","Billed","","-80.00","PSS BANDAR TUN HUSSEIN ONN 2","","Standalone","","","30 Apr 2018"
"19/04/2018 20:38","Purchase","'70838153003498589","WXR632","","PRIMAX 95","Billed","41.30","90.86","PSS LOT 4783 BUKIT JALIL","","Standalone","","","30 Apr 2018"
"19/04/2018 20:34","Reload","'70838153003498589","WXR632","","","Billed","","-90.00","PSS LOT 4783 BUKIT JALIL","","Standalone","","","30 Apr 2018"
"16/04/2018 06:56","Purchase","'70838153003498589","WXR632","","PRIMAX 95","Billed","40.91","90.00","PSS BALAKONG II","","Standalone","","","30 Apr 2018"
"16/04/2018 06:54","Reload","'70838153003498589","WXR632","","","Billed","","-80.00","PSS BALAKONG II","","Standalone","","","30 Apr 2018"
"14/04/2018 16:53","Purchase","'70838153003498589","WXR632","","PRIMAX 95","Billed","31.82","70.00","PSS BANDAR SRI PERMAISURI","","Standalone","","","30 Apr 2018"
"14/04/2018 16:50","Reload","'70838153003498589","WXR632","","","Billed","","-70.00","PSS BANDAR SRI PERMAISURI","","Standalone","","","30 Apr 2018"
"09/04/2018 22:51","Purchase","'70838153003498589","WXR632","","PRIMAX 95","Billed","45.46","100.00","PSS LOT 4783 BUKIT JALIL","","Standalone","","","30 Apr 2018"
"09/04/2018 22:46","Reload","'70838153003498589","WXR632","","","Billed","","-100.00","PSS LOT 4783 BUKIT JALIL","","Standalone","","","30 Apr 2018"
"05/04/2018 11:09","Purchase","'70838153003498589","WXR632","","PRIMAX 95","Billed","45.45","100.00","PSS BANDAR TUN HUSSEIN ONN 2","","Standalone","","","30 Apr 2018"
"05/04/2018 11:07","Reload","'70838153003498589","WXR632","","","Billed","","-100.00","PSS BANDAR TUN HUSSEIN ONN 2","","Standalone","","","30 Apr 2018"
"02/04/2018 10:22","Purchase","'70838153003498589","WXR632","","PRIMAX 95","Billed","50.00","110.00","PSS BDR ALAM DAMAI","","Standalone","","","30 Apr 2018"
"02/04/2018 10:20","Reload","'70838153003498589","WXR632","","","Billed","","-100.00","PSS BDR ALAM DAMAI","","Standalone","","","30 Apr 2018"