"Date Time","Transaction Type","Card Number","Vehicle Number","Driver Card Number","Product Type","Billing Type","Transaction Volume (Litres)","Transaction Amount (RM)","Station Name","Odometer","Card Type","Cost Centre","Cost Centre Name","Statement Month"
"25/04/2018 11:21","Purchase","'70838153003424726","WXR133","","Diesel","Billed","22.94","50.00","PSS MERLIMAU","256","Standalone","","","30 Apr 2018"
"25/04/2018 11:17","Reload","'70838153003424726","WXR133","","","Billed","","-50.00","PSS MERLIMAU","","Standalone","","","30 Apr 2018"
"21/04/2018 14:51","Purchase","'70838153003424726","WXR133","","PRIMAX 95","Billed","18.18","40.00","PSS MERLIMAU","455","Standalone","","","30 Apr 2018"
"21/04/2018 14:50","Reload","'70838153003424726","WXR133","","","Billed","","-50.00","PSS MERLIMAU","","Standalone","","","30 Apr 2018"
"19/04/2018 15:11","Purchase","'70838153003424726","WXR133","","PRIMAX 95","Billed","13.64","30.00","PSS MERLIMAU","52","Standalone","","","30 Apr 2018"
"16/04/2018 06:54","Purchase","'70838153003424726","WXR133","","PRIMAX 95","Billed","22.73","50.00","PSS MERLIMAU","145","Standalone","","","30 Apr 2018"
"16/04/2018 06:52","Reload","'70838153003424726","WXR133","","","Billed","","-50.00","PSS MERLIMAU","","Standalone","","","30 Apr 2018"
"09/04/2018 18:06","Purchase","'70838153003424726","WXR133","","Diesel","Billed","22.94","50.00","PSS MERLIMAU","144","Standalone","","","30 Apr 2018"