"Date Time","Transaction Type","Card Number","Vehicle Number","Driver Card Number","Product Type","Billing Type","Transaction Volume (Litres)","Transaction Amount (RM)","Station Name","Odometer","Card Type","Cost Centre","Cost Centre Name","Statement Month"
"28/04/2018 18:40","Purchase","'70838153003579669","WXR1030","","PRIMAX 95","Billed","9.85","21.67","PSS PENDAMAR INDAH 2","","Standalone","","","30 Apr 2018"
"23/04/2018 03:25","Purchase","'70838153003579669","WXR1030","","PRIMAX 95","Billed","10.01","22.02","PSS PENDAMAR INDAH 2","","Standalone","","","30 Apr 2018"
"23/04/2018 00:30","Purchase","'70838153003579669","WXR1030","","PRIMAX 97","Billed","12.03","29.71","PSS BIDOR TAPAH","","Standalone","","","30 Apr 2018"
"21/04/2018 14:19","Reload","'70838153003579669","WXR1030","","","Billed","","-50.00","PSS SUNGAI SEMBILANG","","Standalone","","","30 Apr 2018"
"21/04/2018 14:16","Purchase","'70838153003579669","WXR1030","","PRIMAX 97","Billed","14.09","34.80","PSS SUNGAI SEMBILANG","","Standalone","","","30 Apr 2018"
"14/04/2018 14:57","Purchase","'70838153003579669","WXR1030","","PRIMAX 95","Billed","19.00","41.80","PSS BUKIT KEMUNING 2","","Standalone","","","30 Apr 2018"
"14/04/2018 14:53","Reload","'70838153003579669","WXR1030","","","Billed","","-100.00","PSS BUKIT KEMUNING 2","","Standalone","","","30 Apr 2018"