"Date Time","Transaction Type","Card Number","Vehicle Number","Driver Card Number","Product Type","Billing Type","Transaction Volume (Litres)","Transaction Amount (RM)","Station Name","Odometer","Card Type","Cost Centre","Cost Centre Name","Statement Month"
"30/04/2018 12:37","Purchase","'70838153003498696","WXR437","","PRIMAX 95","Billed","27.27","60.00","PSS SUBANG AIRPORT","","Standalone","","","30 Apr 2018"
"30/04/2018 12:36","Reload","'70838153003498696","WXR437","","","Billed","","-60.00","PSS SUBANG AIRPORT","","Standalone","","","30 Apr 2018"
"28/04/2018 20:27","Purchase","'70838153003498696","WXR437","","PRIMAX 95","Billed","27.27","60.00","PSS BATU 5 1/2 JALAN CHERAS","","Standalone","","","30 Apr 2018"
"28/04/2018 20:26","Reload","'70838153003498696","WXR437","","","Billed","","-60.00","PSS BATU 5 1/2 JALAN CHERAS","","Standalone","","","30 Apr 2018"
"27/04/2018 15:40","Purchase","'70838153003498696","WXR437","","PRIMAX 95","Billed","27.27","60.00","PSS SEK 7 SHAH ALAM","","Standalone","","","30 Apr 2018"
"27/04/2018 15:38","Reload","'70838153003498696","WXR437","","","Billed","","-60.00","PSS SEK 7 SHAH ALAM","","Standalone","","","30 Apr 2018"
"27/04/2018 08:15","Purchase","'70838153003498696","WXR437","","PRIMAX 95","Billed","13.64","30.00","PSS GLENMARIE TTDI JAYA","","Standalone","","","30 Apr 2018"
"27/04/2018 08:14","Reload","'70838153003498696","WXR437","","","Billed","","-30.00","PSS GLENMARIE TTDI JAYA","","Standalone","","","30 Apr 2018"
"26/04/2018 15:37","Purchase","'70838153003498696","WXR437","","PRIMAX 95","Billed","13.64","30.00","PSS JALAN 20/1 SEKSYEN 20","","Standalone","","","30 Apr 2018"
"26/04/2018 15:36","Reload","'70838153003498696","WXR437","","","Billed","","-30.00","PSS JALAN 20/1 SEKSYEN 20","","Standalone","","","30 Apr 2018"
"26/04/2018 08:52","Purchase","'70838153003498696","WXR437","","PRIMAX 95","Billed","13.64","30.00","PSS BUKIT JELUTONG RESIDENTIAL","","Standalone","","","30 Apr 2018"
"26/04/2018 08:51","Reload","'70838153003498696","WXR437","","","Billed","","-30.00","PSS BUKIT JELUTONG RESIDENTIAL","","Standalone","","","30 Apr 2018"
"25/04/2018 12:47","Purchase","'70838153003498696","WXR437","","PRIMAX 95","Billed","13.64","30.00","PSS JALAN MAAROF","","Standalone","","","30 Apr 2018"
"25/04/2018 12:45","Reload","'70838153003498696","WXR437","","","Billed","","-30.00","PSS JALAN MAAROF","","Standalone","","","30 Apr 2018"
"25/04/2018 07:57","Purchase","'70838153003498696","WXR437","","PRIMAX 95","Billed","13.64","30.00","PSS BUKIT JELUTONG RESIDENTIAL","","Standalone","","","30 Apr 2018"
"25/04/2018 07:56","Reload","'70838153003498696","WXR437","","","Billed","","-30.00","PSS BUKIT JELUTONG RESIDENTIAL","","Standalone","","","30 Apr 2018"
"24/04/2018 08:11","Purchase","'70838153003498696","WXR437","","PRIMAX 95","Billed","13.64","30.00","PSS BUKIT JELUTONG RESIDENTIAL","","Standalone","","","30 Apr 2018"
"24/04/2018 08:09","Reload","'70838153003498696","WXR437","","","Billed","","-30.00","PSS BUKIT JELUTONG RESIDENTIAL","","Standalone","","","30 Apr 2018"
"23/04/2018 07:31","Purchase","'70838153003498696","WXR437","","PRIMAX 95","Billed","27.27","60.00","PSS GLENMARIE TTDI JAYA","","Standalone","","","30 Apr 2018"
"23/04/2018 07:30","Reload","'70838153003498696","WXR437","","","Billed","","-60.00","PSS GLENMARIE TTDI JAYA","","Standalone","","","30 Apr 2018"
"21/04/2018 09:08","Purchase","'70838153003498696","WXR437","","PRIMAX 95","Billed","22.73","50.00","PSS SENALING","","Standalone","","","30 Apr 2018"
"21/04/2018 09:07","Reload","'70838153003498696","WXR437","","","Billed","","-50.00","PSS SENALING","","Standalone","","","30 Apr 2018"
"19/04/2018 17:39","Purchase","'70838153003498696","WXR437","","PRIMAX 95","Billed","22.73","50.00","PSS GLENMARIE TTDI JAYA","","Standalone","","","30 Apr 2018"
"19/04/2018 17:37","Reload","'70838153003498696","WXR437","","","Billed","","-50.00","PSS GLENMARIE TTDI JAYA","","Standalone","","","30 Apr 2018"
"18/04/2018 16:26","Purchase","'70838153003498696","WXR437","","PRIMAX 95","Billed","22.73","50.00","PSS SEKSYEN 13","","Standalone","","","30 Apr 2018"
"18/04/2018 16:25","Reload","'70838153003498696","WXR437","","","Billed","","-50.00","PSS SEKSYEN 13","","Standalone","","","30 Apr 2018"
"17/04/2018 13:43","Purchase","'70838153003498696","WXR437","","PRIMAX 95","Billed","22.73","50.00","PSS SEKSYEN 13","","Standalone","","","30 Apr 2018"
"17/04/2018 13:42","Reload","'70838153003498696","WXR437","","","Billed","","-50.00","PSS SEKSYEN 13","","Standalone","","","30 Apr 2018"
"15/04/2018 11:42","Purchase","'70838153003498696","WXR437","","PRIMAX 95","Billed","22.73","50.00","PSS TEMASYA FEDERAL HIGHWAY","","Standalone","","","30 Apr 2018"
"15/04/2018 11:41","Reload","'70838153003498696","WXR437","","","Billed","","-50.00","PSS TEMASYA FEDERAL HIGHWAY","","Standalone","","","30 Apr 2018"
"13/04/2018 08:11","Purchase","'70838153003498696","WXR437","","PRIMAX 95","Billed","22.73","50.00","PSS BUKIT JELUTONG RESIDENTIAL","","Standalone","","","30 Apr 2018"
"13/04/2018 08:10","Reload","'70838153003498696","WXR437","","","Billed","","-50.00","PSS BUKIT JELUTONG RESIDENTIAL","","Standalone","","","30 Apr 2018"
"12/04/2018 12:00","Purchase","'70838153003498696","WXR437","","PRIMAX 95","Billed","22.73","50.00","PSS KL-KARAK","","Standalone","","","30 Apr 2018"
"12/04/2018 11:57","Reload","'70838153003498696","WXR437","","","Billed","","-50.00","PSS KL-KARAK","","Standalone","","","30 Apr 2018"
"11/04/2018 12:09","Purchase","'70838153003498696","WXR437","","PRIMAX 95","Billed","22.73","50.00","PSS BANDAR SERI PUTRA","","Standalone","","","30 Apr 2018"
"11/04/2018 12:08","Reload","'70838153003498696","WXR437","","","Billed","","-50.00","PSS BANDAR SERI PUTRA","","Standalone","","","30 Apr 2018"
"10/04/2018 08:17","Purchase","'70838153003498696","WXR437","","PRIMAX 95","Billed","22.73","50.00","PSS GLENMARIE TTDI JAYA","","Standalone","","","30 Apr 2018"
"10/04/2018 08:16","Reload","'70838153003498696","WXR437","","","Billed","","-50.00","PSS GLENMARIE TTDI JAYA","","Standalone","","","30 Apr 2018"
"09/04/2018 08:53","Purchase","'70838153003498696","WXR437","","PRIMAX 95","Billed","18.18","40.00","PSS PUTRA HEIGHT 2","","Standalone","","","30 Apr 2018"
"09/04/2018 08:50","Reload","'70838153003498696","WXR437","","","Billed","","-30.00","PSS PUTRA HEIGHT 2","","Standalone","","","30 Apr 2018"
"08/04/2018 10:01","Purchase","'70838153003498696","WXR437","","PRIMAX 95","Billed","27.28","60.00","PSS RINGLET","","Standalone","","","30 Apr 2018"
"08/04/2018 09:59","Reload","'70838153003498696","WXR437","","","Billed","","-60.00","PSS RINGLET","","Standalone","","","30 Apr 2018"
"06/04/2018 09:00","Purchase","'70838153003498696","WXR437","","PRIMAX 95","Billed","27.27","60.00","PSS NKVE HIGHWAY","","Standalone","","","30 Apr 2018"
"06/04/2018 08:58","Reload","'70838153003498696","WXR437","","","Billed","","-60.00","PSS NKVE HIGHWAY","","Standalone","","","30 Apr 2018"
"05/04/2018 12:42","Purchase","'70838153003498696","WXR437","","PRIMAX 95","Billed","22.73","50.00","PSS JALAN 20/1 SEKSYEN 20","","Standalone","","","30 Apr 2018"
"05/04/2018 12:41","Reload","'70838153003498696","WXR437","","","Billed","","-50.00","PSS JALAN 20/1 SEKSYEN 20","","Standalone","","","30 Apr 2018"
"04/04/2018 10:01","Purchase","'70838153003498696","WXR437","","PRIMAX 95","Billed","20.45","45.00","PSS GLENMARIE TTDI JAYA","","Standalone","","","30 Apr 2018"
"04/04/2018 10:00","Reload","'70838153003498696","WXR437","","","Billed","","-45.00","PSS GLENMARIE TTDI JAYA","","Standalone","","","30 Apr 2018"
"03/04/2018 10:04","Purchase","'70838153003498696","WXR437","","PRIMAX 95","Billed","22.73","50.00","PSS GLENMARIE TTDI JAYA","","Standalone","","","30 Apr 2018"
"03/04/2018 10:03","Reload","'70838153003498696","WXR437","","","Billed","","-50.00","PSS GLENMARIE TTDI JAYA","","Standalone","","","30 Apr 2018"