"Date Time","Transaction Type","Card Number","Vehicle Number","Driver Card Number","Product Type","Billing Type","Transaction Volume (Litres)","Transaction Amount (RM)","Station Name","Odometer","Card Type","Cost Centre","Cost Centre Name","Statement Month"
"30/04/2018 09:21","Purchase","'70838153003666375","WXR2037","","Diesel","Un-billed","57.52","125.40","PSS TAMAN WILAYAH","","Standalone","","","Unbilled Transaction"
"30/04/2018 09:18","Purchase","'70838153003666375","WXR2037","","PRIMAX 95","Un-billed","27.27","60.00","PSS TAMAN WILAYAH","","Standalone","","","Unbilled Transaction"
"29/04/2018 09:16","Purchase","'70838153003666375","WXR2037","","Diesel","Billed","90.73","197.78","PSS TAMAN WILAYAH","5530","Standalone","","","30 Apr 2018"
"28/04/2018 20:46","Reload","'70838153003666375","WXR2037","","","Billed","","-500.00","PSS TAMAN WILAYAH","","Standalone","","","30 Apr 2018"
"19/04/2018 13:00","Purchase","'70838153003666375","WXR2037","","Diesel","Billed","99.28","216.42","PSS TAMAN WILAYAH","8594","Standalone","","","30 Apr 2018"
"19/04/2018 12:44","Reload","'70838153003666375","WXR2037","","","Billed","","-200.00","PSS TAMAN WILAYAH","","Standalone","","","30 Apr 2018"
"19/04/2018 09:18","Purchase","'70838153003666375","WXR2037","","Diesel","Billed","22.94","50.00","PSS TAMAN WILAYAH","","Standalone","","","30 Apr 2018"
"19/04/2018 09:16","Reload","'70838153003666375","WXR2037","","","Billed","","-50.00","PSS TAMAN WILAYAH","","Standalone","","","30 Apr 2018"
"15/04/2018 18:22","Purchase","'70838153003666375","WXR2037","","PRIMAX 95","Billed","22.73","50.00","PSS TAMAN WILAYAH","","Standalone","","","30 Apr 2018"
"10/04/2018 10:01","Reload","'70838153003666375","WXR2037","","","Billed","","-200.00","PSS TAMAN WILAYAH","","Standalone","","","30 Apr 2018"
"10/04/2018 07:15","Purchase","'70838153003666375","WXR2037","","PRIMAX 95","Billed","2.27","5.00","PSS TAMAN WILAYAH","","Standalone","","","30 Apr 2018"
"09/04/2018 15:50","Purchase","'70838153003666375","WXR2037","","Diesel","Billed","43.12","94.01","PSS TAMAN WILAYAH","12387","Standalone","","","30 Apr 2018"
"08/04/2018 08:20","Purchase","'70838153003666375","WXR2037","","Diesel","Billed","51.02","111.21","PSS TAMAN WILAYAH","15478","Standalone","","","30 Apr 2018"
"07/04/2018 21:04","Reload","'70838153003666375","WXR2037","","","Billed","","-200.00","PSS TAMAN WILAYAH","","Standalone","","","30 Apr 2018"
"07/04/2018 09:57","Purchase","'70838153003666375","WXR2037","","Diesel","Billed","40.38","88.02","PSS GELIGA","18543","Standalone","","","30 Apr 2018"
"07/04/2018 04:12","Purchase","'70838153003666375","WXR2037","","Diesel","Billed","30.73","67.00","PSS PETRONAS KARAK REST","123456","Standalone","","","30 Apr 2018"
"06/04/2018 19:01","Reload","'70838153003666375","WXR2037","","","Billed","","-200.00","PSS TAMAN WILAYAH","","Standalone","","","30 Apr 2018"
"06/04/2018 08:28","Purchase","'70838153003666375","WXR2037","","Diesel","Billed","18.62","40.60","PSS TAMAN WILAYAH","","Standalone","","","30 Apr 2018"
"05/04/2018 10:11","Purchase","'70838153003666375","WXR2037","","Diesel","Billed","47.34","103.20","PSS TAMAN WILAYAH","","Standalone","","","30 Apr 2018"
"05/04/2018 08:21","Purchase","'70838153003666375","WXR2037","","Diesel","Billed","41.31","90.04","PSS TAMAN WILAYAH","","Standalone","","","30 Apr 2018"
"04/04/2018 14:05","Purchase","'70838153003666375","WXR2037","","Diesel","Billed","61.70","134.50","PSS MACHAP ARAH UTARA","5033","Standalone","","","30 Apr 2018"
"03/04/2018 16:17","Reload","'70838153003666375","WXR2037","","","Billed","","-400.00","PSS TAMAN WILAYAH","","Standalone","","","30 Apr 2018"