"Date Time","Transaction Type","Card Number","Vehicle Number","Driver Card Number","Product Type","Billing Type","Transaction Volume (Litres)","Transaction Amount (RM)","Station Name","Odometer","Card Type","Cost Centre","Cost Centre Name","Statement Month"
"30/04/2018 18:19","Purchase","'70838153003581095","WXR1083","","PRIMAX 95","Billed","9.09","20.00","PSS MASJID TANAH","","Standalone","","","30 Apr 2018"
"30/04/2018 18:18","Reload","'70838153003581095","WXR1083","","","Billed","","-100.00","PSS MASJID TANAH","","Standalone","","","30 Apr 2018"
"29/04/2018 13:59","Purchase","'70838153003581095","WXR1083","","PRIMAX 95","Billed","31.82","70.00","PSS JALAN SIMPANG TAIPING","","Standalone","","","30 Apr 2018"
"28/04/2018 23:41","Reload","'70838153003581095","WXR1083","","","Billed","","-100.00","PSS MASJID TANAH","","Standalone","","","30 Apr 2018"
"28/04/2018 10:45","Purchase","'70838153003581095","WXR1083","","PRIMAX 95","Billed","18.18","40.00","PSS SENAWANG 1","","Standalone","","","30 Apr 2018"
"26/04/2018 22:02","Purchase","'70838153003581095","WXR1083","","PRIMAX 95","Billed","13.64","30.00","PSS MASJID TANAH","","Standalone","","","30 Apr 2018"
"26/04/2018 01:41","Reload","'70838153003581095","WXR1083","","","Billed","","-30.00","PSS MASJID TANAH","","Standalone","","","30 Apr 2018"
"22/04/2018 02:04","Purchase","'70838153003581095","WXR1083","","PRIMAX 95","Billed","13.64","30.00","PSS MASJID TANAH","","Standalone","","","30 Apr 2018"
"15/04/2018 01:41","Purchase","'70838153003581095","WXR1083","","PRIMAX 95","Billed","13.64","30.00","PSS MASJID TANAH","","Standalone","","","30 Apr 2018"
"11/04/2018 23:39","Reload","'70838153003581095","WXR1083","","","Billed","","-70.00","PSS MASJID TANAH","","Standalone","","","30 Apr 2018"
"06/04/2018 15:09","Reload","'70838153003581095","WXR1083","","","Billed","","-50.00","PSS SECT 15 BB BANGI","","Standalone","","","30 Apr 2018"
"06/04/2018 14:58","Purchase","'70838153003581095","WXR1083","","PRIMAX 95","Billed","13.64","30.00","PSS SECT 15 BB BANGI","","Standalone","","","30 Apr 2018"