"Date Time","Transaction Type","Card Number","Vehicle Number","Driver Card Number","Product Type","Billing Type","Transaction Volume (Litres)","Transaction Amount (RM)","Station Name","Odometer","Card Type","Cost Centre","Cost Centre Name","Statement Month"
"28/04/2018 09:13","Purchase","'70838153003423652","WXR11","","PRIMAX 95","Billed","4.64","10.21","PSS BIDOR TAPAH","","Standalone","","","30 Apr 2018"
"24/04/2018 12:14","Purchase","'70838153003423652","WXR11","","PRIMAX 95","Billed","4.55","10.00","PSS BIDOR TAPAH","","Standalone","","","30 Apr 2018"
"23/04/2018 10:51","Purchase","'70838153003423652","WXR11","","PRIMAX 95","Billed","13.64","30.00","PSS BIDOR TAPAH","","Standalone","","","30 Apr 2018"
"23/04/2018 10:47","Reload","'70838153003423652","WXR11","","","Billed","","-50.00","PSS BIDOR TAPAH","","Standalone","","","30 Apr 2018"
"22/04/2018 12:43","Purchase","'70838153003423652","WXR11","","PRIMAX 95","Billed","22.73","50.00","PSS ELITE HIGHWAY","","Standalone","","","30 Apr 2018"
"22/04/2018 12:42","Reload","'70838153003423652","WXR11","","","Billed","","-50.00","PSS ELITE HIGHWAY","","Standalone","","","30 Apr 2018"
"12/04/2018 17:44","Purchase","'70838153003423652","WXR11","","PRIMAX 95","Billed","9.09","20.00","PSS BIDOR","","Standalone","","","30 Apr 2018"
"12/04/2018 17:43","Reload","'70838153003423652","WXR11","","","Billed","","-20.00","PSS BIDOR","","Standalone","","","30 Apr 2018"
"09/04/2018 06:34","Purchase","'70838153003423652","WXR11","","PRIMAX 95","Billed","22.73","50.00","PSS BIDOR TAPAH","","Standalone","","","30 Apr 2018"
"09/04/2018 06:32","Reload","'70838153003423652","WXR11","","","Billed","","-50.00","PSS BIDOR TAPAH","","Standalone","","","30 Apr 2018"
"06/04/2018 10:47","Purchase","'70838153003423652","WXR11","","PRIMAX 95","Billed","9.09","20.00","PSS SIMPANG PULAI ARAH UTARA","","Standalone","","","30 Apr 2018"
"06/04/2018 10:45","Reload","'70838153003423652","WXR11","","","Billed","","-10.00","PSS SIMPANG PULAI ARAH UTARA","","Standalone","","","30 Apr 2018"
"04/04/2018 17:46","Purchase","'70838153003423652","WXR11","","PRIMAX 95","Billed","9.09","20.00","PSS BIDOR TAPAH","","Standalone","","","30 Apr 2018"
"03/04/2018 11:00","Purchase","'70838153003423652","WXR11","","PRIMAX 95","Billed","9.09","20.00","PSS BIDOR TAPAH","","Standalone","","","30 Apr 2018"
"03/04/2018 10:58","Reload","'70838153003423652","WXR11","","","Billed","","-50.00","PSS BIDOR TAPAH","","Standalone","","","30 Apr 2018"