"Date Time","Transaction Type","Card Number","Vehicle Number","Driver Card Number","Product Type","Billing Type","Transaction Volume (Litres)","Transaction Amount (RM)","Station Name","Odometer","Card Type","Cost Centre","Cost Centre Name","Statement Month"
"21/04/2018 23:21","Purchase","'70838153003424700","WXR131","","PRIMAX 95","Billed","29.69","65.32","PSS TAMAN AUSTIN PERDANA","","Standalone","","","30 Apr 2018"
"16/04/2018 13:30","Purchase","'70838153003424700","WXR131","","PRIMAX 95","Billed","17.23","37.91","PSS KOTA DAMANSARA","","Standalone","","","30 Apr 2018"
"16/04/2018 13:29","Reload","'70838153003424700","WXR131","","","Billed","","-50.00","PSS KOTA DAMANSARA","","Standalone","","","30 Apr 2018"
"08/04/2018 09:12","Purchase","'70838153003424700","WXR131","","PRIMAX 95","Billed","29.26","64.37","PSS DESA TEBRAU","","Standalone","","","30 Apr 2018"
"08/04/2018 09:11","Reload","'70838153003424700","WXR131","","","Billed","","-100.00","PSS DESA TEBRAU","","Standalone","","","30 Apr 2018"
"01/04/2018 08:19","Purchase","'70838153003424700","WXR131","","PRIMAX 95","Billed","31.14","68.50","PSS KOTA DAMANSARA","","Standalone","","","30 Apr 2018"
"01/04/2018 08:17","Reload","'70838153003424700","WXR131","","","Billed","","-50.00","PSS KOTA DAMANSARA","","Standalone","","","30 Apr 2018"