"Date Time","Transaction Type","Card Number","Vehicle Number","Driver Card Number","Product Type","Billing Type","Transaction Volume (Litres)","Transaction Amount (RM)","Station Name","Odometer","Card Type","Cost Centre","Cost Centre Name","Statement Month"
"25/04/2018 20:46","Purchase","'70838153003423611","WXR188","","PRIMAX 97","Billed","2.88","7.11","PSS FAS","","Standalone","","","30 Apr 2018"
"25/04/2018 15:11","Purchase","'70838153003423611","WXR188","","PRIMAX 97","Billed","3.12","7.70","PSS AXIS INDUSTRIAL PARK","","Standalone","","","30 Apr 2018"
"24/04/2018 14:59","Purchase","'70838153003423611","WXR188","","PRIMAX 97","Billed","3.85","9.50","PSS JALAN LANGAT","","Standalone","","","30 Apr 2018"
"18/04/2018 11:32","Purchase","'70838153003423611","WXR188","","PRIMAX 97","Billed","3.65","9.02","PSS BUKIT TINGGI","","Standalone","","","30 Apr 2018"
"13/04/2018 14:41","Purchase","'70838153003423611","WXR188","","PRIMAX 95","Billed","3.46","7.61","PSS SG JATI","","Standalone","","","30 Apr 2018"
"11/04/2018 12:32","Purchase","'70838153003423611","WXR188","","PRIMAX 97","Billed","3.74","9.25","PSS BUKIT TINGGI","","Standalone","","","30 Apr 2018"
"10/04/2018 14:45","Purchase","'70838153003423611","WXR188","","PRIMAX 97","Billed","3.48","8.60","PSS JOHAN SETIA","","Standalone","","","30 Apr 2018"
"09/04/2018 15:42","Purchase","'70838153003423611","WXR188","","PRIMAX 95","Billed","2.73","6.00","PSS KESAS ARAH KELANG","","Standalone","","","30 Apr 2018"
"06/04/2018 20:39","Purchase","'70838153003423611","WXR188","","PRIMAX 95","Billed","3.29","7.24","PSS TAMAN SRI ANDALAS","","Standalone","","","30 Apr 2018"
"06/04/2018 15:00","Purchase","'70838153003423611","WXR188","","PRIMAX 95","Billed","3.18","7.00","PSS USJ 2 SUBANG JAYA","","Standalone","","","30 Apr 2018"
"05/04/2018 22:51","Purchase","'70838153003423611","WXR188","","PRIMAX 95","Billed","3.93","8.64","PSS PENDAMAR INDAH 1","","Standalone","","","30 Apr 2018"
"05/04/2018 17:14","Purchase","'70838153003423611","WXR188","","PRIMAX 95","Billed","3.64","8.00","PSS BATU 2 MERU","","Standalone","","","30 Apr 2018"
"04/04/2018 15:56","Purchase","'70838153003423611","WXR188","","PRIMAX 95","Billed","2.27","5.00","PSS TAMAN ALAM MEGAH","","Standalone","","","30 Apr 2018"
"04/04/2018 15:53","Reload","'70838153003423611","WXR188","","","Billed","","-100.00","PSS TAMAN ALAM MEGAH","","Standalone","","","30 Apr 2018"