"Date Time","Transaction Type","Card Number","Vehicle Number","Driver Card Number","Product Type","Billing Type","Transaction Volume (Litres)","Transaction Amount (RM)","Station Name","Odometer","Card Type","Cost Centre","Cost Centre Name","Statement Month"
"26/04/2018 13:56","Purchase","'70838153003423488","WXR257","","PRIMAX 95","Billed","54.55","120.01","PSS BANDAR BUKIT BERUNTUNG","","Standalone","","","30 Apr 2018"
"24/04/2018 08:18","Purchase","'70838153003423488","WXR257","","PRIMAX 95","Billed","45.46","100.00","PSS BUKIT JELUTONG RESIDENTIAL","","Standalone","","","30 Apr 2018"
"19/04/2018 12:28","Purchase","'70838153003423488","WXR257","","PRIMAX 95","Billed","50.00","110.00","PSS SRI HARTAMAS","","Standalone","","","30 Apr 2018"
"17/04/2018 08:42","Purchase","'70838153003423488","WXR257","","PRIMAX 97","Billed","32.23","79.61","PSS ELITE LAYBY","","Standalone","","","30 Apr 2018"
"16/04/2018 09:58","Purchase","'70838153003423488","WXR257","","PRIMAX 95","Billed","66.49","146.28","PSS BUKIT JELUTONG RESIDENTIAL","","Standalone","","","30 Apr 2018"
"09/04/2018 10:10","Purchase","'70838153003423488","WXR257","","PRIMAX 95","Billed","59.09","130.00","PSS NKVE HIGHWAY","","Standalone","","","30 Apr 2018"
"05/04/2018 10:59","Purchase","'70838153003423488","WXR257","","PRIMAX 95","Billed","59.09","130.00","PSS BUKIT JELUTONG RESIDENTIAL","","Standalone","","","30 Apr 2018"
"02/04/2018 10:06","Purchase","'70838153003423488","WXR257","","PRIMAX 95","Billed","54.55","120.00","PSS BUKIT JELUTONG RESIDENTIAL","","Standalone","","","30 Apr 2018"
"02/04/2018 10:03","Reload","'70838153003423488","WXR257","","","Billed","","-1,000.00","PSS BUKIT JELUTONG RESIDENTIAL","","Standalone","","","30 Apr 2018"