"Date Time","Transaction Type","Card Number","Vehicle Number","Driver Card Number","Product Type","Billing Type","Transaction Volume (Litres)","Transaction Amount (RM)","Station Name","Odometer","Card Type","Cost Centre","Cost Centre Name","Statement Month"
"29/04/2018 18:51","Purchase","'70838153003497623","WXR400","","PRIMAX 95","Billed","3.88","8.53","PSS PETRONAS KARAK REST","","Standalone","","","30 Apr 2018"
"28/04/2018 22:23","Purchase","'70838153003497623","WXR400","","PRIMAX 95","Billed","30.00","66.00","PSS KM72 L/RAYA KARAK ARAH KL","","Standalone","","","30 Apr 2018"
"27/04/2018 17:24","Purchase","'70838153003497623","WXR400","","PRIMAX 95","Billed","41.00","90.20","PSS SALAK SOUTH","","Standalone","","","30 Apr 2018"
"27/04/2018 10:52","Purchase","'70838153003497623","WXR400","","PRIMAX 95","Billed","10.00","22.00","PSS BALAKONG II","","Standalone","","","30 Apr 2018"
"23/04/2018 10:32","Purchase","'70838153003497623","WXR400","","PRIMAX 95","Billed","40.00","88.00","PSS KM 305 PLUS ARAH SELATAN","","Standalone","","","30 Apr 2018"
"22/04/2018 05:33","Purchase","'70838153003497623","WXR400","","PRIMAX 95","Billed","40.00","88.00","PSS NKVE HIGHWAY","","Standalone","","","30 Apr 2018"
"22/04/2018 05:29","Reload","'70838153003497623","WXR400","","","Billed","","-100.00","PSS NKVE HIGHWAY","","Standalone","","","30 Apr 2018"
"19/04/2018 15:09","Reload","'70838153003497623","WXR400","","","Billed","","-100.00","PSS ELITE HIGHWAY","","Standalone","","","30 Apr 2018"
"17/04/2018 21:29","Purchase","'70838153003497623","WXR400","","PRIMAX 95","Billed","40.00","88.00","PSS JALAN SELANGOR","","Standalone","","","30 Apr 2018"
"15/04/2018 21:27","Purchase","'70838153003497623","WXR400","","PRIMAX 95","Billed","40.02","88.05","PSS BATU 6 JALAN IPOH","","Standalone","","","30 Apr 2018"
"15/04/2018 21:24","Reload","'70838153003497623","WXR400","","","Billed","","-100.00","PSS BATU 6 JALAN IPOH","","Standalone","","","30 Apr 2018"
"15/04/2018 14:22","Purchase","'70838153003497623","WXR400","","PRIMAX 95","Billed","10.00","22.00","PSS JALAN SELANGOR","","Standalone","","","30 Apr 2018"
"13/04/2018 11:15","Purchase","'70838153003497623","WXR400","","PRIMAX 95","Billed","10.00","22.00","PSS SKVE","","Standalone","","","30 Apr 2018"
"12/04/2018 12:16","Purchase","'70838153003497623","WXR400","","PRIMAX 95","Billed","20.00","44.00","PSS PERSIARAN JAYA","","Standalone","","","30 Apr 2018"
"12/04/2018 12:14","Reload","'70838153003497623","WXR400","","","Billed","","-50.00","PSS PERSIARAN JAYA","","Standalone","","","30 Apr 2018"
"11/04/2018 08:49","Purchase","'70838153003497623","WXR400","","PRIMAX 95","Billed","20.00","44.00","PSS BANGSAR","","Standalone","","","30 Apr 2018"
"10/04/2018 09:45","Purchase","'70838153003497623","WXR400","","PRIMAX 95","Billed","20.00","44.00","PSS JALAN SELANGOR","","Standalone","","","30 Apr 2018"
"10/04/2018 09:43","Reload","'70838153003497623","WXR400","","","Billed","","-200.00","PSS JALAN SELANGOR","","Standalone","","","30 Apr 2018"
"09/04/2018 16:32","Purchase","'70838153003497623","WXR400","","PRIMAX 95","Billed","10.00","22.00","PSS NPE TAMAN DESA","","Standalone","","","30 Apr 2018"
"08/04/2018 16:43","Purchase","'70838153003497623","WXR400","","PRIMAX 95","Billed","10.00","22.00","PSS EAST-WEST LINK","","Standalone","","","30 Apr 2018"
"07/04/2018 22:09","Purchase","'70838153003497623","WXR400","","PRIMAX 95","Billed","10.00","22.00","PSS KM5.75 PENCHALA LINK","","Standalone","","","30 Apr 2018"
"06/04/2018 14:28","Purchase","'70838153003497623","WXR400","","PRIMAX 95","Billed","30.00","66.00","PSS KM 305 PLUS ARAH SELATAN","","Standalone","","","30 Apr 2018"
"06/04/2018 14:26","Reload","'70838153003497623","WXR400","","","Billed","","-100.00","PSS KM 305 PLUS ARAH SELATAN","","Standalone","","","30 Apr 2018"
"04/04/2018 23:16","Purchase","'70838153003497623","WXR400","","PRIMAX 95","Billed","20.00","44.00","PSS KM5.5 JALAN CHERAS","","Standalone","","","30 Apr 2018"
"04/04/2018 08:49","Purchase","'70838153003497623","WXR400","","PRIMAX 95","Billed","20.00","44.00","PSS SKVE","","Standalone","","","30 Apr 2018"