"Date Time","Transaction Type","Card Number","Vehicle Number","Driver Card Number","Product Type","Billing Type","Transaction Volume (Litres)","Transaction Amount (RM)","Station Name","Odometer","Card Type","Cost Centre","Cost Centre Name","Statement Month"
"26/04/2018 19:58","Purchase","'70838153003423744","WXR15","","PRIMAX 97","Billed","32.39","80.00","PSS GERIK","","Standalone","","","30 Apr 2018"
"26/04/2018 11:03","Purchase","'70838153003423744","WXR15","","PRIMAX 97","Billed","2.69","6.64","PSS GERIK","","Standalone","","","30 Apr 2018"
"21/04/2018 11:59","Purchase","'70838153003423744","WXR15","","PRIMAX 97","Billed","28.34","70.00","PSS GERIK","","Standalone","","","30 Apr 2018"
"13/04/2018 16:56","Purchase","'70838153003423744","WXR15","","PRIMAX 97","Billed","2.14","5.29","PSS GERIK","","Standalone","","","30 Apr 2018"
"13/04/2018 16:54","Reload","'70838153003423744","WXR15","","","Billed","","-300.00","PSS GERIK","","Standalone","","","30 Apr 2018"
"12/04/2018 15:53","Purchase","'70838153003423744","WXR15","","PRIMAX 97","Billed","19.29","47.65","PSS GERIK","","Standalone","","","30 Apr 2018"
"05/04/2018 19:04","Purchase","'70838153003423744","WXR15","","PRIMAX 97","Billed","28.34","70.00","PSS GERIK","","Standalone","","","30 Apr 2018"
"02/04/2018 16:06","Purchase","'70838153003423744","WXR15","","PRIMAX 97","Billed","18.92","46.72","PSS GERIK","","Standalone","","","30 Apr 2018"