"Date Time","Transaction Type","Card Number","Vehicle Number","Driver Card Number","Product Type","Billing Type","Transaction Volume (Litres)","Transaction Amount (RM)","Station Name","Odometer","Card Type","Cost Centre","Cost Centre Name","Statement Month"
"21/04/2018 17:14","Purchase","'70838153003500293","WXR673","","PRIMAX 95","Billed","9.09","20.00","PSS BANDAR JERTEH","","Standalone","","","30 Apr 2018"
"19/04/2018 13:25","Purchase","'70838153003500293","WXR673","","PRIMAX 95","Billed","18.18","40.00","PSS MERANG","","Standalone","","","30 Apr 2018"
"19/04/2018 13:24","Reload","'70838153003500293","WXR673","","","Billed","","-50.00","PSS MERANG","","Standalone","","","30 Apr 2018"
"18/04/2018 13:35","Purchase","'70838153003500293","WXR673","","PRIMAX 95","Billed","13.64","30.00","PSS PERUPOK","","Standalone","","","30 Apr 2018"
"12/04/2018 15:31","Purchase","'70838153003500293","WXR673","","PRIMAX 95","Billed","13.64","30.00","PSS KAMPUNG RAJA BESUT","","Standalone","","","30 Apr 2018"
"12/04/2018 15:30","Reload","'70838153003500293","WXR673","'70838153003500293","","Billed","","-50.00","PSS KAMPUNG RAJA BESUT","","Standalone","","","30 Apr 2018"
"09/04/2018 09:08","Purchase","'70838153003500293","WXR673","","PRIMAX 95","Billed","13.64","30.00","PSS BANDAR JERTEH","","Standalone","","","30 Apr 2018"
"09/04/2018 09:06","Reload","'70838153003500293","WXR673","","","Billed","","-50.00","PSS BANDAR JERTEH","","Standalone","","","30 Apr 2018"
"06/04/2018 17:39","Purchase","'70838153003500293","WXR673","","PRIMAX 95","Billed","9.09","20.00","PSS BANDAR JERTEH","","Standalone","","","30 Apr 2018"
"04/04/2018 17:32","Purchase","'70838153003500293","WXR673","","PRIMAX 95","Billed","13.64","30.00","PSS KAMPUNG RAJA BESUT","","Standalone","","","30 Apr 2018"
"03/04/2018 20:14","Purchase","'70838153003500293","WXR673","","PRIMAX 95","Billed","6.82","15.00","PSS MUKIM PELAGAT JERTIH","","Standalone","","","30 Apr 2018"
"03/04/2018 00:42","Purchase","'70838153003500293","WXR673","","PRIMAX 95","Billed","9.09","20.00","PSS KAMPUNG RAJA BESUT","","Standalone","","","30 Apr 2018"
"02/04/2018 08:36","Purchase","'70838153003500293","WXR673","","PRIMAX 95","Billed","22.73","50.00","PSS KAMPUNG RAJA BESUT","","Standalone","","","30 Apr 2018"
"02/04/2018 08:34","Reload","'70838153003500293","WXR673","'70838153003500293","","Billed","","-100.00","PSS KAMPUNG RAJA BESUT","","Standalone","","","30 Apr 2018"
"01/04/2018 07:49","Purchase","'70838153003500293","WXR673","","PRIMAX 95","Billed","18.18","40.00","PSS KAMPUNG RAJA BESUT","","Standalone","","","30 Apr 2018"
"01/04/2018 07:48","Reload","'70838153003500293","WXR673","'70838153003500293","","Billed","","-50.00","PSS KAMPUNG RAJA BESUT","","Standalone","","","30 Apr 2018"