"Date Time","Transaction Type","Card Number","Vehicle Number","Driver Card Number","Product Type","Billing Type","Transaction Volume (Litres)","Transaction Amount (RM)","Station Name","Odometer","Card Type","Cost Centre","Cost Centre Name","Statement Month"
"27/04/2018 20:52","Purchase","'70838153003580667","WXR1059","","PRIMAX 95","Billed","22.73","50.00","PSS MASJID TANAH","","Standalone","","","30 Apr 2018"
"23/04/2018 23:09","Purchase","'70838153003580667","WXR1059","","PRIMAX 95","Billed","27.27","60.00","PSS MASJID TANAH","","Standalone","","","30 Apr 2018"
"18/04/2018 21:38","Purchase","'70838153003580667","WXR1059","","PRIMAX 95","Billed","22.73","50.00","PSS MASJID TANAH","","Standalone","","","30 Apr 2018"
"18/04/2018 21:37","Reload","'70838153003580667","WXR1059","","","Billed","","-200.00","PSS MASJID TANAH","","Standalone","","","30 Apr 2018"
"13/04/2018 17:32","Purchase","'70838153003580667","WXR1059","","PRIMAX 95","Billed","22.73","50.00","PSS MASJID TANAH","","Standalone","","","30 Apr 2018"
"08/04/2018 18:23","Purchase","'70838153003580667","WXR1059","","PRIMAX 95","Billed","22.73","50.00","PSS MASJID TANAH","","Standalone","","","30 Apr 2018"
"02/04/2018 21:23","Purchase","'70838153003580667","WXR1059","","PRIMAX 95","Billed","22.73","50.00","PSS MASJID TANAH","","Standalone","","","30 Apr 2018"
"01/04/2018 21:45","Purchase","'70838153003580667","WXR1059","","PRIMAX 95","Billed","22.73","50.00","PSS MASJID TANAH","","Standalone","","","30 Apr 2018"
"01/04/2018 21:43","Reload","'70838153003580667","WXR1059","","","Billed","","-200.00","PSS MASJID TANAH","","Standalone","","","30 Apr 2018"