"Date Time","Transaction Type","Card Number","Vehicle Number","Driver Card Number","Product Type","Billing Type","Transaction Volume (Litres)","Transaction Amount (RM)","Station Name","Odometer","Card Type","Cost Centre","Cost Centre Name","Statement Month"
"24/04/2018 14:51","Purchase","'70838153003581210","WXR1094","","PRIMAX 95","Billed","14.73","32.40","PSS KERTEH 2","","Standalone","","","30 Apr 2018"
"22/04/2018 19:26","Purchase","'70838153003581210","WXR1094","","PRIMAX 95","Billed","16.37","36.02","PSS SURA 2","","Standalone","","","30 Apr 2018"
"22/04/2018 15:57","Reload","'70838153003581210","WXR1094","","","Billed","","-50.00","PSS SURA 2","","Standalone","","","30 Apr 2018"
"19/04/2018 07:31","Purchase","'70838153003581210","WXR1094","","PRIMAX 97","Billed","2.84","7.02","PSS KERTEH 2","","Standalone","","","30 Apr 2018"
"18/04/2018 19:12","Purchase","'70838153003581210","WXR1094","","PRIMAX 95","Billed","15.50","34.10","PSS TELOK KALONG","","Standalone","","","30 Apr 2018"
"17/04/2018 07:34","Purchase","'70838153003581210","WXR1094","","PRIMAX 97","Billed","2.63","6.50","PSS KERTEH 2","","Standalone","","","30 Apr 2018"
"15/04/2018 07:37","Purchase","'70838153003581210","WXR1094","","PRIMAX 97","Billed","2.79","6.90","PSS KERTEH 2","","Standalone","","","30 Apr 2018"
"12/04/2018 14:53","Reload","'70838153003581210","WXR1094","","","Billed","","-50.00","PSS KERTEH 2","","Standalone","","","30 Apr 2018"
"10/04/2018 18:01","Purchase","'70838153003581210","WXR1094","","PRIMAX 95","Billed","19.27","42.40","PSS TELOK KALONG","","Standalone","","","30 Apr 2018"
"09/04/2018 07:35","Purchase","'70838153003581210","WXR1094","","PRIMAX 97","Billed","3.08","7.62","PSS KERTEH 2","","Standalone","","","30 Apr 2018"
"05/04/2018 07:31","Purchase","'70838153003581210","WXR1094","","PRIMAX 97","Billed","2.92","7.22","PSS KERTEH 2","","Standalone","","","30 Apr 2018"
"04/04/2018 14:51","Reload","'70838153003581210","WXR1094","","","Billed","","-50.00","PSS KERTEH 2","","Standalone","","","30 Apr 2018"