"Date Time","Transaction Type","Card Number","Vehicle Number","Driver Card Number","Product Type","Billing Type","Transaction Volume (Litres)","Transaction Amount (RM)","Station Name","Odometer","Card Type","Cost Centre","Cost Centre Name","Statement Month"
"25/04/2018 08:00","Purchase","'70838153003495676","WXR323","","PRIMAX 95","Billed","24.72","54.37","PSS BATAS PAIP","","Standalone","","","30 Apr 2018"
"22/04/2018 14:47","Purchase","'70838153003495676","WXR323","","PRIMAX 95","Billed","20.50","45.10","PSS TANDOP","","Standalone","","","30 Apr 2018"
"19/04/2018 12:09","Purchase","'70838153003495676","WXR323","","PRIMAX 95","Billed","20.71","45.56","PSS TANDOP","","Standalone","","","30 Apr 2018"
"19/04/2018 07:54","Reload","'70838153003495676","WXR323","","","Billed","","-150.00","PSS TANDOP","","Standalone","","","30 Apr 2018"
"18/04/2018 07:49","Purchase","'70838153003495676","WXR323","","PRIMAX 95","Billed","1.19","2.61","PSS LENCONGAN BARAT (PG KUNDOR)","","Standalone","","","30 Apr 2018"
"17/04/2018 07:46","Purchase","'70838153003495676","WXR323","","PRIMAX 95","Billed","19.71","43.36","PSS LENCONGAN BARAT (PG KUNDOR)","","Standalone","","","30 Apr 2018"
"15/04/2018 08:02","Purchase","'70838153003495676","WXR323","","PRIMAX 95","Billed","15.21","33.47","PSS TANDOP","","Standalone","","","30 Apr 2018"
"12/04/2018 13:00","Purchase","'70838153003495676","WXR323","","PRIMAX 95","Billed","16.07","35.34","PSS BATAS PAIP","","Standalone","","","30 Apr 2018"
"11/04/2018 07:58","Purchase","'70838153003495676","WXR323","","PRIMAX 95","Billed","20.98","46.14","PSS TANDOP","","Standalone","","","30 Apr 2018"
"08/04/2018 13:20","Purchase","'70838153003495676","WXR323","","PRIMAX 95","Billed","20.33","44.73","PSS BATAS PAIP","","Standalone","","","30 Apr 2018"
"05/04/2018 12:59","Purchase","'70838153003495676","WXR323","","PRIMAX 95","Billed","22.83","50.23","PSS BATAS PAIP","","Standalone","","","30 Apr 2018"
"03/04/2018 14:04","Reload","'70838153003495676","WXR323","","","Billed","","-150.00","PSS TANDOP","","Standalone","","","30 Apr 2018"