"Date Time","Transaction Type","Card Number","Vehicle Number","Driver Card Number","Product Type","Billing Type","Transaction Volume (Litres)","Transaction Amount (RM)","Station Name","Odometer","Card Type","Cost Centre","Cost Centre Name","Statement Month"
"30/04/2018 09:56","Purchase","'70838153003501218","WXR987","","PRIMAX 95","Billed","27.28","60.01","PSS KM5.75 PENCHALA LINK","112","Standalone","","","30 Apr 2018"
"25/04/2018 09:29","Purchase","'70838153003501218","WXR987","","PRIMAX 95","Billed","41.37","91.01","PSS KM5.75 PENCHALA LINK","112","Standalone","","","30 Apr 2018"
"21/04/2018 15:56","Purchase","'70838153003501218","WXR987","","PRIMAX 95","Billed","39.55","87.00","PSS PANDAN INDAH","1111","Standalone","","","30 Apr 2018"
"21/04/2018 15:55","Reload","'70838153003501218","WXR987","","","Billed","","-200.00","PSS PANDAN INDAH","","Standalone","","","30 Apr 2018"
"17/04/2018 12:20","Purchase","'70838153003501218","WXR987","","PRIMAX 95","Billed","34.20","75.24","PSS BUKIT BANDAR RAYA","112","Standalone","","","30 Apr 2018"
"12/04/2018 13:51","Purchase","'70838153003501218","WXR987","","PRIMAX 95","Billed","34.36","75.60","PSS PANDAN INDAH","113","Standalone","","","30 Apr 2018"
"12/04/2018 13:50","Reload","'70838153003501218","WXR987","","","Billed","","-300.00","PSS PANDAN INDAH","","Standalone","","","30 Apr 2018"
"09/04/2018 18:14","Purchase","'70838153003501218","WXR987","","PRIMAX 95","Billed","31.01","68.23","PSS PANDAN INDAH","112","Standalone","","","30 Apr 2018"
"04/04/2018 10:27","Purchase","'70838153003501218","WXR987","","PRIMAX 95","Billed","42.84","94.24","PSS KM5.75 PENCHALA LINK","112","Standalone","","","30 Apr 2018"