"Date Time","Transaction Type","Card Number","Vehicle Number","Driver Card Number","Product Type","Billing Type","Transaction Volume (Litres)","Transaction Amount (RM)","Station Name","Odometer","Card Type","Cost Centre","Cost Centre Name","Statement Month"
"30/04/2018 10:14","Purchase","'70838153003582721","WXR1185","","PRIMAX 95","Billed","3.18","7.00","PSS NKVE (SUBANG TOLL)","189241","Standalone","","","30 Apr 2018"
"30/04/2018 10:11","Reload","'70838153003582721","WXR1185","'70838153003582721","","Billed","","-70.00","PSS NKVE (SUBANG TOLL)","","Standalone","","","30 Apr 2018"
"21/04/2018 19:20","Purchase","'70838153003582721","WXR1185","","PRIMAX 95","Billed","1.36","3.00","PSS SAUJANA UTAMA","182728","Standalone","","","30 Apr 2018"
"20/04/2018 08:53","Purchase","'70838153003582721","WXR1185","","PRIMAX 95","Billed","3.64","8.00","PSS NKVE (SUBANG TOLL)","181430","Standalone","","","30 Apr 2018"
"17/04/2018 12:41","Purchase","'70838153003582721","WXR1185","","PRIMAX 95","Billed","3.18","7.00","PSS SALAK SOUTH","179336","Standalone","","","30 Apr 2018"
"16/04/2018 09:49","Purchase","'70838153003582721","WXR1185","","PRIMAX 95","Billed","1.82","4.00","PSS NKVE (SUBANG TOLL)","177568","Standalone","","","30 Apr 2018"
"11/04/2018 16:48","Purchase","'70838153003582721","WXR1185","","PRIMAX 95","Billed","3.18","7.00","PSS KOTA DAMANSARA","176295","Standalone","","","30 Apr 2018"
"09/04/2018 13:29","Purchase","'70838153003582721","WXR1185","","PRIMAX 95","Billed","3.64","8.00","PSS SUBANG BESTARI","174254","Standalone","","","30 Apr 2018"
"06/04/2018 08:31","Purchase","'70838153003582721","WXR1185","","PRIMAX 97","Billed","2.43","6.00","PSS NKVE (SUBANG TOLL)","172226","Standalone","","","30 Apr 2018"
"05/04/2018 09:20","Purchase","'70838153003582721","WXR1185","","PRIMAX 95","Billed","3.18","7.00","PSS LEBUHRAYA SPRINT","170819","Standalone","","","30 Apr 2018"
"05/04/2018 09:16","Reload","'70838153003582721","WXR1185","","","Billed","","-50.00","PSS LEBUHRAYA SPRINT","","Standalone","","","30 Apr 2018"