"Date Time","Transaction Type","Card Number","Vehicle Number","Driver Card Number","Product Type","Billing Type","Transaction Volume (Litres)","Transaction Amount (RM)","Station Name","Odometer","Card Type","Cost Centre","Cost Centre Name","Statement Month"
"30/04/2018 19:13","Purchase","'70838153003667084","WXR2034","","Diesel","Un-billed","4.59","10.00","PSS JALAN JELATEK 2","","Standalone","","","Unbilled Transaction"
"30/04/2018 07:48","Purchase","'70838153003667084","WXR2034","","PRIMAX 95","Billed","9.09","20.00","PSS TAMAN SETIAWANGSA","","Standalone","","","30 Apr 2018"
"30/04/2018 07:47","Reload","'70838153003667084","WXR2034","","","Billed","","-50.00","PSS TAMAN SETIAWANGSA","","Standalone","","","30 Apr 2018"
"29/04/2018 16:39","Purchase","'70838153003667084","WXR2034","","PRIMAX 95","Billed","31.82","70.00","PSS MACHAP ARAH UTARA","","Standalone","","","30 Apr 2018"
"28/04/2018 12:12","Purchase","'70838153003667084","WXR2034","","PRIMAX 95","Billed","36.36","80.00","PSS TAMAN SETIAWANGSA","","Standalone","","","30 Apr 2018"
"28/04/2018 12:10","Reload","'70838153003667084","WXR2034","","","Billed","","-150.00","PSS TAMAN SETIAWANGSA","","Standalone","","","30 Apr 2018"
"28/04/2018 10:40","Purchase","'70838153003667084","WXR2034","","Diesel","Billed","18.35","40.00","PSS TAMAN SETIAWANGSA","","Standalone","","","30 Apr 2018"
"28/04/2018 08:21","Purchase","'70838153003667084","WXR2034","","Diesel","Billed","4.59","10.00","PSS TAMAN SETIAWANGSA","","Standalone","","","30 Apr 2018"
"28/04/2018 08:19","Reload","'70838153003667084","WXR2034","","","Billed","","-50.00","PSS TAMAN SETIAWANGSA","","Standalone","","","30 Apr 2018"
"27/04/2018 11:09","Purchase","'70838153003667084","WXR2034","","Diesel","Billed","22.94","50.00","PSS WANGSA MAJU SEK 2","","Standalone","","","30 Apr 2018"
"27/04/2018 11:08","Reload","'70838153003667084","WXR2034","","","Billed","","-50.00","PSS WANGSA MAJU SEK 2","","Standalone","","","30 Apr 2018"
"26/04/2018 08:27","Purchase","'70838153003667084","WXR2034","","Diesel","Billed","22.94","50.00","PSS TAMAN SETIAWANGSA","","Standalone","","","30 Apr 2018"
"25/04/2018 12:30","Purchase","'70838153003667084","WXR2034","","Diesel","Billed","9.17","20.00","PSS TAMAN SETIAWANGSA","","Standalone","","","30 Apr 2018"
"25/04/2018 12:28","Reload","'70838153003667084","WXR2034","","","Billed","","-70.00","PSS TAMAN SETIAWANGSA","","Standalone","","","30 Apr 2018"
"24/04/2018 17:54","Purchase","'70838153003667084","WXR2034","","PRIMAX 95","Billed","9.09","20.00","PSS TAMAN SETIAWANGSA","","Standalone","","","30 Apr 2018"
"24/04/2018 17:53","Reload","'70838153003667084","WXR2034","","","Billed","","-20.00","PSS TAMAN SETIAWANGSA","","Standalone","","","30 Apr 2018"
"23/04/2018 13:13","Purchase","'70838153003667084","WXR2034","","PRIMAX 95","Billed","9.09","20.00","PSS TAMAN SETIAWANGSA","","Standalone","","","30 Apr 2018"
"23/04/2018 13:12","Reload","'70838153003667084","WXR2034","","","Billed","","-20.00","PSS TAMAN SETIAWANGSA","","Standalone","","","30 Apr 2018"
"21/04/2018 14:58","Purchase","'70838153003667084","WXR2034","","PRIMAX 95","Billed","9.09","20.00","PSS TAMAN SETIAWANGSA","","Standalone","","","30 Apr 2018"
"21/04/2018 14:56","Reload","'70838153003667084","WXR2034","","","Billed","","-20.00","PSS TAMAN SETIAWANGSA","","Standalone","","","30 Apr 2018"
"21/04/2018 08:41","Purchase","'70838153003667084","WXR2034","","Diesel","Billed","9.17","20.00","PSS TAMAN SETIAWANGSA","","Standalone","","","30 Apr 2018"
"21/04/2018 07:39","Reload","'70838153003667084","WXR2034","","","Billed","","-20.00","PSS TAMAN SETIAWANGSA","","Standalone","","","30 Apr 2018"
"05/04/2018 17:10","Purchase","'70838153003667084","WXR2034","","PRIMAX 95","Billed","9.09","20.00","PSS TAMAN SETIAWANGSA","","Standalone","","","30 Apr 2018"
"05/04/2018 17:08","Reload","'70838153003667084","WXR2034","","","Billed","","-20.00","PSS TAMAN SETIAWANGSA","","Standalone","","","30 Apr 2018"
"03/04/2018 18:34","Purchase","'70838153003667084","WXR2034","","PRIMAX 95","Billed","9.09","20.00","PSS KM5.75 PENCHALA LINK","","Standalone","","","30 Apr 2018"
"03/04/2018 18:27","Reload","'70838153003667084","WXR2034","","","Billed","","-20.00","PSS KM5.75 PENCHALA LINK","","Standalone","","","30 Apr 2018"