"Date Time","Transaction Type","Card Number","Vehicle Number","Driver Card Number","Product Type","Billing Type","Transaction Volume (Litres)","Transaction Amount (RM)","Station Name","Odometer","Card Type","Cost Centre","Cost Centre Name","Statement Month"
"27/04/2018 20:48","Purchase","'70838153003676598","WXR 2201","","PRIMAX 95","Billed","33.35","73.38","PSS TAMAN BERSATU RAWANG","","Standalone","","","30 Apr 2018"
"27/04/2018 20:47","Reload","'70838153003676598","WXR 2201","","","Billed","","-100.00","PSS TAMAN BERSATU RAWANG","","Standalone","","","30 Apr 2018"
"24/04/2018 17:12","Purchase","'70838153003676598","WXR 2201","","PRIMAX 95","Billed","22.73","50.00","PSS TAMAN BERSATU RAWANG","","Standalone","","","30 Apr 2018"
"24/04/2018 17:10","Reload","'70838153003676598","WXR 2201","","","Billed","","-50.00","PSS TAMAN BERSATU RAWANG","","Standalone","","","30 Apr 2018"
"19/04/2018 23:08","Purchase","'70838153003676598","WXR 2201","","PRIMAX 95","Billed","22.73","50.00","PSS TAMAN BERSATU RAWANG","","Standalone","","","30 Apr 2018"
"19/04/2018 23:04","Reload","'70838153003676598","WXR 2201","","","Billed","","-50.00","PSS TAMAN BERSATU RAWANG","","Standalone","","","30 Apr 2018"