"Date Time","Transaction Type","Card Number","Vehicle Number","Driver Card Number","Product Type","Billing Type","Transaction Volume (Litres)","Transaction Amount (RM)","Station Name","Odometer","Card Type","Cost Centre","Cost Centre Name","Statement Month"
"12/04/2018 22:44","Purchase","'70838153003499447","WXR901","","PRIMAX 95","Billed","9.09","20.00","PSS ARA DAMANSARA","20","Standalone","","","30 Apr 2018"
"12/04/2018 22:41","Reload","'70838153003499447","WXR901","","","Billed","","-10.00","PSS ARA DAMANSARA","","Standalone","","","30 Apr 2018"
"07/04/2018 17:45","Purchase","'70838153003499447","WXR901","","PRIMAX 95","Billed","4.55","10.00","PSS ARA DAMANSARA","10","Standalone","","","30 Apr 2018"
"01/04/2018 19:55","Purchase","'70838153003499447","WXR901","","PRIMAX 95","Billed","13.64","30.00","PSS ARA DAMANSARA","30","Standalone","","","30 Apr 2018"
"01/04/2018 19:53","Reload","'70838153003499447","WXR901","","","Billed","","-30.00","PSS ARA DAMANSARA","","Standalone","","","30 Apr 2018"