"Date Time","Transaction Type","Card Number","Vehicle Number","Driver Card Number","Product Type","Billing Type","Transaction Volume (Litres)","Transaction Amount (RM)","Station Name","Odometer","Card Type","Cost Centre","Cost Centre Name","Statement Month"
"26/04/2018 17:03","Purchase","'70838153003496096","WXR349","","PRIMAX 95","Billed","45.46","100.00","PSS PERMATANG BADAK","1122","Standalone","","","30 Apr 2018"
"26/04/2018 17:00","Reload","'70838153003496096","WXR349","","","Billed","","-100.00","PSS PERMATANG BADAK","","Standalone","","","30 Apr 2018"
"24/04/2018 15:46","Purchase","'70838153003496096","WXR349","","PRIMAX 95","Billed","22.73","50.00","PSS PETRONAS KARAK REST","1122","Standalone","","","30 Apr 2018"
"24/04/2018 15:44","Reload","'70838153003496096","WXR349","","","Billed","","-50.00","PSS PETRONAS KARAK REST","","Standalone","","","30 Apr 2018"
"20/04/2018 20:43","Purchase","'70838153003496096","WXR349","","PRIMAX 95","Billed","9.09","20.00","PSS JALAN GAMBANG","1122","Standalone","","","30 Apr 2018"
"20/04/2018 20:41","Reload","'70838153003496096","WXR349","","","Billed","","-20.00","PSS JALAN GAMBANG","","Standalone","","","30 Apr 2018"
"19/04/2018 11:23","Purchase","'70838153003496096","WXR349","","PRIMAX 95","Billed","9.09","20.00","PSS JALAN GAMBANG","20","Standalone","","","30 Apr 2018"
"19/04/2018 11:22","Reload","'70838153003496096","WXR349","","","Billed","","-20.00","PSS JALAN GAMBANG","","Standalone","","","30 Apr 2018"
"11/04/2018 16:11","Purchase","'70838153003496096","WXR349","","PRIMAX 95","Billed","22.73","50.00","PSS MARAN","1122","Standalone","","","30 Apr 2018"
"04/04/2018 12:35","Reload","'70838153003496096","WXR349","","","Billed","","-50.00","PSS JALAN GAMBANG","","Standalone","","","30 Apr 2018"