"Date Time","Transaction Type","Card Number","Vehicle Number","Driver Card Number","Product Type","Billing Type","Transaction Volume (Litres)","Transaction Amount (RM)","Station Name","Odometer","Card Type","Cost Centre","Cost Centre Name","Statement Month"
"30/04/2018 05:09","Purchase","'70838153003497938","WXR858","","PRIMAX 95","Billed","9.09","20.00","PSS JALAN COCHRANE","1987","Standalone","","","30 Apr 2018"
"29/04/2018 20:38","Purchase","'70838153003497938","WXR858","","PRIMAX 95","Billed","3.47","7.63","PSS BANDAR SRI PERMAISURI","1203","Standalone","","","30 Apr 2018"
"27/04/2018 11:44","Purchase","'70838153003497938","WXR858","","PRIMAX 97","Billed","40.07","98.97","PSS LEBUHRAYA SPRINT","49","Standalone","","","30 Apr 2018"
"27/04/2018 11:41","Reload","'70838153003497938","WXR858","","","Billed","","-300.00","PSS LEBUHRAYA SPRINT","","Standalone","","","30 Apr 2018"
"25/04/2018 14:28","Purchase","'70838153003497938","WXR858","","PRIMAX 95","Billed","13.64","30.00","PSS BANDAR SRI PERMAISURI","4211","Standalone","","","30 Apr 2018"
"24/04/2018 17:18","Purchase","'70838153003497938","WXR858","","PRIMAX 95","Billed","3.09","6.79","PSS BRICKFIELDS","1203","Standalone","","","30 Apr 2018"
"23/04/2018 12:13","Purchase","'70838153003497938","WXR858","","PRIMAX 95","Billed","9.09","20.00","PSS BANDAR SRI PERMAISURI","9818","Standalone","","","30 Apr 2018"
"22/04/2018 20:49","Purchase","'70838153003497938","WXR858","","PRIMAX 95","Billed","37.24","81.92","PSS BANDAR SRI PERMAISURI","2661","Standalone","","","30 Apr 2018"
"22/04/2018 05:05","Purchase","'70838153003497938","WXR858","","PRIMAX 95","Billed","9.09","20.00","PSS JALAN COCHRANE","1987","Standalone","","","30 Apr 2018"
"20/04/2018 17:57","Purchase","'70838153003497938","WXR858","","PRIMAX 97","Billed","22.27","55.00","PSS TAMAN MALURI","49","Standalone","","","30 Apr 2018"
"20/04/2018 17:55","Reload","'70838153003497938","WXR858","","","Billed","","-380.00","PSS TAMAN MALURI","","Standalone","","","30 Apr 2018"
"18/04/2018 11:24","Purchase","'70838153003497938","WXR858","","PRIMAX 95","Billed","11.36","25.00","PSS BANDAR SRI PERMAISURI","9818","Standalone","","","30 Apr 2018"
"16/04/2018 05:03","Purchase","'70838153003497938","WXR858","","PRIMAX 95","Billed","9.09","20.00","PSS JALAN COCHRANE","1987","Standalone","","","30 Apr 2018"
"14/04/2018 11:50","Purchase","'70838153003497938","WXR858","","PRIMAX 95","Billed","3.46","7.60","PSS BANDAR SRI PERMAISURI","1203","Standalone","","","30 Apr 2018"
"13/04/2018 11:25","Purchase","'70838153003497938","WXR858","","PRIMAX 97","Billed","17.96","44.37","PSS LEBUHRAYA SPRINT","49","Standalone","","","30 Apr 2018"
"13/04/2018 11:22","Reload","'70838153003497938","WXR858","","","Billed","","-320.00","PSS LEBUHRAYA SPRINT","","Standalone","","","30 Apr 2018"
"11/04/2018 12:49","Purchase","'70838153003497938","WXR858","","PRIMAX 95","Billed","3.41","7.51","PSS BANDAR SRI PERMAISURI","1203","Standalone","","","30 Apr 2018"
"09/04/2018 04:55","Purchase","'70838153003497938","WXR858","","PRIMAX 95","Billed","9.09","20.00","PSS JALAN COCHRANE","1987","Standalone","","","30 Apr 2018"
"06/04/2018 17:52","Reload","'70838153003497938","WXR858","","","Billed","","-470.00","PSS TAMAN MALURI","","Standalone","","","30 Apr 2018"
"06/04/2018 16:54","Purchase","'70838153003497938","WXR858","","PRIMAX 95","Billed","3.14","6.91","PSS TAMAN MALURI","3083","Standalone","","","30 Apr 2018"
"06/04/2018 11:38","Purchase","'70838153003497938","WXR858","","PRIMAX 97","Billed","36.35","89.79","PSS LEBUHRAYA SPRINT","222","Standalone","","","30 Apr 2018"
"05/04/2018 19:09","Purchase","'70838153003497938","WXR858","","PRIMAX 95","Billed","3.34","7.35","PSS BANDAR SRI PERMAISURI","1203","Standalone","","","30 Apr 2018"
"03/04/2018 19:31","Purchase","'70838153003497938","WXR858","","PRIMAX 97","Billed","50.03","123.58","PSS LOT 353 JLN CHERAS","49","Standalone","","","30 Apr 2018"
"02/04/2018 18:15","Purchase","'70838153003497938","WXR858","","PRIMAX 95","Billed","16.10","35.41","PSS BANDAR SRI PERMAISURI","9818","Standalone","","","30 Apr 2018"
"02/04/2018 11:56","Purchase","'70838153003497938","WXR858","","PRIMAX 97","Billed","14.17","35.00","PSS BRICKFIELDS","49","Standalone","","","30 Apr 2018"
"01/04/2018 05:59","Purchase","'70838153003497938","WXR858","","PRIMAX 95","Billed","9.09","20.00","PSS BANDAR SRI PERMAISURI","1987","Standalone","","","30 Apr 2018"