"Date Time","Transaction Type","Card Number","Vehicle Number","Driver Card Number","Product Type","Billing Type","Transaction Volume (Litres)","Transaction Amount (RM)","Station Name","Odometer","Card Type","Cost Centre","Cost Centre Name","Statement Month"
"30/04/2018 07:52","Purchase","'70838153003500418","WXR955","","PRIMAX 95","Billed","29.55","65.00","PSS SEK 17 SUBANG JAYA","","Standalone","","","30 Apr 2018"
"28/04/2018 09:50","Purchase","'70838153003500418","WXR955","","PRIMAX 95","Billed","20.46","45.00","PSS USJ 4 UEP SUBANG JAYA","","Standalone","","","30 Apr 2018"
"28/04/2018 09:49","Reload","'70838153003500418","WXR955","","","Billed","","-110.00","PSS USJ 4 UEP SUBANG JAYA","","Standalone","","","30 Apr 2018"
"22/04/2018 18:35","Purchase","'70838153003500418","WXR955","","PRIMAX 95","Billed","22.73","50.00","PSS KM 12.3 LEBUHRAYA PERSEKUTUAN","","Standalone","","","30 Apr 2018"
"21/04/2018 13:56","Purchase","'70838153003500418","WXR955","","PRIMAX 95","Billed","45.46","100.00","PSS NKVE HIGHWAY","","Standalone","","","30 Apr 2018"
"21/04/2018 13:54","Reload","'70838153003500418","WXR955","","","Billed","","-150.00","PSS NKVE HIGHWAY","","Standalone","","","30 Apr 2018"
"15/04/2018 09:45","Purchase","'70838153003500418","WXR955","","PRIMAX 95","Billed","13.64","30.00","PSS USJ 4 UEP SUBANG JAYA","","Standalone","","","30 Apr 2018"
"14/04/2018 12:37","Purchase","'70838153003500418","WXR955","","PRIMAX 95","Billed","31.82","70.00","PSS USJ 4 UEP SUBANG JAYA","","Standalone","","","30 Apr 2018"
"12/04/2018 17:06","Purchase","'70838153003500418","WXR955","","PRIMAX 95","Billed","6.82","15.00","PSS JALAN 20/1 SEKSYEN 20","","Standalone","","","30 Apr 2018"
"12/04/2018 17:04","Reload","'70838153003500418","WXR955","","","Billed","","-100.00","PSS JALAN 20/1 SEKSYEN 20","","Standalone","","","30 Apr 2018"
"03/04/2018 08:00","Purchase","'70838153003500418","WXR955","","PRIMAX 95","Billed","25.00","55.00","PSS TEMASYA FEDERAL HIGHWAY","","Standalone","","","30 Apr 2018"