"Date Time","Transaction Type","Card Number","Vehicle Number","Driver Card Number","Product Type","Billing Type","Transaction Volume (Litres)","Transaction Amount (RM)","Station Name","Odometer","Card Type","Cost Centre","Cost Centre Name","Statement Month"
"27/04/2018 21:29","Purchase","'70838153003422886","WXR81","","PRIMAX 95","Billed","22.73","50.00","PSS JALAN GOPENG II","50","Standalone","","","30 Apr 2018"
"27/04/2018 21:27","Reload","'70838153003422886","WXR81","","","Billed","","-100.00","PSS JALAN GOPENG II","","Standalone","","","30 Apr 2018"
"27/04/2018 11:29","Purchase","'70838153003422886","WXR81","","PRIMAX 97","Billed","32.39","80.00","PSS JALAN GOPENG II","50","Standalone","","","30 Apr 2018"
"27/04/2018 11:28","Reload","'70838153003422886","WXR81","","","Billed","","-100.00","PSS JALAN GOPENG II","","Standalone","","","30 Apr 2018"
"24/04/2018 10:48","Purchase","'70838153003422886","WXR81","","PRIMAX 95","Billed","22.73","50.00","PSS JALAN GOPENG II","50","Standalone","","","30 Apr 2018"
"21/04/2018 16:18","Purchase","'70838153003422886","WXR81","","PRIMAX 95","Billed","22.73","50.00","PSS JALAN GOPENG II","50","Standalone","","","30 Apr 2018"
"21/04/2018 16:17","Reload","'70838153003422886","WXR81","","","Billed","","-100.00","PSS JALAN GOPENG II","","Standalone","","","30 Apr 2018"
"19/04/2018 18:26","Purchase","'70838153003422886","WXR81","","PRIMAX 95","Billed","35.91","78.99","PSS SUNGAI PERAK (U)","50","Standalone","","","30 Apr 2018"
"15/04/2018 18:14","Purchase","'70838153003422886","WXR81","","PRIMAX 95","Billed","22.73","50.00","PSS TAMAN PENGKALAN JAYA","50","Standalone","","","30 Apr 2018"
"11/04/2018 14:10","Purchase","'70838153003422886","WXR81","","PRIMAX 95","Billed","3.05","6.70","PSS JALAN GOPENG II","50","Standalone","","","30 Apr 2018"
"10/04/2018 18:33","Purchase","'70838153003422886","WXR81","","PRIMAX 95","Billed","22.73","50.00","PSS TAMAN PENGKALAN JAYA","50","Standalone","","","30 Apr 2018"
"10/04/2018 18:31","Reload","'70838153003422886","WXR81","","","Billed","","-150.00","PSS TAMAN PENGKALAN JAYA","","Standalone","","","30 Apr 2018"