"Date Time","Transaction Type","Card Number","Vehicle Number","Driver Card Number","Product Type","Billing Type","Transaction Volume (Litres)","Transaction Amount (RM)","Station Name","Odometer","Card Type","Cost Centre","Cost Centre Name","Statement Month"
"23/04/2018 20:06","Purchase","'70838153003498183","WXR419","","PRIMAX 97","Billed","24.29","60.00","PSS JALAN DATIN HALIMAH","","Standalone","","","30 Apr 2018"
"21/04/2018 21:22","Purchase","'70838153003498183","WXR419","","PRIMAX 97","Billed","24.29","60.00","PSS SENAI","","Standalone","","","30 Apr 2018"
"21/04/2018 21:19","Reload","'70838153003498183","WXR419","","","Billed","","-100.00","PSS SENAI","","Standalone","","","30 Apr 2018"
"21/04/2018 16:02","Purchase","'70838153003498183","WXR419","","PRIMAX 97","Billed","28.75","71.02","PSS BANDAR PUTRA 3","","Standalone","","","30 Apr 2018"
"21/04/2018 16:01","Reload","'70838153003498183","WXR419","","","Billed","","-100.00","PSS BANDAR PUTRA 3","","Standalone","","","30 Apr 2018"
"18/04/2018 20:14","Purchase","'70838153003498183","WXR419","","PRIMAX 95","Billed","20.91","46.00","PSS JALAN GANGSA","","Standalone","","","30 Apr 2018"
"18/04/2018 20:10","Purchase","'70838153003498183","WXR419","","PRIMAX 95","Billed","22.73","50.00","PSS JALAN GANGSA","","Standalone","","","30 Apr 2018"
"18/04/2018 19:34","Purchase","'70838153003498183","WXR419","","PRIMAX 97","Billed","20.24","50.00","PSS TMN BUKIT DAHLIA","","Standalone","","","30 Apr 2018"
"18/04/2018 19:29","Reload","'70838153003498183","WXR419","","","Billed","","-150.00","PSS TMN BUKIT DAHLIA","","Standalone","","","30 Apr 2018"
"15/04/2018 15:49","Purchase","'70838153003498183","WXR419","","PRIMAX 97","Billed","20.24","50.00","PSS JLN BANDAR PASIR GUDANG","","Standalone","","","30 Apr 2018"
"14/04/2018 16:35","Purchase","'70838153003498183","WXR419","","PRIMAX 97","Billed","20.24","50.00","PSS BAYU SENIBONG","","Standalone","","","30 Apr 2018"
"14/04/2018 16:33","Reload","'70838153003498183","WXR419","","","Billed","","-100.00","PSS BAYU SENIBONG","","Standalone","","","30 Apr 2018"
"12/04/2018 20:30","Purchase","'70838153003498183","WXR419","","PRIMAX 97","Billed","24.29","60.00","PSS SENAI","","Standalone","","","30 Apr 2018"
"12/04/2018 15:52","Purchase","'70838153003498183","WXR419","","PRIMAX 97","Billed","16.19","40.00","PSS BANDAR PUTRA 3","","Standalone","","","30 Apr 2018"
"12/04/2018 15:51","Reload","'70838153003498183","WXR419","","","Billed","","-100.00","PSS BANDAR PUTRA 3","","Standalone","","","30 Apr 2018"
"09/04/2018 14:04","Purchase","'70838153003498183","WXR419","","PRIMAX 97","Billed","24.70","61.00","PSS JALAN STOREY","","Standalone","","","30 Apr 2018"
"08/04/2018 13:28","Purchase","'70838153003498183","WXR419","","PRIMAX 95","Billed","27.27","60.00","PSS TMN PASIR PUTIH","","Standalone","","","30 Apr 2018"
"08/04/2018 13:27","Reload","'70838153003498183","WXR419","","","Billed","","-100.00","PSS TMN PASIR PUTIH","","Standalone","","","30 Apr 2018"
"06/04/2018 17:52","Purchase","'70838153003498183","WXR419","","PRIMAX 97","Billed","24.29","60.00","PSS KM 11 JALAN SKUDAI","","Standalone","","","30 Apr 2018"
"06/04/2018 13:13","Purchase","'70838153003498183","WXR419","","PRIMAX 97","Billed","24.29","60.00","PSS JLN BANDAR PASIR GUDANG","","Standalone","","","30 Apr 2018"
"06/04/2018 13:11","Reload","'70838153003498183","WXR419","","","Billed","","-150.00","PSS JLN BANDAR PASIR GUDANG","","Standalone","","","30 Apr 2018"
"03/04/2018 16:45","Purchase","'70838153003498183","WXR419","","PRIMAX 97","Billed","20.65","51.00","PSS JLN BANDAR PASIR GUDANG","","Standalone","","","30 Apr 2018"
"03/04/2018 16:44","Reload","'70838153003498183","WXR419","","","Billed","","-50.00","PSS JLN BANDAR PASIR GUDANG","","Standalone","","","30 Apr 2018"
"01/04/2018 14:49","Purchase","'70838153003498183","WXR419","","PRIMAX 97","Billed","17.81","44.00","PSS TEBRAU 1","","Standalone","","","30 Apr 2018"