"Date Time","Transaction Type","Card Number","Vehicle Number","Driver Card Number","Product Type","Billing Type","Transaction Volume (Litres)","Transaction Amount (RM)","Station Name","Odometer","Card Type","Cost Centre","Cost Centre Name","Statement Month"
"29/04/2018 14:40","Purchase","'70838153003501226","WXR986","","PRIMAX 95","Billed","26.08","57.37","PSS BANDAR BARU TUNJONG","1","Standalone","","","30 Apr 2018"
"27/04/2018 15:08","Purchase","'70838153003501226","WXR986","","PRIMAX 95","Billed","13.64","30.00","PSS TUMPAT","1","Standalone","","","30 Apr 2018"
"27/04/2018 01:37","Purchase","'70838153003501226","WXR986","","PRIMAX 95","Billed","33.01","72.63","PSS PETRONAS KARAK REST","1","Standalone","","","30 Apr 2018"
"27/04/2018 01:36","Reload","'70838153003501226","WXR986","","","Billed","","-100.00","PSS PETRONAS KARAK REST","","Standalone","","","30 Apr 2018"
"25/04/2018 20:16","Purchase","'70838153003501226","WXR986","","PRIMAX 95","Billed","9.09","20.00","PSS BATU BELAH","1","Standalone","","","30 Apr 2018"
"17/04/2018 17:42","Purchase","'70838153003501226","WXR986","","PRIMAX 95","Billed","9.09","20.00","PSS BATU BELAH","1","Standalone","","","30 Apr 2018"
"17/04/2018 17:40","Reload","'70838153003501226","WXR986","","","Billed","","-100.00","PSS BATU BELAH","","Standalone","","","30 Apr 2018"
"08/04/2018 07:18","Purchase","'70838153003501226","WXR986","","PRIMAX 95","Billed","8.04","17.69","PSS KM 12.3 LEBUHRAYA PERSEKUTUAN","1","Standalone","","","30 Apr 2018"
"03/04/2018 04:22","Purchase","'70838153003501226","WXR986","","PRIMAX 95","Billed","27.73","61.00","PSS JALAN TRAS BENTONG","1","Standalone","","","30 Apr 2018"
"02/04/2018 22:16","Purchase","'70838153003501226","WXR986","","PRIMAX 95","Billed","23.99","52.77","PSS KOK LANAS","1","Standalone","","","30 Apr 2018"
"02/04/2018 22:15","Reload","'70838153003501226","WXR986","","","Billed","","-100.00","PSS KOK LANAS","","Standalone","","","30 Apr 2018"