"Date Time","Transaction Type","Card Number","Vehicle Number","Driver Card Number","Product Type","Billing Type","Transaction Volume (Litres)","Transaction Amount (RM)","Station Name","Odometer","Card Type","Cost Centre","Cost Centre Name","Statement Month"
"24/04/2018 20:25","Purchase","'70838153003498118","WXR413","","PRIMAX 95","Billed","9.09","20.00","PSS AULONG","","Standalone","","","30 Apr 2018"
"24/04/2018 20:24","Reload","'70838153003498118","WXR413","","","Billed","","-20.00","PSS AULONG","","Standalone","","","30 Apr 2018"
"18/04/2018 08:33","Purchase","'70838153003498118","WXR413","","PRIMAX 95","Billed","22.73","50.00","PSS AULONG","","Standalone","","","30 Apr 2018"
"18/04/2018 08:31","Reload","'70838153003498118","WXR413","","","Billed","","-50.00","PSS AULONG","","Standalone","","","30 Apr 2018"
"16/04/2018 19:30","Purchase","'70838153003498118","WXR413","","PRIMAX 95","Billed","22.73","50.00","PSS TUPAI","","Standalone","","","30 Apr 2018"
"16/04/2018 19:28","Reload","'70838153003498118","WXR413","","","Billed","","-50.00","PSS TUPAI","","Standalone","","","30 Apr 2018"
"15/04/2018 15:28","Purchase","'70838153003498118","WXR413","","PRIMAX 95","Billed","13.64","30.00","PSS AULONG","","Standalone","","","30 Apr 2018"
"15/04/2018 15:27","Reload","'70838153003498118","WXR413","","","Billed","","-30.00","PSS AULONG","","Standalone","","","30 Apr 2018"
"14/04/2018 20:38","Purchase","'70838153003498118","WXR413","","PRIMAX 95","Billed","22.73","50.00","PSS AULONG","","Standalone","","","30 Apr 2018"
"14/04/2018 20:37","Reload","'70838153003498118","WXR413","","","Billed","","-50.00","PSS AULONG","","Standalone","","","30 Apr 2018"
"13/04/2018 14:22","Purchase","'70838153003498118","WXR413","","PRIMAX 95","Billed","22.73","50.00","PSS AULONG","","Standalone","","","30 Apr 2018"
"13/04/2018 09:42","Purchase","'70838153003498118","WXR413","","PRIMAX 95","Billed","22.73","50.00","PSS AULONG","","Standalone","","","30 Apr 2018"
"13/04/2018 09:37","Reload","'70838153003498118","WXR413","","","Billed","","-100.00","PSS AULONG","","Standalone","","","30 Apr 2018"
"11/04/2018 18:52","Purchase","'70838153003498118","WXR413","","PRIMAX 95","Billed","22.73","50.00","PSS PEKAN SIMPANG TAIPING","","Standalone","","","30 Apr 2018"
"11/04/2018 18:51","Reload","'70838153003498118","WXR413","","","Billed","","-50.00","PSS PEKAN SIMPANG TAIPING","","Standalone","","","30 Apr 2018"
"10/04/2018 10:52","Purchase","'70838153003498118","WXR413","","PRIMAX 95","Billed","22.73","50.00","PSS AULONG","","Standalone","","","30 Apr 2018"
"10/04/2018 10:50","Reload","'70838153003498118","WXR413","","","Billed","","-50.00","PSS AULONG","","Standalone","","","30 Apr 2018"
"08/04/2018 21:07","Purchase","'70838153003498118","WXR413","","PRIMAX 95","Billed","22.73","50.00","PSS AULONG","","Standalone","","","30 Apr 2018"
"08/04/2018 21:06","Reload","'70838153003498118","WXR413","","","Billed","","-50.00","PSS AULONG","","Standalone","","","30 Apr 2018"
"07/04/2018 20:41","Purchase","'70838153003498118","WXR413","","PRIMAX 95","Billed","22.73","50.00","PSS AULONG","","Standalone","","","30 Apr 2018"
"07/04/2018 20:39","Reload","'70838153003498118","WXR413","","","Billed","","-50.00","PSS AULONG","","Standalone","","","30 Apr 2018"
"06/04/2018 10:55","Purchase","'70838153003498118","WXR413","","PRIMAX 95","Billed","22.73","50.00","PSS JALAN SIMPANG TAIPING","","Standalone","","","30 Apr 2018"
"06/04/2018 10:53","Reload","'70838153003498118","WXR413","","","Billed","","-50.00","PSS JALAN SIMPANG TAIPING","","Standalone","","","30 Apr 2018"
"03/04/2018 13:49","Purchase","'70838153003498118","WXR413","","PRIMAX 95","Billed","22.73","50.00","PSS AULONG","","Standalone","","","30 Apr 2018"
"03/04/2018 13:48","Reload","'70838153003498118","WXR413","","","Billed","","-50.00","PSS AULONG","","Standalone","","","30 Apr 2018"
"02/04/2018 14:28","Purchase","'70838153003498118","WXR413","","PRIMAX 95","Billed","22.73","50.00","PSS AULONG","","Standalone","","","30 Apr 2018"
"02/04/2018 14:26","Reload","'70838153003498118","WXR413","","","Billed","","-50.00","PSS AULONG","","Standalone","","","30 Apr 2018"
"01/04/2018 08:58","Purchase","'70838153003498118","WXR413","","PRIMAX 95","Billed","24.55","54.00","PSS AULONG","","Standalone","","","30 Apr 2018"
"01/04/2018 08:56","Reload","'70838153003498118","WXR413","","","Billed","","-40.00","PSS AULONG","","Standalone","","","30 Apr 2018"