"Date Time","Transaction Type","Card Number","Vehicle Number","Driver Card Number","Product Type","Billing Type","Transaction Volume (Litres)","Transaction Amount (RM)","Station Name","Odometer","Card Type","Cost Centre","Cost Centre Name","Statement Month"
"28/04/2018 11:49","Purchase","'70838153003422845","WXR77","","PRIMAX 95","Billed","13.65","30.02","PSS IJOK","","Standalone","","","30 Apr 2018"
"23/04/2018 08:36","Purchase","'70838153003422845","WXR77","","PRIMAX 95","Billed","11.37","25.01","PSS RAWAT & REHAT (U) SBAN-KL","123","Standalone","","","30 Apr 2018"
"22/04/2018 11:41","Purchase","'70838153003422845","WXR77","","PRIMAX 95","Billed","13.64","30.00","PSS SUNGAI PETAI ALOR GAJAH","100","Standalone","","","30 Apr 2018"
"22/04/2018 09:00","Reload","'70838153003422845","WXR77","","","Billed","","-100.00","PSS BUKIT NANDING","","Standalone","","","30 Apr 2018"
"06/04/2018 10:23","Purchase","'70838153003422845","WXR77","","PRIMAX 95","Billed","24.87","54.72","PSS BUKIT NANDING","","Standalone","","","30 Apr 2018"
"02/04/2018 16:22","Purchase","'70838153003422845","WXR77","","PRIMAX 95","Billed","23.00","50.59","PSS HULU KELANG","","Standalone","","","30 Apr 2018"