"Date Time","Transaction Type","Card Number","Vehicle Number","Driver Card Number","Product Type","Billing Type","Transaction Volume (Litres)","Transaction Amount (RM)","Station Name","Odometer","Card Type","Cost Centre","Cost Centre Name","Statement Month"
"30/04/2018 13:34","Purchase","'70838153003422944","WXR171","","Diesel","Billed","49.55","108.01","PSS BAGAN SERAI","","Standalone","","","30 Apr 2018"
"26/04/2018 16:21","Purchase","'70838153003422944","WXR171","","Diesel","Billed","43.22","94.22","PSS BAGAN SERAI","","Standalone","","","30 Apr 2018"
"26/04/2018 00:07","Purchase","'70838153003422944","WXR171","","PRIMAX 95","Billed","48.23","106.10","PSS BAGAN SERAI","","Standalone","","","30 Apr 2018"
"26/04/2018 00:04","Reload","'70838153003422944","WXR171","","","Billed","","-400.00","PSS BAGAN SERAI","","Standalone","","","30 Apr 2018"
"25/04/2018 10:53","Purchase","'70838153003422944","WXR171","","Diesel","Billed","59.18","129.02","PSS BAGAN SERAI","","Standalone","","","30 Apr 2018"
"25/04/2018 10:52","Reload","'70838153003422944","WXR171","","","Billed","","-200.00","PSS BAGAN SERAI","","Standalone","","","30 Apr 2018"
"24/04/2018 11:16","Purchase","'70838153003422944","WXR171","","PRIMAX 95","Billed","47.72","104.99","PSS JALAN TUN ABDUL RAZAK","","Standalone","","","30 Apr 2018"
"22/04/2018 23:59","Purchase","'70838153003422944","WXR171","","Diesel","Billed","47.25","103.00","PSS BAGAN SERAI","","Standalone","","","30 Apr 2018"
"21/04/2018 14:26","Purchase","'70838153003422944","WXR171","","Diesel","Billed","39.91","87.01","PSS BAGAN SERAI","","Standalone","","","30 Apr 2018"
"18/04/2018 12:26","Reload","'70838153003422944","WXR171","","","Billed","","-295.00","PSS AULONG","","Standalone","","","30 Apr 2018"
"15/04/2018 19:02","Purchase","'70838153003422944","WXR171","","Diesel","Billed","45.61","99.42","PSS BAGAN SERAI","","Standalone","","","30 Apr 2018"
"15/04/2018 07:28","Purchase","'70838153003422944","WXR171","","Diesel","Billed","46.13","100.57","PSS KESAS ARAH SUBANG","","Standalone","","","30 Apr 2018"
"13/04/2018 11:02","Purchase","'70838153003422944","WXR171","","Diesel","Billed","45.88","100.01","PSS R & R GUNUNG SEMANGGOL","","Standalone","","","30 Apr 2018"
"13/04/2018 11:01","Reload","'70838153003422944","WXR171","","","Billed","","-300.00","PSS R & R GUNUNG SEMANGGOL","","Standalone","","","30 Apr 2018"
"12/04/2018 16:55","Purchase","'70838153003422944","WXR171","","PRIMAX 95","Billed","11.98","26.34","PSS BAGAN SERAI","","Standalone","","","30 Apr 2018"
"12/04/2018 08:02","Purchase","'70838153003422944","WXR171","","Diesel","Billed","52.11","113.60","PSS ELITE LAYBY","","Standalone","","","30 Apr 2018"
"09/04/2018 15:17","Purchase","'70838153003422944","WXR171","","PRIMAX 95","Billed","9.09","20.00","PSS BAGAN SERAI","","Standalone","","","30 Apr 2018"
"09/04/2018 10:44","Purchase","'70838153003422944","WXR171","","Diesel","Billed","45.87","100.00","PSS BAGAN SERAI","","Standalone","","","30 Apr 2018"
"08/04/2018 07:56","Reload","'70838153003422944","WXR171","","","Billed","","-200.00","PSS KESAS ARAH SUBANG","","Standalone","","","30 Apr 2018"
"08/04/2018 07:51","Purchase","'70838153003422944","WXR171","","Diesel","Billed","59.64","130.01","PSS KESAS ARAH SUBANG","","Standalone","","","30 Apr 2018"
"07/04/2018 12:55","Purchase","'70838153003422944","WXR171","","Diesel","Billed","22.94","50.00","PSS JALAN KLANG-BANTING","","Standalone","","","30 Apr 2018"
"04/04/2018 22:15","Purchase","'70838153003422944","WXR171","","PRIMAX 95","Billed","45.46","100.00","PSS BAGAN SERAI","","Standalone","","","30 Apr 2018"
"04/04/2018 22:14","Reload","'70838153003422944","WXR171","","","Billed","","-200.00","PSS BAGAN SERAI","","Standalone","","","30 Apr 2018"
"03/04/2018 22:25","Purchase","'70838153003422944","WXR171","","PRIMAX 95","Billed","22.73","50.00","PSS BAGAN SERAI II","","Standalone","","","30 Apr 2018"