"Date Time","Transaction Type","Card Number","Vehicle Number","Driver Card Number","Product Type","Billing Type","Transaction Volume (Litres)","Transaction Amount (RM)","Station Name","Odometer","Card Type","Cost Centre","Cost Centre Name","Statement Month"
"30/04/2018 09:11","Purchase","'70838153003425285","WXR73","","PRIMAX 95","Billed","15.91","35.00","PSS BUKIT GAMBIR","","Standalone","","","30 Apr 2018"
"30/04/2018 09:10","Reload","'70838153003425285","WXR73","","","Billed","","-60.00","PSS BUKIT GAMBIR","","Standalone","","","30 Apr 2018"
"29/04/2018 07:41","Purchase","'70838153003425285","WXR73","","PRIMAX 95","Billed","13.64","30.00","PSS BUKIT KANGKAR","","Standalone","","","30 Apr 2018"
"29/04/2018 07:39","Reload","'70838153003425285","WXR73","","","Billed","","-30.00","PSS BUKIT KANGKAR","","Standalone","","","30 Apr 2018"
"27/04/2018 16:34","Purchase","'70838153003425285","WXR73","","PRIMAX 95","Billed","13.64","30.00","PSS RAWAT & REHAT (U) SBAN-KL","","Standalone","","","30 Apr 2018"
"27/04/2018 16:32","Reload","'70838153003425285","WXR73","","","Billed","","-30.00","PSS RAWAT & REHAT (U) SBAN-KL","","Standalone","","","30 Apr 2018"
"26/04/2018 10:00","Purchase","'70838153003425285","WXR73","","PRIMAX 95","Billed","13.64","30.00","PSS BUKIT KANGKAR","","Standalone","","","30 Apr 2018"
"26/04/2018 09:58","Reload","'70838153003425285","WXR73","","","Billed","","-30.00","PSS BUKIT KANGKAR","","Standalone","","","30 Apr 2018"
"24/04/2018 16:16","Purchase","'70838153003425285","WXR73","","PRIMAX 95","Billed","13.64","30.00","PSS BUKIT KANGKAR","","Standalone","","","30 Apr 2018"
"24/04/2018 16:13","Reload","'70838153003425285","WXR73","","","Billed","","-30.00","PSS BUKIT KANGKAR","","Standalone","","","30 Apr 2018"
"22/04/2018 20:07","Purchase","'70838153003425285","WXR73","","PRIMAX 95","Billed","18.18","40.00","PSS BUKIT KANGKAR","","Standalone","","","30 Apr 2018"
"22/04/2018 20:05","Reload","'70838153003425285","WXR73","","","Billed","","-40.00","PSS BUKIT KANGKAR","","Standalone","","","30 Apr 2018"
"21/04/2018 11:38","Purchase","'70838153003425285","WXR73","","PRIMAX 95","Billed","13.64","30.00","PSS MUAR BYPASS","","Standalone","","","30 Apr 2018"
"21/04/2018 11:37","Reload","'70838153003425285","WXR73","","","Billed","","-30.00","PSS MUAR BYPASS","","Standalone","","","30 Apr 2018"
"20/04/2018 16:44","Purchase","'70838153003425285","WXR73","","PRIMAX 95","Billed","15.91","35.00","PSS BUKIT GAMBIR","","Standalone","","","30 Apr 2018"
"20/04/2018 16:43","Reload","'70838153003425285","WXR73","","","Billed","","-20.00","PSS BUKIT GAMBIR","","Standalone","","","30 Apr 2018"
"19/04/2018 17:33","Purchase","'70838153003425285","WXR73","","PRIMAX 95","Billed","22.73","50.00","PSS BUKIT GAMBIR","","Standalone","","","30 Apr 2018"
"19/04/2018 17:31","Reload","'70838153003425285","WXR73","","","Billed","","-50.00","PSS BUKIT GAMBIR","","Standalone","","","30 Apr 2018"
"17/04/2018 19:36","Purchase","'70838153003425285","WXR73","","PRIMAX 95","Billed","6.82","15.00","PSS TANGKAK","","Standalone","","","30 Apr 2018"
"17/04/2018 19:34","Reload","'70838153003425285","WXR73","","","Billed","","-30.00","PSS TANGKAK","","Standalone","","","30 Apr 2018"
"16/04/2018 12:39","Purchase","'70838153003425285","WXR73","","PRIMAX 95","Billed","18.18","40.00","PSS BUKIT KANGKAR","","Standalone","","","30 Apr 2018"
"16/04/2018 12:38","Reload","'70838153003425285","WXR73","","","Billed","","-20.00","PSS BUKIT KANGKAR","","Standalone","","","30 Apr 2018"
"15/04/2018 12:19","Purchase","'70838153003425285","WXR73","","PRIMAX 95","Billed","13.64","30.00","PSS MUKIM KESANG","","Standalone","","","30 Apr 2018"
"15/04/2018 12:18","Reload","'70838153003425285","WXR73","","","Billed","","-50.00","PSS MUKIM KESANG","","Standalone","","","30 Apr 2018"
"15/04/2018 07:06","Purchase","'70838153003425285","WXR73","","PRIMAX 95","Billed","6.82","15.00","PSS BUKIT KANGKAR","","Standalone","","","30 Apr 2018"
"14/04/2018 08:01","Purchase","'70838153003425285","WXR73","","PRIMAX 95","Billed","11.36","25.00","PSS BUKIT KANGKAR","","Standalone","","","30 Apr 2018"
"13/04/2018 09:45","Purchase","'70838153003425285","WXR73","","PRIMAX 95","Billed","15.91","35.00","PSS BUKIT KANGKAR","","Standalone","","","30 Apr 2018"
"13/04/2018 09:44","Reload","'70838153003425285","WXR73","","","Billed","","-50.00","PSS BUKIT KANGKAR","","Standalone","","","30 Apr 2018"
"11/04/2018 07:53","Purchase","'70838153003425285","WXR73","","PRIMAX 95","Billed","11.36","25.00","PSS BUKIT KANGKAR","","Standalone","","","30 Apr 2018"
"11/04/2018 07:51","Reload","'70838153003425285","WXR73","","","Billed","","-30.00","PSS BUKIT KANGKAR","","Standalone","","","30 Apr 2018"
"09/04/2018 20:22","Purchase","'70838153003425285","WXR73","","PRIMAX 95","Billed","13.64","30.00","PSS KLUANG AIR HITAM","","Standalone","","","30 Apr 2018"
"09/04/2018 20:21","Reload","'70838153003425285","WXR73","","","Billed","","-50.00","PSS KLUANG AIR HITAM","","Standalone","","","30 Apr 2018"
"09/04/2018 07:31","Purchase","'70838153003425285","WXR73","","PRIMAX 95","Billed","13.64","30.00","PSS BUKIT KANGKAR","","Standalone","","","30 Apr 2018"
"09/04/2018 07:30","Reload","'70838153003425285","WXR73","","","Billed","","-30.00","PSS BUKIT KANGKAR","","Standalone","","","30 Apr 2018"
"07/04/2018 15:44","Purchase","'70838153003425285","WXR73","","PRIMAX 95","Billed","22.73","50.00","PSS SIMPANG EMPAT","","Standalone","","","30 Apr 2018"
"07/04/2018 15:42","Reload","'70838153003425285","WXR73","","","Billed","","-50.00","PSS SIMPANG EMPAT","","Standalone","","","30 Apr 2018"
"06/04/2018 19:12","Purchase","'70838153003425285","WXR73","","PRIMAX 95","Billed","13.64","30.00","PSS BUKIT GAMBIR","","Standalone","","","30 Apr 2018"
"06/04/2018 19:11","Reload","'70838153003425285","WXR73","","","Billed","","-30.00","PSS BUKIT GAMBIR","","Standalone","","","30 Apr 2018"
"04/04/2018 19:35","Purchase","'70838153003425285","WXR73","","PRIMAX 95","Billed","13.64","30.00","PSS BUKIT GAMBIR","","Standalone","","","30 Apr 2018"
"04/04/2018 19:33","Reload","'70838153003425285","WXR73","","","Billed","","-30.00","PSS BUKIT GAMBIR","","Standalone","","","30 Apr 2018"
"04/04/2018 11:13","Purchase","'70838153003425285","WXR73","","PRIMAX 95","Billed","22.73","50.00","PSS AIR KEROH RSA NORTH BOUND","","Standalone","","","30 Apr 2018"
"04/04/2018 11:12","Reload","'70838153003425285","WXR73","","","Billed","","-50.00","PSS AIR KEROH RSA NORTH BOUND","","Standalone","","","30 Apr 2018"
"03/04/2018 18:40","Purchase","'70838153003425285","WXR73","","PRIMAX 95","Billed","22.73","50.00","PSS BUKIT KANGKAR","","Standalone","","","30 Apr 2018"
"03/04/2018 18:39","Reload","'70838153003425285","WXR73","","","Billed","","-50.00","PSS BUKIT KANGKAR","","Standalone","","","30 Apr 2018"
"03/04/2018 16:00","Purchase","'70838153003425285","WXR73","","PRIMAX 95","Billed","13.64","30.00","PSS BUKIT KANGKAR","","Standalone","","","30 Apr 2018"
"03/04/2018 15:58","Reload","'70838153003425285","WXR73","","","Billed","","-30.00","PSS BUKIT KANGKAR","","Standalone","","","30 Apr 2018"
"02/04/2018 22:31","Purchase","'70838153003425285","WXR73","","PRIMAX 95","Billed","13.42","29.53","PSS AIR KEROH RSA SOUTH BOUND","","Standalone","","","30 Apr 2018"
"02/04/2018 09:40","Purchase","'70838153003425285","WXR73","","PRIMAX 95","Billed","13.64","30.00","PSS RAWAT & REHAT (U) SBAN-KL","","Standalone","","","30 Apr 2018"
"02/04/2018 09:38","Reload","'70838153003425285","WXR73","","","Billed","","-50.00","PSS RAWAT & REHAT (U) SBAN-KL","","Standalone","","","30 Apr 2018"