"Date Time","Transaction Type","Card Number","Vehicle Number","Driver Card Number","Product Type","Billing Type","Transaction Volume (Litres)","Transaction Amount (RM)","Station Name","Odometer","Card Type","Cost Centre","Cost Centre Name","Statement Month"
"13/04/2018 09:20","Purchase","'70838153003667092","WXR2035","","Diesel","Billed","53.91","117.51","PSS TAMAN WILAYAH","","Standalone","","","30 Apr 2018"
"13/04/2018 09:18","Purchase","'70838153003667092","WXR2035","","Diesel","Billed","59.64","130.00","PSS TAMAN WILAYAH","","Standalone","","","30 Apr 2018"
"12/04/2018 19:35","Reload","'70838153003667092","WXR2035","","","Billed","","-200.00","PSS TAMAN WILAYAH","","Standalone","","","30 Apr 2018"
"06/04/2018 18:15","Purchase","'70838153003667092","WXR2035","","Diesel","Billed","80.71","175.95","PSS R & R GUNUNG SEMANGGOL","5530","Standalone","","","30 Apr 2018"
"06/04/2018 02:58","Purchase","'70838153003667092","WXR2035","","Diesel","Billed","66.02","143.93","PSS BATU 6 JALAN IPOH","2775","Standalone","","","30 Apr 2018"
"05/04/2018 17:40","Reload","'70838153003667092","WXR2035","","","Billed","","-250.00","PSS TAMAN WILAYAH","","Standalone","","","30 Apr 2018"
"04/04/2018 14:06","Purchase","'70838153003667092","WXR2035","","Diesel","Billed","56.47","123.10","PSS MACHAP ARAH UTARA","6826","Standalone","","","30 Apr 2018"
"04/04/2018 05:05","Purchase","'70838153003667092","WXR2035","","Diesel","Billed","37.62","82.01","PSS RAWAT & REHAT(S) KL- SEREMBAN","5530","Standalone","","","30 Apr 2018"
"04/04/2018 04:57","Purchase","'70838153003667092","WXR2035","","Diesel (EURO 5)","Billed","33.99","77.50","PSS RAWAT & REHAT(S) KL- SEREMBAN","6085","Standalone","","","30 Apr 2018"
"03/04/2018 14:38","Purchase","'70838153003667092","WXR2035","","PRIMAX 95","Billed","45.46","100.00","PSS TAMAN MERANTI JAYA","","Standalone","","","30 Apr 2018"
"03/04/2018 14:33","Reload","'70838153003667092","WXR2035","","","Billed","","-500.00","PSS TAMAN MERANTI JAYA","","Standalone","","","30 Apr 2018"