"Date Time","Transaction Type","Card Number","Vehicle Number","Driver Card Number","Product Type","Billing Type","Transaction Volume (Litres)","Transaction Amount (RM)","Station Name","Odometer","Card Type","Cost Centre","Cost Centre Name","Statement Month"
"30/04/2018 12:06","Purchase","'70838153003422860","WXR79","","PRIMAX 95","Billed","13.64","30.00","PSS KL-KARAK","","Standalone","","","30 Apr 2018"
"30/04/2018 12:05","Reload","'70838153003422860","WXR79","","","Billed","","-100.00","PSS KL-KARAK","","Standalone","","","30 Apr 2018"
"29/04/2018 17:44","Purchase","'70838153003422860","WXR79","","PRIMAX 95","Billed","18.18","40.00","PSS R & R GUNUNG SEMANGGOL","","Standalone","","","30 Apr 2018"
"28/04/2018 14:27","Purchase","'70838153003422860","WXR79","","PRIMAX 95","Billed","13.64","30.00","PSS TAPAH ARAH UTARA","","Standalone","","","30 Apr 2018"
"26/04/2018 11:20","Purchase","'70838153003422860","WXR79","","PRIMAX 95","Billed","22.73","50.00","PSS KAMPUNG AWAH","","Standalone","","","30 Apr 2018"
"26/04/2018 11:18","Reload","'70838153003422860","WXR79","","","Billed","","-50.00","PSS KAMPUNG AWAH","","Standalone","","","30 Apr 2018"
"23/04/2018 08:35","Purchase","'70838153003422860","WXR79","","PRIMAX 95","Billed","18.18","40.00","PSS KAMPUNG AWAH","","Standalone","","","30 Apr 2018"
"23/04/2018 08:34","Reload","'70838153003422860","WXR79","","","Billed","","-50.00","PSS KAMPUNG AWAH","","Standalone","","","30 Apr 2018"
"22/04/2018 16:20","Reload","'70838153003422860","WXR79","","","Billed","","-50.00","PSS LURAH SEMANTAN","","Standalone","","","30 Apr 2018"
"20/04/2018 18:08","Purchase","'70838153003422860","WXR79","","PRIMAX 95","Billed","22.73","50.00","PSS SONGSANG","","Standalone","","","30 Apr 2018"
"20/04/2018 18:06","Reload","'70838153003422860","WXR79","","","Billed","","-50.00","PSS SONGSANG","","Standalone","","","30 Apr 2018"
"17/04/2018 12:03","Purchase","'70838153003422860","WXR79","","PRIMAX 95","Billed","22.73","50.00","PSS MARAN","","Standalone","","","30 Apr 2018"
"17/04/2018 12:02","Reload","'70838153003422860","WXR79","","","Billed","","-50.00","PSS MARAN","","Standalone","","","30 Apr 2018"
"15/04/2018 09:20","Purchase","'70838153003422860","WXR79","","PRIMAX 95","Billed","22.73","50.00","PSS KAMPUNG AWAH","","Standalone","","","30 Apr 2018"
"15/04/2018 09:18","Reload","'70838153003422860","WXR79","","","Billed","","-50.00","PSS KAMPUNG AWAH","","Standalone","","","30 Apr 2018"
"09/04/2018 21:33","Purchase","'70838153003422860","WXR79","","PRIMAX 95","Billed","22.73","50.00","PSS KAMPUNG AWAH","","Standalone","","","30 Apr 2018"
"09/04/2018 21:32","Reload","'70838153003422860","WXR79","","","Billed","","-50.00","PSS KAMPUNG AWAH","","Standalone","","","30 Apr 2018"
"07/04/2018 09:51","Purchase","'70838153003422860","WXR79","","PRIMAX 95","Billed","22.73","50.00","PSS KM72 L/RAYA KARAK ARAH KL","","Standalone","","","30 Apr 2018"
"07/04/2018 09:49","Reload","'70838153003422860","WXR79","'70838153003422860","","Billed","","-50.00","PSS KM72 L/RAYA KARAK ARAH KL","","Standalone","","","30 Apr 2018"