"Date Time","Transaction Type","Card Number","Vehicle Number","Driver Card Number","Product Type","Billing Type","Transaction Volume (Litres)","Transaction Amount (RM)","Station Name","Odometer","Card Type","Cost Centre","Cost Centre Name","Statement Month"
"28/04/2018 22:17","Purchase","'70838153003582283","WXR1152","","PRIMAX 97","Billed","20.24","50.00","PSS TTDI","3327","Standalone","","","30 Apr 2018"
"28/04/2018 22:16","Reload","'70838153003582283","WXR1152","","","Billed","","-100.00","PSS TTDI","","Standalone","","","30 Apr 2018"
"23/04/2018 21:04","Purchase","'70838153003582283","WXR1152","","PRIMAX 97","Billed","20.24","50.00","PSS KELANA JAYA 2","3327","Standalone","","","30 Apr 2018"
"23/04/2018 21:01","Reload","'70838153003582283","WXR1152","'70838153003582283","","Billed","","-50.00","PSS KELANA JAYA 2","","Standalone","","","30 Apr 2018"
"19/04/2018 21:45","Purchase","'70838153003582283","WXR1152","","PRIMAX 97","Billed","16.20","40.00","PSS KELANA JAYA 2","","Standalone","","","30 Apr 2018"
"19/04/2018 21:40","Reload","'70838153003582283","WXR1152","'70838153003582283","","Billed","","-50.00","PSS KELANA JAYA 2","","Standalone","","","30 Apr 2018"