"Date Time","Transaction Type","Card Number","Vehicle Number","Driver Card Number","Product Type","Billing Type","Transaction Volume (Litres)","Transaction Amount (RM)","Station Name","Odometer","Card Type","Cost Centre","Cost Centre Name","Statement Month"
"30/04/2018 22:13","Purchase","'70838153003680400","WXR 2302","","PRIMAX 95","Billed","22.73","50.00","PSS BDR SAUJANA PUTRA","","Standalone","","","30 Apr 2018"
"30/04/2018 22:09","Reload","'70838153003680400","WXR 2302","","","Billed","","-20.00","PSS BDR SAUJANA PUTRA","","Standalone","","","30 Apr 2018"
"30/04/2018 14:46","Purchase","'70838153003680400","WXR 2302","","PRIMAX 95","Billed","22.73","50.00","PSS SEK 6 SHAH ALAM","","Standalone","","","30 Apr 2018"
"30/04/2018 14:45","Reload","'70838153003680400","WXR 2302","","","Billed","","-50.00","PSS SEK 6 SHAH ALAM","","Standalone","","","30 Apr 2018"
"30/04/2018 06:34","Purchase","'70838153003680400","WXR 2302","","PRIMAX 95","Billed","18.18","40.00","PSS SEK 22 SHAH ALAM","","Standalone","","","30 Apr 2018"
"30/04/2018 06:32","Reload","'70838153003680400","WXR 2302","","","Billed","","-20.00","PSS SEK 22 SHAH ALAM","","Standalone","","","30 Apr 2018"
"28/04/2018 07:50","Purchase","'70838153003680400","WXR 2302","","PRIMAX 95","Billed","4.55","10.00","PSS BDR SAUJANA PUTRA","","Standalone","","","30 Apr 2018"
"28/04/2018 07:49","Reload","'70838153003680400","WXR 2302","","","Billed","","-20.00","PSS BDR SAUJANA PUTRA","","Standalone","","","30 Apr 2018"
"28/04/2018 06:36","Purchase","'70838153003680400","WXR 2302","","PRIMAX 95","Billed","18.18","40.00","PSS SEK 22 SHAH ALAM","","Standalone","","","30 Apr 2018"
"28/04/2018 06:33","Reload","'70838153003680400","WXR 2302","","","Billed","","-40.00","PSS SEK 22 SHAH ALAM","","Standalone","","","30 Apr 2018"
"27/04/2018 12:48","Reload","'70838153003680400","WXR 2302","","","Billed","","-30.00","PSS BDR SAUJANA PUTRA","","Standalone","","","30 Apr 2018"
"26/04/2018 06:49","Purchase","'70838153003680400","WXR 2302","","PRIMAX 95","Billed","13.64","30.00","PSS SEK 22 SHAH ALAM","","Standalone","","","30 Apr 2018"
"26/04/2018 06:48","Reload","'70838153003680400","WXR 2302","","","Billed","","-10.00","PSS SEK 22 SHAH ALAM","","Standalone","","","30 Apr 2018"
"25/04/2018 20:04","Purchase","'70838153003680400","WXR 2302","","PRIMAX 95","Billed","9.09","20.00","PSS BDR SAUJANA PUTRA","","Standalone","","","30 Apr 2018"
"25/04/2018 20:03","Reload","'70838153003680400","WXR 2302","","","Billed","","-20.00","PSS BDR SAUJANA PUTRA","","Standalone","","","30 Apr 2018"
"24/04/2018 21:54","Purchase","'70838153003680400","WXR 2302","","PRIMAX 95","Billed","22.73","50.00","PSS BDR SAUJANA PUTRA","","Standalone","","","30 Apr 2018"
"24/04/2018 21:53","Reload","'70838153003680400","WXR 2302","","","Billed","","-50.00","PSS BDR SAUJANA PUTRA","","Standalone","","","30 Apr 2018"
"24/04/2018 16:01","Purchase","'70838153003680400","WXR 2302","","PRIMAX 95","Billed","4.55","10.00","PSS SEK 6 SHAH ALAM","","Standalone","","","30 Apr 2018"
"24/04/2018 16:01","Purchase","'70838153003680400","WXR 2302","","PRIMAX 95","Un-billed","4.55","10.00","PSS SEK 6 SHAH ALAM","","Standalone","","","Unbilled Transaction"
"24/04/2018 16:00","Reload","'70838153003680400","WXR 2302","","","Billed","","-40.00","PSS SEK 6 SHAH ALAM","","Standalone","","","30 Apr 2018"
"24/04/2018 10:54","Purchase","'70838153003680400","WXR 2302","","PRIMAX 95","Billed","9.09","20.00","PSS KOTA KEMUNING","","Standalone","","","30 Apr 2018"
"24/04/2018 10:50","Reload","'70838153003680400","WXR 2302","","","Billed","","-10.00","PSS KOTA KEMUNING","","Standalone","","","30 Apr 2018"
"23/04/2018 06:45","Purchase","'70838153003680400","WXR 2302","","PRIMAX 95","Billed","9.09","20.00","PSS SEK 22 SHAH ALAM","","Standalone","","","30 Apr 2018"
"22/04/2018 22:52","Purchase","'70838153003680400","WXR 2302","","PRIMAX 95","Billed","13.64","30.00","PSS BDR SAUJANA PUTRA","","Standalone","","","30 Apr 2018"
"22/04/2018 22:51","Reload","'70838153003680400","WXR 2302","","","Billed","","-20.00","PSS BDR SAUJANA PUTRA","","Standalone","","","30 Apr 2018"
"20/04/2018 22:32","Purchase","'70838153003680400","WXR 2302","","PRIMAX 95","Billed","22.73","50.00","PSS BDR SAUJANA PUTRA","","Standalone","","","30 Apr 2018"
"20/04/2018 22:31","Reload","'70838153003680400","WXR 2302","","","Billed","","-50.00","PSS BDR SAUJANA PUTRA","","Standalone","","","30 Apr 2018"
"20/04/2018 06:49","Reload","'70838153003680400","WXR 2302","","","Billed","","-40.00","PSS SEK 22 SHAH ALAM","","Standalone","","","30 Apr 2018"
"19/04/2018 13:24","Purchase","'70838153003680400","WXR 2302","","PRIMAX 95","Billed","13.64","30.00","PSS BDR SAUJANA PUTRA","","Standalone","","","30 Apr 2018"
"19/04/2018 13:22","Reload","'70838153003680400","WXR 2302","","","Billed","","-30.00","PSS BDR SAUJANA PUTRA","","Standalone","","","30 Apr 2018"
"19/04/2018 06:47","Purchase","'70838153003680400","WXR 2302","","PRIMAX 95","Billed","13.64","30.00","PSS SEK 22 SHAH ALAM","","Standalone","","","30 Apr 2018"
"18/04/2018 06:46","Purchase","'70838153003680400","WXR 2302","","PRIMAX 95","Billed","22.73","50.00","PSS SEK 22 SHAH ALAM","","Standalone","","","30 Apr 2018"
"17/04/2018 22:08","Purchase","'70838153003680400","WXR 2302","","PRIMAX 95","Billed","18.18","40.00","PSS BDR SAUJANA PUTRA","","Standalone","","","30 Apr 2018"
"17/04/2018 22:06","Reload","'70838153003680400","WXR 2302","","","Billed","","-90.00","PSS BDR SAUJANA PUTRA","","Standalone","","","30 Apr 2018"
"16/04/2018 16:37","Reload","'70838153003680400","WXR 2302","","","Billed","","-30.00","PSS BDR SAUJANA PUTRA","","Standalone","","","30 Apr 2018"
"16/04/2018 16:33","Purchase","'70838153003680400","WXR 2302","","PRIMAX 95","Billed","13.64","30.00","PSS BDR SAUJANA PUTRA","","Standalone","","","30 Apr 2018"
"16/04/2018 06:49","Purchase","'70838153003680400","WXR 2302","","PRIMAX 95","Billed","13.64","30.00","PSS SEK 22 SHAH ALAM","","Standalone","","","30 Apr 2018"
"16/04/2018 06:48","Reload","'70838153003680400","WXR 2302","","","Billed","","-30.00","PSS SEK 22 SHAH ALAM","","Standalone","","","30 Apr 2018"
"14/04/2018 23:19","Reload","'70838153003680400","WXR 2302","","","Billed","","-20.00","PSS BDR SAUJANA PUTRA","","Standalone","","","30 Apr 2018"
"14/04/2018 23:18","Purchase","'70838153003680400","WXR 2302","","PRIMAX 95","Billed","4.55","10.00","PSS BDR SAUJANA PUTRA","","Standalone","","","30 Apr 2018"
"14/04/2018 23:16","Purchase","'70838153003680400","WXR 2302","","PRIMAX 95","Billed","13.64","30.00","PSS BDR SAUJANA PUTRA","","Standalone","","","30 Apr 2018"
"14/04/2018 23:14","Reload","'70838153003680400","WXR 2302","","","Billed","","-30.00","PSS BDR SAUJANA PUTRA","","Standalone","","","30 Apr 2018"
"14/04/2018 15:58","Reload","'70838153003680400","WXR 2302","'70838153003680400","","Billed","","-20.00","PSS NKVE (SUBANG TOLL)","","Standalone","","","30 Apr 2018"
"14/04/2018 15:55","Purchase","'70838153003680400","WXR 2302","","PRIMAX 95","Billed","9.16","20.14","PSS NKVE (SUBANG TOLL)","","Standalone","","","30 Apr 2018"
"12/04/2018 17:10","Purchase","'70838153003680400","WXR 2302","","PRIMAX 95","Billed","22.73","50.00","PSS SEK 6 SHAH ALAM","","Standalone","","","30 Apr 2018"
"12/04/2018 17:09","Reload","'70838153003680400","WXR 2302","","","Billed","","-30.00","PSS SEK 6 SHAH ALAM","","Standalone","","","30 Apr 2018"
"11/04/2018 06:46","Purchase","'70838153003680400","WXR 2302","","PRIMAX 95","Billed","9.09","20.00","PSS SEK 22 SHAH ALAM","","Standalone","","","30 Apr 2018"
"11/04/2018 06:45","Reload","'70838153003680400","WXR 2302","","","Billed","","-10.00","PSS SEK 22 SHAH ALAM","","Standalone","","","30 Apr 2018"
"10/04/2018 06:48","Reload","'70838153003680400","WXR 2302","","","Billed","","-20.00","PSS SEK 22 SHAH ALAM","","Standalone","","","30 Apr 2018"
"09/04/2018 20:30","Purchase","'70838153003680400","WXR 2302","","PRIMAX 95","Billed","13.64","30.00","PSS FAS","","Standalone","","","30 Apr 2018"
"09/04/2018 20:28","Reload","'70838153003680400","WXR 2302","","","Billed","","-50.00","PSS FAS","","Standalone","","","30 Apr 2018"
"08/04/2018 21:32","Purchase","'70838153003680400","WXR 2302","","PRIMAX 95","Billed","7.27","16.00","PSS BDR SAUJANA PUTRA","","Standalone","","","30 Apr 2018"
"08/04/2018 20:44","Reload","'70838153003680400","WXR 2302","","","Billed","","-10.00","PSS BDR SAUJANA PUTRA","","Standalone","","","30 Apr 2018"
"08/04/2018 14:38","Purchase","'70838153003680400","WXR 2302","","PRIMAX 95","Billed","22.73","50.00","PSS BDR SAUJANA PUTRA","","Standalone","","","30 Apr 2018"
"08/04/2018 14:37","Reload","'70838153003680400","WXR 2302","","","Billed","","-66.00","PSS BDR SAUJANA PUTRA","","Standalone","","","30 Apr 2018"
"07/04/2018 23:35","Purchase","'70838153003680400","WXR 2302","","PRIMAX 95","Billed","13.64","30.00","PSS BDR SAUJANA PUTRA","","Standalone","","","30 Apr 2018"
"06/04/2018 06:49","Purchase","'70838153003680400","WXR 2302","","PRIMAX 95","Billed","13.64","30.00","PSS SEK 22 SHAH ALAM","","Standalone","","","30 Apr 2018"
"05/04/2018 21:59","Reload","'70838153003680400","WXR 2302","","","Billed","","-60.00","PSS BDR SAUJANA PUTRA","","Standalone","","","30 Apr 2018"
"05/04/2018 06:45","Purchase","'70838153003680400","WXR 2302","","PRIMAX 95","Billed","9.09","20.00","PSS SEK 22 SHAH ALAM","","Standalone","","","30 Apr 2018"
"04/04/2018 23:15","Purchase","'70838153003680400","WXR 2302","","PRIMAX 95","Billed","4.55","10.00","PSS BDR SAUJANA PUTRA","","Standalone","","","30 Apr 2018"
"04/04/2018 23:14","Reload","'70838153003680400","WXR 2302","","","Billed","","-30.00","PSS BDR SAUJANA PUTRA","","Standalone","","","30 Apr 2018"
"04/04/2018 23:11","Purchase","'70838153003680400","WXR 2302","","PRIMAX 95","Billed","22.73","50.00","PSS BDR SAUJANA PUTRA","","Standalone","","","30 Apr 2018"
"04/04/2018 12:28","Purchase","'70838153003680400","WXR 2302","","PRIMAX 95","Billed","23.18","51.00","PSS SEK 6 SHAH ALAM","","Standalone","","","30 Apr 2018"
"04/04/2018 12:24","Reload","'70838153003680400","WXR 2302","","","Billed","","-100.00","PSS SEK 6 SHAH ALAM","","Standalone","","","30 Apr 2018"
"04/04/2018 06:53","Purchase","'70838153003680400","WXR 2302","","PRIMAX 95","Billed","5.45","12.00","PSS SEK 22 SHAH ALAM","","Standalone","","","30 Apr 2018"
"02/04/2018 14:33","Purchase","'70838153003680400","WXR 2302","","PRIMAX 95","Billed","4.55","10.00","PSS SEK 15 SHAH ALAM","","Standalone","","","30 Apr 2018"
"02/04/2018 06:53","Purchase","'70838153003680400","WXR 2302","","PRIMAX 95","Billed","13.64","30.00","PSS SEK 22 SHAH ALAM","","Standalone","","","30 Apr 2018"
"01/04/2018 00:17","Purchase","'70838153003680400","WXR 2302","","PRIMAX 95","Billed","9.10","20.01","PSS BDR SAUJANA PUTRA","","Standalone","","","30 Apr 2018"