"Date Time","Transaction Type","Card Number","Vehicle Number","Driver Card Number","Product Type","Billing Type","Transaction Volume (Litres)","Transaction Amount (RM)","Station Name","Odometer","Card Type","Cost Centre","Cost Centre Name","Statement Month"
"29/04/2018 08:04","Purchase","'70838153003501945","WXR736","","PRIMAX 95","Billed","18.18","40.00","PSS JALAN SULAIMAN MUAR","","Standalone","","","30 Apr 2018"
"28/04/2018 15:29","Reload","'70838153003501945","WXR736","","","Billed","","-100.00","PSS JASIN BESTARI","","Standalone","","","30 Apr 2018"
"27/04/2018 10:16","Purchase","'70838153003501945","WXR736","","PRIMAX 95","Billed","13.64","30.00","PSS MUAR BYPASS","","Standalone","","","30 Apr 2018"
"24/04/2018 12:00","Purchase","'70838153003501945","WXR736","","PRIMAX 95","Billed","13.64","30.00","PSS JALAN SULAIMAN MUAR","","Standalone","","","30 Apr 2018"
"22/04/2018 09:24","Purchase","'70838153003501945","WXR736","","PRIMAX 95","Billed","18.18","40.00","PSS MERLIMAU","","Standalone","","","30 Apr 2018"
"22/04/2018 09:20","Reload","'70838153003501945","WXR736","","","Billed","","-100.00","PSS MERLIMAU","","Standalone","","","30 Apr 2018"
"18/04/2018 23:30","Purchase","'70838153003501945","WXR736","","PRIMAX 95","Billed","13.64","30.00","PSS BAKRI 2 MUAR","","Standalone","","","30 Apr 2018"
"17/04/2018 12:41","Purchase","'70838153003501945","WXR736","","PRIMAX 95","Billed","13.64","30.00","PSS SUNGAI RAMBAI","","Standalone","","","30 Apr 2018"
"15/04/2018 09:04","Purchase","'70838153003501945","WXR736","","PRIMAX 95","Billed","13.64","30.00","PSS MUKIM KESANG","","Standalone","","","30 Apr 2018"
"15/04/2018 09:02","Reload","'70838153003501945","WXR736","","","Billed","","-100.00","PSS MUKIM KESANG","","Standalone","","","30 Apr 2018"
"07/04/2018 13:38","Purchase","'70838153003501945","WXR736","","PRIMAX 95","Billed","18.18","40.00","PSS MUKIM KESANG","","Standalone","","","30 Apr 2018"
"07/04/2018 13:37","Reload","'70838153003501945","WXR736","","","Billed","","-100.00","PSS MUKIM KESANG","","Standalone","","","30 Apr 2018"
"05/04/2018 13:13","Purchase","'70838153003501945","WXR736","","PRIMAX 95","Billed","13.64","30.00","PSS MUKIM KESANG","","Standalone","","","30 Apr 2018"
"03/04/2018 19:40","Purchase","'70838153003501945","WXR736","","PRIMAX 95","Billed","13.64","30.00","PSS MUKIM KESANG","","Standalone","","","30 Apr 2018"
"02/04/2018 19:25","Purchase","'70838153003501945","WXR736","","PRIMAX 95","Billed","13.64","30.00","PSS MUKIM KESANG","","Standalone","","","30 Apr 2018"
"02/04/2018 09:19","Reload","'70838153003501945","WXR736","","","Billed","","-100.00","PSS MUKIM KESANG","","Standalone","","","30 Apr 2018"
"01/04/2018 11:06","Purchase","'70838153003501945","WXR736","","PRIMAX 95","Billed","13.64","30.00","PSS MUKIM KESANG","","Standalone","","","30 Apr 2018"