"Date Time","Transaction Type","Card Number","Vehicle Number","Driver Card Number","Product Type","Billing Type","Transaction Volume (Litres)","Transaction Amount (RM)","Station Name","Odometer","Card Type","Cost Centre","Cost Centre Name","Statement Month"
"15/04/2018 08:27","Purchase","'70838153003496773","WXR571","","PRIMAX 95","Billed","31.82","70.00","PSS BATU FERINGGI","","Standalone","","","30 Apr 2018"
"15/04/2018 08:25","Reload","'70838153003496773","WXR571","","","Billed","","-60.00","PSS BATU FERINGGI","","Standalone","","","30 Apr 2018"
"12/04/2018 11:50","Purchase","'70838153003496773","WXR571","","PRIMAX 95","Billed","22.73","50.00","PSS BATU FERINGGI","","Standalone","","","30 Apr 2018"
"12/04/2018 11:48","Reload","'70838153003496773","WXR571","","","Billed","","-50.00","PSS BATU FERINGGI","","Standalone","","","30 Apr 2018"
"10/04/2018 08:21","Purchase","'70838153003496773","WXR571","","PRIMAX 95","Billed","31.82","70.00","PSS BATU FERINGGI","","Standalone","","","30 Apr 2018"
"10/04/2018 08:20","Reload","'70838153003496773","WXR571","","","Billed","","-70.00","PSS BATU FERINGGI","","Standalone","","","30 Apr 2018"
"07/04/2018 08:22","Purchase","'70838153003496773","WXR571","","PRIMAX 95","Billed","27.27","60.00","PSS BATU FERINGGI","","Standalone","","","30 Apr 2018"
"07/04/2018 08:20","Reload","'70838153003496773","WXR571","","","Billed","","-60.00","PSS BATU FERINGGI","","Standalone","","","30 Apr 2018"
"04/04/2018 15:16","Purchase","'70838153003496773","WXR571","","PRIMAX 95","Billed","27.27","60.00","PSS BATU FERINGGI","","Standalone","","","30 Apr 2018"
"04/04/2018 15:14","Reload","'70838153003496773","WXR571","","","Billed","","-60.00","PSS BATU FERINGGI","","Standalone","","","30 Apr 2018"
"02/04/2018 10:27","Purchase","'70838153003496773","WXR571","","PRIMAX 95","Billed","22.73","50.00","PSS BATU FERINGGI","","Standalone","","","30 Apr 2018"
"02/04/2018 10:26","Reload","'70838153003496773","WXR571","","","Billed","","-50.00","PSS BATU FERINGGI","","Standalone","","","30 Apr 2018"