"Date Time","Transaction Type","Card Number","Vehicle Number","Driver Card Number","Product Type","Billing Type","Transaction Volume (Litres)","Transaction Amount (RM)","Station Name","Odometer","Card Type","Cost Centre","Cost Centre Name","Statement Month"
"16/04/2018 07:57","Purchase","'70838153003500848","WXR525","","PRIMAX 95","Billed","15.00","33.00","PSS KUAH LANGKAWI","","Standalone","","","30 Apr 2018"
"12/04/2018 19:31","Purchase","'70838153003500848","WXR525","","PRIMAX 95","Billed","20.00","44.00","PSS TOK SENIK","","Standalone","","","30 Apr 2018"
"12/04/2018 19:30","Reload","'70838153003500848","WXR525","","","Billed","","-100.00","PSS TOK SENIK","","Standalone","","","30 Apr 2018"
"10/04/2018 18:03","Purchase","'70838153003500848","WXR525","","PRIMAX 95","Billed","20.00","44.00","PSS KUAH LANGKAWI","","Standalone","","","30 Apr 2018"
"10/04/2018 18:03","Reload","'70838153003500848","WXR525","","","Billed","","-100.00","PSS KUAH LANGKAWI","","Standalone","","","30 Apr 2018"
"04/04/2018 10:02","Purchase","'70838153003500848","WXR525","","PRIMAX 95","Billed","17.51","38.53","PSS KELEBANG LANGKAWI","","Standalone","","","30 Apr 2018"
"02/04/2018 07:03","Purchase","'70838153003500848","WXR525","","PRIMAX 95","Billed","20.00","44.00","PSS KUAH LANGKAWI","","Standalone","","","30 Apr 2018"
"02/04/2018 07:02","Reload","'70838153003500848","WXR525","","","Billed","","-50.00","PSS KUAH LANGKAWI","","Standalone","","","30 Apr 2018"