"Date Time","Transaction Type","Card Number","Vehicle Number","Driver Card Number","Product Type","Billing Type","Transaction Volume (Litres)","Transaction Amount (RM)","Station Name","Odometer","Card Type","Cost Centre","Cost Centre Name","Statement Month"
"30/01/2018 20:00","Purchase","'70838153003423280","WXR182","","PRIMAX 95","Billed","21.83","50.00","PSS ARA DAMANSARA","","Standalone","","","31 Jan 2018"
"30/01/2018 19:58","Reload","'70838153003423280","WXR182","","","Billed","","-100.00","PSS ARA DAMANSARA","","Standalone","","","31 Jan 2018"
"26/01/2018 09:32","Purchase","'70838153003423280","WXR182","","PRIMAX 95","Billed","21.84","50.00","PSS KG MELAYU SUBANG","","Standalone","","","31 Jan 2018"
"21/01/2018 10:44","Purchase","'70838153003423280","WXR182","","PRIMAX 95","Billed","21.74","50.00","PSS DAMANSARA JAYA 2","","Standalone","","","31 Jan 2018"
"21/01/2018 10:42","Reload","'70838153003423280","WXR182","","","Billed","","-100.00","PSS DAMANSARA JAYA 2","","Standalone","","","31 Jan 2018"
"14/01/2018 16:08","Purchase","'70838153003423280","WXR182","","PRIMAX 95","Billed","22.13","50.00","PSS KG MELAYU SUBANG","","Standalone","","","31 Jan 2018"
"10/01/2018 09:14","Purchase","'70838153003423280","WXR182","","PRIMAX 95","Billed","21.84","50.00","PSS KG MELAYU SUBANG","","Standalone","","","31 Jan 2018"
"10/01/2018 09:13","Reload","'70838153003423280","WXR182","","","Billed","","-100.00","PSS KG MELAYU SUBANG","","Standalone","","","31 Jan 2018"
"06/01/2018 18:00","Purchase","'70838153003423280","WXR182","","PRIMAX 95","Billed","21.84","50.00","PSS PEKAN BARU SUBANG","","Standalone","","","31 Jan 2018"
"04/01/2018 11:37","Reload","'70838153003423280","WXR182","","","Billed","","-50.00","PSS KG MELAYU SUBANG","","Standalone","","","31 Jan 2018"
"04/01/2018 11:36","Purchase","'70838153003423280","WXR182","","PRIMAX 95","Billed","21.84","50.00","PSS KG MELAYU SUBANG","","Standalone","","","31 Jan 2018"
"04/01/2018 11:33","Reload","'70838153003423280","WXR182","","","Billed","","-50.00","PSS KG MELAYU SUBANG","","Standalone","","","31 Jan 2018"