"Date Time","Transaction Type","Card Number","Vehicle Number","Driver Card Number","Product Type","Billing Type","Transaction Volume (Litres)","Transaction Amount (RM)","Station Name","Odometer","Card Type","Cost Centre","Cost Centre Name","Statement Month"
"31/01/2018 08:55","Purchase","'70838153003424718","WXR132","","PRIMAX 95","Billed","2.18","5.00","PSS JASIN","","Standalone","","","31 Jan 2018"
"31/01/2018 08:51","Purchase","'70838153003424718","WXR132","","PRIMAX 95","Billed","8.73","20.00","PSS JASIN","","Standalone","","","31 Jan 2018"
"31/01/2018 08:47","Purchase","'70838153003424718","WXR132","","PRIMAX 95","Billed","8.73","20.00","PSS JASIN","","Standalone","","","31 Jan 2018"
"25/01/2018 16:13","Purchase","'70838153003424718","WXR132","","PRIMAX 95","Billed","8.73","20.00","PSS BUKIT KATIL","","Standalone","","","31 Jan 2018"
"25/01/2018 16:05","Reload","'70838153003424718","WXR132","","","Billed","","-100.00","PSS BUKIT KATIL","","Standalone","","","31 Jan 2018"