Date Time,Transaction Type,Card Number,Vehicle Number,Driver Card Number,Product Type,Billing Type,Transaction Volume (Litres),Transaction Amount (RM),Station Name,Odometer,Card Type,Cost Centre,Cost Centre Name,Statement Month
21/1/2018 21:04,Reload,'70838153003423116,WXR1,,,Billed,,-50,PSS BUKIT TINGGI 2,,Standalone,,,31-Jan-18
20/1/2018 11:36,Purchase,'70838153003423116,WXR1,,PRIMAX 95,Billed,32,73.61,PSS SALAK JAYA,,Standalone,,,31-Jan-18
12/1/2018 16:27,Reload,'70838153003423116,WXR1,,,Billed,,-50,PSS TANDOP,,Standalone,,,31-Jan-18
9/1/2018 23:51,Purchase,'70838153003423116,WXR1,,PRIMAX 95,Billed,29.67,67.95,PSS SALAK JAYA,,Standalone,,,31-Jan-18
3/1/2018 21:14,Reload,'70838153003423116,WXR1,,,Billed,,-70,PSS KOTA DAMANSARA 2,,Standalone,,,31-Jan-18
