"Date Time","Transaction Type","Card Number","Vehicle Number","Driver Card Number","Product Type","Billing Type","Transaction Volume (Litres)","Transaction Amount (RM)","Station Name","Odometer","Card Type","Cost Centre","Cost Centre Name","Statement Month"
"29/01/2018 12:25","Purchase","'70838153003423926","WXR114","","PRIMAX 95","Billed","13.10","30.00","PSS KLIA 1","","Standalone","","","31 Jan 2018"
"29/01/2018 12:04","Reload","'70838153003423926","WXR114","","","Billed","","-30.00","PSS KLIA 1","","Standalone","","","31 Jan 2018"
"25/01/2018 11:00","Purchase","'70838153003423926","WXR114","","PRIMAX 95","Billed","8.74","20.01","PSS KLIA 1","","Standalone","","","31 Jan 2018"
"24/01/2018 08:21","Purchase","'70838153003423926","WXR114","","PRIMAX 95","Billed","17.39","40.00","PSS TAMAN MALURI","","Standalone","","","31 Jan 2018"
"24/01/2018 08:20","Reload","'70838153003423926","WXR114","","","Billed","","-50.00","PSS TAMAN MALURI","","Standalone","","","31 Jan 2018"
"19/01/2018 21:32","Purchase","'70838153003423926","WXR114","","PRIMAX 95","Billed","8.70","20.00","PSS KLIA 1","","Standalone","","","31 Jan 2018"
"19/01/2018 12:55","Reload","'70838153003423926","WXR114","","","Billed","","-50.00","PSS KLIA 2","","Standalone","","","31 Jan 2018"
"19/01/2018 08:35","Purchase","'70838153003423926","WXR114","","PRIMAX 95","Billed","8.70","20.00","PSS COCHRANE PERKASA","","Standalone","","","31 Jan 2018"
"15/01/2018 13:43","Purchase","'70838153003423926","WXR114","","PRIMAX 95","Billed","8.85","20.00","PSS COCHRANE PERKASA","","Standalone","","","31 Jan 2018"
"11/01/2018 11:18","Purchase","'70838153003423926","WXR114","","PRIMAX 95","Billed","13.28","30.00","PSS KLIA 1","","Standalone","","","31 Jan 2018"
"10/01/2018 13:42","Reload","'70838153003423926","WXR114","","","Billed","","-40.00","PSS KLIA 1","","Standalone","","","31 Jan 2018"
"10/01/2018 13:40","Purchase","'70838153003423926","WXR114","","PRIMAX 95","Billed","8.73","20.00","PSS KLIA 1","","Standalone","","","31 Jan 2018"
"10/01/2018 11:41","Purchase","'70838153003423926","WXR114","","PRIMAX 95","Billed","8.74","20.00","PSS KLIA 1","","Standalone","","","31 Jan 2018"
"07/01/2018 11:32","Purchase","'70838153003423926","WXR114","","PRIMAX 95","Billed","13.10","30.00","PSS KLIA 1","","Standalone","","","31 Jan 2018"
"06/01/2018 10:29","Purchase","'70838153003423926","WXR114","","PRIMAX 95","Billed","13.10","30.00","PSS KM 305 PLUS ARAH SELATAN","","Standalone","","","31 Jan 2018"
"02/01/2018 14:30","Reload","'70838153003423926","WXR114","","","Billed","","-50.00","PSS COCHRANE PERKASA","","Standalone","","","31 Jan 2018"
"02/01/2018 14:28","Purchase","'70838153003423926","WXR114","","PRIMAX 95","Billed","8.85","20.00","PSS COCHRANE PERKASA","","Standalone","","","31 Jan 2018"