"Date Time","Transaction Type","Card Number","Vehicle Number","Driver Card Number","Product Type","Billing Type","Transaction Volume (Litres)","Transaction Amount (RM)","Station Name","Odometer","Card Type","Cost Centre","Cost Centre Name","Statement Month"
"31/01/2018 22:20","Reload","'70838153003423694","WXR13","","","Billed","","-50.00","PSS JALAN GOPENG II","","Standalone","","","31 Jan 2018"
"31/01/2018 22:20","Purchase","'70838153003423694","WXR13","","PRIMAX 95","Billed","27.55","63.09","PSS JALAN GOPENG II","","Standalone","","","31 Jan 2018"
"30/01/2018 17:12","Reload","'70838153003423694","WXR13","","","Billed","","-50.00","PSS BANDAR BARU SALAK TINGGI","","Standalone","","","31 Jan 2018"
"29/01/2018 21:52","Purchase","'70838153003423694","WXR13","","PRIMAX 95","Billed","29.28","67.05","PSS JALAN JELATEK 2","","Standalone","","","31 Jan 2018"
"29/01/2018 21:50","Reload","'70838153003423694","WXR13","","","Billed","","-50.00","PSS JALAN JELATEK 2","","Standalone","","","31 Jan 2018"
"29/01/2018 08:21","Purchase","'70838153003423694","WXR13","","PRIMAX 95","Billed","3.06","7.00","PSS JALAN GOPENG II","","Standalone","","","31 Jan 2018"
"28/01/2018 22:11","Purchase","'70838153003423694","WXR13","","PRIMAX 95","Billed","34.95","80.03","PSS JALAN GOPENG I","","Standalone","","","31 Jan 2018"
"27/01/2018 17:33","Reload","'70838153003423694","WXR13","","","Billed","","-50.00","PSS SUNWAY CITY","","Standalone","","","31 Jan 2018"
"27/01/2018 00:14","Purchase","'70838153003423694","WXR13","","PRIMAX 95","Billed","21.84","50.00","PSS JALAN GOPENG II","","Standalone","","","31 Jan 2018"
"25/01/2018 18:01","Purchase","'70838153003423694","WXR13","","PRIMAX 95","Billed","17.47","40.00","PSS PADANG RENGAS","","Standalone","","","31 Jan 2018"
"24/01/2018 23:54","Purchase","'70838153003423694","WXR13","","PRIMAX 95","Billed","17.47","40.00","PSS ULU BERNAM","","Standalone","","","31 Jan 2018"
"24/01/2018 20:47","Reload","'70838153003423694","WXR13","","","Billed","","-150.00","PSS R & R GUNUNG SEMANGGOL","","Standalone","","","31 Jan 2018"
"24/01/2018 20:44","Purchase","'70838153003423694","WXR13","","PRIMAX 95","Billed","15.22","35.00","PSS R & R GUNUNG SEMANGGOL","","Standalone","","","31 Jan 2018"
"24/01/2018 15:09","Purchase","'70838153003423694","WXR13","","PRIMAX 95","Billed","21.74","50.00","PSS SUNGAI PERAK (U)","","Standalone","","","31 Jan 2018"
"24/01/2018 15:08","Reload","'70838153003423694","WXR13","","","Billed","","-100.00","PSS SUNGAI PERAK (U)","","Standalone","","","31 Jan 2018"
"24/01/2018 08:23","Purchase","'70838153003423694","WXR13","","PRIMAX 95","Billed","15.22","35.00","PSS SIMPANG PULAI LOJING","","Standalone","","","31 Jan 2018"
"24/01/2018 08:21","Reload","'70838153003423694","WXR13","","","Billed","","-50.00","PSS SIMPANG PULAI LOJING","","Standalone","","","31 Jan 2018"
"24/01/2018 08:19","Purchase","'70838153003423694","WXR13","","PRIMAX 95","Billed","0.94","2.16","PSS SIMPANG PULAI LOJING","","Standalone","","","31 Jan 2018"
"22/01/2018 11:42","Purchase","'70838153003423694","WXR13","","PRIMAX 95","Billed","18.71","43.02","PSS JLN RAJA DIHILIR","","Standalone","","","31 Jan 2018"
"20/01/2018 16:35","Purchase","'70838153003423694","WXR13","","PRIMAX 95","Billed","28.26","65.00","PSS SETAPAK INDAH","","Standalone","","","31 Jan 2018"
"19/01/2018 22:47","Reload","'70838153003423694","WXR13","","","Billed","","-50.00","PSS ULU BERNAM","","Standalone","","","31 Jan 2018"
"14/01/2018 22:05","Purchase","'70838153003423694","WXR13","","PRIMAX 95","Billed","33.20","75.03","PSS BATU GAJAH","","Standalone","","","31 Jan 2018"
"13/01/2018 16:38","Reload","'70838153003423694","WXR13","","","Billed","","-30.00","PSS KG KEDAH","","Standalone","","","31 Jan 2018"
"13/01/2018 16:24","Reload","'70838153003423694","WXR13","","","Billed","","-50.00","PSS NIBONG TEBAL SPS","","Standalone","","","31 Jan 2018"
"13/01/2018 16:21","Purchase","'70838153003423694","WXR13","","PRIMAX 95","Billed","34.96","79.00","PSS NIBONG TEBAL SPS","","Standalone","","","31 Jan 2018"
"12/01/2018 16:19","Reload","'70838153003423694","WXR13","","","Billed","","-100.00","PSS LENCONGAN BARAT (PG KUNDOR)","","Standalone","","","31 Jan 2018"
"11/01/2018 16:24","Purchase","'70838153003423694","WXR13","","PRIMAX 95","Billed","29.22","66.04","PSS JALAN KUALA PERLIS","","Standalone","","","31 Jan 2018"
"11/01/2018 10:24","Purchase","'70838153003423694","WXR13","","PRIMAX 95","Billed","36.35","82.14","PSS SUNGAI PERAK (U)","","Standalone","","","31 Jan 2018"
"11/01/2018 10:24","Purchase","'70838153003423694","WXR13","","PRIMAX 95","Un-billed","36.35","82.14","PSS SUNGAI PERAK (U)","","Standalone","","","Unbilled Transaction"
"11/01/2018 09:00","Reload","'70838153003423694","WXR13","","","Billed","","-150.00","PSS JALAN GOPENG I","","Standalone","","","31 Jan 2018"
"10/01/2018 12:59","Reload","'70838153003423694","WXR13","","","Billed","","-50.00","PSS SETAPAK","","Standalone","","","31 Jan 2018"
"10/01/2018 12:55","Purchase","'70838153003423694","WXR13","","PRIMAX 95","Billed","10.38","23.76","PSS SETAPAK","","Standalone","","","31 Jan 2018"
"08/01/2018 00:53","Purchase","'70838153003423694","WXR13","","PRIMAX 95","Billed","24.02","55.00","PSS SRI KEMBANGAN 2","","Standalone","","","31 Jan 2018"
"06/01/2018 15:37","Purchase","'70838153003423694","WXR13","","PRIMAX 95","Billed","24.02","55.00","PSS BATU GAJAH","","Standalone","","","31 Jan 2018"
"05/01/2018 20:27","Reload","'70838153003423694","WXR13","","","Billed","","-100.00","PSS PADANG RENGAS","","Standalone","","","31 Jan 2018"
"04/01/2018 20:57","Purchase","'70838153003423694","WXR13","","PRIMAX 95","Billed","26.20","60.00","PSS R & R GUNUNG SEMANGGOL","","Standalone","","","31 Jan 2018"
"04/01/2018 09:47","Reload","'70838153003423694","WXR13","","","Billed","","-20.00","PSS BAGAN SERAI","","Standalone","","","31 Jan 2018"
"03/01/2018 23:23","Purchase","'70838153003423694","WXR13","","PRIMAX 95","Billed","44.25","100.00","PSS JALAN GOPENG II","","Standalone","","","31 Jan 2018"
"03/01/2018 10:40","Reload","'70838153003423694","WXR13","","","Billed","","-20.00","PSS JALAN GOPENG I","","Standalone","","","31 Jan 2018"
"02/01/2018 22:38","Reload","'70838153003423694","WXR13","","","Billed","","-20.00","PSS MANJOI","","Standalone","","","31 Jan 2018"
"02/01/2018 11:56","Reload","'70838153003423694","WXR13","","","Billed","","-20.00","PSS BATU GAJAH","","Standalone","","","31 Jan 2018"
"01/01/2018 20:02","Reload","'70838153003423694","WXR13","","","Billed","","-50.00","PSS SIMPANG PULAI","","Standalone","","","31 Jan 2018"
"01/01/2018 20:00","Purchase","'70838153003423694","WXR13","","PRIMAX 95","Billed","22.13","50.00","PSS SIMPANG PULAI","","Standalone","","","31 Jan 2018"
"01/01/2018 02:12","Purchase","'70838153003423694","WXR13","","PRIMAX 95","Billed","42.04","95.01","PSS JALAN JELATEK 2","","Standalone","","","31 Jan 2018"