"Date Time","Transaction Type","Card Number","Vehicle Number","Driver Card Number","Product Type","Billing Type","Transaction Volume (Litres)","Transaction Amount (RM)","Station Name","Odometer","Card Type","Cost Centre","Cost Centre Name","Statement Month"
"29/01/2018 20:42","Purchase","'70838153003424668","WXR127","","PRIMAX 95","Billed","39.21","89.78","PSS JALAN LAHAT MENGLEMBU","","Standalone","","","31 Jan 2018"
"26/01/2018 07:20","Purchase","'70838153003424668","WXR127","","PRIMAX 95","Billed","38.95","89.18","PSS JALAN GOPENG II","","Standalone","","","31 Jan 2018"
"26/01/2018 07:18","Reload","'70838153003424668","WXR127","","","Billed","","-100.00","PSS JALAN GOPENG II","","Standalone","","","31 Jan 2018"
"23/01/2018 03:48","Purchase","'70838153003424668","WXR127","","PRIMAX 95","Billed","30.44","70.00","PSS TAMAN PUTRA INDAH","","Standalone","","","31 Jan 2018"
"23/01/2018 03:47","Reload","'70838153003424668","WXR127","","","Billed","","-70.00","PSS TAMAN PUTRA INDAH","","Standalone","","","31 Jan 2018"
"22/01/2018 05:57","Purchase","'70838153003424668","WXR127","","PRIMAX 95","Billed","34.78","80.00","PSS JALAN KAMPUNG SIMEE","","Standalone","","","31 Jan 2018"
"22/01/2018 05:55","Reload","'70838153003424668","WXR127","","","Billed","","-70.00","PSS JALAN KAMPUNG SIMEE","","Standalone","","","31 Jan 2018"
"20/01/2018 22:35","Purchase","'70838153003424668","WXR127","","PRIMAX 95","Billed","21.74","50.00","PSS JALAN GOPENG II","","Standalone","","","31 Jan 2018"
"20/01/2018 22:34","Reload","'70838153003424668","WXR127","","","Billed","","-50.00","PSS JALAN GOPENG II","","Standalone","","","31 Jan 2018"
"19/01/2018 12:45","Purchase","'70838153003424668","WXR127","","PRIMAX 95","Billed","26.54","61.04","PSS CHANGKAT CERMIN","","Standalone","","","31 Jan 2018"
"19/01/2018 12:44","Reload","'70838153003424668","WXR127","","","Billed","","-100.00","PSS CHANGKAT CERMIN","","Standalone","","","31 Jan 2018"
"17/01/2018 22:41","Purchase","'70838153003424668","WXR127","","PRIMAX 95","Billed","30.98","70.00","PSS BANDAR MERU RAYA","","Standalone","","","31 Jan 2018"
"16/01/2018 19:00","Reload","'70838153003424668","WXR127","","","Billed","","-100.00","PSS PANTAI REMIS","","Standalone","","","31 Jan 2018"
"16/01/2018 18:57","Purchase","'70838153003424668","WXR127","","PRIMAX 95","Billed","35.40","80.00","PSS PANTAI REMIS","","Standalone","","","31 Jan 2018"
"16/01/2018 05:43","Reload","'70838153003424668","WXR127","","","Billed","","-50.00","PSS GAJAH PERDANA","","Standalone","","","31 Jan 2018"
"14/01/2018 17:28","Purchase","'70838153003424668","WXR127","","PRIMAX 95","Billed","30.98","70.00","PSS JALAN SULTAN AZLAN SHAH","","Standalone","","","31 Jan 2018"
"14/01/2018 17:25","Reload","'70838153003424668","WXR127","","","Billed","","-120.00","PSS JALAN SULTAN AZLAN SHAH","","Standalone","","","31 Jan 2018"