"Date Time","Transaction Type","Card Number","Vehicle Number","Driver Card Number","Product Type","Billing Type","Transaction Volume (Litres)","Transaction Amount (RM)","Station Name","Odometer","Card Type","Cost Centre","Cost Centre Name","Statement Month"
"23/01/2018 09:11","Purchase","'70838153003423991","WXR22","","PRIMAX 95","Billed","2.17","5.00","PSS BATU 8 JALAN IPOH","","Standalone","","","31 Jan 2018"
"18/01/2018 21:52","Purchase","'70838153003423991","WXR22","","PRIMAX 95","Billed","43.48","100.00","PSS RAWANG TEMPLER","","Standalone","","","31 Jan 2018"
"18/01/2018 21:51","Reload","'70838153003423991","WXR22","","","Billed","","-100.00","PSS RAWANG TEMPLER","","Standalone","","","31 Jan 2018"
"17/01/2018 20:03","Purchase","'70838153003423991","WXR22","","PRIMAX 95","Billed","17.70","40.00","PSS ULU BERNAM","","Standalone","","","31 Jan 2018"
"16/01/2018 08:02","Purchase","'70838153003423991","WXR22","","PRIMAX 95","Billed","17.70","40.00","PSS RAWANG RSA","","Standalone","","","31 Jan 2018"
"16/01/2018 08:01","Reload","'70838153003423991","WXR22","","","Billed","","-100.00","PSS RAWANG RSA","","Standalone","","","31 Jan 2018"
"09/01/2018 09:35","Purchase","'70838153003423991","WXR22","","PRIMAX 97","Billed","1.95","5.00","PSS BATU 6 JALAN IPOH","","Standalone","","","31 Jan 2018"
"02/01/2018 09:32","Purchase","'70838153003423991","WXR22","","PRIMAX 95","Billed","44.25","100.00","PSS BATU 6 JALAN IPOH","","Standalone","","","31 Jan 2018"
"02/01/2018 09:32","Purchase","'70838153003423991","WXR22","","PRIMAX 95","Un-billed","44.25","100.00","PSS BATU 6 JALAN IPOH","","Standalone","","","Unbilled Transaction"
"02/01/2018 09:31","Reload","'70838153003423991","WXR22","","","Billed","","-100.00","PSS BATU 6 JALAN IPOH","","Standalone","","","31 Jan 2018"