"Date Time","Transaction Type","Card Number","Vehicle Number","Driver Card Number","Product Type","Billing Type","Transaction Volume (Litres)","Transaction Amount (RM)","Station Name","Odometer","Card Type","Cost Centre","Cost Centre Name","Statement Month"
"30/01/2018 20:19","Purchase","'70838153003425368","WXR218","","PRIMAX 97","Billed","2.73","7.00","PSS KM 305 PLUS ARAH SELATAN","","Standalone","","","31 Jan 2018"
"30/01/2018 08:54","Purchase","'70838153003425368","WXR218","","PRIMAX 97","Billed","2.73","7.00","PSS PRECINT 11 PUTRAJAYA","","Standalone","","","31 Jan 2018"
"29/01/2018 08:21","Purchase","'70838153003425368","WXR218","","PRIMAX 95","Billed","2.57","5.88","PSS PRECINT 11 PUTRAJAYA","","Standalone","","","31 Jan 2018"
"27/01/2018 11:10","Purchase","'70838153003425368","WXR218","","PRIMAX 95","Billed","1.75","4.00","PSS PRECINT 11 PUTRAJAYA","","Standalone","","","31 Jan 2018"
"26/01/2018 14:05","Purchase","'70838153003425368","WXR218","","PRIMAX 95","Billed","2.19","5.00","PSS SEGAMBUT","","Standalone","","","31 Jan 2018"
"26/01/2018 07:39","Purchase","'70838153003425368","WXR218","","PRIMAX 95","Billed","2.62","6.00","PSS PRECINT 11 PUTRAJAYA","","Standalone","","","31 Jan 2018"
"24/01/2018 21:41","Reload","'70838153003425368","WXR218","","","Billed","","-50.00","PSS LEBUHRAYA SILK","","Standalone","","","31 Jan 2018"
"22/01/2018 22:57","Purchase","'70838153003425368","WXR218","","PRIMAX 97","Billed","1.17","3.00","PSS PRECINT 11 PUTRAJAYA","","Standalone","","","31 Jan 2018"
"18/01/2018 07:26","Purchase","'70838153003425368","WXR218","","PRIMAX 95","Billed","1.74","4.00","PSS PRECINT 11 PUTRAJAYA","","Standalone","","","31 Jan 2018"
"15/01/2018 18:03","Purchase","'70838153003425368","WXR218","","PRIMAX 97","Billed","2.37","6.00","PSS KM 305 PLUS ARAH SELATAN","","Standalone","","","31 Jan 2018"
"15/01/2018 07:44","Purchase","'70838153003425368","WXR218","","PRIMAX 97","Billed","1.98","5.00","PSS PRECINT 11 PUTRAJAYA","","Standalone","","","31 Jan 2018"
"13/01/2018 14:19","Purchase","'70838153003425368","WXR218","","PRIMAX 97","Billed","1.98","5.00","PSS KM 305 PLUS ARAH SELATAN","","Standalone","","","31 Jan 2018"
"12/01/2018 21:37","Purchase","'70838153003425368","WXR218","","PRIMAX 95","Billed","2.21","5.00","PSS PRECINT 11 PUTRAJAYA","","Standalone","","","31 Jan 2018"
"12/01/2018 11:14","Purchase","'70838153003425368","WXR218","","PRIMAX 95","Billed","1.77","4.00","PSS KM 0.7 BESRAYA ARAH UTARA","","Standalone","","","31 Jan 2018"
"10/01/2018 15:29","Purchase","'70838153003425368","WXR218","","PRIMAX 95","Billed","2.18","5.00","PSS KM 305 PLUS ARAH SELATAN","","Standalone","","","31 Jan 2018"
"10/01/2018 08:00","Purchase","'70838153003425368","WXR218","","PRIMAX 95","Billed","1.75","4.00","PSS PRECINT 11 PUTRAJAYA","","Standalone","","","31 Jan 2018"
"09/01/2018 17:15","Purchase","'70838153003425368","WXR218","","PRIMAX 95","Billed","1.75","4.00","PSS SEGAMBUT","","Standalone","","","31 Jan 2018"
"09/01/2018 01:31","Purchase","'70838153003425368","WXR218","","PRIMAX 95","Billed","1.75","4.00","PSS LEBUHRAYA SILK","","Standalone","","","31 Jan 2018"
"05/01/2018 22:44","Reload","'70838153003425368","WXR218","","","Billed","","-100.00","PSS PRECINT 11 PUTRAJAYA","","Standalone","","","31 Jan 2018"
"05/01/2018 13:23","Purchase","'70838153003425368","WXR218","","PRIMAX 95","Billed","1.36","3.12","PSS PRECINT 11 PUTRAJAYA","","Standalone","","","31 Jan 2018"
"04/01/2018 14:17","Purchase","'70838153003425368","WXR218","","PRIMAX 95","Billed","2.19","5.00","PSS SEGAMBUT","","Standalone","","","31 Jan 2018"
"03/01/2018 07:36","Purchase","'70838153003425368","WXR218","","PRIMAX 95","Billed","1.77","4.00","PSS PRECINT 9D","","Standalone","","","31 Jan 2018"
"03/01/2018 02:08","Purchase","'70838153003425368","WXR218","","PRIMAX 95","Billed","22.12","50.00","PSS PRECINT 11 PUTRAJAYA","","Standalone","","","31 Jan 2018"
"02/01/2018 18:24","Purchase","'70838153003425368","WXR218","","PRIMAX 95","Billed","1.77","4.00","PSS LEBUHRAYA SILK","","Standalone","","","31 Jan 2018"
"02/01/2018 10:37","Purchase","'70838153003425368","WXR218","","PRIMAX 95","Billed","1.77","4.00","PSS PRECINT 9D","","Standalone","","","31 Jan 2018"