"Date Time","Transaction Type","Card Number","Vehicle Number","Driver Card Number","Product Type","Billing Type","Transaction Volume (Litres)","Transaction Amount (RM)","Station Name","Odometer","Card Type","Cost Centre","Cost Centre Name","Statement Month"
"28/01/2018 16:22","Purchase","'70838153003423033","WXR250","","PRIMAX 95","Billed","43.67","100.00","PSS BANDAR MAHKOTA CHERAS","","Standalone","","","31 Jan 2018"
"28/01/2018 16:21","Reload","'70838153003423033","WXR250","","","Billed","","-100.00","PSS BANDAR MAHKOTA CHERAS","","Standalone","","","31 Jan 2018"
"20/01/2018 12:07","Purchase","'70838153003423033","WXR250","","PRIMAX 95","Billed","43.48","100.00","PSS GRAND SAGA 3","","Standalone","","","31 Jan 2018"
"20/01/2018 12:05","Reload","'70838153003423033","WXR250","","","Billed","","-100.00","PSS GRAND SAGA 3","","Standalone","","","31 Jan 2018"
"13/01/2018 13:09","Purchase","'70838153003423033","WXR250","","PRIMAX 95","Billed","44.25","100.00","PSS BANDAR MAHKOTA CHERAS","","Standalone","","","31 Jan 2018"
"13/01/2018 13:08","Reload","'70838153003423033","WXR250","","","Billed","","-100.00","PSS BANDAR MAHKOTA CHERAS","","Standalone","","","31 Jan 2018"
"05/01/2018 22:01","Purchase","'70838153003423033","WXR250","","PRIMAX 95","Billed","43.67","100.00","PSS BANDAR MAHKOTA CHERAS","","Standalone","","","31 Jan 2018"
"05/01/2018 21:59","Reload","'70838153003423033","WXR250","","","Billed","","-100.00","PSS BANDAR MAHKOTA CHERAS","","Standalone","","","31 Jan 2018"
"01/01/2018 15:35","Purchase","'70838153003423033","WXR250","","PRIMAX 95","Billed","13.27","30.00","PSS BANDAR MAHKOTA CHERAS","","Standalone","","","31 Jan 2018"