"Date Time","Transaction Type","Card Number","Vehicle Number","Driver Card Number","Product Type","Billing Type","Transaction Volume (Litres)","Transaction Amount (RM)","Station Name","Odometer","Card Type","Cost Centre","Cost Centre Name","Statement Month"
"26/01/2018 09:36","Purchase","'70838153003497557","WXR394","","PRIMAX 97","Billed","19.53","50.00","PSS KM 12.3 LEBUHRAYA PERSEKUTUAN","28680","Standalone","","","31 Jan 2018"
"26/01/2018 09:34","Reload","'70838153003497557","WXR394","","","Billed","","-40.00","PSS KM 12.3 LEBUHRAYA PERSEKUTUAN","","Standalone","","","31 Jan 2018"
"25/01/2018 09:21","Purchase","'70838153003497557","WXR394","","PRIMAX 97","Billed","27.34","70.00","PSS KM 12.3 LEBUHRAYA PERSEKUTUAN","28481","Standalone","","","31 Jan 2018"
"25/01/2018 09:19","Reload","'70838153003497557","WXR394","","","Billed","","-70.00","PSS KM 12.3 LEBUHRAYA PERSEKUTUAN","","Standalone","","","31 Jan 2018"
"23/01/2018 22:16","Purchase","'70838153003497557","WXR394","","PRIMAX 95","Billed","21.74","50.00","PSS BDR ALAM DAMAI","28138","Standalone","","","31 Jan 2018"
"23/01/2018 22:16","Purchase","'70838153003497557","WXR394","","PRIMAX 95","Un-billed","21.74","50.00","PSS BDR ALAM DAMAI","28138","Standalone","","","Unbilled Transaction"
"23/01/2018 22:06","Reload","'70838153003497557","WXR394","","","Billed","","-50.00","PSS BDR ALAM DAMAI","","Standalone","","","31 Jan 2018"
"22/01/2018 17:24","Purchase","'70838153003497557","WXR394","","PRIMAX 95","Billed","21.74","50.00","PSS KM 12.3 LEBUHRAYA PERSEKUTUAN","27891","Standalone","","","31 Jan 2018"
"22/01/2018 17:23","Reload","'70838153003497557","WXR394","","","Billed","","-50.00","PSS KM 12.3 LEBUHRAYA PERSEKUTUAN","","Standalone","","","31 Jan 2018"
"20/01/2018 12:26","Purchase","'70838153003497557","WXR394","","PRIMAX 95","Billed","21.74","50.00","PSS AXIS INDUSTRIAL PARK","27624","Standalone","","","31 Jan 2018"
"20/01/2018 12:23","Reload","'70838153003497557","WXR394","","","Billed","","-50.00","PSS AXIS INDUSTRIAL PARK","","Standalone","","","31 Jan 2018"
"18/01/2018 12:02","Purchase","'70838153003497557","WXR394","","PRIMAX 95","Billed","21.74","50.00","PSS BUKIT JELUTONG RESIDENTIAL","27304","Standalone","","","31 Jan 2018"
"18/01/2018 12:00","Reload","'70838153003497557","WXR394","","","Billed","","-50.00","PSS BUKIT JELUTONG RESIDENTIAL","","Standalone","","","31 Jan 2018"
"17/01/2018 09:37","Purchase","'70838153003497557","WXR394","","PRIMAX 95","Billed","22.12","50.00","PSS SEKSYEN 13","27001","Standalone","","","31 Jan 2018"
"17/01/2018 09:36","Reload","'70838153003497557","WXR394","","","Billed","","-50.00","PSS SEKSYEN 13","","Standalone","","","31 Jan 2018"
"16/01/2018 12:27","Purchase","'70838153003497557","WXR394","","PRIMAX 95","Billed","22.13","50.00","PSS KOTA KEMUNING","26687","Standalone","","","31 Jan 2018"
"16/01/2018 12:25","Reload","'70838153003497557","WXR394","","","Billed","","-50.00","PSS KOTA KEMUNING","","Standalone","","","31 Jan 2018"
"14/01/2018 19:55","Purchase","'70838153003497557","WXR394","","PRIMAX 95","Billed","22.13","50.00","PSS KLIA 2","26408","Standalone","","","31 Jan 2018"
"14/01/2018 19:53","Reload","'70838153003497557","WXR394","","","Billed","","-50.00","PSS KLIA 2","","Standalone","","","31 Jan 2018"
"12/01/2018 15:35","Purchase","'70838153003497557","WXR394","","PRIMAX 95","Billed","26.55","60.00","PSS SEKSYEN 13","26056","Standalone","","","31 Jan 2018"
"12/01/2018 15:33","Reload","'70838153003497557","WXR394","","","Billed","","-70.00","PSS SEKSYEN 13","","Standalone","","","31 Jan 2018"
"11/01/2018 16:10","Purchase","'70838153003497557","WXR394","","PRIMAX 95","Billed","30.98","70.00","PSS KOTA KEMUNING","25665","Standalone","","","31 Jan 2018"
"11/01/2018 16:06","Reload","'70838153003497557","WXR394","","","Billed","","-50.00","PSS KOTA KEMUNING","","Standalone","","","31 Jan 2018"
"09/01/2018 21:27","Purchase","'70838153003497557","WXR394","","PRIMAX 95","Billed","30.57","70.00","PSS JALAN RHU AMPANG","25302","Standalone","","","31 Jan 2018"
"09/01/2018 21:26","Reload","'70838153003497557","WXR394","","","Billed","","-50.00","PSS JALAN RHU AMPANG","","Standalone","","","31 Jan 2018"
"08/01/2018 12:02","Purchase","'70838153003497557","WXR394","","PRIMAX 95","Billed","30.57","70.00","PSS BUKIT KEMUNING 2","24925","Standalone","","","31 Jan 2018"
"08/01/2018 12:00","Reload","'70838153003497557","WXR394","","","Billed","","-80.00","PSS BUKIT KEMUNING 2","","Standalone","","","31 Jan 2018"
"05/01/2018 14:03","Purchase","'70838153003497557","WXR394","","PRIMAX 95","Billed","21.84","50.00","PSS SUNGAI JATI ARAH KLANG","24631","Standalone","","","31 Jan 2018"
"05/01/2018 14:01","Reload","'70838153003497557","WXR394","","","Billed","","-80.00","PSS SUNGAI JATI ARAH KLANG","","Standalone","","","31 Jan 2018"
"03/01/2018 19:19","Purchase","'70838153003497557","WXR394","","PRIMAX 95","Billed","26.55","60.00","PSS KLIA 2","24194","Standalone","","","31 Jan 2018"
"03/01/2018 19:17","Reload","'70838153003497557","WXR394","","","Billed","","-50.00","PSS KLIA 2","","Standalone","","","31 Jan 2018"
"02/01/2018 11:59","Purchase","'70838153003497557","WXR394","","PRIMAX 95","Billed","30.53","69.00","PSS KESAS ARAH SUBANG","23856","Standalone","","","31 Jan 2018"
"02/01/2018 11:56","Reload","'70838153003497557","WXR394","","","Billed","","-50.00","PSS KESAS ARAH SUBANG","","Standalone","","","31 Jan 2018"
"01/01/2018 11:37","Purchase","'70838153003497557","WXR394","","PRIMAX 95","Billed","6.64","15.00","PSS BANDAR BARU SERTING","4696","Standalone","","","31 Jan 2018"