"Date Time","Transaction Type","Card Number","Vehicle Number","Driver Card Number","Product Type","Billing Type","Transaction Volume (Litres)","Transaction Amount (RM)","Station Name","Odometer","Card Type","Cost Centre","Cost Centre Name","Statement Month"
"31/01/2018 11:54","Purchase","'70838153003496070","WXR348","","PRIMAX 95","Billed","21.84","50.00","PSS RANTAU PETRONAS","999","Standalone","","","31 Jan 2018"
"30/01/2018 16:40","Purchase","'70838153003496070","WXR348","","PRIMAX 95","Billed","21.84","50.00","PSS PAKA 2","999","Standalone","","","31 Jan 2018"
"30/01/2018 16:38","Reload","'70838153003496070","WXR348","","","Billed","","-100.00","PSS PAKA 2","","Standalone","","","31 Jan 2018"
"30/01/2018 10:06","Purchase","'70838153003496070","WXR348","","PRIMAX 95","Billed","21.84","50.00","PSS AWANA KIJAL","999","Standalone","","","31 Jan 2018"
"29/01/2018 16:46","Purchase","'70838153003496070","WXR348","","PRIMAX 95","Billed","21.84","50.00","PSS RANTAU PETRONAS","999","Standalone","","","31 Jan 2018"
"29/01/2018 16:44","Reload","'70838153003496070","WXR348","","","Billed","","-100.00","PSS RANTAU PETRONAS","","Standalone","","","31 Jan 2018"
"27/01/2018 19:22","Purchase","'70838153003496070","WXR348","","PRIMAX 95","Billed","21.83","50.00","PSS KUANTAN DAMANSARA","999","Standalone","","","31 Jan 2018"
"26/01/2018 11:16","Purchase","'70838153003496070","WXR348","","PRIMAX 95","Billed","21.83","50.00","PSS KERTEH 2","999","Standalone","","","31 Jan 2018"
"26/01/2018 11:14","Reload","'70838153003496070","WXR348","","","Billed","","-100.00","PSS KERTEH 2","","Standalone","","","31 Jan 2018"
"25/01/2018 19:58","Purchase","'70838153003496070","WXR348","","PRIMAX 95","Billed","20.69","47.38","PSS BINJAI","999","Standalone","","","31 Jan 2018"
"25/01/2018 09:01","Purchase","'70838153003496070","WXR348","","PRIMAX 95","Billed","21.83","50.00","PSS KERTEH 2","999","Standalone","","","31 Jan 2018"
"25/01/2018 08:59","Reload","'70838153003496070","WXR348","","","Billed","","-100.00","PSS KERTEH 2","","Standalone","","","31 Jan 2018"
"23/01/2018 10:33","Purchase","'70838153003496070","WXR348","","PRIMAX 95","Billed","21.74","50.00","PSS KUANTAN DAMANSARA","999","Standalone","","","31 Jan 2018"
"22/01/2018 21:21","Purchase","'70838153003496070","WXR348","","PRIMAX 95","Billed","21.74","50.00","PSS SURA 2","999","Standalone","","","31 Jan 2018"
"22/01/2018 21:19","Reload","'70838153003496070","WXR348","","","Billed","","-100.00","PSS SURA 2","","Standalone","","","31 Jan 2018"
"22/01/2018 10:44","Purchase","'70838153003496070","WXR348","","PRIMAX 95","Billed","21.74","50.00","PSS KERTEH 2","999","Standalone","","","31 Jan 2018"
"20/01/2018 10:10","Purchase","'70838153003496070","WXR348","","PRIMAX 95","Billed","21.74","50.00","PSS RANTAU PETRONAS","999","Standalone","","","31 Jan 2018"
"20/01/2018 10:07","Reload","'70838153003496070","WXR348","","","Billed","","-100.00","PSS RANTAU PETRONAS","","Standalone","","","31 Jan 2018"
"20/01/2018 10:02","Purchase","'70838153003496070","WXR348","","PRIMAX 95","Billed","1.96","4.50","PSS RANTAU PETRONAS","999","Standalone","","","31 Jan 2018"
"18/01/2018 23:29","Purchase","'70838153003496070","WXR348","","PRIMAX 95","Billed","21.74","50.00","PSS SURA 2","998","Standalone","","","31 Jan 2018"
"17/01/2018 21:06","Purchase","'70838153003496070","WXR348","","PRIMAX 95","Billed","22.13","50.00","PSS AWANA KIJAL","999","Standalone","","","31 Jan 2018"
"17/01/2018 13:54","Purchase","'70838153003496070","WXR348","","PRIMAX 95","Billed","22.12","50.00","PSS KERTEH 2","999","Standalone","","","31 Jan 2018"
"17/01/2018 13:49","Reload","'70838153003496070","WXR348","","","Billed","","-150.00","PSS KERTEH 2","","Standalone","","","31 Jan 2018"
"16/01/2018 10:58","Purchase","'70838153003496070","WXR348","","PRIMAX 95","Billed","22.12","50.00","PSS BANDAR BARU KERTEH","99","Standalone","","","31 Jan 2018"
"15/01/2018 11:58","Reload","'70838153003496070","WXR348","","","Billed","","-50.00","PSS RANTAU PETRONAS","","Standalone","","","31 Jan 2018"
"15/01/2018 11:53","Purchase","'70838153003496070","WXR348","","PRIMAX 95","Billed","22.13","50.00","PSS RANTAU PETRONAS","88","Standalone","","","31 Jan 2018"
"13/01/2018 08:11","Purchase","'70838153003496070","WXR348","","PRIMAX 95","Billed","22.13","50.00","PSS AWANA KIJAL","88","Standalone","","","31 Jan 2018"
"13/01/2018 08:09","Reload","'70838153003496070","WXR348","","","Billed","","-100.00","PSS AWANA KIJAL","","Standalone","","","31 Jan 2018"
"10/01/2018 16:48","Purchase","'70838153003496070","WXR348","","PRIMAX 95","Billed","30.57","70.00","PSS KERTEH 2","90","Standalone","","","31 Jan 2018"
"09/01/2018 20:53","Purchase","'70838153003496070","WXR348","","PRIMAX 95","Billed","21.84","50.00","PSS RANTAU PETRONAS","89","Standalone","","","31 Jan 2018"
"09/01/2018 20:51","Reload","'70838153003496070","WXR348","","","Billed","","-100.00","PSS RANTAU PETRONAS","","Standalone","","","31 Jan 2018"
"09/01/2018 13:46","Purchase","'70838153003496070","WXR348","","PRIMAX 95","Billed","21.84","50.00","PSS PAKA 2","88","Standalone","","","31 Jan 2018"
"08/01/2018 16:06","Purchase","'70838153003496070","WXR348","","PRIMAX 95","Billed","11.14","25.50","PSS TOK JIRING","58","Standalone","","","31 Jan 2018"
"08/01/2018 16:05","Reload","'70838153003496070","WXR348","","","Billed","","-100.00","PSS TOK JIRING","","Standalone","","","31 Jan 2018"
"08/01/2018 16:00","Purchase","'70838153003496070","WXR348","","PRIMAX 95","Billed","10.70","24.50","PSS TOK JIRING","58","Standalone","","","31 Jan 2018"
"06/01/2018 19:47","Purchase","'70838153003496070","WXR348","","PRIMAX 95","Billed","21.84","50.00","PSS BINJAI","58","Standalone","","","31 Jan 2018"
"05/01/2018 10:16","Reload","'70838153003496070","WXR348","","","Billed","","-70.00","PSS TOK JIRING","","Standalone","","","31 Jan 2018"
"05/01/2018 10:09","Purchase","'70838153003496070","WXR348","","PRIMAX 95","Billed","21.84","50.00","PSS TOK JIRING","55","Standalone","","","31 Jan 2018"
"04/01/2018 12:19","Purchase","'70838153003496070","WXR348","","PRIMAX 95","Billed","13.10","30.00","PSS KERTEH 2","","Standalone","","","31 Jan 2018"
"04/01/2018 12:16","Reload","'70838153003496070","WXR348","","","Billed","","-50.00","PSS KERTEH 2","","Standalone","","","31 Jan 2018"
"03/01/2018 08:37","Purchase","'70838153003496070","WXR348","","PRIMAX 95","Billed","22.12","50.00","PSS BANDAR BARU KERTEH","55","Standalone","","","31 Jan 2018"
"01/01/2018 07:17","Purchase","'70838153003496070","WXR348","","PRIMAX 95","Billed","22.12","50.00","PSS BANDAR BARU KERTEH","50","Standalone","","","31 Jan 2018"