"Date Time","Transaction Type","Card Number","Vehicle Number","Driver Card Number","Product Type","Billing Type","Transaction Volume (Litres)","Transaction Amount (RM)","Station Name","Odometer","Card Type","Cost Centre","Cost Centre Name","Statement Month"
"23/01/2018 20:51","Purchase","'70838153003424213","WXR34","","PRIMAX 95","Billed","52.62","121.01","PSS ELITE LAYBY","123","Standalone","","","31 Jan 2018"
"23/01/2018 20:51","Purchase","'70838153003424213","WXR34","","PRIMAX 95","Un-billed","52.62","121.01","PSS ELITE LAYBY","123","Standalone","","","Unbilled Transaction"
"23/01/2018 20:45","Reload","'70838153003424213","WXR34","","","Billed","","-200.00","PSS ELITE LAYBY","","Standalone","","","31 Jan 2018"
"23/01/2018 20:45","Reload","'70838153003424213","WXR34","","","Billed","","-200.00","PSS ELITE LAYBY","","Standalone","","","31 Jan 2018"
"14/01/2018 18:37","Purchase","'70838153003424213","WXR34","","PRIMAX 95","Billed","43.85","99.10","PSS ELITE LAYBY","123","Standalone","","","31 Jan 2018"
"06/01/2018 21:01","Purchase","'70838153003424213","WXR34","","PRIMAX 95","Billed","48.60","111.30","PSS ELITE LAYBY","123","Standalone","","","31 Jan 2018"