"Date Time","Transaction Type","Card Number","Vehicle Number","Driver Card Number","Product Type","Billing Type","Transaction Volume (Litres)","Transaction Amount (RM)","Station Name","Odometer","Card Type","Cost Centre","Cost Centre Name","Statement Month"
"30/01/2018 21:47","Purchase","'70838153003497227","WXR390","","PRIMAX 95","Billed","24.04","55.04","PSS NPE PANTAI DALAM","126525","Standalone","","","31 Jan 2018"
"30/01/2018 21:45","Reload","'70838153003497227","WXR390","","","Billed","","-100.00","PSS NPE PANTAI DALAM","","Standalone","","","31 Jan 2018"
"28/01/2018 20:41","Purchase","'70838153003497227","WXR390","","PRIMAX 95","Billed","26.20","60.00","PSS BANDAR BARU AIR HITAM","126488","Standalone","","","31 Jan 2018"
"28/01/2018 20:37","Reload","'70838153003497227","WXR390","","","Billed","","-100.00","PSS BANDAR BARU AIR HITAM","","Standalone","","","31 Jan 2018"
"26/01/2018 21:47","Purchase","'70838153003497227","WXR390","","PRIMAX 95","Billed","26.20","60.00","PSS NPE PANTAI DALAM","60","Standalone","","","31 Jan 2018"
"26/01/2018 21:45","Reload","'70838153003497227","WXR390","","","Billed","","-70.00","PSS NPE PANTAI DALAM","","Standalone","","","31 Jan 2018"