"Date Time","Transaction Type","Card Number","Vehicle Number","Driver Card Number","Product Type","Billing Type","Transaction Volume (Litres)","Transaction Amount (RM)","Station Name","Odometer","Card Type","Cost Centre","Cost Centre Name","Statement Month"
"30/01/2018 15:59","Purchase","'70838153003496104","WXR350","","PRIMAX 95","Billed","19.49","44.62","PSS JAYA GADING","","Standalone","","","31 Jan 2018"
"28/01/2018 21:48","Purchase","'70838153003496104","WXR350","","PRIMAX 95","Billed","8.74","20.00","PSS KM 4 JALAN GAMBANG","","Standalone","","","31 Jan 2018"
"26/01/2018 11:15","Purchase","'70838153003496104","WXR350","","PRIMAX 95","Billed","21.84","50.00","PSS KM 4 JALAN GAMBANG","","Standalone","","","31 Jan 2018"
"26/01/2018 11:14","Reload","'70838153003496104","WXR350","","","Billed","","-80.00","PSS KM 4 JALAN GAMBANG","","Standalone","","","31 Jan 2018"
"24/01/2018 12:13","Purchase","'70838153003496104","WXR350","","PRIMAX 95","Billed","13.04","30.00","PSS JALAN LIM HOE LEK","","Standalone","","","31 Jan 2018"
"24/01/2018 12:11","Reload","'70838153003496104","WXR350","","","Billed","","-50.00","PSS JALAN LIM HOE LEK","","Standalone","","","31 Jan 2018"
"20/01/2018 18:34","Purchase","'70838153003496104","WXR350","","PRIMAX 95","Billed","21.74","50.00","PSS JAYA GADING","","Standalone","","","31 Jan 2018"
"20/01/2018 18:26","Reload","'70838153003496104","WXR350","","","Billed","","-50.00","PSS JAYA GADING","","Standalone","","","31 Jan 2018"
"18/01/2018 18:53","Purchase","'70838153003496104","WXR350","","PRIMAX 95","Billed","13.05","30.00","PSS JAYA GADING","","Standalone","","","31 Jan 2018"
"17/01/2018 20:47","Purchase","'70838153003496104","WXR350","","PRIMAX 95","Billed","46.06","104.10","PSS SENTUL","","Standalone","","","31 Jan 2018"
"17/01/2018 20:46","Reload","'70838153003496104","WXR350","","","Billed","","-150.00","PSS SENTUL","","Standalone","","","31 Jan 2018"
"15/01/2018 16:26","Purchase","'70838153003496104","WXR350","","PRIMAX 95","Billed","39.04","88.22","PSS JALAN HJ AHMAD KUANTAN","","Standalone","","","31 Jan 2018"
"15/01/2018 11:37","Purchase","'70838153003496104","WXR350","","PRIMAX 95","Billed","13.40","30.28","PSS KM 4 JALAN GAMBANG","","Standalone","","","31 Jan 2018"
"15/01/2018 11:36","Reload","'70838153003496104","WXR350","","","Billed","","-100.00","PSS KM 4 JALAN GAMBANG","","Standalone","","","31 Jan 2018"
"13/01/2018 08:12","Purchase","'70838153003496104","WXR350","","PRIMAX 95","Billed","26.59","60.10","PSS BDR UTAMA BATANG KALI","","Standalone","","","31 Jan 2018"
"12/01/2018 21:17","Purchase","'70838153003496104","WXR350","","PRIMAX 95","Billed","40.00","90.40","PSS KM 4 JALAN GAMBANG","","Standalone","","","31 Jan 2018"
"12/01/2018 21:13","Reload","'70838153003496104","WXR350","","","Billed","","-150.00","PSS KM 4 JALAN GAMBANG","","Standalone","","","31 Jan 2018"
"11/01/2018 08:25","Purchase","'70838153003496104","WXR350","","PRIMAX 95","Billed","35.84","81.00","PSS JALAN GOMBAK","","Standalone","","","31 Jan 2018"
"11/01/2018 08:23","Reload","'70838153003496104","WXR350","","","Billed","","-100.00","PSS JALAN GOMBAK","","Standalone","","","31 Jan 2018"
"09/01/2018 22:55","Purchase","'70838153003496104","WXR350","","PRIMAX 95","Billed","21.84","50.00","PSS KM 4 JALAN GAMBANG","","Standalone","","","31 Jan 2018"
"09/01/2018 22:53","Reload","'70838153003496104","WXR350","","","Billed","","-50.00","PSS KM 4 JALAN GAMBANG","","Standalone","","","31 Jan 2018"
"07/01/2018 22:56","Purchase","'70838153003496104","WXR350","","PRIMAX 95","Billed","2.78","6.37","PSS JALAN GAMBANG","","Standalone","","","31 Jan 2018"
"07/01/2018 17:49","Purchase","'70838153003496104","WXR350","","PRIMAX 95","Billed","48.97","112.15","PSS KL-KARAK","","Standalone","","","31 Jan 2018"
"07/01/2018 17:48","Reload","'70838153003496104","WXR350","","","Billed","","-100.00","PSS KL-KARAK","","Standalone","","","31 Jan 2018"
"05/01/2018 16:06","Purchase","'70838153003496104","WXR350","","PRIMAX 95","Billed","48.06","110.05","PSS KM 4 JALAN GAMBANG","","Standalone","","","31 Jan 2018"
"05/01/2018 16:05","Reload","'70838153003496104","WXR350","","","Billed","","-100.00","PSS KM 4 JALAN GAMBANG","","Standalone","","","31 Jan 2018"
"03/01/2018 18:45","Purchase","'70838153003496104","WXR350","","PRIMAX 95","Billed","22.13","50.00","PSS JAYA GADING","","Standalone","","","31 Jan 2018"
"03/01/2018 18:44","Reload","'70838153003496104","WXR350","","","Billed","","-50.00","PSS JAYA GADING","","Standalone","","","31 Jan 2018"