"Date Time","Transaction Type","Card Number","Vehicle Number","Driver Card Number","Product Type","Billing Type","Transaction Volume (Litres)","Transaction Amount (RM)","Station Name","Odometer","Card Type","Cost Centre","Cost Centre Name","Statement Month"
"31/01/2018 09:25","Purchase","'70838153003495676","WXR323","","PRIMAX 97","Billed","20.26","51.87","PSS KUALA KEDAH","","Standalone","","","31 Jan 2018"
"29/01/2018 08:09","Purchase","'70838153003495676","WXR323","","PRIMAX 95","Billed","21.96","50.29","PSS KUALA KEDAH","","Standalone","","","31 Jan 2018"
"29/01/2018 08:05","Reload","'70838153003495676","WXR323","","","Billed","","-100.00","PSS KUALA KEDAH","","Standalone","","","31 Jan 2018"
"27/01/2018 10:31","Purchase","'70838153003495676","WXR323","","PRIMAX 97","Billed","12.16","31.12","PSS TANDOP","","Standalone","","","31 Jan 2018"
"27/01/2018 10:29","Reload","'70838153003495676","WXR323","","","Billed","","-100.00","PSS TANDOP","","Standalone","","","31 Jan 2018"
"25/01/2018 13:17","Purchase","'70838153003495676","WXR323","","PRIMAX 95","Billed","30.18","69.10","PSS BATAS PAIP","","Standalone","","","31 Jan 2018"
"23/01/2018 11:00","Purchase","'70838153003495676","WXR323","","PRIMAX 95","Billed","25.28","58.14","PSS LENCONGAN BARAT (PG KUNDOR)","","Standalone","","","31 Jan 2018"
"23/01/2018 11:00","Purchase","'70838153003495676","WXR323","","PRIMAX 95","Un-billed","25.28","58.14","PSS LENCONGAN BARAT (PG KUNDOR)","","Standalone","","","Unbilled Transaction"
"20/01/2018 10:47","Purchase","'70838153003495676","WXR323","","PRIMAX 95","Billed","19.76","45.45","PSS LENCONGAN BARAT (PG KUNDOR)","50","Standalone","","","31 Jan 2018"
"19/01/2018 13:04","Reload","'70838153003495676","WXR323","","","Billed","","-100.00","PSS TANDOP","","Standalone","","","31 Jan 2018"
"18/01/2018 12:36","Purchase","'70838153003495676","WXR323","","PRIMAX 95","Billed","19.50","44.84","PSS KUALA KEDAH","50","Standalone","","","31 Jan 2018"
"17/01/2018 07:47","Purchase","'70838153003495676","WXR323","","PRIMAX 95","Billed","16.99","38.40","PSS LENCONGAN BARAT (PG KUNDOR)","50","Standalone","","","31 Jan 2018"
"15/01/2018 08:41","Reload","'70838153003495676","WXR323","","","Billed","","-200.00","PSS TANDOP","","Standalone","","","31 Jan 2018"
"14/01/2018 14:47","Purchase","'70838153003495676","WXR323","","PRIMAX 95","Billed","42.15","95.26","PSS KUALA KEDAH","50","Standalone","","","31 Jan 2018"
"12/01/2018 11:02","Purchase","'70838153003495676","WXR323","","PRIMAX 95","Billed","28.06","63.40","PSS LENCONGAN BARAT (PG KUNDOR)","50","Standalone","","","31 Jan 2018"
"12/01/2018 09:36","Reload","'70838153003495676","WXR323","","","Billed","","-200.00","PSS TANDOP","","Standalone","","","31 Jan 2018"
"09/01/2018 14:46","Purchase","'70838153003495676","WXR323","","PRIMAX 95","Billed","19.65","45.00","PSS BATAS PAIP","50","Standalone","","","31 Jan 2018"
"08/01/2018 16:02","Reload","'70838153003495676","WXR323","","","Billed","","-50.00","PSS TANDOP","","Standalone","","","31 Jan 2018"
"05/01/2018 20:18","Purchase","'70838153003495676","WXR323","","PRIMAX 95","Billed","17.47","40.00","PSS TANDOP","50","Standalone","","","31 Jan 2018"
"05/01/2018 20:17","Reload","'70838153003495676","WXR323","","","Billed","","-50.00","PSS TANDOP","","Standalone","","","31 Jan 2018"
"03/01/2018 07:59","Purchase","'70838153003495676","WXR323","","PRIMAX 95","Billed","17.70","40.00","PSS TANDOP","40","Standalone","","","31 Jan 2018"
"03/01/2018 07:57","Reload","'70838153003495676","WXR323","","","Billed","","-50.00","PSS TANDOP","","Standalone","","","31 Jan 2018"