"Date Time","Transaction Type","Card Number","Vehicle Number","Driver Card Number","Product Type","Billing Type","Transaction Volume (Litres)","Transaction Amount (RM)","Station Name","Odometer","Card Type","Cost Centre","Cost Centre Name","Statement Month"
"31/01/2018 10:49","Purchase","'70838153003424148","WXR300","","PRIMAX 95","Billed","8.74","20.00","PSS BATU FERINGGI","","Standalone","","","31 Jan 2018"
"31/01/2018 10:48","Reload","'70838153003424148","WXR300","","","Billed","","-30.00","PSS BATU FERINGGI","","Standalone","","","31 Jan 2018"
"21/01/2018 08:49","Purchase","'70838153003424148","WXR300","","PRIMAX 95","Billed","13.05","30.00","PSS BATU FERINGGI","","Standalone","","","31 Jan 2018"
"21/01/2018 08:46","Reload","'70838153003424148","WXR300","","","Billed","","-30.00","PSS BATU FERINGGI","","Standalone","","","31 Jan 2018"
"20/01/2018 09:02","Purchase","'70838153003424148","WXR300","","PRIMAX 95","Billed","21.74","50.00","PSS BATU FERINGGI","","Standalone","","","31 Jan 2018"
"19/01/2018 20:01","Reload","'70838153003424148","WXR300","","","Billed","","-64.00","PSS BATU FERINGGI","","Standalone","","","31 Jan 2018"
"18/01/2018 20:42","Purchase","'70838153003424148","WXR300","","PRIMAX 95","Billed","8.70","20.00","PSS BATU FERINGGI","","Standalone","","","31 Jan 2018"
"18/01/2018 09:36","Purchase","'70838153003424148","WXR300","","PRIMAX 95","Billed","8.70","20.00","PSS BATU FERINGGI","","Standalone","","","31 Jan 2018"
"18/01/2018 09:35","Reload","'70838153003424148","WXR300","","","Billed","","-30.00","PSS BATU FERINGGI","","Standalone","","","31 Jan 2018"
"17/01/2018 09:04","Purchase","'70838153003424148","WXR300","","PRIMAX 95","Billed","13.28","30.00","PSS TANJONG TOKONG","","Standalone","","","31 Jan 2018"
"16/01/2018 13:37","Purchase","'70838153003424148","WXR300","","PRIMAX 95","Billed","8.85","20.00","PSS BATU FERINGGI","","Standalone","","","31 Jan 2018"
"16/01/2018 13:36","Reload","'70838153003424148","WXR300","","","Billed","","-40.00","PSS BATU FERINGGI","","Standalone","","","31 Jan 2018"
"12/01/2018 19:17","Purchase","'70838153003424148","WXR300","","PRIMAX 95","Billed","8.85","20.00","PSS BATU FERINGGI","","Standalone","","","31 Jan 2018"
"12/01/2018 19:16","Reload","'70838153003424148","WXR300","","","Billed","","-30.00","PSS BATU FERINGGI","","Standalone","","","31 Jan 2018"
"09/01/2018 17:20","Purchase","'70838153003424148","WXR300","","PRIMAX 95","Billed","8.74","20.00","PSS BATU FERINGGI","","Standalone","","","31 Jan 2018"
"09/01/2018 09:26","Purchase","'70838153003424148","WXR300","","PRIMAX 95","Billed","8.74","20.00","PSS BATU FERINGGI","","Standalone","","","31 Jan 2018"
"09/01/2018 09:25","Reload","'70838153003424148","WXR300","","","Billed","","-30.00","PSS BATU FERINGGI","","Standalone","","","31 Jan 2018"
"08/01/2018 10:15","Purchase","'70838153003424148","WXR300","","PRIMAX 95","Billed","8.74","20.00","PSS BATU FERINGGI","","Standalone","","","31 Jan 2018"
"07/01/2018 10:11","Purchase","'70838153003424148","WXR300","","PRIMAX 95","Billed","8.74","20.00","PSS BATU FERINGGI","","Standalone","","","31 Jan 2018"
"07/01/2018 10:06","Reload","'70838153003424148","WXR300","","","Billed","","-30.00","PSS BATU FERINGGI","","Standalone","","","31 Jan 2018"
"04/01/2018 17:19","Purchase","'70838153003424148","WXR300","","PRIMAX 95","Billed","8.74","20.00","PSS BATU FERINGGI","","Standalone","","","31 Jan 2018"
"04/01/2018 17:17","Reload","'70838153003424148","WXR300","","","Billed","","-50.00","PSS BATU FERINGGI","","Standalone","","","31 Jan 2018"
"04/01/2018 08:53","Purchase","'70838153003424148","WXR300","","PRIMAX 95","Billed","8.74","20.00","PSS BATU FERINGGI","","Standalone","","","31 Jan 2018"