"Date Time","Transaction Type","Card Number","Vehicle Number","Driver Card Number","Product Type","Billing Type","Transaction Volume (Litres)","Transaction Amount (RM)","Station Name","Odometer","Card Type","Cost Centre","Cost Centre Name","Statement Month"
"31/01/2018 10:43","Purchase","'70838153003498696","WXR437","","PRIMAX 95","Billed","13.10","30.00","PSS JALAN PLUMBUM","","Standalone","","","31 Jan 2018"
"31/01/2018 10:41","Reload","'70838153003498696","WXR437","","","Billed","","-30.00","PSS JALAN PLUMBUM","","Standalone","","","31 Jan 2018"
"30/01/2018 11:31","Purchase","'70838153003498696","WXR437","","PRIMAX 95","Billed","17.47","40.00","PSS KM 12.3 LEBUHRAYA PERSEKUTUAN","","Standalone","","","31 Jan 2018"
"30/01/2018 11:30","Reload","'70838153003498696","WXR437","","","Billed","","-40.00","PSS KM 12.3 LEBUHRAYA PERSEKUTUAN","","Standalone","","","31 Jan 2018"
"29/01/2018 11:46","Purchase","'70838153003498696","WXR437","","PRIMAX 95","Billed","21.83","50.00","PSS AMPANGAN 2","","Standalone","","","31 Jan 2018"
"29/01/2018 11:44","Reload","'70838153003498696","WXR437","","","Billed","","-50.00","PSS AMPANGAN 2","","Standalone","","","31 Jan 2018"
"28/01/2018 14:35","Purchase","'70838153003498696","WXR437","","PRIMAX 95","Billed","8.74","20.00","PSS KUANG","","Standalone","","","31 Jan 2018"
"28/01/2018 14:34","Reload","'70838153003498696","WXR437","'70838153003498696","","Billed","","-10.00","PSS KUANG","","Standalone","","","31 Jan 2018"
"27/01/2018 15:10","Purchase","'70838153003498696","WXR437","","PRIMAX 95","Billed","17.47","40.00","PSS SEK 7 SHAH ALAM","","Standalone","","","31 Jan 2018"
"27/01/2018 15:09","Reload","'70838153003498696","WXR437","","","Billed","","-50.00","PSS SEK 7 SHAH ALAM","","Standalone","","","31 Jan 2018"
"26/01/2018 11:50","Purchase","'70838153003498696","WXR437","","PRIMAX 95","Billed","17.47","40.00","PSS PUTRA HEIGHT","","Standalone","","","31 Jan 2018"
"26/01/2018 11:49","Reload","'70838153003498696","WXR437","","","Billed","","-40.00","PSS PUTRA HEIGHT","","Standalone","","","31 Jan 2018"
"25/01/2018 07:35","Purchase","'70838153003498696","WXR437","","PRIMAX 95","Billed","21.84","50.00","PSS BATU 3 FEDERAL HIGHWAY","","Standalone","","","31 Jan 2018"
"25/01/2018 07:34","Reload","'70838153003498696","WXR437","","","Billed","","-50.00","PSS BATU 3 FEDERAL HIGHWAY","","Standalone","","","31 Jan 2018"
"24/01/2018 00:19","Purchase","'70838153003498696","WXR437","","PRIMAX 95","Billed","21.74","50.00","PSS KLIA 1","","Standalone","","","31 Jan 2018"
"24/01/2018 00:17","Reload","'70838153003498696","WXR437","","","Billed","","-50.00","PSS KLIA 1","","Standalone","","","31 Jan 2018"
"23/01/2018 10:33","Purchase","'70838153003498696","WXR437","","PRIMAX 95","Billed","17.39","40.00","PSS JALAN 20/1 SEKSYEN 20","","Standalone","","","31 Jan 2018"
"23/01/2018 10:31","Reload","'70838153003498696","WXR437","","","Billed","","-40.00","PSS JALAN 20/1 SEKSYEN 20","","Standalone","","","31 Jan 2018"
"22/01/2018 12:25","Purchase","'70838153003498696","WXR437","","PRIMAX 95","Billed","17.39","40.00","PSS SEKSYEN 13","","Standalone","","","31 Jan 2018"
"22/01/2018 12:23","Reload","'70838153003498696","WXR437","","","Billed","","-40.00","PSS SEKSYEN 13","","Standalone","","","31 Jan 2018"
"20/01/2018 14:31","Purchase","'70838153003498696","WXR437","","PRIMAX 95","Billed","17.39","40.00","PSS BUKIT JELUTONG RESIDENTIAL","","Standalone","","","31 Jan 2018"
"20/01/2018 14:29","Reload","'70838153003498696","WXR437","","","Billed","","-40.00","PSS BUKIT JELUTONG RESIDENTIAL","","Standalone","","","31 Jan 2018"
"19/01/2018 08:43","Purchase","'70838153003498696","WXR437","","PRIMAX 95","Billed","13.04","30.00","PSS PUTRA HEIGHT 2","","Standalone","","","31 Jan 2018"
"19/01/2018 08:42","Reload","'70838153003498696","WXR437","","","Billed","","-30.00","PSS PUTRA HEIGHT 2","","Standalone","","","31 Jan 2018"
"18/01/2018 11:55","Purchase","'70838153003498696","WXR437","","PRIMAX 95","Billed","21.74","50.00","PSS BATU 3 FEDERAL HIGHWAY","","Standalone","","","31 Jan 2018"
"18/01/2018 11:54","Reload","'70838153003498696","WXR437","","","Billed","","-50.00","PSS BATU 3 FEDERAL HIGHWAY","","Standalone","","","31 Jan 2018"
"17/01/2018 11:05","Purchase","'70838153003498696","WXR437","","PRIMAX 95","Billed","13.27","30.00","PSS FAS","","Standalone","","","31 Jan 2018"
"17/01/2018 11:04","Reload","'70838153003498696","WXR437","","","Billed","","-30.00","PSS FAS","","Standalone","","","31 Jan 2018"
"16/01/2018 13:32","Purchase","'70838153003498696","WXR437","","PRIMAX 95","Billed","17.70","40.00","PSS JALAN PLUMBUM","","Standalone","","","31 Jan 2018"
"16/01/2018 13:30","Reload","'70838153003498696","WXR437","","","Billed","","-40.00","PSS JALAN PLUMBUM","","Standalone","","","31 Jan 2018"
"15/01/2018 18:26","Purchase","'70838153003498696","WXR437","","PRIMAX 95","Billed","17.70","40.00","PSS GLENMARIE TTDI JAYA","","Standalone","","","31 Jan 2018"
"15/01/2018 18:20","Reload","'70838153003498696","WXR437","","","Billed","","-40.00","PSS GLENMARIE TTDI JAYA","","Standalone","","","31 Jan 2018"
"14/01/2018 17:56","Purchase","'70838153003498696","WXR437","","PRIMAX 95","Billed","17.70","40.00","PSS SEK 7 SHAH ALAM","","Standalone","","","31 Jan 2018"
"14/01/2018 17:55","Reload","'70838153003498696","WXR437","","","Billed","","-40.00","PSS SEK 7 SHAH ALAM","","Standalone","","","31 Jan 2018"
"13/01/2018 12:22","Purchase","'70838153003498696","WXR437","","PRIMAX 95","Billed","13.27","30.00","PSS PUCHONG BT 14","","Standalone","","","31 Jan 2018"
"13/01/2018 12:20","Reload","'70838153003498696","WXR437","","","Billed","","-30.00","PSS PUCHONG BT 14","","Standalone","","","31 Jan 2018"
"12/01/2018 11:52","Purchase","'70838153003498696","WXR437","","PRIMAX 95","Billed","17.70","40.00","PSS EAST-WEST LINK","","Standalone","","","31 Jan 2018"
"12/01/2018 11:51","Reload","'70838153003498696","WXR437","","","Billed","","-40.00","PSS EAST-WEST LINK","","Standalone","","","31 Jan 2018"
"11/01/2018 16:57","Purchase","'70838153003498696","WXR437","","PRIMAX 95","Billed","17.70","40.00","PSS SEK 7 SHAH ALAM","","Standalone","","","31 Jan 2018"
"11/01/2018 16:56","Reload","'70838153003498696","WXR437","","","Billed","","-40.00","PSS SEK 7 SHAH ALAM","","Standalone","","","31 Jan 2018"
"10/01/2018 16:38","Purchase","'70838153003498696","WXR437","","PRIMAX 95","Billed","17.47","40.00","PSS SEK 7 SHAH ALAM","","Standalone","","","31 Jan 2018"
"10/01/2018 16:36","Reload","'70838153003498696","WXR437","","","Billed","","-40.00","PSS SEK 7 SHAH ALAM","","Standalone","","","31 Jan 2018"
"09/01/2018 11:33","Purchase","'70838153003498696","WXR437","","PRIMAX 95","Billed","26.20","60.00","PSS BATU 3 FEDERAL HIGHWAY","","Standalone","","","31 Jan 2018"
"09/01/2018 11:30","Reload","'70838153003498696","WXR437","","","Billed","","-60.00","PSS BATU 3 FEDERAL HIGHWAY","","Standalone","","","31 Jan 2018"