"Date Time","Transaction Type","Card Number","Vehicle Number","Driver Card Number","Product Type","Billing Type","Transaction Volume (Litres)","Transaction Amount (RM)","Station Name","Odometer","Card Type","Cost Centre","Cost Centre Name","Statement Month"
"31/01/2018 21:00","Purchase","'70838153003499231","WXR451","","PRIMAX 95","Billed","26.20","60.00","PSS BUKIT TINGGI 2","","Standalone","","","31 Jan 2018"
"31/01/2018 20:56","Purchase","'70838153003499231","WXR451","","PRIMAX 95","Billed","26.20","60.00","PSS BUKIT TINGGI 2","","Standalone","","","31 Jan 2018"
"31/01/2018 20:54","Reload","'70838153003499231","WXR451","","","Billed","","-120.00","PSS BUKIT TINGGI 2","","Standalone","","","31 Jan 2018"
"30/01/2018 14:27","Purchase","'70838153003499231","WXR451","","PRIMAX 95","Billed","4.24","9.71","PSS ANY JALAN KIM CHUAN","","Standalone","","","31 Jan 2018"
"26/01/2018 10:45","Purchase","'70838153003499231","WXR451","","PRIMAX 95","Billed","30.57","70.00","PSS ANY JALAN KIM CHUAN","","Standalone","","","31 Jan 2018"
"26/01/2018 10:44","Reload","'70838153003499231","WXR451","","","Billed","","-70.00","PSS ANY JALAN KIM CHUAN","","Standalone","","","31 Jan 2018"
"24/01/2018 09:52","Purchase","'70838153003499231","WXR451","","PRIMAX 95","Billed","31.63","72.75","PSS ANY JALAN KIM CHUAN","","Standalone","","","31 Jan 2018"
"24/01/2018 09:50","Reload","'70838153003499231","WXR451","","","Billed","","-60.00","PSS ANY JALAN KIM CHUAN","","Standalone","","","31 Jan 2018"
"17/01/2018 21:39","Purchase","'70838153003499231","WXR451","","PRIMAX 95","Billed","26.56","60.02","PSS BUKIT TINGGI 2","","Standalone","","","31 Jan 2018"
"17/01/2018 21:36","Purchase","'70838153003499231","WXR451","","PRIMAX 95","Billed","15.49","35.00","PSS BUKIT TINGGI 2","","Standalone","","","31 Jan 2018"
"17/01/2018 21:34","Reload","'70838153003499231","WXR451","","","Billed","","-100.00","PSS BUKIT TINGGI 2","","Standalone","","","31 Jan 2018"
"13/01/2018 17:56","Purchase","'70838153003499231","WXR451","","PRIMAX 95","Billed","36.39","82.25","PSS ANY JALAN KIM CHUAN","","Standalone","","","31 Jan 2018"
"13/01/2018 17:55","Reload","'70838153003499231","WXR451","","","Billed","","-100.00","PSS ANY JALAN KIM CHUAN","","Standalone","","","31 Jan 2018"
"13/01/2018 12:23","Purchase","'70838153003499231","WXR451","","PRIMAX 95","Billed","30.98","70.00","PSS PEKAN PANDAMARAN","","Standalone","","","31 Jan 2018"
"13/01/2018 12:22","Reload","'70838153003499231","WXR451","","","Billed","","-70.00","PSS PEKAN PANDAMARAN","","Standalone","","","31 Jan 2018"
"09/01/2018 10:19","Purchase","'70838153003499231","WXR451","","PRIMAX 95","Billed","32.83","75.18","PSS ANY JALAN KIM CHUAN","","Standalone","","","31 Jan 2018"
"09/01/2018 10:17","Reload","'70838153003499231","WXR451","","","Billed","","-60.00","PSS ANY JALAN KIM CHUAN","","Standalone","","","31 Jan 2018"
"08/01/2018 08:31","Purchase","'70838153003499231","WXR451","","PRIMAX 95","Billed","13.10","30.00","PSS ANY JALAN KIM CHUAN","","Standalone","","","31 Jan 2018"
"03/01/2018 21:23","Purchase","'70838153003499231","WXR451","","PRIMAX 95","Billed","22.12","50.00","PSS ANY JALAN KIM CHUAN","","Standalone","","","31 Jan 2018"
"03/01/2018 21:22","Purchase","'70838153003499231","WXR451","","PRIMAX 95","Billed","30.97","70.00","PSS ANY JALAN KIM CHUAN","","Standalone","","","31 Jan 2018"
"03/01/2018 21:20","Reload","'70838153003499231","WXR451","","","Billed","","-150.00","PSS ANY JALAN KIM CHUAN","","Standalone","","","31 Jan 2018"
"01/01/2018 11:57","Purchase","'70838153003499231","WXR451","","PRIMAX 95","Billed","30.09","68.00","PSS BUKIT TINGGI 2","","Standalone","","","31 Jan 2018"
"01/01/2018 11:44","Reload","'70838153003499231","WXR451","","","Billed","","-50.00","PSS BUKIT TINGGI 2","","Standalone","","","31 Jan 2018"