"Date Time","Transaction Type","Card Number","Vehicle Number","Driver Card Number","Product Type","Billing Type","Transaction Volume (Litres)","Transaction Amount (RM)","Station Name","Odometer","Card Type","Cost Centre","Cost Centre Name","Statement Month"
"31/01/2018 18:19","Purchase","'70838153003498258","WXR425","","PRIMAX 95","Un-billed","20.97","48.01","PSS KUALA SELANGOR","95","Standalone","","","Unbilled Transaction"
"31/01/2018 18:18","Reload","'70838153003498258","WXR425","","","Un-billed","","-50.00","PSS KUALA SELANGOR","","Standalone","","","Unbilled Transaction"
"25/01/2018 10:50","Purchase","'70838153003498258","WXR425","","PRIMAX 95","Billed","10.04","23.00","PSS KUALA SELANGOR","95","Standalone","","","31 Jan 2018"
"25/01/2018 10:49","Reload","'70838153003498258","WXR425","","","Billed","","-25.00","PSS KUALA SELANGOR","","Standalone","","","31 Jan 2018"
"23/01/2018 10:02","Purchase","'70838153003498258","WXR425","","PRIMAX 95","Billed","10.00","23.00","PSS TANJUNG KARANG 2","95","Standalone","","","31 Jan 2018"
"22/01/2018 22:04","Purchase","'70838153003498258","WXR425","","PRIMAX 95","Billed","10.00","23.00","PSS KUALA SELANGOR","95","Standalone","","","31 Jan 2018"
"22/01/2018 22:01","Reload","'70838153003498258","WXR425","","","Billed","","-25.00","PSS KUALA SELANGOR","","Standalone","","","31 Jan 2018"
"19/01/2018 22:09","Purchase","'70838153003498258","WXR425","","PRIMAX 95","Billed","10.00","23.00","PSS KUALA SELANGOR","95","Standalone","","","31 Jan 2018"
"19/01/2018 22:07","Reload","'70838153003498258","WXR425","","","Billed","","-25.00","PSS KUALA SELANGOR","","Standalone","","","31 Jan 2018"
"17/01/2018 18:38","Purchase","'70838153003498258","WXR425","","PRIMAX 95","Billed","22.12","50.00","PSS KUALA SELANGOR","95","Standalone","","","31 Jan 2018"
"16/01/2018 12:38","Reload","'70838153003498258","WXR425","","","Billed","","-50.00","PSS TANJUNG KARANG 2","","Standalone","","","31 Jan 2018"
"15/01/2018 10:07","Purchase","'70838153003498258","WXR425","","PRIMAX 95","Billed","15.49","35.00","PSS KUALA SELANGOR","95","Standalone","","","31 Jan 2018"
"13/01/2018 17:46","Reload","'70838153003498258","WXR425","","","Billed","","-20.00","PSS KUALA SELANGOR","","Standalone","","","31 Jan 2018"
"12/01/2018 15:46","Reload","'70838153003498258","WXR425","","","Billed","","-30.00","PSS KUALA SELANGOR","","Standalone","","","31 Jan 2018"
"11/01/2018 07:28","Purchase","'70838153003498258","WXR425","","PRIMAX 95","Billed","22.21","50.19","PSS KUALA SELANGOR","95","Standalone","","","31 Jan 2018"
"09/01/2018 21:06","Reload","'70838153003498258","WXR425","","","Billed","","-30.00","PSS TANJUNG KARANG 2","","Standalone","","","31 Jan 2018"
"06/01/2018 22:59","Purchase","'70838153003498258","WXR425","","PRIMAX 95","Billed","21.84","50.00","PSS SUNGAI SEMBILANG","95","Standalone","","","31 Jan 2018"
"06/01/2018 22:58","Reload","'70838153003498258","WXR425","","","Billed","","-50.00","PSS SUNGAI SEMBILANG","","Standalone","","","31 Jan 2018"
"06/01/2018 18:21","Purchase","'70838153003498258","WXR425","","PRIMAX 95","Billed","6.96","15.93","PSS KUALA SELANGOR","95","Standalone","","","31 Jan 2018"
"06/01/2018 11:23","Reload","'70838153003498258","WXR425","","","Billed","","-30.00","PSS KUALA SELANGOR","","Standalone","","","31 Jan 2018"
"03/01/2018 21:08","Purchase","'70838153003498258","WXR425","","PRIMAX 95","Billed","17.70","40.00","PSS KUALA SELANGOR","95","Standalone","","","31 Jan 2018"
"03/01/2018 09:52","Reload","'70838153003498258","WXR425","","","Billed","","-20.00","PSS KUALA SELANGOR","","Standalone","","","31 Jan 2018"