"Date Time","Transaction Type","Card Number","Vehicle Number","Driver Card Number","Product Type","Billing Type","Transaction Volume (Litres)","Transaction Amount (RM)","Station Name","Odometer","Card Type","Cost Centre","Cost Centre Name","Statement Month"
"28/01/2018 13:33","Purchase","'70838153003424635","WXR49","","PRIMAX 95","Billed","20.09","46.00","PSS ALOR MERAH","65029","Standalone","","","31 Jan 2018"
"27/01/2018 21:35","Reload","'70838153003424635","WXR49","","","Billed","","-100.00","PSS JLN TANJONG BENDAHARA","","Standalone","","","31 Jan 2018"
"25/01/2018 17:52","Purchase","'70838153003424635","WXR49","","PRIMAX 95","Billed","7.58","17.36","PSS JLN KELAB CINTA SAYANG","64525","Standalone","","","31 Jan 2018"
"21/01/2018 16:35","Purchase","'70838153003424635","WXR49","","PRIMAX 95","Billed","20.00","46.00","PSS TAMAN PAUH","64501","Standalone","","","31 Jan 2018"
"21/01/2018 16:34","Reload","'70838153003424635","WXR49","","","Billed","","-50.00","PSS TAMAN PAUH","","Standalone","","","31 Jan 2018"
"19/01/2018 18:41","Purchase","'70838153003424635","WXR49","","PRIMAX 95","Billed","20.00","46.00","PSS LAGUNA MERBUK","64190","Standalone","","","31 Jan 2018"
"19/01/2018 18:40","Reload","'70838153003424635","WXR49","","","Billed","","-50.00","PSS LAGUNA MERBUK","","Standalone","","","31 Jan 2018"
"17/01/2018 20:01","Purchase","'70838153003424635","WXR49","","PRIMAX 95","Billed","20.35","46.00","PSS SUNGAI JAGUNG","63904","Standalone","","","31 Jan 2018"
"16/01/2018 12:31","Purchase","'70838153003424635","WXR49","","PRIMAX 95","Billed","20.36","46.00","PSS JLN TANJONG BENDAHARA","63612","Standalone","","","31 Jan 2018"
"16/01/2018 12:29","Reload","'70838153003424635","WXR49","","","Billed","","-100.00","PSS JLN TANJONG BENDAHARA","","Standalone","","","31 Jan 2018"
"13/01/2018 16:07","Purchase","'70838153003424635","WXR49","","PRIMAX 95","Billed","20.36","46.00","PSS JLN TANJONG BENDAHARA","63215","Standalone","","","31 Jan 2018"
"05/01/2018 14:28","Purchase","'70838153003424635","WXR49","","PRIMAX 95","Billed","20.09","46.00","PSS LAGUNA MERBUK","63000","Standalone","","","31 Jan 2018"
"05/01/2018 14:26","Reload","'70838153003424635","WXR49","","","Billed","","-60.00","PSS LAGUNA MERBUK","","Standalone","","","31 Jan 2018"