"Date Time","Transaction Type","Card Number","Vehicle Number","Driver Card Number","Product Type","Billing Type","Transaction Volume (Litres)","Transaction Amount (RM)","Station Name","Odometer","Card Type","Cost Centre","Cost Centre Name","Statement Month"
"31/01/2018 20:09","Purchase","'70838153003498266","WXR426","","PRIMAX 95","Billed","18.24","41.76","PSS SEKSYEN 16 BANDAR BARU BANGI","","Standalone","","","31 Jan 2018"
"27/01/2018 14:05","Purchase","'70838153003498266","WXR426","","PRIMAX 95","Billed","20.19","46.22","PSS SENAWANG 2","","Standalone","","","31 Jan 2018"
"27/01/2018 11:53","Purchase","'70838153003498266","WXR426","","PRIMAX 95","Billed","4.37","10.00","PSS REMBAU","","Standalone","","","31 Jan 2018"
"26/01/2018 12:09","Reload","'70838153003498266","WXR426","","","Billed","","-100.00","PSS UNIKEB BANGI","","Standalone","","","31 Jan 2018"
"18/01/2018 11:14","Purchase","'70838153003498266","WXR426","","PRIMAX 95","Billed","13.05","30.00","PSS SECT 15 BB BANGI","30","Standalone","","","31 Jan 2018"
"18/01/2018 11:12","Reload","'70838153003498266","WXR426","","","Billed","","-30.00","PSS SECT 15 BB BANGI","","Standalone","","","31 Jan 2018"
"04/01/2018 07:44","Purchase","'70838153003498266","WXR426","","PRIMAX 95","Billed","13.10","30.00","PSS SEK 3 BANDAR BARU BANGI","","Standalone","","","31 Jan 2018"
"04/01/2018 07:42","Reload","'70838153003498266","WXR426","","","Billed","","-30.00","PSS SEK 3 BANDAR BARU BANGI","","Standalone","","","31 Jan 2018"