"Date Time","Transaction Type","Card Number","Vehicle Number","Driver Card Number","Product Type","Billing Type","Transaction Volume (Litres)","Transaction Amount (RM)","Station Name","Odometer","Card Type","Cost Centre","Cost Centre Name","Statement Month"
"26/01/2018 13:30","Purchase","'70838153003498217","WXR421","","PRIMAX 95","Billed","4.37","10.00","PSS AULONG","","Standalone","","","31 Jan 2018"
"22/01/2018 11:46","Purchase","'70838153003498217","WXR421","","PRIMAX 95","Billed","13.05","30.00","PSS AULONG","","Standalone","","","31 Jan 2018"
"21/01/2018 11:29","Purchase","'70838153003498217","WXR421","","PRIMAX 95","Billed","13.05","30.00","PSS AULONG","","Standalone","","","31 Jan 2018"
"21/01/2018 11:27","Reload","'70838153003498217","WXR421","","","Billed","","-50.00","PSS AULONG","","Standalone","","","31 Jan 2018"
"19/01/2018 17:14","Purchase","'70838153003498217","WXR421","","PRIMAX 95","Billed","13.05","30.00","PSS AULONG","","Standalone","","","31 Jan 2018"
"19/01/2018 17:13","Reload","'70838153003498217","WXR421","","","Billed","","-50.00","PSS AULONG","","Standalone","","","31 Jan 2018"
"17/01/2018 21:46","Purchase","'70838153003498217","WXR421","","PRIMAX 95","Billed","8.85","20.00","PSS AULONG","","Standalone","","","31 Jan 2018"
"12/01/2018 17:39","Purchase","'70838153003498217","WXR421","","PRIMAX 95","Billed","13.28","30.00","PSS AULONG","","Standalone","","","31 Jan 2018"
"12/01/2018 12:17","Reload","'70838153003498217","WXR421","","","Billed","","-50.00","PSS AULONG","","Standalone","","","31 Jan 2018"