"Date Time","Transaction Type","Card Number","Vehicle Number","Driver Card Number","Product Type","Billing Type","Transaction Volume (Litres)","Transaction Amount (RM)","Station Name","Odometer","Card Type","Cost Centre","Cost Centre Name","Statement Month"
"29/01/2018 18:02","Purchase","'70838153003496617","WXR568","","PRIMAX 97","Billed","23.44","60.00","PSS BATU FERINGGI","","Standalone","","","31 Jan 2018"
"29/01/2018 17:57","Reload","'70838153003496617","WXR568","","","Billed","","-70.00","PSS BATU FERINGGI","","Standalone","","","31 Jan 2018"
"28/01/2018 10:24","Purchase","'70838153003496617","WXR568","","PRIMAX 97","Billed","19.53","50.00","PSS BATU FERINGGI","","Standalone","","","31 Jan 2018"
"28/01/2018 10:22","Reload","'70838153003496617","WXR568","","","Billed","","-50.00","PSS BATU FERINGGI","","Standalone","","","31 Jan 2018"
"27/01/2018 08:56","Purchase","'70838153003496617","WXR568","","PRIMAX 97","Billed","15.63","40.00","PSS BATU FERINGGI","","Standalone","","","31 Jan 2018"
"26/01/2018 10:03","Reload","'70838153003496617","WXR568","","","Billed","","-50.00","PSS BATU FERINGGI","","Standalone","","","31 Jan 2018"