"Date Time","Transaction Type","Card Number","Vehicle Number","Driver Card Number","Product Type","Billing Type","Transaction Volume (Litres)","Transaction Amount (RM)","Station Name","Odometer","Card Type","Cost Centre","Cost Centre Name","Statement Month"
"29/01/2018 12:16","Purchase","'70838153003496773","WXR571","","PRIMAX 95","Billed","26.20","60.00","PSS BATU FERINGGI","","Standalone","","","31 Jan 2018"
"29/01/2018 12:15","Reload","'70838153003496773","WXR571","","","Billed","","-50.00","PSS BATU FERINGGI","","Standalone","","","31 Jan 2018"
"27/01/2018 13:17","Purchase","'70838153003496773","WXR571","","PRIMAX 95","Billed","17.47","40.00","PSS BATU FERINGGI","","Standalone","","","31 Jan 2018"
"27/01/2018 13:16","Reload","'70838153003496773","WXR571","","","Billed","","-50.00","PSS BATU FERINGGI","","Standalone","","","31 Jan 2018"
"25/01/2018 08:45","Purchase","'70838153003496773","WXR571","","PRIMAX 95","Billed","30.57","70.00","PSS BATU FERINGGI","","Standalone","","","31 Jan 2018"
"25/01/2018 08:44","Reload","'70838153003496773","WXR571","","","Billed","","-50.00","PSS BATU FERINGGI","","Standalone","","","31 Jan 2018"
"23/01/2018 08:52","Purchase","'70838153003496773","WXR571","","PRIMAX 95","Billed","30.44","70.00","PSS TANJONG TOKONG","","Standalone","","","31 Jan 2018"
"23/01/2018 08:51","Reload","'70838153003496773","WXR571","","","Billed","","-60.00","PSS TANJONG TOKONG","","Standalone","","","31 Jan 2018"
"20/01/2018 15:48","Purchase","'70838153003496773","WXR571","","PRIMAX 95","Billed","26.09","60.00","PSS BATU FERINGGI","","Standalone","","","31 Jan 2018"
"20/01/2018 15:46","Reload","'70838153003496773","WXR571","","","Billed","","-60.00","PSS BATU FERINGGI","","Standalone","","","31 Jan 2018"
"18/01/2018 21:08","Purchase","'70838153003496773","WXR571","","PRIMAX 95","Billed","26.09","60.00","PSS KULIM SQUARE","","Standalone","","","31 Jan 2018"
"18/01/2018 21:07","Reload","'70838153003496773","WXR571","","","Billed","","-60.00","PSS KULIM SQUARE","","Standalone","","","31 Jan 2018"
"16/01/2018 09:26","Purchase","'70838153003496773","WXR571","","PRIMAX 95","Billed","26.55","60.00","PSS BATU FERINGGI","","Standalone","","","31 Jan 2018"
"16/01/2018 09:25","Reload","'70838153003496773","WXR571","","","Billed","","-100.00","PSS BATU FERINGGI","","Standalone","","","31 Jan 2018"
"14/01/2018 09:44","Purchase","'70838153003496773","WXR571","","PRIMAX 95","Billed","13.28","30.00","PSS BATU FERINGGI","","Standalone","","","31 Jan 2018"
"13/01/2018 08:25","Purchase","'70838153003496773","WXR571","","PRIMAX 95","Billed","22.13","50.00","PSS BATU FERINGGI","","Standalone","","","31 Jan 2018"
"13/01/2018 08:23","Reload","'70838153003496773","WXR571","","","Billed","","-50.00","PSS BATU FERINGGI","","Standalone","","","31 Jan 2018"
"11/01/2018 11:26","Purchase","'70838153003496773","WXR571","","PRIMAX 95","Billed","22.13","50.00","PSS BATU FERINGGI","","Standalone","","","31 Jan 2018"
"08/01/2018 14:32","Purchase","'70838153003496773","WXR571","","PRIMAX 95","Billed","26.20","60.00","PSS BATU FERINGGI","","Standalone","","","31 Jan 2018"
"08/01/2018 14:31","Reload","'70838153003496773","WXR571","","","Billed","","-50.00","PSS BATU FERINGGI","","Standalone","","","31 Jan 2018"
"08/01/2018 14:31","Reload","'70838153003496773","WXR571","","","Billed","","-50.00","PSS BATU FERINGGI","","Standalone","","","31 Jan 2018"
"05/01/2018 17:22","Purchase","'70838153003496773","WXR571","","PRIMAX 95","Billed","26.20","60.00","PSS TANJONG TOKONG","60","Standalone","","","31 Jan 2018"
"05/01/2018 17:20","Reload","'70838153003496773","WXR571","","","Billed","","-50.00","PSS TANJONG TOKONG","","Standalone","","","31 Jan 2018"
"03/01/2018 18:19","Purchase","'70838153003496773","WXR571","","PRIMAX 95","Billed","26.55","60.00","PSS BATU FERINGGI","","Standalone","","","31 Jan 2018"
"03/01/2018 18:15","Reload","'70838153003496773","WXR571","","","Billed","","-100.00","PSS BATU FERINGGI","","Standalone","","","31 Jan 2018"
"02/01/2018 20:39","Purchase","'70838153003496773","WXR571","","PRIMAX 95","Billed","8.85","20.00","PSS KULIM SQUARE","","Standalone","","","31 Jan 2018"
"02/01/2018 19:19","Purchase","'70838153003496773","WXR571","","PRIMAX 95","Billed","8.85","20.00","PSS JALAN MESJID NEGERI","","Standalone","","","31 Jan 2018"
"02/01/2018 08:34","Purchase","'70838153003496773","WXR571","","PRIMAX 95","Billed","22.13","50.00","PSS BATU FERINGGI","","Standalone","","","31 Jan 2018"
"02/01/2018 08:33","Reload","'70838153003496773","WXR571","","","Billed","","-50.00","PSS BATU FERINGGI","","Standalone","","","31 Jan 2018"
"01/01/2018 09:20","Purchase","'70838153003496773","WXR571","","PRIMAX 95","Billed","26.55","60.00","PSS BATU FERINGGI","","Standalone","","","31 Jan 2018"
"01/01/2018 09:15","Reload","'70838153003496773","WXR571","","","Billed","","-100.00","PSS BATU FERINGGI","","Standalone","","","31 Jan 2018"