"Date Time","Transaction Type","Card Number","Vehicle Number","Driver Card Number","Product Type","Billing Type","Transaction Volume (Litres)","Transaction Amount (RM)","Station Name","Odometer","Card Type","Cost Centre","Cost Centre Name","Statement Month"
"31/01/2018 12:32","Purchase","'70838153003495866","WXR549","","PRIMAX 95","Billed","21.84","50.00","PSS TANJONG TOKONG","","Standalone","","","31 Jan 2018"
"31/01/2018 12:31","Reload","'70838153003495866","WXR549","","","Billed","","-50.00","PSS TANJONG TOKONG","","Standalone","","","31 Jan 2018"
"30/01/2018 13:45","Purchase","'70838153003495866","WXR549","","PRIMAX 95","Billed","21.84","50.00","PSS BATU FERINGGI","","Standalone","","","31 Jan 2018"
"30/01/2018 13:41","Reload","'70838153003495866","WXR549","","","Billed","","-50.00","PSS BATU FERINGGI","","Standalone","","","31 Jan 2018"
"28/01/2018 14:23","Purchase","'70838153003495866","WXR549","","PRIMAX 95","Billed","21.84","50.00","PSS BATU FERINGGI","","Standalone","","","31 Jan 2018"
"28/01/2018 14:22","Reload","'70838153003495866","WXR549","","","Billed","","-50.00","PSS BATU FERINGGI","","Standalone","","","31 Jan 2018"
"26/01/2018 09:58","Purchase","'70838153003495866","WXR549","","PRIMAX 95","Billed","21.84","50.00","PSS BALIK PULAU 2 (LOT 106)","","Standalone","","","31 Jan 2018"
"26/01/2018 09:56","Reload","'70838153003495866","WXR549","","","Billed","","-50.00","PSS BALIK PULAU 2 (LOT 106)","","Standalone","","","31 Jan 2018"
"25/01/2018 08:47","Purchase","'70838153003495866","WXR549","","PRIMAX 95","Billed","21.84","50.00","PSS BATU FERINGGI","","Standalone","","","31 Jan 2018"
"25/01/2018 08:46","Reload","'70838153003495866","WXR549","","","Billed","","-50.00","PSS BATU FERINGGI","","Standalone","","","31 Jan 2018"
"23/01/2018 08:42","Purchase","'70838153003495866","WXR549","","PRIMAX 95","Billed","21.74","50.00","PSS BATU FERINGGI","","Standalone","","","31 Jan 2018"
"23/01/2018 08:41","Reload","'70838153003495866","WXR549","","","Billed","","-50.00","PSS BATU FERINGGI","","Standalone","","","31 Jan 2018"
"22/01/2018 11:15","Purchase","'70838153003495866","WXR549","","PRIMAX 95","Billed","21.74","50.00","PSS TANJONG TOKONG","","Standalone","","","31 Jan 2018"
"22/01/2018 11:14","Reload","'70838153003495866","WXR549","","","Billed","","-50.00","PSS TANJONG TOKONG","","Standalone","","","31 Jan 2018"
"21/01/2018 09:35","Purchase","'70838153003495866","WXR549","","PRIMAX 95","Billed","21.74","50.00","PSS BATU FERINGGI","","Standalone","","","31 Jan 2018"
"20/01/2018 09:42","Purchase","'70838153003495866","WXR549","","PRIMAX 95","Billed","21.74","50.00","PSS BATU FERINGGI","","Standalone","","","31 Jan 2018"
"20/01/2018 09:41","Reload","'70838153003495866","WXR549","","","Billed","","-100.00","PSS BATU FERINGGI","","Standalone","","","31 Jan 2018"
"19/01/2018 09:05","Purchase","'70838153003495866","WXR549","","PRIMAX 95","Billed","21.74","50.00","PSS BATU FERINGGI","","Standalone","","","31 Jan 2018"
"17/01/2018 09:05","Purchase","'70838153003495866","WXR549","","PRIMAX 95","Billed","22.13","50.00","PSS BATU FERINGGI","","Standalone","","","31 Jan 2018"
"17/01/2018 09:04","Reload","'70838153003495866","WXR549","","","Billed","","-50.00","PSS BATU FERINGGI","","Standalone","","","31 Jan 2018"
"17/01/2018 09:04","Reload","'70838153003495866","WXR549","","","Billed","","-50.00","PSS BATU FERINGGI","","Standalone","","","31 Jan 2018"
"15/01/2018 10:16","Purchase","'70838153003495866","WXR549","","PRIMAX 95","Billed","22.13","50.00","PSS BATU FERINGGI","","Standalone","","","31 Jan 2018"
"12/01/2018 15:35","Purchase","'70838153003495866","WXR549","","PRIMAX 95","Billed","22.13","50.00","PSS BATU FERINGGI","","Standalone","","","31 Jan 2018"
"12/01/2018 15:34","Reload","'70838153003495866","WXR549","","","Billed","","-100.00","PSS BATU FERINGGI","","Standalone","","","31 Jan 2018"
"10/01/2018 15:07","Purchase","'70838153003495866","WXR549","","PRIMAX 95","Billed","21.84","50.00","PSS BATU FERINGGI","","Standalone","","","31 Jan 2018"
"10/01/2018 15:05","Reload","'70838153003495866","WXR549","","","Billed","","-50.00","PSS BATU FERINGGI","","Standalone","","","31 Jan 2018"
"08/01/2018 14:47","Purchase","'70838153003495866","WXR549","","PRIMAX 95","Billed","21.84","50.00","PSS BATU FERINGGI","","Standalone","","","31 Jan 2018"
"08/01/2018 14:46","Reload","'70838153003495866","WXR549","","","Billed","","-50.00","PSS BATU FERINGGI","","Standalone","","","31 Jan 2018"
"07/01/2018 22:14","Purchase","'70838153003495866","WXR549","","PRIMAX 95","Billed","21.84","50.00","PSS BATU FERINGGI","","Standalone","","","31 Jan 2018"
"07/01/2018 22:13","Reload","'70838153003495866","WXR549","","","Billed","","-50.00","PSS BATU FERINGGI","","Standalone","","","31 Jan 2018"
"07/01/2018 00:26","Purchase","'70838153003495866","WXR549","","PRIMAX 95","Billed","21.84","50.00","PSS BATU FERINGGI","","Standalone","","","31 Jan 2018"
"06/01/2018 11:53","Purchase","'70838153003495866","WXR549","","PRIMAX 95","Billed","21.84","50.00","PSS BALIK PULAU 2 (LOT 106)","","Standalone","","","31 Jan 2018"
"06/01/2018 11:51","Reload","'70838153003495866","WXR549","","","Billed","","-100.00","PSS BALIK PULAU 2 (LOT 106)","","Standalone","","","31 Jan 2018"
"04/01/2018 16:18","Purchase","'70838153003495866","WXR549","","PRIMAX 95","Billed","21.84","50.00","PSS BATU FERINGGI","","Standalone","","","31 Jan 2018"