"Date Time","Transaction Type","Card Number","Vehicle Number","Driver Card Number","Product Type","Billing Type","Transaction Volume (Litres)","Transaction Amount (RM)","Station Name","Odometer","Card Type","Cost Centre","Cost Centre Name","Statement Month"
"29/01/2018 18:08","Purchase","'70838153003496518","WXR566","","PRIMAX 95","Billed","8.74","20.00","PSS BATU FERINGGI","","Standalone","","","31 Jan 2018"
"29/01/2018 18:06","Reload","'70838153003496518","WXR566","","","Billed","","-30.00","PSS BATU FERINGGI","","Standalone","","","31 Jan 2018"
"22/01/2018 15:17","Purchase","'70838153003496518","WXR566","","PRIMAX 95","Billed","8.70","20.00","PSS BATU FERINGGI","","Standalone","","","31 Jan 2018"
"18/01/2018 18:23","Purchase","'70838153003496518","WXR566","","PRIMAX 95","Billed","8.70","20.00","PSS BATU FERINGGI","","Standalone","","","31 Jan 2018"
"18/01/2018 18:22","Reload","'70838153003496518","WXR566","","","Billed","","-30.00","PSS BATU FERINGGI","","Standalone","","","31 Jan 2018"
"12/01/2018 11:32","Purchase","'70838153003496518","WXR566","","PRIMAX 95","Billed","8.85","20.00","PSS BALIK PULAU 1 (LOT 179)","","Standalone","","","31 Jan 2018"
"12/01/2018 11:29","Reload","'70838153003496518","WXR566","","","Billed","","-30.00","PSS BALIK PULAU 1 (LOT 179)","","Standalone","","","31 Jan 2018"
"02/01/2018 12:02","Purchase","'70838153003496518","WXR566","","PRIMAX 95","Billed","8.85","20.00","PSS BATU FERINGGI","","Standalone","","","31 Jan 2018"
"02/01/2018 12:01","Reload","'70838153003496518","WXR566","","","Billed","","-30.00","PSS BATU FERINGGI","","Standalone","","","31 Jan 2018"