"Date Time","Transaction Type","Card Number","Vehicle Number","Driver Card Number","Product Type","Billing Type","Transaction Volume (Litres)","Transaction Amount (RM)","Station Name","Odometer","Card Type","Cost Centre","Cost Centre Name","Statement Month"
"31/01/2018 11:54","Purchase","'70838153003501184","WXR532","","PRIMAX 95","Billed","13.10","30.00","PSS TOK SENIK","","Standalone","","","31 Jan 2018"
"31/01/2018 11:53","Reload","'70838153003501184","WXR532","","","Billed","","-50.00","PSS TOK SENIK","","Standalone","","","31 Jan 2018"
"29/01/2018 11:15","Purchase","'70838153003501184","WXR532","","PRIMAX 95","Billed","12.82","29.36","PSS TOK SENIK","","Standalone","","","31 Jan 2018"
"28/01/2018 10:29","Purchase","'70838153003501184","WXR532","","PRIMAX 95","Billed","13.10","30.00","PSS KUAH LANGKAWI","","Standalone","","","31 Jan 2018"
"28/01/2018 10:29","Reload","'70838153003501184","WXR532","","","Billed","","-50.00","PSS KUAH LANGKAWI","","Standalone","","","31 Jan 2018"
"26/01/2018 12:59","Purchase","'70838153003501184","WXR532","","PRIMAX 95","Billed","21.83","50.00","PSS KUAH LANGKAWI","","Standalone","","","31 Jan 2018"
"26/01/2018 12:58","Reload","'70838153003501184","WXR532","","","Billed","","-50.00","PSS KUAH LANGKAWI","","Standalone","","","31 Jan 2018"
"24/01/2018 11:45","Purchase","'70838153003501184","WXR532","","PRIMAX 95","Billed","17.39","40.00","PSS TOK SENIK","","Standalone","","","31 Jan 2018"
"24/01/2018 11:44","Reload","'70838153003501184","WXR532","","","Billed","","-50.00","PSS TOK SENIK","","Standalone","","","31 Jan 2018"
"23/01/2018 10:06","Purchase","'70838153003501184","WXR532","","PRIMAX 95","Billed","17.39","40.00","PSS KUAH LANGKAWI","","Standalone","","","31 Jan 2018"
"19/01/2018 15:26","Purchase","'70838153003501184","WXR532","","PRIMAX 95","Billed","15.22","35.00","PSS PANTAI KOK","","Standalone","","","31 Jan 2018"
"18/01/2018 12:17","Reload","'70838153003501184","WXR532","","","Billed","","-45.00","PSS TOK SENIK","","Standalone","","","31 Jan 2018"
"18/01/2018 12:15","Purchase","'70838153003501184","WXR532","","PRIMAX 95","Billed","17.39","40.00","PSS TOK SENIK","","Standalone","","","31 Jan 2018"
"17/01/2018 09:27","Purchase","'70838153003501184","WXR532","","PRIMAX 95","Billed","13.27","30.00","PSS KUAH LANGKAWI","","Standalone","","","31 Jan 2018"
"17/01/2018 09:27","Reload","'70838153003501184","WXR532","","","Billed","","-100.00","PSS KUAH LANGKAWI","","Standalone","","","31 Jan 2018"
"16/01/2018 15:14","Purchase","'70838153003501184","WXR532","","PRIMAX 95","Billed","8.85","20.00","PSS TOK SENIK","","Standalone","","","31 Jan 2018"
"15/01/2018 10:16","Purchase","'70838153003501184","WXR532","","PRIMAX 95","Billed","13.27","30.00","PSS KUAH LANGKAWI","","Standalone","","","31 Jan 2018"
"12/01/2018 12:15","Purchase","'70838153003501184","WXR532","","PRIMAX 95","Billed","22.13","50.00","PSS PANTAI KOK","","Standalone","","","31 Jan 2018"
"12/01/2018 12:14","Reload","'70838153003501184","WXR532","","","Billed","","-100.00","PSS PANTAI KOK","","Standalone","","","31 Jan 2018"
"10/01/2018 10:48","Purchase","'70838153003501184","WXR532","","PRIMAX 95","Billed","16.47","37.70","PSS TOK SENIK","","Standalone","","","31 Jan 2018"
"08/01/2018 14:04","Purchase","'70838153003501184","WXR532","","PRIMAX 95","Billed","21.84","50.00","PSS PANTAI KOK","","Standalone","","","31 Jan 2018"
"08/01/2018 14:03","Reload","'70838153003501184","WXR532","","","Billed","","-50.00","PSS PANTAI KOK","","Standalone","","","31 Jan 2018"
"07/01/2018 23:15","Purchase","'70838153003501184","WXR532","","PRIMAX 95","Billed","8.73","20.00","PSS KUAH LANGKAWI","","Standalone","","","31 Jan 2018"
"07/01/2018 23:14","Reload","'70838153003501184","WXR532","","","Billed","","-50.00","PSS KUAH LANGKAWI","","Standalone","","","31 Jan 2018"
"06/01/2018 15:40","Purchase","'70838153003501184","WXR532","","PRIMAX 95","Billed","21.84","50.00","PSS PANTAI KOK","","Standalone","","","31 Jan 2018"
"06/01/2018 15:39","Reload","'70838153003501184","WXR532","","","Billed","","-50.00","PSS PANTAI KOK","","Standalone","","","31 Jan 2018"
"04/01/2018 08:31","Purchase","'70838153003501184","WXR532","","PRIMAX 95","Billed","21.83","50.00","PSS KUAH LANGKAWI","","Standalone","","","31 Jan 2018"
"04/01/2018 08:30","Reload","'70838153003501184","WXR532","","","Billed","","-50.00","PSS KUAH LANGKAWI","","Standalone","","","31 Jan 2018"
"01/01/2018 18:52","Purchase","'70838153003501184","WXR532","","PRIMAX 95","Billed","26.55","60.00","PSS TOK SENIK","","Standalone","","","31 Jan 2018"
"01/01/2018 18:50","Reload","'70838153003501184","WXR532","","","Billed","","-50.00","PSS TOK SENIK","","Standalone","","","31 Jan 2018"