"Date Time","Transaction Type","Card Number","Vehicle Number","Driver Card Number","Product Type","Billing Type","Transaction Volume (Litres)","Transaction Amount (RM)","Station Name","Odometer","Card Type","Cost Centre","Cost Centre Name","Statement Month"
"28/01/2018 20:08","Purchase","'70838153003496799","WXR573","","PRIMAX 95","Billed","13.10","30.00","PSS BATU FERINGGI","1111","Standalone","","","31 Jan 2018"
"25/01/2018 14:17","Purchase","'70838153003496799","WXR573","","PRIMAX 95","Billed","30.57","70.00","PSS SIMPANG PULAI ARAH UTARA","","Standalone","","","31 Jan 2018"
"25/01/2018 14:17","Purchase","'70838153003496799","WXR573","","PRIMAX 95","Un-billed","30.57","70.00","PSS SIMPANG PULAI ARAH UTARA","","Standalone","","","Unbilled Transaction"
"25/01/2018 14:16","Reload","'70838153003496799","WXR573","","","Billed","","-100.00","PSS SIMPANG PULAI ARAH UTARA","","Standalone","","","31 Jan 2018"
"23/01/2018 11:21","Purchase","'70838153003496799","WXR573","","PRIMAX 95","Billed","37.40","86.01","PSS BALIK PULAU 1 (LOT 179)","","Standalone","","","31 Jan 2018"
"23/01/2018 11:19","Reload","'70838153003496799","WXR573","","","Billed","","-100.00","PSS BALIK PULAU 1 (LOT 179)","","Standalone","","","31 Jan 2018"
"09/01/2018 13:08","Purchase","'70838153003496799","WXR573","","PRIMAX 95","Billed","13.10","30.00","PSS BATU FERINGGI","","Standalone","","","31 Jan 2018"
"09/01/2018 13:06","Reload","'70838153003496799","WXR573","","","Billed","","-50.00","PSS BATU FERINGGI","","Standalone","","","31 Jan 2018"