"Date Time","Transaction Type","Card Number","Vehicle Number","Driver Card Number","Product Type","Billing Type","Transaction Volume (Litres)","Transaction Amount (RM)","Station Name","Odometer","Card Type","Cost Centre","Cost Centre Name","Statement Month"
"23/01/2018 00:26","Reload","'70838153003495593","WXR547","","","Billed","","-50.00","PSS KUAH LANGKAWI","","Standalone","","","31 Jan 2018"
"22/01/2018 07:51","Purchase","'70838153003495593","WXR547","","PRIMAX 95","Billed","8.70","20.00","PSS KUAH LANGKAWI","","Standalone","","","31 Jan 2018"
"11/01/2018 11:05","Purchase","'70838153003495593","WXR547","","PRIMAX 95","Billed","13.27","30.00","PSS KUAH LANGKAWI","","Standalone","","","31 Jan 2018"
"09/01/2018 07:39","Purchase","'70838153003495593","WXR547","","PRIMAX 95","Billed","13.10","30.00","PSS KUAH LANGKAWI","","Standalone","","","31 Jan 2018"
"04/01/2018 07:53","Purchase","'70838153003495593","WXR547","","PRIMAX 95","Billed","8.73","20.00","PSS KUAH LANGKAWI","","Standalone","","","31 Jan 2018"