"Date Time","Transaction Type","Card Number","Vehicle Number","Driver Card Number","Product Type","Billing Type","Transaction Volume (Litres)","Transaction Amount (RM)","Station Name","Odometer","Card Type","Cost Centre","Cost Centre Name","Statement Month"
"29/01/2018 23:11","Purchase","'70838153003496039","WXR553","","PRIMAX 95","Billed","21.84","50.00","PSS BATU FERINGGI","","Standalone","","","31 Jan 2018"
"29/01/2018 23:10","Reload","'70838153003496039","WXR553","","","Billed","","-50.00","PSS BATU FERINGGI","","Standalone","","","31 Jan 2018"
"25/01/2018 15:33","Purchase","'70838153003496039","WXR553","","PRIMAX 95","Billed","21.84","50.00","PSS BATU FERINGGI","","Standalone","","","31 Jan 2018"
"25/01/2018 15:31","Reload","'70838153003496039","WXR553","","","Billed","","-50.00","PSS BATU FERINGGI","","Standalone","","","31 Jan 2018"
"12/01/2018 23:35","Purchase","'70838153003496039","WXR553","","PRIMAX 95","Billed","26.55","60.00","PSS BATU FERINGGI","","Standalone","","","31 Jan 2018"
"12/01/2018 23:34","Reload","'70838153003496039","WXR553","","","Billed","","-60.00","PSS BATU FERINGGI","","Standalone","","","31 Jan 2018"
"09/01/2018 14:35","Purchase","'70838153003496039","WXR553","","PRIMAX 95","Billed","21.84","50.00","PSS BATU FERINGGI","","Standalone","","","31 Jan 2018"
"09/01/2018 14:34","Reload","'70838153003496039","WXR553","","","Billed","","-50.00","PSS BATU FERINGGI","","Standalone","","","31 Jan 2018"
"03/01/2018 21:41","Purchase","'70838153003496039","WXR553","","PRIMAX 95","Billed","26.55","60.00","PSS BATU FERINGGI","","Standalone","","","31 Jan 2018"
"03/01/2018 21:40","Reload","'70838153003496039","WXR553","","","Billed","","-60.00","PSS BATU FERINGGI","","Standalone","","","31 Jan 2018"
"02/01/2018 20:06","Purchase","'70838153003496039","WXR553","","PRIMAX 95","Billed","30.98","70.00","PSS BATU FERINGGI","","Standalone","","","31 Jan 2018"
"02/01/2018 20:05","Reload","'70838153003496039","WXR553","","","Billed","","-70.00","PSS BATU FERINGGI","","Standalone","","","31 Jan 2018"
"02/01/2018 07:01","Purchase","'70838153003496039","WXR553","","PRIMAX 95","Billed","26.55","60.00","PSS BATU FERINGGI","","Standalone","","","31 Jan 2018"
"02/01/2018 07:00","Reload","'70838153003496039","WXR553","","","Billed","","-60.00","PSS BATU FERINGGI","","Standalone","","","31 Jan 2018"
"01/01/2018 02:57","Purchase","'70838153003496039","WXR553","","PRIMAX 95","Billed","26.55","60.00","PSS BATU FERINGGI","","Standalone","","","31 Jan 2018"
"01/01/2018 02:56","Reload","'70838153003496039","WXR553","","","Billed","","-60.00","PSS BATU FERINGGI","","Standalone","","","31 Jan 2018"