"Date Time","Transaction Type","Card Number","Vehicle Number","Driver Card Number","Product Type","Billing Type","Transaction Volume (Litres)","Transaction Amount (RM)","Station Name","Odometer","Card Type","Cost Centre","Cost Centre Name","Statement Month"
"26/01/2018 11:15","Purchase","'70838153003496781","WXR572","","PRIMAX 95","Billed","13.10","30.00","PSS BATU FERINGGI","","Standalone","","","31 Jan 2018"
"26/01/2018 11:13","Reload","'70838153003496781","WXR572","","","Billed","","-50.00","PSS BATU FERINGGI","","Standalone","","","31 Jan 2018"
"18/01/2018 09:00","Purchase","'70838153003496781","WXR572","","PRIMAX 95","Billed","39.13","90.00","PSS BATU FERINGGI","","Standalone","","","31 Jan 2018"
"18/01/2018 08:59","Reload","'70838153003496781","WXR572","","","Billed","","-80.00","PSS BATU FERINGGI","","Standalone","","","31 Jan 2018"
"13/01/2018 15:23","Purchase","'70838153003496781","WXR572","","PRIMAX 95","Billed","39.83","90.00","PSS BATU FERINGGI","80","Standalone","","","31 Jan 2018"
"13/01/2018 15:22","Reload","'70838153003496781","WXR572","","","Billed","","-100.00","PSS BATU FERINGGI","","Standalone","","","31 Jan 2018"
"06/01/2018 14:37","Purchase","'70838153003496781","WXR572","","PRIMAX 95","Billed","34.94","80.00","PSS BATU FERINGGI","","Standalone","","","31 Jan 2018"
"06/01/2018 14:36","Reload","'70838153003496781","WXR572","","","Billed","","-80.00","PSS BATU FERINGGI","","Standalone","","","31 Jan 2018"
"04/01/2018 10:39","Purchase","'70838153003496781","WXR572","","PRIMAX 95","Billed","34.94","80.00","PSS BATU FERINGGI","","Standalone","","","31 Jan 2018"
"04/01/2018 10:38","Reload","'70838153003496781","WXR572","","","Billed","","-80.00","PSS BATU FERINGGI","","Standalone","","","31 Jan 2018"
"03/01/2018 10:26","Purchase","'70838153003496781","WXR572","","PRIMAX 95","Billed","22.13","50.00","PSS BATU FERINGGI","50","Standalone","","","31 Jan 2018"
"03/01/2018 04:14","Purchase","'70838153003496781","WXR572","","PRIMAX 95","Billed","22.13","50.00","PSS BATU FERINGGI","","Standalone","","","31 Jan 2018"
"03/01/2018 04:13","Reload","'70838153003496781","WXR572","","","Billed","","-100.00","PSS BATU FERINGGI","","Standalone","","","31 Jan 2018"
"01/01/2018 08:49","Purchase","'70838153003496781","WXR572","","PRIMAX 95","Billed","22.13","50.00","PSS BATU FERINGGI","50","Standalone","","","31 Jan 2018"