"Date Time","Transaction Type","Card Number","Vehicle Number","Driver Card Number","Product Type","Billing Type","Transaction Volume (Litres)","Transaction Amount (RM)","Station Name","Odometer","Card Type","Cost Centre","Cost Centre Name","Statement Month"
"31/01/2018 11:52","Purchase","'70838153003500327","WXR676","","PRIMAX 95","Billed","13.10","30.00","PSS LURAH SEMANTAN","","Standalone","","","31 Jan 2018"
"31/01/2018 11:50","Reload","'70838153003500327","WXR676","","","Billed","","-30.00","PSS LURAH SEMANTAN","","Standalone","","","31 Jan 2018"
"27/01/2018 12:30","Purchase","'70838153003500327","WXR676","","PRIMAX 95","Billed","13.10","30.00","PSS SONGSANG","","Standalone","","","31 Jan 2018"
"27/01/2018 12:29","Reload","'70838153003500327","WXR676","","","Billed","","-30.00","PSS SONGSANG","","Standalone","","","31 Jan 2018"
"25/01/2018 09:53","Purchase","'70838153003500327","WXR676","","PRIMAX 95","Billed","8.74","20.00","PSS LURAH SEMANTAN","","Standalone","","","31 Jan 2018"
"23/01/2018 09:03","Purchase","'70838153003500327","WXR676","","PRIMAX 95","Billed","13.05","30.00","PSS LURAH SEMANTAN","","Standalone","","","31 Jan 2018"
"23/01/2018 09:02","Reload","'70838153003500327","WXR676","","","Billed","","-50.00","PSS LURAH SEMANTAN","","Standalone","","","31 Jan 2018"
"18/01/2018 18:26","Purchase","'70838153003500327","WXR676","","PRIMAX 95","Billed","8.70","20.00","PSS SONGSANG","20","Standalone","","","31 Jan 2018"
"12/01/2018 11:46","Purchase","'70838153003500327","WXR676","","PRIMAX 95","Billed","8.85","20.00","PSS SONGSANG","","Standalone","","","31 Jan 2018"
"12/01/2018 11:45","Reload","'70838153003500327","WXR676","","","Billed","","-30.00","PSS SONGSANG","","Standalone","","","31 Jan 2018"
"08/01/2018 10:12","Purchase","'70838153003500327","WXR676","","PRIMAX 95","Billed","8.74","20.00","PSS LURAH SEMANTAN","","Standalone","","","31 Jan 2018"
"08/01/2018 10:11","Reload","'70838153003500327","WXR676","","","Billed","","-30.00","PSS LURAH SEMANTAN","","Standalone","","","31 Jan 2018"