"Date Time","Transaction Type","Card Number","Vehicle Number","Driver Card Number","Product Type","Billing Type","Transaction Volume (Litres)","Transaction Amount (RM)","Station Name","Odometer","Card Type","Cost Centre","Cost Centre Name","Statement Month"
"28/01/2018 17:18","Purchase","'70838153003498100","WXR617","","PRIMAX 95","Billed","27.02","61.87","PSS KM2.95 PENCHALA LINK ARAH DAMANSARA","5504","Standalone","","","31 Jan 2018"
"28/01/2018 08:12","Purchase","'70838153003498100","WXR617","","PRIMAX 95","Billed","8.73","20.00","PSS SG PENCHALA","5504","Standalone","","","31 Jan 2018"
"27/01/2018 09:41","Purchase","'70838153003498100","WXR617","","PRIMAX 95","Billed","31.88","73.00","PSS SG PENCHALA","5504","Standalone","","","31 Jan 2018"
"25/01/2018 22:12","Purchase","'70838153003498100","WXR617","","PRIMAX 95","Billed","21.84","50.00","PSS NKVE HIGHWAY","","Standalone","","","31 Jan 2018"
"25/01/2018 22:12","Purchase","'70838153003498100","WXR617","","PRIMAX 95","Un-billed","21.84","50.00","PSS NKVE HIGHWAY","","Standalone","","","Unbilled Transaction"
"25/01/2018 22:10","Reload","'70838153003498100","WXR617","","","Billed","","-200.00","PSS NKVE HIGHWAY","","Standalone","","","31 Jan 2018"
"09/01/2018 16:20","Purchase","'70838153003498100","WXR617","","PRIMAX 95","Billed","13.10","30.00","PSS KLIA 2","","Standalone","","","31 Jan 2018"
"08/01/2018 13:46","Purchase","'70838153003498100","WXR617","","PRIMAX 95","Billed","21.84","50.00","PSS NKVE HIGHWAY","","Standalone","","","31 Jan 2018"
"07/01/2018 22:35","Purchase","'70838153003498100","WXR617","","PRIMAX 97","Billed","5.50","14.07","PSS SG PENCHALA","","Standalone","","","31 Jan 2018"
"07/01/2018 22:33","Reload","'70838153003498100","WXR617","","","Billed","","-100.00","PSS SG PENCHALA","","Standalone","","","31 Jan 2018"
"07/01/2018 08:53","Purchase","'70838153003498100","WXR617","","PRIMAX 95","Billed","24.55","56.21","PSS SG BULOH LAYBY","","Standalone","","","31 Jan 2018"
"06/01/2018 15:05","Purchase","'70838153003498100","WXR617","","PRIMAX 95","Billed","43.67","100.00","PSS RAWANG RSA","","Standalone","","","31 Jan 2018"
"05/01/2018 23:56","Purchase","'70838153003498100","WXR617","","PRIMAX 95","Billed","2.84","6.50","PSS KOTA DAMANSARA","","Standalone","","","31 Jan 2018"
"04/01/2018 23:01","Purchase","'70838153003498100","WXR617","","PRIMAX 95","Billed","21.84","50.00","PSS KLIA 1","","Standalone","","","31 Jan 2018"
"04/01/2018 22:58","Reload","'70838153003498100","WXR617","","","Billed","","-200.00","PSS KLIA 1","","Standalone","","","31 Jan 2018"
"04/01/2018 13:08","Purchase","'70838153003498100","WXR617","","PRIMAX 95","Billed","21.83","50.00","PSS SETAPAK","","Standalone","","","31 Jan 2018"
"03/01/2018 07:57","Purchase","'70838153003498100","WXR617","","PRIMAX 95","Billed","22.12","50.00","PSS AMPANG JAYA","","Standalone","","","31 Jan 2018"
"02/01/2018 23:17","Purchase","'70838153003498100","WXR617","","PRIMAX 95","Billed","22.13","50.00","PSS SEGAMBUT","","Standalone","","","31 Jan 2018"
"01/01/2018 11:33","Purchase","'70838153003498100","WXR617","","PRIMAX 95","Billed","22.13","50.00","PSS NKVE HIGHWAY","","Standalone","","","31 Jan 2018"