"Date Time","Transaction Type","Card Number","Vehicle Number","Driver Card Number","Product Type","Billing Type","Transaction Volume (Litres)","Transaction Amount (RM)","Station Name","Odometer","Card Type","Cost Centre","Cost Centre Name","Statement Month"
"20/01/2018 13:25","Purchase","'70838153003425079","WXR62","","PRIMAX 95","Billed","17.39","40.00","PSS SUNGAI LALANG 2","","Standalone","","","31 Jan 2018"
"18/01/2018 09:58","Purchase","'70838153003425079","WXR62","","PRIMAX 95","Billed","13.05","30.00","PSS BANDAR MUTIARA","","Standalone","","","31 Jan 2018"
"17/01/2018 10:04","Purchase","'70838153003425079","WXR62","","PRIMAX 95","Billed","13.28","30.00","PSS BANDAR MUTIARA","","Standalone","","","31 Jan 2018"
"15/01/2018 21:00","Purchase","'70838153003425079","WXR62","","PRIMAX 95","Billed","8.85","20.00","PSS SUNGAI LALANG 2","","Standalone","","","31 Jan 2018"
"15/01/2018 10:14","Purchase","'70838153003425079","WXR62","","PRIMAX 95","Billed","13.28","30.00","PSS BANDAR MUTIARA","","Standalone","","","31 Jan 2018"
"15/01/2018 10:13","Reload","'70838153003425079","WXR62","","","Billed","","-150.00","PSS BANDAR MUTIARA","","Standalone","","","31 Jan 2018"
"09/01/2018 09:36","Purchase","'70838153003425079","WXR62","","PRIMAX 95","Billed","10.60","24.26","PSS SUNGAI LALANG 2","","Standalone","","","31 Jan 2018"
"07/01/2018 23:03","Purchase","'70838153003425079","WXR62","","PRIMAX 95","Billed","8.74","20.00","PSS MERGONG (STESEN SERVICES PETRONAS )","","Standalone","","","31 Jan 2018"
"06/01/2018 21:43","Purchase","'70838153003425079","WXR62","","PRIMAX 95","Billed","8.74","20.00","PSS SUNGAI LALANG 2","","Standalone","","","31 Jan 2018"
"05/01/2018 18:01","Purchase","'70838153003425079","WXR62","","PRIMAX 95","Billed","8.74","20.00","PSS BANDAR MUTIARA","","Standalone","","","31 Jan 2018"
"04/01/2018 09:40","Purchase","'70838153003425079","WXR62","","PRIMAX 95","Billed","13.10","30.00","PSS SUNGAI LALANG 2","","Standalone","","","31 Jan 2018"
"03/01/2018 10:40","Purchase","'70838153003425079","WXR62","","PRIMAX 95","Billed","13.28","30.00","PSS SUNGAI LALANG 2","","Standalone","","","31 Jan 2018"