"Date Time","Transaction Type","Card Number","Vehicle Number","Driver Card Number","Product Type","Billing Type","Transaction Volume (Litres)","Transaction Amount (RM)","Station Name","Odometer","Card Type","Cost Centre","Cost Centre Name","Statement Month"
"30/01/2018 20:52","Purchase","'70838153003499991","WXR661","","Diesel","Billed","21.65","50.00","PSS PERMATANG BADAK","6622","Standalone","","","31 Jan 2018"
"30/01/2018 20:51","Reload","'70838153003499991","WXR661","","","Billed","","-100.00","PSS PERMATANG BADAK","","Standalone","","","31 Jan 2018"
"29/01/2018 13:53","Purchase","'70838153003499991","WXR661","","Diesel","Billed","21.65","50.00","PSS KUANTAN BY-PASS PANDAN","5555","Standalone","","","31 Jan 2018"
"25/01/2018 12:33","Purchase","'70838153003499991","WXR661","","Diesel","Billed","21.65","50.00","PSS KUANTAN BY-PASS PANDAN","5555","Standalone","","","31 Jan 2018"
"19/01/2018 12:03","Reload","'70838153003499991","WXR661","","","Billed","","-100.00","PSS JAYA GADING","","Standalone","","","31 Jan 2018"