"Date Time","Transaction Type","Card Number","Vehicle Number","Driver Card Number","Product Type","Billing Type","Transaction Volume (Litres)","Transaction Amount (RM)","Station Name","Odometer","Card Type","Cost Centre","Cost Centre Name","Statement Month"
"30/01/2018 07:37","Purchase","'70838153003425186","WXR70","","PRIMAX 95","Billed","39.86","91.29","PSS AMPANGAN 2","29850","Standalone","","","31 Jan 2018"
"30/01/2018 07:35","Reload","'70838153003425186","WXR70","","","Billed","","-200.00","PSS AMPANGAN 2","","Standalone","","","31 Jan 2018"
"29/01/2018 11:05","Purchase","'70838153003425186","WXR70","","PRIMAX 95","Billed","8.73","20.00","PSS LEBUHRAYA SILK","29800","Standalone","","","31 Jan 2018"
"26/01/2018 17:25","Purchase","'70838153003425186","WXR70","","PRIMAX 95","Billed","43.67","100.00","PSS RAWAT & REHAT (U) SBAN-KL","29500","Standalone","","","31 Jan 2018"
"26/01/2018 09:50","Reload","'70838153003425186","WXR70","","","Billed","","-100.00","PSS RAWAT & REHAT(S) KL- SEREMBAN","","Standalone","","","31 Jan 2018"
"21/01/2018 10:50","Purchase","'70838153003425186","WXR70","","PRIMAX 95","Billed","38.26","88.00","PSS AMPANGAN 2","28800","Standalone","","","31 Jan 2018"
"17/01/2018 14:43","Purchase","'70838153003425186","WXR70","","PRIMAX 95","Billed","36.66","82.85","PSS SERI KEMBANGAN 1","28500","Standalone","","","31 Jan 2018"
"17/01/2018 14:42","Reload","'70838153003425186","WXR70","","","Billed","","-200.00","PSS SERI KEMBANGAN 1","","Standalone","","","31 Jan 2018"
"12/01/2018 15:42","Purchase","'70838153003425186","WXR70","","PRIMAX 95","Billed","26.47","59.82","PSS SERI KEMBANGAN 1","28500","Standalone","","","31 Jan 2018"
"09/01/2018 18:25","Purchase","'70838153003425186","WXR70","","PRIMAX 95","Billed","41.14","94.22","PSS TAMAN SEMARAK","29800","Standalone","","","31 Jan 2018"
"07/01/2018 09:43","Purchase","'70838153003425186","WXR70","","PRIMAX 95","Billed","30.57","70.00","PSS KUALA PILAH 2","27000","Standalone","","","31 Jan 2018"
"07/01/2018 09:40","Reload","'70838153003425186","WXR70","","","Billed","","-150.00","PSS KUALA PILAH 2","","Standalone","","","31 Jan 2018"