"Date Time","Transaction Type","Card Number","Vehicle Number","Driver Card Number","Product Type","Billing Type","Transaction Volume (Litres)","Transaction Amount (RM)","Station Name","Odometer","Card Type","Cost Centre","Cost Centre Name","Statement Month"
"26/01/2018 18:14","Purchase","'70838153003422845","WXR77","","PRIMAX 95","Billed","21.87","50.08","PSS BUKIT NANDING","","Standalone","","","31 Jan 2018"
"26/01/2018 10:06","Purchase","'70838153003422845","WXR77","","PRIMAX 95","Billed","21.84","50.01","PSS BUKIT NANDING","","Standalone","","","31 Jan 2018"
"23/01/2018 10:38","Purchase","'70838153003422845","WXR77","","PRIMAX 95","Billed","8.70","20.00","PSS TAMAN PUTRA","","Standalone","","","31 Jan 2018"
"23/01/2018 10:38","Purchase","'70838153003422845","WXR77","","PRIMAX 95","Un-billed","8.70","20.00","PSS TAMAN PUTRA","","Standalone","","","Unbilled Transaction"
"23/01/2018 10:36","Reload","'70838153003422845","WXR77","","","Billed","","-200.00","PSS TAMAN PUTRA","","Standalone","","","31 Jan 2018"
"23/01/2018 10:32","Purchase","'70838153003422845","WXR77","","PRIMAX 95","Billed","16.11","37.06","PSS TAMAN PUTRA","","Standalone","","","31 Jan 2018"
"23/01/2018 10:32","Purchase","'70838153003422845","WXR77","","PRIMAX 95","Un-billed","16.11","37.06","PSS TAMAN PUTRA","","Standalone","","","Unbilled Transaction"
"18/01/2018 09:40","Purchase","'70838153003422845","WXR77","","PRIMAX 95","Billed","21.75","50.02","PSS TAMAN SRI GOMBAK","","Standalone","","","31 Jan 2018"
"13/01/2018 11:43","Purchase","'70838153003422845","WXR77","","PRIMAX 97","Billed","27.69","70.06","PSS HULU KELANG","","Standalone","","","31 Jan 2018"
"12/01/2018 10:01","Purchase","'70838153003422845","WXR77","","PRIMAX 97","Billed","7.91","20.00","PSS BUKIT NANDING","","Standalone","","","31 Jan 2018"
"12/01/2018 09:56","Purchase","'70838153003422845","WXR77","","PRIMAX 97","Billed","7.91","20.00","PSS BUKIT NANDING","","Standalone","","","31 Jan 2018"
"09/01/2018 22:15","Purchase","'70838153003422845","WXR77","","PRIMAX 95","Billed","26.20","60.00","PSS AMPANG PERMAI","","Standalone","","","31 Jan 2018"
"09/01/2018 22:14","Reload","'70838153003422845","WXR77","","","Billed","","-200.00","PSS AMPANG PERMAI","","Standalone","","","31 Jan 2018"
"06/01/2018 16:45","Purchase","'70838153003422845","WXR77","","PRIMAX 97","Billed","19.53","50.00","PSS TAMAN PUTRA","","Standalone","","","31 Jan 2018"
"06/01/2018 16:42","Reload","'70838153003422845","WXR77","","","Billed","","-50.00","PSS TAMAN PUTRA","","Standalone","","","31 Jan 2018"
"01/01/2018 16:39","Purchase","'70838153003422845","WXR77","","PRIMAX 95","Billed","22.12","50.00","PSS BUKIT NANDING","","Standalone","","","31 Jan 2018"