"Date Time","Transaction Type","Card Number","Vehicle Number","Driver Card Number","Product Type","Billing Type","Transaction Volume (Litres)","Transaction Amount (RM)","Station Name","Odometer","Card Type","Cost Centre","Cost Centre Name","Statement Month"
"31/01/2018 23:02","Purchase","'70838153003502125","WXR750","","PRIMAX 95","Un-billed","34.93","80.00","PSS TEBRAU 1","509515","Standalone","","","Unbilled Transaction"
"31/01/2018 23:00","Reload","'70838153003502125","WXR750","","","Billed","","-100.00","PSS TEBRAU 1","","Standalone","","","31 Jan 2018"
"31/01/2018 14:09","Purchase","'70838153003502125","WXR750","","PRIMAX 95","Billed","14.41","33.00","PSS LEBUHRAYA PASIR GUDANG 1","509120","Standalone","","","31 Jan 2018"
"29/01/2018 21:23","Purchase","'70838153003502125","WXR750","","PRIMAX 95","Billed","26.20","60.00","PSS BAYU PUTERI","509005","Standalone","","","31 Jan 2018"
"29/01/2018 21:21","Reload","'70838153003502125","WXR750","","","Billed","","-80.00","PSS BAYU PUTERI","","Standalone","","","31 Jan 2018"
"27/01/2018 14:11","Purchase","'70838153003502125","WXR750","","PRIMAX 95","Billed","34.93","80.00","PSS LEBUHRAYA PASIR GUDANG 1","507347","Standalone","","","31 Jan 2018"
"27/01/2018 14:08","Reload","'70838153003502125","WXR750","","","Billed","","-100.00","PSS LEBUHRAYA PASIR GUDANG 1","","Standalone","","","31 Jan 2018"
"26/01/2018 08:53","Purchase","'70838153003502125","WXR750","","PRIMAX 95","Billed","24.45","55.99","PSS JALAN MASAI LAMA","507144","Standalone","","","31 Jan 2018"
"25/01/2018 15:36","Purchase","'70838153003502125","WXR750","","PRIMAX 95","Billed","27.95","64.00","PSS ULU BERNAM","506716","Standalone","","","31 Jan 2018"
"24/01/2018 21:12","Purchase","'70838153003502125","WXR750","","PRIMAX 95","Billed","34.79","80.01","PSS RAWAT & REHAT (U) SBAN-KL","506023","Standalone","","","31 Jan 2018"
"24/01/2018 21:09","Reload","'70838153003502125","WXR750","","","Billed","","-200.00","PSS RAWAT & REHAT (U) SBAN-KL","","Standalone","","","31 Jan 2018"
"24/01/2018 10:44","Purchase","'70838153003502125","WXR750","","PRIMAX 95","Billed","31.30","72.00","PSS JALAN MASAI LAMA","505655","Standalone","","","31 Jan 2018"
"23/01/2018 23:15","Purchase","'70838153003502125","WXR750","","PRIMAX 95","Billed","40.43","93.00","PSS TEMASYA FEDERAL HIGHWAY","505289","Standalone","","","31 Jan 2018"
"23/01/2018 13:59","Reload","'70838153003502125","WXR750","","","Billed","","-100.00","PSS LEBUHRAYA PASIR GUDANG 1","","Standalone","","","31 Jan 2018"
"23/01/2018 13:56","Purchase","'70838153003502125","WXR750","","PRIMAX 95","Billed","34.78","80.00","PSS LEBUHRAYA PASIR GUDANG 1","504847","Standalone","","","31 Jan 2018"
"21/01/2018 14:17","Reload","'70838153003502125","WXR750","","","Billed","","-100.00","PSS LEBUHRAYA PASIR GUDANG 1","","Standalone","","","31 Jan 2018"
"20/01/2018 19:31","Purchase","'70838153003502125","WXR750","","PRIMAX 95","Billed","23.91","55.00","PSS RAWAT & REHAT(S) KL- SEREMBAN","504285","Standalone","","","31 Jan 2018"
"20/01/2018 19:29","Reload","'70838153003502125","WXR750","","","Billed","","-100.00","PSS RAWAT & REHAT(S) KL- SEREMBAN","","Standalone","","","31 Jan 2018"
"20/01/2018 19:26","Purchase","'70838153003502125","WXR750","","PRIMAX 95","Billed","4.78","10.99","PSS RAWAT & REHAT(S) KL- SEREMBAN","504285","Standalone","","","31 Jan 2018"
"20/01/2018 15:31","Purchase","'70838153003502125","WXR750","","PRIMAX 95","Billed","21.74","50.00","PSS R & R GUNUNG SEMANGGOL","503951","Standalone","","","31 Jan 2018"
"20/01/2018 04:38","Purchase","'70838153003502125","WXR750","","PRIMAX 95","Billed","38.26","88.01","PSS RAWANG RSA","503540","Standalone","","","31 Jan 2018"
"19/01/2018 20:29","Purchase","'70838153003502125","WXR750","","PRIMAX 95","Billed","35.31","81.21","PSS PASIR GUDANG (JB BOUND)","503120","Standalone","","","31 Jan 2018"
"19/01/2018 20:27","Reload","'70838153003502125","WXR750","","","Billed","","-150.00","PSS PASIR GUDANG (JB BOUND)","","Standalone","","","31 Jan 2018"
"19/01/2018 01:02","Purchase","'70838153003502125","WXR750","","PRIMAX 95","Billed","36.96","85.01","PSS KM 305 PLUS ARAH SELATAN","502719","Standalone","","","31 Jan 2018"
"18/01/2018 20:34","Reload","'70838153003502125","WXR750","","","Billed","","-100.00","PSS MUKIM KESANG","","Standalone","","","31 Jan 2018"
"17/01/2018 21:09","Purchase","'70838153003502125","WXR750","","PRIMAX 95","Billed","28.66","64.77","PSS LEBUHRAYA PASIR GUDANG 1","502072","Standalone","","","31 Jan 2018"
"17/01/2018 12:51","Purchase","'70838153003502125","WXR750","","PRIMAX 95","Billed","37.17","84.01","PSS SENAWANG 2","501759","Standalone","","","31 Jan 2018"
"17/01/2018 12:49","Reload","'70838153003502125","WXR750","","","Billed","","-200.00","PSS SENAWANG 2","","Standalone","","","31 Jan 2018"
"11/01/2018 07:39","Purchase","'70838153003502125","WXR750","","PRIMAX 95","Billed","38.05","86.00","PSS JALAN MASAI LAMA","501369","Standalone","","","31 Jan 2018"
"10/01/2018 03:09","Purchase","'70838153003502125","WXR750","","PRIMAX 95","Billed","43.67","100.00","PSS RAWAT & REHAT(S) KL- SEREMBAN","500954","Standalone","","","31 Jan 2018"
"09/01/2018 14:01","Reload","'70838153003502125","WXR750","","","Billed","","-200.00","PSS JALAN MASAI LAMA","","Standalone","","","31 Jan 2018"
"09/01/2018 12:26","Purchase","'70838153003502125","WXR750","","PRIMAX 95","Billed","29.95","68.59","PSS LEBUHRAYA PASIR GUDANG 1","500433","Standalone","","","31 Jan 2018"
"08/01/2018 15:53","Purchase","'70838153003502125","WXR750","","PRIMAX 95","Billed","27.94","63.99","PSS SEK 3 BANDAR BARU BANGI","500035","Standalone","","","31 Jan 2018"
"08/01/2018 05:12","Purchase","'70838153003502125","WXR750","","PRIMAX 95","Billed","42.54","97.41","PSS R & R GUNUNG SEMANGGOL","499704","Standalone","","","31 Jan 2018"
"07/01/2018 21:18","Purchase","'70838153003502125","WXR750","","PRIMAX 95","Billed","34.93","80.00","PSS ELITE HIGHWAY","499271","Standalone","","","31 Jan 2018"
"07/01/2018 17:31","Reload","'70838153003502125","WXR750","","","Billed","","-200.00","PSS MACHAP ARAH UTARA","","Standalone","","","31 Jan 2018"
"07/01/2018 11:24","Reload","'70838153003502125","WXR750","","","Billed","","-100.00","PSS TAMAN PERLING","","Standalone","","","31 Jan 2018"
"07/01/2018 11:18","Purchase","'70838153003502125","WXR750","","PRIMAX 95","Billed","39.30","90.01","PSS TAMAN PERLING","498885","Standalone","","","31 Jan 2018"
"07/01/2018 11:16","Reload","'70838153003502125","WXR750","","","Billed","","-100.00","PSS TAMAN PERLING","","Standalone","","","31 Jan 2018"