"Date Time","Transaction Type","Card Number","Vehicle Number","Driver Card Number","Product Type","Billing Type","Transaction Volume (Litres)","Transaction Amount (RM)","Station Name","Odometer","Card Type","Cost Centre","Cost Centre Name","Statement Month"
"30/01/2018 21:06","Reload","'70838153003498357","WXR882","","","Billed","","-300.00","PSS PETRONAS KARAK REST","","Standalone","","","31 Jan 2018"
"30/01/2018 20:26","Purchase","'70838153003498357","WXR882","","PRIMAX 97","Billed","19.53","50.00","PSS KL-KARAK","253154","Standalone","","","31 Jan 2018"
"28/01/2018 12:45","Purchase","'70838153003498357","WXR882","","PRIMAX 95","Billed","21.84","50.00","PSS KETARI BENTONG","","Standalone","","","31 Jan 2018"
"24/01/2018 19:46","Purchase","'70838153003498357","WXR882","","PRIMAX 95","Billed","21.74","50.00","PSS PETRONAS KARAK REST","","Standalone","","","31 Jan 2018"
"24/01/2018 19:44","Reload","'70838153003498357","WXR882","","","Billed","","-200.00","PSS PETRONAS KARAK REST","","Standalone","","","31 Jan 2018"