"Date Time","Transaction Type","Card Number","Vehicle Number","Driver Card Number","Product Type","Billing Type","Transaction Volume (Litres)","Transaction Amount (RM)","Station Name","Odometer","Card Type","Cost Centre","Cost Centre Name","Statement Month"
"31/01/2018 08:47","Purchase","'70838153003496690","WXR815","","PRIMAX 95","Billed","17.47","40.00","PSS BAKAR ARANG SG PETANI","122","Standalone","","","31 Jan 2018"
"31/01/2018 08:46","Reload","'70838153003496690","WXR815","","","Billed","","-50.00","PSS BAKAR ARANG SG PETANI","","Standalone","","","31 Jan 2018"
"27/01/2018 08:47","Purchase","'70838153003496690","WXR815","","PRIMAX 95","Billed","17.47","40.00","PSS BAKAR ARANG SG PETANI","122","Standalone","","","31 Jan 2018"
"27/01/2018 08:46","Reload","'70838153003496690","WXR815","","","Billed","","-50.00","PSS BAKAR ARANG SG PETANI","","Standalone","","","31 Jan 2018"
"24/01/2018 18:07","Purchase","'70838153003496690","WXR815","","PRIMAX 95","Billed","13.05","30.00","PSS BANDAR MUTIARA","122","Standalone","","","31 Jan 2018"
"24/01/2018 18:06","Reload","'70838153003496690","WXR815","","","Billed","","-40.00","PSS BANDAR MUTIARA","","Standalone","","","31 Jan 2018"
"21/01/2018 10:25","Purchase","'70838153003496690","WXR815","","PRIMAX 95","Billed","17.39","40.00","PSS SUNGAI JAGUNG","122","Standalone","","","31 Jan 2018"
"21/01/2018 10:24","Reload","'70838153003496690","WXR815","","","Billed","","-50.00","PSS SUNGAI JAGUNG","","Standalone","","","31 Jan 2018"
"19/01/2018 16:08","Purchase","'70838153003496690","WXR815","","PRIMAX 95","Billed","17.39","40.00","PSS BAKAR ARANG SG PETANI","","Standalone","","","31 Jan 2018"
"19/01/2018 16:07","Reload","'70838153003496690","WXR815","","","Billed","","-50.00","PSS BAKAR ARANG SG PETANI","","Standalone","","","31 Jan 2018"