"Date Time","Transaction Type","Card Number","Vehicle Number","Driver Card Number","Product Type","Billing Type","Transaction Volume (Litres)","Transaction Amount (RM)","Station Name","Odometer","Card Type","Cost Centre","Cost Centre Name","Statement Month"
"29/01/2018 18:37","Purchase","'70838153003496666","WXR818","","PRIMAX 95","Billed","21.84","50.00","PSS TAMAN RIA SG PETANI","","Standalone","","","31 Jan 2018"
"29/01/2018 18:36","Reload","'70838153003496666","WXR818","","","Billed","","-100.00","PSS TAMAN RIA SG PETANI","","Standalone","","","31 Jan 2018"
"27/01/2018 17:26","Purchase","'70838153003496666","WXR818","","PRIMAX 95","Billed","21.84","50.00","PSS SUNGAI LALANG 2","","Standalone","","","31 Jan 2018"
"25/01/2018 19:16","Purchase","'70838153003496666","WXR818","","PRIMAX 95","Billed","21.84","50.00","PSS GURUN","","Standalone","","","31 Jan 2018"
"25/01/2018 19:08","Reload","'70838153003496666","WXR818","","","Billed","","-100.00","PSS GURUN","","Standalone","","","31 Jan 2018"