"Date Time","Transaction Type","Card Number","Vehicle Number","Driver Card Number","Product Type","Billing Type","Transaction Volume (Litres)","Transaction Amount (RM)","Station Name","Odometer","Card Type","Cost Centre","Cost Centre Name","Statement Month"
"29/01/2018 07:43","Purchase","'70838153003498373","WXR880","","PRIMAX 95","Billed","6.65","15.22","PSS JALAN TUN RAZAK","","Standalone","","","31 Jan 2018"
"28/01/2018 14:47","Purchase","'70838153003498373","WXR880","","PRIMAX 95","Billed","17.47","40.00","PSS SENTUL","","Standalone","","","31 Jan 2018"
"25/01/2018 07:05","Purchase","'70838153003498373","WXR880","","PRIMAX 95","Billed","17.47","40.00","PSS TAMAN SAMUDERA BATU CAVES","","Standalone","","","31 Jan 2018"
"23/01/2018 14:36","Purchase","'70838153003498373","WXR880","","PRIMAX 97","Billed","2.38","6.11","PSS SENTUL","","Standalone","","","31 Jan 2018"
"22/01/2018 19:11","Purchase","'70838153003498373","WXR880","","PRIMAX 97","Billed","4.31","11.08","PSS SENTUL","","Standalone","","","31 Jan 2018"
"20/01/2018 07:41","Reload","'70838153003498373","WXR880","","","Billed","","-200.00","PSS HULU KELANG","","Standalone","","","31 Jan 2018"