"Date Time","Transaction Type","Card Number","Vehicle Number","Driver Card Number","Product Type","Billing Type","Transaction Volume (Litres)","Transaction Amount (RM)","Station Name","Odometer","Card Type","Cost Centre","Cost Centre Name","Statement Month"
"28/01/2018 19:47","Purchase","'70838153003496120","WXR808","","PRIMAX 97","Billed","39.06","100.00","PSS BUKIT BANDAR RAYA","","Standalone","","","31 Jan 2018"
"28/01/2018 19:46","Reload","'70838153003496120","WXR808","","","Billed","","-200.00","PSS BUKIT BANDAR RAYA","","Standalone","","","31 Jan 2018"
"14/01/2018 18:44","Purchase","'70838153003496120","WXR808","","PRIMAX 97","Billed","35.49","89.79","PSS NKVE HIGHWAY","50","Standalone","","","31 Jan 2018"
"09/01/2018 21:37","Purchase","'70838153003496120","WXR808","","PRIMAX 97","Billed","43.05","110.21","PSS JALAN MAAROF","100","Standalone","","","31 Jan 2018"
"01/01/2018 16:53","Reload","'70838153003496120","WXR808","","","Billed","","-200.00","PSS KM5.75 PENCHALA LINK","","Standalone","","","31 Jan 2018"