"Date Time","Transaction Type","Card Number","Vehicle Number","Driver Card Number","Product Type","Billing Type","Transaction Volume (Litres)","Transaction Amount (RM)","Station Name","Odometer","Card Type","Cost Centre","Cost Centre Name","Statement Month"
"31/01/2018 11:10","Purchase","'70838153003423215","WXR87","","PRIMAX 95","Billed","21.84","50.00","PSS TAMAN PENGKALAN UTAMA","","Standalone","","","31 Jan 2018"
"31/01/2018 11:08","Reload","'70838153003423215","WXR87","","","Billed","","-80.00","PSS TAMAN PENGKALAN UTAMA","","Standalone","","","31 Jan 2018"
"29/01/2018 20:36","Purchase","'70838153003423215","WXR87","","PRIMAX 95","Billed","34.94","80.00","PSS JELAPANG","","Standalone","","","31 Jan 2018"
"29/01/2018 20:35","Reload","'70838153003423215","WXR87","","","Billed","","-100.00","PSS JELAPANG","","Standalone","","","31 Jan 2018"
"26/01/2018 20:19","Purchase","'70838153003423215","WXR87","","PRIMAX 95","Billed","30.57","70.01","PSS TAMAN PENGKALAN UTAMA","","Standalone","","","31 Jan 2018"
"26/01/2018 20:17","Reload","'70838153003423215","WXR87","","","Billed","","-60.00","PSS TAMAN PENGKALAN UTAMA","","Standalone","","","31 Jan 2018"
"22/01/2018 20:11","Purchase","'70838153003423215","WXR87","","PRIMAX 95","Billed","21.74","50.00","PSS TAMAN PENGKALAN JAYA","","Standalone","","","31 Jan 2018"
"22/01/2018 20:10","Reload","'70838153003423215","WXR87","","","Billed","","-50.00","PSS TAMAN PENGKALAN JAYA","","Standalone","","","31 Jan 2018"
"19/01/2018 20:06","Purchase","'70838153003423215","WXR87","","PRIMAX 95","Billed","26.09","60.00","PSS TAMAN PENGKALAN JAYA","","Standalone","","","31 Jan 2018"
"18/01/2018 22:45","Purchase","'70838153003423215","WXR87","","PRIMAX 95","Billed","21.74","50.00","PSS TAMAN PENGKALAN UTAMA","","Standalone","","","31 Jan 2018"
"18/01/2018 22:42","Reload","'70838153003423215","WXR87","","","Billed","","-50.00","PSS TAMAN PENGKALAN UTAMA","","Standalone","","","31 Jan 2018"
"15/01/2018 20:16","Purchase","'70838153003423215","WXR87","","PRIMAX 95","Billed","30.98","70.00","PSS TAMAN PENGKALAN JAYA","","Standalone","","","31 Jan 2018"
"15/01/2018 20:09","Reload","'70838153003423215","WXR87","","","Billed","","-150.00","PSS TAMAN PENGKALAN JAYA","","Standalone","","","31 Jan 2018"