"Date Time","Transaction Type","Card Number","Vehicle Number","Driver Card Number","Product Type","Billing Type","Transaction Volume (Litres)","Transaction Amount (RM)","Station Name","Odometer","Card Type","Cost Centre","Cost Centre Name","Statement Month"
"27/01/2018 18:27","Purchase","'70838153003500954","WXR968","","PRIMAX 95","Billed","21.83","50.00","PSS RAWAT & REHAT (U) SBAN-KL","","Standalone","","","31 Jan 2018"
"20/01/2018 15:31","Purchase","'70838153003500954","WXR968","","PRIMAX 95","Billed","21.74","50.00","PSS BATU BELAH","","Standalone","","","31 Jan 2018"
"20/01/2018 15:30","Reload","'70838153003500954","WXR968","","","Billed","","-100.00","PSS BATU BELAH","","Standalone","","","31 Jan 2018"
"10/01/2018 11:29","Purchase","'70838153003500954","WXR968","","PRIMAX 95","Billed","21.83","50.00","PSS BUKIT NANDING","","Standalone","","","31 Jan 2018"
"10/01/2018 11:28","Reload","'70838153003500954","WXR968","","","Billed","","-100.00","PSS BUKIT NANDING","","Standalone","","","31 Jan 2018"