"Date Time","Transaction Type","Card Number","Vehicle Number","Driver Card Number","Product Type","Billing Type","Transaction Volume (Litres)","Transaction Amount (RM)","Station Name","Odometer","Card Type","Cost Centre","Cost Centre Name","Statement Month"
"28/01/2018 09:48","Purchase","'70838153003500418","WXR955","","PRIMAX 95","Billed","30.57","70.00","PSS USJ 4 UEP SUBANG JAYA","","Standalone","","","31 Jan 2018"
"28/01/2018 09:47","Reload","'70838153003500418","WXR955","","","Billed","","-70.00","PSS USJ 4 UEP SUBANG JAYA","","Standalone","","","31 Jan 2018"
"21/01/2018 18:43","Purchase","'70838153003500418","WXR955","","PRIMAX 95","Billed","8.70","20.00","PSS SECT 15 BB BANGI","","Standalone","","","31 Jan 2018"
"21/01/2018 12:43","Purchase","'70838153003500418","WXR955","","PRIMAX 95","Billed","21.74","50.00","PSS USJ 4 UEP SUBANG JAYA","","Standalone","","","31 Jan 2018"
"21/01/2018 08:47","Reload","'70838153003500418","WXR955","","","Billed","","-70.00","PSS GLENMARIE TTDI JAYA","","Standalone","","","31 Jan 2018"