"Date Time","Transaction Type","Card Number","Vehicle Number","Driver Card Number","Product Type","Billing Type","Transaction Volume (Litres)","Transaction Amount (RM)","Station Name","Odometer","Card Type","Cost Centre","Cost Centre Name","Statement Month"
"27/01/2018 09:44","Purchase","'70838153003423165","WXR92","","PRIMAX 95","Billed","26.20","60.00","PSS BIDOR TAPAH","","Standalone","","","31 Jan 2018"
"27/01/2018 09:42","Reload","'70838153003423165","WXR92","","","Billed","","-50.00","PSS BIDOR TAPAH","","Standalone","","","31 Jan 2018"
"23/01/2018 10:20","Purchase","'70838153003423165","WXR92","","PRIMAX 95","Billed","8.70","20.00","PSS LANGKAP","","Standalone","","","31 Jan 2018"
"22/01/2018 09:27","Purchase","'70838153003423165","WXR92","","PRIMAX 95","Billed","17.39","40.00","PSS SG BULOH LAYBY","","Standalone","","","31 Jan 2018"
"22/01/2018 09:25","Reload","'70838153003423165","WXR92","","","Billed","","-60.00","PSS SG BULOH LAYBY","","Standalone","","","31 Jan 2018"
"21/01/2018 15:08","Purchase","'70838153003423165","WXR92","","PRIMAX 97","Billed","2.34","6.00","PSS BIDOR TAPAH","","Standalone","","","31 Jan 2018"
"21/01/2018 15:06","Reload","'70838153003423165","WXR92","","","Billed","","-50.00","PSS BIDOR TAPAH","","Standalone","","","31 Jan 2018"
"18/01/2018 18:32","Purchase","'70838153003423165","WXR92","","PRIMAX 95","Billed","13.05","30.00","PSS BIDOR TAPAH","","Standalone","","","31 Jan 2018"
"17/01/2018 14:29","Purchase","'70838153003423165","WXR92","","PRIMAX 95","Billed","13.28","30.00","PSS SIMPANG PULAI ARAH UTARA","","Standalone","","","31 Jan 2018"
"17/01/2018 14:27","Reload","'70838153003423165","WXR92","","","Billed","","-30.00","PSS SIMPANG PULAI ARAH UTARA","","Standalone","","","31 Jan 2018"
"16/01/2018 20:50","Purchase","'70838153003423165","WXR92","","PRIMAX 95","Billed","8.85","20.00","PSS SIMPANG PULAI ARAH UTARA","","Standalone","","","31 Jan 2018"
"15/01/2018 22:41","Purchase","'70838153003423165","WXR92","","PRIMAX 95","Billed","8.85","20.00","PSS BIDOR TAPAH","","Standalone","","","31 Jan 2018"
"14/01/2018 19:01","Reload","'70838153003423165","WXR92","","","Billed","","-50.00","PSS BIDOR TAPAH","","Standalone","","","31 Jan 2018"
"12/01/2018 16:13","Purchase","'70838153003423165","WXR92","","PRIMAX 97","Billed","2.37","6.00","PSS BIDOR TAPAH","","Standalone","","","31 Jan 2018"
"12/01/2018 16:12","Reload","'70838153003423165","WXR92","","","Billed","","-20.00","PSS BIDOR TAPAH","","Standalone","","","31 Jan 2018"
"06/01/2018 12:46","Purchase","'70838153003423165","WXR92","","PRIMAX 95","Billed","17.47","40.00","PSS RAWANG RSA","","Standalone","","","31 Jan 2018"
"06/01/2018 12:44","Reload","'70838153003423165","WXR92","","","Billed","","-40.00","PSS RAWANG RSA","","Standalone","","","31 Jan 2018"
"02/01/2018 22:48","Purchase","'70838153003423165","WXR92","","PRIMAX 95","Billed","13.28","30.00","PSS BIDOR TAPAH","","Standalone","","","31 Jan 2018"
"02/01/2018 22:45","Reload","'70838153003423165","WXR92","","","Billed","","-20.00","PSS BIDOR TAPAH","","Standalone","","","31 Jan 2018"