"Date Time","Transaction Type","Card Number","Vehicle Number","Driver Card Number","Product Type","Billing Type","Transaction Volume (Litres)","Transaction Amount (RM)","Station Name","Odometer","Card Type","Cost Centre","Cost Centre Name","Statement Month"
"29/01/2018 14:34","Purchase","'70838153003423157","WXR93","","PRIMAX 95","Billed","50.32","115.23","PSS KL-KARAK","57334","Standalone","","","31 Jan 2018"
"26/01/2018 17:38","Purchase","'70838153003423157","WXR93","","PRIMAX 95","Billed","21.83","50.00","PSS PERSIARAN JAYA","","Standalone","","","31 Jan 2018"
"26/01/2018 17:36","Reload","'70838153003423157","WXR93","","","Billed","","-500.00","PSS PERSIARAN JAYA","","Standalone","","","31 Jan 2018"
"17/01/2018 10:54","Purchase","'70838153003423157","WXR93","","PRIMAX 95","Billed","44.75","101.12","PSS SECT 15 BB BANGI","56365","Standalone","","","31 Jan 2018"
"13/01/2018 18:42","Purchase","'70838153003423157","WXR93","","PRIMAX 95","Billed","39.83","90.00","PSS SEK 3 BANDAR BARU BANGI","56023","Standalone","","","31 Jan 2018"
"13/01/2018 18:38","Reload","'70838153003423157","WXR93","","","Billed","","-100.00","PSS SEK 3 BANDAR BARU BANGI","","Standalone","","","31 Jan 2018"
"12/01/2018 07:31","Purchase","'70838153003423157","WXR93","","PRIMAX 95","Billed","22.13","50.00","PSS SEK 3 BANDAR BARU BANGI","58885","Standalone","","","31 Jan 2018"
"06/01/2018 18:31","Purchase","'70838153003423157","WXR93","","PRIMAX 95","Billed","56.77","130.00","PSS SEK 3 BANDAR BARU BANGI","55365","Standalone","","","31 Jan 2018"