"Date Time","Transaction Type","Card Number","Vehicle Number","Driver Card Number","Product Type","Billing Type","Transaction Volume (Litres)","Transaction Amount (RM)","Station Name","Odometer","Card Type","Cost Centre","Cost Centre Name","Statement Month"
"27/01/2018 14:35","Purchase","'70838153003500210","WXR933","","PRIMAX 95","Billed","13.10","30.00","PSS LEBUHRAYA SPRINT","95682","Standalone","","","31 Jan 2018"
"23/01/2018 12:30","Purchase","'70838153003500210","WXR933","","PRIMAX 95","Billed","8.70","20.00","PSS NKVE (SUBANG TOLL)","44035","Standalone","","","31 Jan 2018"
"21/01/2018 09:04","Purchase","'70838153003500210","WXR933","","PRIMAX 95","Billed","21.74","50.00","PSS NKVE (SUBANG TOLL)","172000","Standalone","","","31 Jan 2018"
"10/01/2018 11:31","Purchase","'70838153003500210","WXR933","","PRIMAX 95","Billed","8.74","20.00","PSS NKVE (SUBANG TOLL)","95091","Standalone","","","31 Jan 2018"
"06/01/2018 14:37","Purchase","'70838153003500210","WXR933","","PRIMAX 95","Billed","21.83","50.00","PSS LEBUHRAYA SPRINT","171000","Standalone","","","31 Jan 2018"
"06/01/2018 14:36","Reload","'70838153003500210","WXR933","","","Billed","","-200.00","PSS LEBUHRAYA SPRINT","","Standalone","","","31 Jan 2018"