"Date Time","Transaction Type","Card Number","Vehicle Number","Driver Card Number","Product Type","Billing Type","Transaction Volume (Litres)","Transaction Amount (RM)","Station Name","Odometer","Card Type","Cost Centre","Cost Centre Name","Statement Month"
"28/01/2018 08:12","Purchase","'70838153003499744","WXR921","","PRIMAX 95","Billed","6.55","15.00","PSS NILAI PAJAM","","Standalone","","","31 Jan 2018"
"28/01/2018 08:11","Reload","'70838153003499744","WXR921","","","Billed","","-15.00","PSS NILAI PAJAM","","Standalone","","","31 Jan 2018"
"14/01/2018 21:06","Purchase","'70838153003499744","WXR921","","PRIMAX 95","Billed","6.64","15.00","PSS PEKAN NILAI","","Standalone","","","31 Jan 2018"
"14/01/2018 21:05","Reload","'70838153003499744","WXR921","","","Billed","","-15.00","PSS PEKAN NILAI","","Standalone","","","31 Jan 2018"
"13/01/2018 08:42","Purchase","'70838153003499744","WXR921","","PRIMAX 95","Billed","6.64","15.00","PSS NILAI PAJAM","2654","Standalone","","","31 Jan 2018"
"13/01/2018 08:40","Reload","'70838153003499744","WXR921","","","Billed","","-15.00","PSS NILAI PAJAM","","Standalone","","","31 Jan 2018"
"12/01/2018 08:30","Purchase","'70838153003499744","WXR921","","PRIMAX 95","Billed","6.64","15.00","PSS NILAI PAJAM","6780","Standalone","","","31 Jan 2018"
"12/01/2018 08:29","Reload","'70838153003499744","WXR921","","","Billed","","-15.00","PSS NILAI PAJAM","","Standalone","","","31 Jan 2018"
"07/01/2018 08:39","Purchase","'70838153003499744","WXR921","","PRIMAX 95","Billed","4.37","10.00","PSS NILAI PAJAM","10","Standalone","","","31 Jan 2018"
"06/01/2018 11:26","Purchase","'70838153003499744","WXR921","","PRIMAX 95","Billed","8.73","20.00","PSS NILAI PAJAM","10","Standalone","","","31 Jan 2018"
"06/01/2018 11:24","Reload","'70838153003499744","WXR921","","","Billed","","-30.00","PSS NILAI PAJAM","","Standalone","","","31 Jan 2018"
"05/01/2018 08:45","Purchase","'70838153003499744","WXR921","","PRIMAX 95","Billed","4.37","10.00","PSS NILAI PAJAM","10","Standalone","","","31 Jan 2018"
"05/01/2018 08:43","Reload","'70838153003499744","WXR921","","","Billed","","-10.00","PSS NILAI PAJAM","","Standalone","","","31 Jan 2018"
"04/01/2018 08:40","Purchase","'70838153003499744","WXR921","","PRIMAX 95","Billed","4.37","10.00","PSS NILAI PAJAM","10","Standalone","","","31 Jan 2018"
"04/01/2018 08:35","Reload","'70838153003499744","WXR921","","","Billed","","-10.00","PSS NILAI PAJAM","","Standalone","","","31 Jan 2018"