"Date Time","Transaction Type","Card Number","Vehicle Number","Driver Card Number","Product Type","Billing Type","Transaction Volume (Litres)","Transaction Amount (RM)","Station Name","Odometer","Card Type","Cost Centre","Cost Centre Name","Statement Month"
"28/01/2018 16:25","Purchase","'70838153003499827","WXR915","","PRIMAX 95","Billed","21.83","50.00","PSS TEMASYA FEDERAL HIGHWAY","","Standalone","","","31 Jan 2018"
"28/01/2018 16:24","Reload","'70838153003499827","WXR915","","","Billed","","-50.00","PSS TEMASYA FEDERAL HIGHWAY","","Standalone","","","31 Jan 2018"
"27/01/2018 18:59","Purchase","'70838153003499827","WXR915","","PRIMAX 95","Billed","28.39","65.01","PSS KOTA DAMANSARA","","Standalone","","","31 Jan 2018"
"21/01/2018 10:26","Purchase","'70838153003499827","WXR915","","PRIMAX 95","Billed","26.12","60.07","PSS KOTA DAMANSARA","1","Standalone","","","31 Jan 2018"
"14/01/2018 21:55","Purchase","'70838153003499827","WXR915","","PRIMAX 95","Billed","26.81","60.59","PSS NKVE HIGHWAY","1","Standalone","","","31 Jan 2018"
"03/01/2018 19:18","Purchase","'70838153003499827","WXR915","","PRIMAX 95","Billed","15.34","34.66","PSS KOTA DAMANSARA","","Standalone","","","31 Jan 2018"
"03/01/2018 19:16","Reload","'70838153003499827","WXR915","","","Billed","","-200.00","PSS KOTA DAMANSARA","","Standalone","","","31 Jan 2018"