"Date Time","Transaction Type","Card Number","Vehicle Number","Driver Card Number","Product Type","Billing Type","Transaction Volume (Litres)","Transaction Amount (RM)","Station Name","Odometer","Card Type","Cost Centre","Cost Centre Name","Statement Month"
"31/01/2018 16:50","Purchase","'70838153003500459","WXR952","","PRIMAX 95","Billed","17.47","40.00","PSS LEBUHRAYA PASIR GUDANG 3","","Standalone","","","31 Jan 2018"
"31/01/2018 16:48","Reload","'70838153003500459","WXR952","","","Billed","","-20.00","PSS LEBUHRAYA PASIR GUDANG 3","","Standalone","","","31 Jan 2018"
"28/01/2018 01:32","Purchase","'70838153003500459","WXR952","","PRIMAX 95","Billed","6.53","14.96","PSS PLOT 1 BDR PUTRA","","Standalone","","","31 Jan 2018"
"27/01/2018 12:43","Purchase","'70838153003500459","WXR952","","PRIMAX 95","Billed","15.30","35.04","PSS LURAH SEMANTAN","","Standalone","","","31 Jan 2018"
"26/01/2018 13:31","Purchase","'70838153003500459","WXR952","","PRIMAX 97","Billed","19.53","50.00","PSS TAMAN AMAN","","Standalone","","","31 Jan 2018"
"26/01/2018 13:29","Reload","'70838153003500459","WXR952","","","Billed","","-100.00","PSS TAMAN AMAN","","Standalone","","","31 Jan 2018"
"22/01/2018 21:23","Purchase","'70838153003500459","WXR952","","PRIMAX 95","Billed","8.70","20.00","PSS INNER RING ROAD","","Standalone","","","31 Jan 2018"
"22/01/2018 21:22","Reload","'70838153003500459","WXR952","'70838153003500459","","Billed","","-20.00","PSS INNER RING ROAD","","Standalone","","","31 Jan 2018"
"22/01/2018 15:33","Purchase","'70838153003500459","WXR952","","PRIMAX 97","Billed","13.62","35.00","PSS BANDAR BARU UDA 1","","Standalone","","","31 Jan 2018"
"22/01/2018 15:32","Reload","'70838153003500459","WXR952","","","Billed","","-35.00","PSS BANDAR BARU UDA 1","","Standalone","","","31 Jan 2018"
"20/01/2018 20:17","Purchase","'70838153003500459","WXR952","","PRIMAX 95","Billed","13.04","30.00","PSS LEBUHRAYA PASIR GUDANG 3","","Standalone","","","31 Jan 2018"
"20/01/2018 20:16","Reload","'70838153003500459","WXR952","","","Billed","","-30.00","PSS LEBUHRAYA PASIR GUDANG 3","","Standalone","","","31 Jan 2018"
"17/01/2018 01:27","Purchase","'70838153003500459","WXR952","","PRIMAX 95","Billed","11.06","25.00","PSS BANDAR PUTRA 2","","Standalone","","","31 Jan 2018"
"17/01/2018 01:25","Reload","'70838153003500459","WXR952","","","Billed","","-25.00","PSS BANDAR PUTRA 2","","Standalone","","","31 Jan 2018"
"15/01/2018 20:01","Purchase","'70838153003500459","WXR952","","PRIMAX 95","Billed","17.70","40.00","PSS LEBUHRAYA PASIR GUDANG 3","","Standalone","","","31 Jan 2018"
"15/01/2018 19:58","Reload","'70838153003500459","WXR952","","","Billed","","-40.00","PSS LEBUHRAYA PASIR GUDANG 3","","Standalone","","","31 Jan 2018"
"14/01/2018 13:03","Purchase","'70838153003500459","WXR952","","PRIMAX 95","Billed","17.70","40.00","PSS KM 11 JALAN SKUDAI","","Standalone","","","31 Jan 2018"
"14/01/2018 13:01","Reload","'70838153003500459","WXR952","","","Billed","","-40.00","PSS KM 11 JALAN SKUDAI","","Standalone","","","31 Jan 2018"
"11/01/2018 20:21","Purchase","'70838153003500459","WXR952","","PRIMAX 95","Billed","11.06","25.00","PSS TAMAN CEMPAKA","","Standalone","","","31 Jan 2018"
"11/01/2018 17:59","Reload","'70838153003500459","WXR952","","","Billed","","-25.00","PSS SENAI","","Standalone","","","31 Jan 2018"
"08/01/2018 23:50","Purchase","'70838153003500459","WXR952","","PRIMAX 95","Billed","8.73","20.00","PSS KM 11 JALAN SKUDAI","","Standalone","","","31 Jan 2018"
"08/01/2018 23:48","Reload","'70838153003500459","WXR952","","","Billed","","-20.00","PSS KM 11 JALAN SKUDAI","","Standalone","","","31 Jan 2018"
"08/01/2018 15:05","Purchase","'70838153003500459","WXR952","","PRIMAX 95","Billed","13.10","30.00","PSS JALAN STOREY","","Standalone","","","31 Jan 2018"
"08/01/2018 15:03","Reload","'70838153003500459","WXR952","","","Billed","","-30.00","PSS JALAN STOREY","","Standalone","","","31 Jan 2018"
"07/01/2018 18:58","Purchase","'70838153003500459","WXR952","","PRIMAX 95","Billed","17.47","40.00","PSS BANDAR SERI ALAM (2)","","Standalone","","","31 Jan 2018"
"07/01/2018 18:55","Reload","'70838153003500459","WXR952","","","Billed","","-40.00","PSS BANDAR SERI ALAM (2)","","Standalone","","","31 Jan 2018"