"Date Time","Transaction Type","Card Number","Vehicle Number","Driver Card Number","Product Type","Billing Type","Transaction Volume (Litres)","Transaction Amount (RM)","Station Name","Odometer","Card Type","Cost Centre","Cost Centre Name","Statement Month"
"30/01/2018 15:49","Purchase","'70838153003500269","WXR929","","PRIMAX 95","Billed","21.01","48.12","PSS KOTA DAMANSARA 2","","Standalone","","","31 Jan 2018"
"30/01/2018 15:45","Reload","'70838153003500269","WXR929","","","Billed","","-100.00","PSS KOTA DAMANSARA 2","","Standalone","","","31 Jan 2018"
"16/01/2018 17:43","Purchase","'70838153003500269","WXR929","","PRIMAX 95","Billed","23.00","51.99","PSS NKVE KLANG BOUND","","Standalone","","","31 Jan 2018"
"16/01/2018 17:42","Reload","'70838153003500269","WXR929","","","Billed","","-50.00","PSS NKVE KLANG BOUND","","Standalone","","","31 Jan 2018"
"14/01/2018 21:27","Purchase","'70838153003500269","WXR929","","PRIMAX 95","Billed","15.00","33.91","PSS KOTA DAMANSARA 2","","Standalone","","","31 Jan 2018"
"14/01/2018 21:26","Reload","'70838153003500269","WXR929","","","Billed","","-50.00","PSS KOTA DAMANSARA 2","","Standalone","","","31 Jan 2018"
"14/01/2018 21:22","Purchase","'70838153003500269","WXR929","","PRIMAX 95","Billed","4.93","11.15","PSS KOTA DAMANSARA 2","","Standalone","","","31 Jan 2018"
"11/01/2018 15:47","Purchase","'70838153003500269","WXR929","","PRIMAX 95","Billed","22.00","49.72","PSS KOTA DAMANSARA 2","","Standalone","","","31 Jan 2018"
"08/01/2018 21:13","Purchase","'70838153003500269","WXR929","","PRIMAX 95","Billed","22.01","50.39","PSS KM2.95 PENCHALA LINK ARAH DAMANSARA","","Standalone","","","31 Jan 2018"
"08/01/2018 21:12","Reload","'70838153003500269","WXR929","","","Billed","","-100.00","PSS KM2.95 PENCHALA LINK ARAH DAMANSARA","","Standalone","","","31 Jan 2018"
"04/01/2018 16:55","Purchase","'70838153003500269","WXR929","","PRIMAX 95","Billed","19.00","43.52","PSS SUBANG BESTARI","","Standalone","","","31 Jan 2018"
"04/01/2018 16:54","Reload","'70838153003500269","WXR929","","","Billed","","-50.00","PSS SUBANG BESTARI","","Standalone","","","31 Jan 2018"
"03/01/2018 10:03","Purchase","'70838153003500269","WXR929","","PRIMAX 95","Billed","17.02","38.47","PSS SUBANG BESTARI","","Standalone","","","31 Jan 2018"