"Date Time","Transaction Type","Card Number","Vehicle Number","Driver Card Number","Product Type","Billing Type","Transaction Volume (Litres)","Transaction Amount (RM)","Station Name","Odometer","Card Type","Cost Centre","Cost Centre Name","Statement Month"
"30/06/2018 14:11","Purchase","'70838153003579669","WXR1030","","PRIMAX 95","Billed","5.00","11.00","PSS BIDOR TAPAH","","Standalone","","","30 Jun 2018"
"28/06/2018 19:48","Purchase","'70838153003579669","WXR1030","","PRIMAX 95","Billed","2.19","4.82","PSS BIDOR TAPAH","","Standalone","","","30 Jun 2018"
"26/06/2018 17:33","Purchase","'70838153003579669","WXR1030","","PRIMAX 95","Billed","10.00","22.00","PSS BIDOR TAPAH","","Standalone","","","30 Jun 2018"
"21/06/2018 18:44","Purchase","'70838153003579669","WXR1030","","PRIMAX 95","Billed","1.41","3.11","PSS BIDOR TAPAH","","Standalone","","","30 Jun 2018"
"19/06/2018 18:33","Purchase","'70838153003579669","WXR1030","","PRIMAX 95","Billed","2.01","4.41","PSS BIDOR TAPAH","","Standalone","","","30 Jun 2018"
"18/06/2018 17:50","Purchase","'70838153003579669","WXR1030","","PRIMAX 95","Billed","2.00","4.40","PSS BIDOR TAPAH","","Standalone","","","30 Jun 2018"
"15/06/2018 21:50","Purchase","'70838153003579669","WXR1030","","PRIMAX 97","Billed","43.39","112.80","PSS BIDOR TAPAH","","Standalone","","","30 Jun 2018"
"15/06/2018 21:49","Reload","'70838153003579669","WXR1030","","","Billed","","-300.00","PSS BIDOR TAPAH","","Standalone","","","30 Jun 2018"
"13/06/2018 14:17","Purchase","'70838153003579669","WXR1030","","PRIMAX 95","Billed","2.01","4.42","PSS BIDOR TAPAH","","Standalone","","","30 Jun 2018"
"10/06/2018 21:01","Purchase","'70838153003579669","WXR1030","","PRIMAX 95","Billed","2.01","4.42","PSS BIDOR TAPAH","","Standalone","","","30 Jun 2018"
"08/06/2018 14:42","Purchase","'70838153003579669","WXR1030","","PRIMAX 95","Billed","13.64","30.00","PSS BIDOR TAPAH","","Standalone","","","30 Jun 2018"
"08/06/2018 14:40","Purchase","'70838153003579669","WXR1030","","PRIMAX 95","Billed","1.37","3.00","PSS BIDOR TAPAH","","Standalone","","","30 Jun 2018"
"08/06/2018 09:41","Purchase","'70838153003579669","WXR1030","","PRIMAX 97","Billed","1.88","5.01","PSS BIDOR TAPAH","","Standalone","","","30 Jun 2018"
"07/06/2018 09:55","Purchase","'70838153003579669","WXR1030","","PRIMAX 97","Billed","2.01","5.35","PSS BIDOR TAPAH","","Standalone","","","30 Jun 2018"
"05/06/2018 20:31","Reload","'70838153003579669","WXR1030","","","Billed","","-60.00","PSS BIDOR TAPAH","","Standalone","","","30 Jun 2018"
"05/06/2018 10:50","Purchase","'70838153003579669","WXR1030","","PRIMAX 95","Billed","3.62","7.95","PSS BIDOR TAPAH","","Standalone","","","30 Jun 2018"
"02/06/2018 23:56","Purchase","'70838153003579669","WXR1030","","PRIMAX 95","Billed","15.41","33.90","PSS BIDOR TAPAH","","Standalone","","","30 Jun 2018"