"Date Time","Transaction Type","Card Number","Vehicle Number","Driver Card Number","Product Type","Billing Type","Transaction Volume (Litres)","Transaction Amount (RM)","Station Name","Odometer","Card Type","Cost Centre","Cost Centre Name","Statement Month"
"18/06/2018 02:20","Purchase","'70838153003501226","WXR986","","PRIMAX 95","Billed","13.52","29.74","PSS JALAN TRAS BENTONG","1","Standalone","","","30 Jun 2018"
"16/06/2018 10:53","Purchase","'70838153003501226","WXR986","","PRIMAX 95","Billed","31.94","70.26","PSS TUMPAT","1","Standalone","","","30 Jun 2018"
"16/06/2018 10:52","Reload","'70838153003501226","WXR986","","","Billed","","-100.00","PSS TUMPAT","","Standalone","","","30 Jun 2018"
"16/06/2018 10:50","Purchase","'70838153003501226","WXR986","","PRIMAX 95","Billed","6.61","14.55","PSS TUMPAT","1","Standalone","","","30 Jun 2018"
"03/06/2018 22:11","Purchase","'70838153003501226","WXR986","","PRIMAX 95","Billed","2.99","6.58","PSS TAMAN MERANTI JAYA","1","Standalone","","","30 Jun 2018"