"Date Time","Transaction Type","Card Number","Vehicle Number","Driver Card Number","Product Type","Billing Type","Transaction Volume (Litres)","Transaction Amount (RM)","Station Name","Odometer","Card Type","Cost Centre","Cost Centre Name","Statement Month"
"19/06/2018 18:05","Purchase","'70838153003582275","WXR1151","","PRIMAX 95","Billed","44.11","97.05","PSS BUKIT ANTARABANGSA","","Standalone","","","30 Jun 2018"
"18/06/2018 23:29","Purchase","'70838153003582275","WXR1151","","PRIMAX 95","Billed","9.09","20.00","PSS TAMAN MELATI","","Standalone","","","30 Jun 2018"
"16/06/2018 15:19","Purchase","'70838153003582275","WXR1151","","PRIMAX 95","Billed","14.02","30.85","PSS SIMPANG PULAI ARAH SELATAN","","Standalone","","","30 Jun 2018"
"15/06/2018 16:24","Purchase","'70838153003582275","WXR1151","","PRIMAX 97","Billed","20.04","52.10","PSS BUKIT ANTARABANGSA","","Standalone","","","30 Jun 2018"
"15/06/2018 16:23","Reload","'70838153003582275","WXR1151","","","Billed","","-200.00","PSS BUKIT ANTARABANGSA","","Standalone","","","30 Jun 2018"
"15/06/2018 00:54","Purchase","'70838153003582275","WXR1151","","PRIMAX 95","Billed","22.73","50.00","PSS BUKIT ANTARABANGSA","","Standalone","","","30 Jun 2018"
"15/06/2018 00:52","Reload","'70838153003582275","WXR1151","","","Billed","","-50.00","PSS BUKIT ANTARABANGSA","","Standalone","","","30 Jun 2018"
"14/06/2018 11:00","Purchase","'70838153003582275","WXR1151","","PRIMAX 95","Billed","40.91","90.00","PSS BUKIT ANTARABANGSA","","Standalone","","","30 Jun 2018"
"12/06/2018 09:20","Purchase","'70838153003582275","WXR1151","","PRIMAX 95","Billed","50.00","110.00","PSS BUKIT ANTARABANGSA","","Standalone","","","30 Jun 2018"
"09/06/2018 11:19","Reload","'70838153003582275","WXR1151","","","Billed","","-200.00","PSS BUKIT ANTARABANGSA","","Standalone","","","30 Jun 2018"
"08/06/2018 11:52","Purchase","'70838153003582275","WXR1151","","PRIMAX 95","Billed","47.73","105.00","PSS BUKIT ANTARABANGSA","","Standalone","","","30 Jun 2018"
"04/06/2018 23:46","Purchase","'70838153003582275","WXR1151","","PRIMAX 95","Billed","45.46","100.00","PSS BUKIT ANTARABANGSA","","Standalone","","","30 Jun 2018"
"04/06/2018 23:44","Reload","'70838153003582275","WXR1151","","","Billed","","-200.00","PSS BUKIT ANTARABANGSA","","Standalone","","","30 Jun 2018"
"04/06/2018 23:42","Purchase","'70838153003582275","WXR1151","","PRIMAX 95","Billed","3.16","6.95","PSS BUKIT ANTARABANGSA","","Standalone","","","30 Jun 2018"
"04/06/2018 12:44","Purchase","'70838153003582275","WXR1151","","PRIMAX 95","Billed","9.09","20.00","PSS BUKIT ANTARABANGSA","","Standalone","","","30 Jun 2018"
"04/06/2018 09:17","Purchase","'70838153003582275","WXR1151","","PRIMAX 95","Billed","13.51","29.72","PSS JLN KUCHING","","Standalone","","","30 Jun 2018"
"04/06/2018 09:17","Purchase","'70838153003582275","WXR1151","","PRIMAX 95","Un-billed","13.51","29.72","PSS JLN KUCHING","","Standalone","","","Unbilled Transaction"
"03/06/2018 19:04","Purchase","'70838153003582275","WXR1151","","PRIMAX 95","Billed","10.08","22.17","PSS TAMAN MELATI","","Standalone","","","30 Jun 2018"