"Date Time","Transaction Type","Card Number","Vehicle Number","Driver Card Number","Product Type","Billing Type","Transaction Volume (Litres)","Transaction Amount (RM)","Station Name","Odometer","Card Type","Cost Centre","Cost Centre Name","Statement Month"
"30/06/2018 07:29","Purchase","'70838153003425301","WXR75","","PRIMAX 95","Billed","13.64","30.00","PSS PANDAN INDAH","1700","Standalone","","","30 Jun 2018"
"24/06/2018 21:20","Purchase","'70838153003425301","WXR75","","PRIMAX 95","Billed","13.64","30.00","PSS JALAN KUARI","1610","Standalone","","","30 Jun 2018"
"18/06/2018 17:02","Purchase","'70838153003425301","WXR75","","PRIMAX 95","Billed","36.37","80.00","PSS JALAN SIMPANG TAIPING","1650","Standalone","","","30 Jun 2018"
"15/06/2018 13:10","Purchase","'70838153003425301","WXR75","","PRIMAX 95","Billed","36.36","80.00","PSS SERI ISKANDAR","1650","Standalone","","","30 Jun 2018"
"12/06/2018 20:44","Purchase","'70838153003425301","WXR75","","PRIMAX 95","Billed","36.36","80.00","PSS JALAN KUARI","1610","Standalone","","","30 Jun 2018"
"08/06/2018 18:11","Purchase","'70838153003425301","WXR75","","PRIMAX 95","Billed","13.64","30.00","PSS JALAN KUARI","1310","Standalone","","","30 Jun 2018"
"02/06/2018 22:04","Purchase","'70838153003425301","WXR75","","PRIMAX 95","Billed","13.64","30.00","PSS JALAN KUARI","1560","Standalone","","","30 Jun 2018"