"Date Time","Transaction Type","Card Number","Vehicle Number","Driver Card Number","Product Type","Billing Type","Transaction Volume (Litres)","Transaction Amount (RM)","Station Name","Odometer","Card Type","Cost Centre","Cost Centre Name","Statement Month"
"12/06/2018 20:18","Purchase","'70838153003501754","WXR727","","PRIMAX 95","Billed","47.73","105.00","PSS SIMPANG PULAI ARAH SELATAN","","Standalone","","","30 Jun 2018"
"12/06/2018 20:17","Reload","'70838153003501754","WXR727","","","Billed","","-100.00","PSS SIMPANG PULAI ARAH SELATAN","","Standalone","","","30 Jun 2018"
"04/06/2018 17:28","Purchase","'70838153003501754","WXR727","","PRIMAX 95","Billed","31.82","70.00","PSS BDR SAUJANA PUTRA","","Standalone","","","30 Jun 2018"
"03/06/2018 13:48","Purchase","'70838153003501754","WXR727","","PRIMAX 95","Billed","13.64","30.00","PSS PAK SABAK DUNGUN","","Standalone","","","30 Jun 2018"
"03/06/2018 13:47","Reload","'70838153003501754","WXR727","","","Billed","","-100.00","PSS PAK SABAK DUNGUN","","Standalone","","","30 Jun 2018"
"03/06/2018 13:44","Purchase","'70838153003501754","WXR727","","PRIMAX 95","Billed","15.37","33.81","PSS PAK SABAK DUNGUN","","Standalone","","","30 Jun 2018"
"02/06/2018 12:17","Purchase","'70838153003501754","WXR727","","PRIMAX 97","Billed","38.47","95.01","PSS PENGKALAN KUBOR","","Standalone","","","30 Jun 2018"
"01/06/2018 13:09","Purchase","'70838153003501754","WXR727","","PRIMAX 95","Billed","48.64","107.00","PSS SIMPANG PULAI ARAH UTARA","","Standalone","","","30 Jun 2018"
"01/06/2018 13:08","Reload","'70838153003501754","WXR727","","","Billed","","-200.00","PSS SIMPANG PULAI ARAH UTARA","","Standalone","","","30 Jun 2018"