"Date Time","Transaction Type","Card Number","Vehicle Number","Driver Card Number","Product Type","Billing Type","Transaction Volume (Litres)","Transaction Amount (RM)","Station Name","Odometer","Card Type","Cost Centre","Cost Centre Name","Statement Month"
"29/06/2018 15:42","Purchase","'70838153003676598","WXR 2201","","PRIMAX 95","Billed","35.80","78.75","PSS TAMAN BERSATU RAWANG","","Standalone","","","30 Jun 2018"
"29/06/2018 15:40","Reload","'70838153003676598","WXR 2201","","","Billed","","-100.00","PSS TAMAN BERSATU RAWANG","","Standalone","","","30 Jun 2018"
"18/06/2018 06:52","Purchase","'70838153003676598","WXR 2201","","PRIMAX 95","Billed","37.46","82.42","PSS TAMAN BERSATU RAWANG","","Standalone","","","30 Jun 2018"
"18/06/2018 06:51","Reload","'70838153003676598","WXR 2201","","","Billed","","-50.00","PSS TAMAN BERSATU RAWANG","","Standalone","","","30 Jun 2018"
"06/06/2018 16:19","Purchase","'70838153003676598","WXR 2201","","PRIMAX 95","Billed","37.21","81.86","PSS BATU 3 FEDERAL HIGHWAY","","Standalone","","","30 Jun 2018"
"06/06/2018 16:18","Reload","'70838153003676598","WXR 2201","","","Billed","","-100.00","PSS BATU 3 FEDERAL HIGHWAY","","Standalone","","","30 Jun 2018"