"Date Time","Transaction Type","Card Number","Vehicle Number","Driver Card Number","Product Type","Billing Type","Transaction Volume (Litres)","Transaction Amount (RM)","Station Name","Odometer","Card Type","Cost Centre","Cost Centre Name","Statement Month"
"21/06/2018 18:36","Purchase","'70838153003497631","WXR401","","PRIMAX 95","Billed","3.18","7.00","PSS USJ 9 SUBANG JAYA","","Standalone","","","30 Jun 2018"
"21/06/2018 18:34","Reload","'70838153003497631","WXR401","","","Billed","","-40.00","PSS USJ 9 SUBANG JAYA","","Standalone","","","30 Jun 2018"
"20/06/2018 04:57","Purchase","'70838153003497631","WXR401","","PRIMAX 95","Billed","12.55","27.61","PSS GENTING SEMPAH","","Standalone","","","30 Jun 2018"
"13/06/2018 18:32","Purchase","'70838153003497631","WXR401","","PRIMAX 95","Billed","3.18","7.00","PSS USJ 20","","Standalone","","","30 Jun 2018"
"07/06/2018 12:25","Purchase","'70838153003497631","WXR401","","PRIMAX 95","Billed","2.73","6.00","PSS USJ 9 SUBANG JAYA","","Standalone","","","30 Jun 2018"