"Date Time","Transaction Type","Card Number","Vehicle Number","Driver Card Number","Product Type","Billing Type","Transaction Volume (Litres)","Transaction Amount (RM)","Station Name","Odometer","Card Type","Cost Centre","Cost Centre Name","Statement Month"
"30/06/2018 10:39","Purchase","'70838153003424676","WXR128","","PRIMAX 95","Billed","30.00","66.00","PSS BANDAR INDERA MAHKOTA","","Standalone","","","30 Jun 2018"
"30/06/2018 10:38","Reload","'70838153003424676","WXR128","","","Billed","","-60.00","PSS BANDAR INDERA MAHKOTA","","Standalone","","","30 Jun 2018"
"29/06/2018 18:07","Purchase","'70838153003424676","WXR128","","PRIMAX 95","Billed","10.00","22.00","PSS KM 4 JALAN GAMBANG","","Standalone","","","30 Jun 2018"
"29/06/2018 18:05","Reload","'70838153003424676","WXR128","","","Billed","","-20.00","PSS KM 4 JALAN GAMBANG","","Standalone","","","30 Jun 2018"
"28/06/2018 20:23","Purchase","'70838153003424676","WXR128","","PRIMAX 95","Billed","10.00","22.00","PSS KG. UBAI","","Standalone","","","30 Jun 2018"
"28/06/2018 20:21","Reload","'70838153003424676","WXR128","","","Billed","","-20.00","PSS KG. UBAI","","Standalone","","","30 Jun 2018"
"27/06/2018 17:53","Purchase","'70838153003424676","WXR128","","PRIMAX 95","Billed","30.00","66.00","PSS KM 16 JALAN GAMBANG","","Standalone","","","30 Jun 2018"
"27/06/2018 17:52","Reload","'70838153003424676","WXR128","","","Billed","","-70.00","PSS KM 16 JALAN GAMBANG","","Standalone","","","30 Jun 2018"
"26/06/2018 12:28","Purchase","'70838153003424676","WXR128","","PRIMAX 95","Billed","20.00","44.00","PSS BATU 6 JALAN IPOH","","Standalone","","","30 Jun 2018"
"26/06/2018 12:27","Reload","'70838153003424676","WXR128","","","Billed","","-50.00","PSS BATU 6 JALAN IPOH","","Standalone","","","30 Jun 2018"
"26/06/2018 08:37","Purchase","'70838153003424676","WXR128","","PRIMAX 95","Billed","25.00","55.00","PSS KM 16 JALAN GAMBANG","","Standalone","","","30 Jun 2018"
"26/06/2018 08:36","Reload","'70838153003424676","WXR128","","","Billed","","-31.00","PSS KM 16 JALAN GAMBANG","","Standalone","","","30 Jun 2018"
"25/06/2018 14:55","Purchase","'70838153003424676","WXR128","","PRIMAX 95","Billed","10.00","22.00","PSS KM 16 JALAN GAMBANG","","Standalone","","","30 Jun 2018"
"25/06/2018 14:54","Reload","'70838153003424676","WXR128","","","Billed","","-30.00","PSS KM 16 JALAN GAMBANG","","Standalone","","","30 Jun 2018"
"24/06/2018 12:47","Purchase","'70838153003424676","WXR128","","PRIMAX 95","Billed","10.00","22.00","PSS KG. UBAI","","Standalone","","","30 Jun 2018"
"24/06/2018 12:46","Reload","'70838153003424676","WXR128","","","Billed","","-47.50","PSS KG. UBAI","","Standalone","","","30 Jun 2018"
"20/06/2018 13:20","Purchase","'70838153003424676","WXR128","","PRIMAX 95","Billed","8.49","18.66","PSS JALAN KUANTAN SG LEMBING","","Standalone","","","30 Jun 2018"
"19/06/2018 13:28","Purchase","'70838153003424676","WXR128","","PRIMAX 95","Billed","10.00","22.00","PSS KM 16 JALAN GAMBANG","","Standalone","","","30 Jun 2018"
"19/06/2018 13:27","Reload","'70838153003424676","WXR128","","","Billed","","-30.00","PSS KM 16 JALAN GAMBANG","","Standalone","","","30 Jun 2018"
"18/06/2018 11:41","Purchase","'70838153003424676","WXR128","","PRIMAX 95","Billed","20.00","44.00","PSS BUKIT PASIR","","Standalone","","","30 Jun 2018"
"18/06/2018 11:40","Purchase","'70838153003424676","WXR128","","PRIMAX 95","Billed","30.00","66.00","PSS BUKIT PASIR","","Standalone","","","30 Jun 2018"
"18/06/2018 11:39","Reload","'70838153003424676","WXR128","","","Billed","","-100.00","PSS BUKIT PASIR","","Standalone","","","30 Jun 2018"
"17/06/2018 16:24","Purchase","'70838153003424676","WXR128","","PRIMAX 95","Billed","20.00","44.00","PSS KM 305 PLUS ARAH SELATAN","","Standalone","","","30 Jun 2018"
"17/06/2018 08:49","Purchase","'70838153003424676","WXR128","","PRIMAX 97","Billed","30.00","78.00","PSS JAYA GADING","","Standalone","","","30 Jun 2018"
"17/06/2018 08:46","Reload","'70838153003424676","WXR128","","","Billed","","-100.00","PSS JAYA GADING","","Standalone","","","30 Jun 2018"
"15/06/2018 11:16","Purchase","'70838153003424676","WXR128","","PRIMAX 95","Billed","20.00","44.00","PSS KG. UBAI","","Standalone","","","30 Jun 2018"
"15/06/2018 11:15","Reload","'70838153003424676","WXR128","","","Billed","","-40.00","PSS KG. UBAI","","Standalone","","","30 Jun 2018"
"14/06/2018 11:20","Purchase","'70838153003424676","WXR128","","PRIMAX 95","Billed","20.00","44.00","PSS KG. UBAI","","Standalone","","","30 Jun 2018"
"14/06/2018 11:18","Reload","'70838153003424676","WXR128","","","Billed","","-50.00","PSS KG. UBAI","","Standalone","","","30 Jun 2018"
"13/06/2018 13:03","Purchase","'70838153003424676","WXR128","","PRIMAX 95","Billed","25.00","55.00","PSS TAMAN SAMUDERA BATU CAVES","","Standalone","","","30 Jun 2018"
"13/06/2018 13:02","Reload","'70838153003424676","WXR128","","","Billed","","-70.00","PSS TAMAN SAMUDERA BATU CAVES","","Standalone","","","30 Jun 2018"
"11/06/2018 14:17","Purchase","'70838153003424676","WXR128","","PRIMAX 95","Billed","20.00","44.00","PSS TAMAN TUALANG INDAH","","Standalone","","","30 Jun 2018"
"11/06/2018 14:15","Reload","'70838153003424676","WXR128","","","Billed","","-57.10","PSS TAMAN TUALANG INDAH","","Standalone","","","30 Jun 2018"
"10/06/2018 19:57","Purchase","'70838153003424676","WXR128","","PRIMAX 95","Billed","15.00","33.00","PSS SURA 2","","Standalone","","","30 Jun 2018"
"10/06/2018 13:16","Purchase","'70838153003424676","WXR128","","PRIMAX 95","Billed","30.00","66.00","PSS KUANTAN DAMANSARA","","Standalone","","","30 Jun 2018"
"10/06/2018 13:15","Reload","'70838153003424676","WXR128","","","Billed","","-80.00","PSS KUANTAN DAMANSARA","","Standalone","","","30 Jun 2018"
"09/06/2018 11:32","Purchase","'70838153003424676","WXR128","","PRIMAX 95","Billed","16.37","36.00","PSS JAYA GADING","","Standalone","","","30 Jun 2018"
"07/06/2018 13:57","Purchase","'70838153003424676","WXR128","","PRIMAX 95","Billed","10.00","22.00","PSS JAYA GADING","","Standalone","","","30 Jun 2018"
"07/06/2018 13:55","Reload","'70838153003424676","WXR128","","","Billed","","-30.00","PSS JAYA GADING","","Standalone","","","30 Jun 2018"
"05/06/2018 15:08","Purchase","'70838153003424676","WXR128","","PRIMAX 97","Billed","20.24","50.00","PSS JAYA GADING","","Standalone","","","30 Jun 2018"
"05/06/2018 15:07","Reload","'70838153003424676","WXR128","","","Billed","","-30.00","PSS JAYA GADING","","Standalone","","","30 Jun 2018"
"03/06/2018 14:16","Purchase","'70838153003424676","WXR128","","PRIMAX 97","Billed","20.24","50.00","PSS TAMAN YAYASAN SEGAMAT","","Standalone","","","30 Jun 2018"
"02/06/2018 14:52","Purchase","'70838153003424676","WXR128","","PRIMAX 97","Billed","20.24","50.00","PSS RAWAT & REHAT(S) KL- SEREMBAN","","Standalone","","","30 Jun 2018"
"02/06/2018 14:50","Reload","'70838153003424676","WXR128","","","Billed","","-120.00","PSS RAWAT & REHAT(S) KL- SEREMBAN","","Standalone","","","30 Jun 2018"
"01/06/2018 12:54","Purchase","'70838153003424676","WXR128","","PRIMAX 95","Billed","27.27","60.00","PSS JAYA GADING","","Standalone","","","30 Jun 2018"
"01/06/2018 12:51","Reload","'70838153003424676","WXR128","","","Billed","","-100.00","PSS JAYA GADING","","Standalone","","","30 Jun 2018"