"Date Time","Transaction Type","Card Number","Vehicle Number","Driver Card Number","Product Type","Billing Type","Transaction Volume (Litres)","Transaction Amount (RM)","Station Name","Odometer","Card Type","Cost Centre","Cost Centre Name","Statement Month"
"19/06/2018 06:55","Purchase","'70838153003498738","WXR440","","PRIMAX 95","Billed","25.31","55.69","PSS KOTA MASAI 2","","Standalone","","","30 Jun 2018"
"19/06/2018 06:53","Reload","'70838153003498738","WXR440","","","Billed","","-50.00","PSS KOTA MASAI 2","","Standalone","","","30 Jun 2018"
"18/06/2018 14:05","Purchase","'70838153003498738","WXR440","","PRIMAX 97","Billed","32.15","83.60","PSS DESARU","","Standalone","","","30 Jun 2018"
"18/06/2018 14:03","Reload","'70838153003498738","WXR440","","","Billed","","-80.00","PSS DESARU","","Standalone","","","30 Jun 2018"
"01/06/2018 12:09","Purchase","'70838153003498738","WXR440","","PRIMAX 95","Billed","22.31","49.09","PSS KOTA MASAI 2","","Standalone","","","30 Jun 2018"
"01/06/2018 12:06","Reload","'70838153003498738","WXR440","","","Billed","","-50.00","PSS KOTA MASAI 2","","Standalone","","","30 Jun 2018"