"Date Time","Transaction Type","Card Number","Vehicle Number","Driver Card Number","Product Type","Billing Type","Transaction Volume (Litres)","Transaction Amount (RM)","Station Name","Odometer","Card Type","Cost Centre","Cost Centre Name","Statement Month"
"29/06/2018 18:40","Purchase","'70838153003424643","WXR50","","PRIMAX 95","Billed","20.46","45.01","PSS KODIANG","12345","Standalone","","","30 Jun 2018"
"29/06/2018 18:39","Reload","'70838153003424643","WXR50","","","Billed","","-100.00","PSS KODIANG","","Standalone","","","30 Jun 2018"
"23/06/2018 18:43","Purchase","'70838153003424643","WXR50","","PRIMAX 95","Billed","16.82","37.00","PSS MATA AIR","12345","Standalone","","","30 Jun 2018"
"21/06/2018 17:59","Purchase","'70838153003424643","WXR50","","PRIMAX 95","Billed","18.22","40.07","PSS YAN","12345","Standalone","","","30 Jun 2018"
"20/06/2018 17:55","Purchase","'70838153003424643","WXR50","","PRIMAX 95","Billed","14.78","32.51","PSS MATA AIR","12345","Standalone","","","30 Jun 2018"
"17/06/2018 19:31","Purchase","'70838153003424643","WXR50","","PRIMAX 95","Billed","19.82","43.61","PSS KANGAR","12345","Standalone","","","30 Jun 2018"
"14/06/2018 17:10","Purchase","'70838153003424643","WXR50","","PRIMAX 95","Billed","21.37","47.01","PSS MATA AIR","12345","Standalone","","","30 Jun 2018"
"12/06/2018 21:42","Reload","'70838153003424643","WXR50","","","Billed","","-200.00","PSS KANGAR","","Standalone","","","30 Jun 2018"
"10/06/2018 15:54","Purchase","'70838153003424643","WXR50","","PRIMAX 95","Billed","15.91","35.01","PSS MATA AIR","12345","Standalone","","","30 Jun 2018"
"08/06/2018 16:53","Purchase","'70838153003424643","WXR50","","PRIMAX 95","Billed","18.19","40.01","PSS MATA AIR","12345","Standalone","","","30 Jun 2018"
"05/06/2018 20:45","Purchase","'70838153003424643","WXR50","","PRIMAX 95","Billed","15.91","35.01","PSS TMN TENGKU MAHERAN","12345","Standalone","","","30 Jun 2018"
"05/06/2018 20:44","Reload","'70838153003424643","WXR50","","","Billed","","-100.00","PSS TMN TENGKU MAHERAN","","Standalone","","","30 Jun 2018"
"03/06/2018 21:14","Purchase","'70838153003424643","WXR50","","PRIMAX 95","Billed","10.14","22.30","PSS MATA AIR","12345","Standalone","","","30 Jun 2018"
"01/06/2018 16:36","Purchase","'70838153003424643","WXR50","","PRIMAX 95","Billed","16.09","35.40","PSS KANGAR","12345","Standalone","","","30 Jun 2018"