"Date Time","Transaction Type","Card Number","Vehicle Number","Driver Card Number","Product Type","Billing Type","Transaction Volume (Litres)","Transaction Amount (RM)","Station Name","Odometer","Card Type","Cost Centre","Cost Centre Name","Statement Month"
"28/06/2018 14:46","Purchase","'70838153003424684","WXR129","","PRIMAX 95","Billed","22.73","50.00","PSS JLN TENGKU ISMAIL TEMERLOH","123456","Standalone","","","30 Jun 2018"
"28/06/2018 14:45","Reload","'70838153003424684","WXR129","","","Billed","","-50.00","PSS JLN TENGKU ISMAIL TEMERLOH","","Standalone","","","30 Jun 2018"
"26/06/2018 10:55","Purchase","'70838153003424684","WXR129","","PRIMAX 95","Billed","13.64","30.00","PSS TAMAN TUALANG INDAH","123456","Standalone","","","30 Jun 2018"
"26/06/2018 10:53","Reload","'70838153003424684","WXR129","","","Billed","","-30.00","PSS TAMAN TUALANG INDAH","","Standalone","","","30 Jun 2018"
"25/06/2018 11:34","Purchase","'70838153003424684","WXR129","","PRIMAX 95","Billed","13.64","30.00","PSS TAMAN TUALANG INDAH","123456","Standalone","","","30 Jun 2018"
"25/06/2018 11:32","Reload","'70838153003424684","WXR129","","","Billed","","-30.00","PSS TAMAN TUALANG INDAH","","Standalone","","","30 Jun 2018"
"24/06/2018 10:45","Purchase","'70838153003424684","WXR129","","PRIMAX 95","Billed","22.73","50.00","PSS SONGSANG","123456","Standalone","","","30 Jun 2018"
"24/06/2018 10:44","Reload","'70838153003424684","WXR129","","","Billed","","-50.00","PSS SONGSANG","","Standalone","","","30 Jun 2018"
"15/06/2018 06:51","Purchase","'70838153003424684","WXR129","","PRIMAX 95","Billed","51.78","113.91","PSS SONGSANG","123456","Standalone","","","30 Jun 2018"
"12/06/2018 06:58","Purchase","'70838153003424684","WXR129","","PRIMAX 95","Billed","22.73","50.00","PSS GAMBANG RSA WEST","123456","Standalone","","","30 Jun 2018"
"10/06/2018 09:49","Purchase","'70838153003424684","WXR129","","PRIMAX 95","Billed","22.73","50.00","PSS MUKIM BANGAU","123456","Standalone","","","30 Jun 2018"
"10/06/2018 09:06","Reload","'70838153003424684","WXR129","","","Billed","","-200.00","PSS SONGSANG","","Standalone","","","30 Jun 2018"