"Date Time","Transaction Type","Card Number","Vehicle Number","Driver Card Number","Product Type","Billing Type","Transaction Volume (Litres)","Transaction Amount (RM)","Station Name","Odometer","Card Type","Cost Centre","Cost Centre Name","Statement Month"
"23/06/2018 15:02","Purchase","'70838153003579347","WXR1013","","PRIMAX 95","Billed","20.00","44.00","PSS PERSIARAN JAYA","9","Standalone","","","30 Jun 2018"
"23/06/2018 15:01","Reload","'70838153003579347","WXR1013","","","Billed","","-50.00","PSS PERSIARAN JAYA","","Standalone","","","30 Jun 2018"
"19/06/2018 14:13","Purchase","'70838153003579347","WXR1013","","PRIMAX 95","Billed","9.09","20.00","PSS SELAMA","95550","Standalone","","","30 Jun 2018"
"15/06/2018 15:29","Purchase","'70838153003579347","WXR1013","","PRIMAX 95","Billed","20.00","44.00","PSS NIBONG TEBAL SPS","94700","Standalone","","","30 Jun 2018"
"12/06/2018 16:30","Purchase","'70838153003579347","WXR1013","","PRIMAX 95","Billed","34.78","76.52","PSS LEBUHRAYA SILK","95700","Standalone","","","30 Jun 2018"
"12/06/2018 16:29","Reload","'70838153003579347","WXR1013","","","Billed","","-150.00","PSS LEBUHRAYA SILK","","Standalone","","","30 Jun 2018"