"Date Time","Transaction Type","Card Number","Vehicle Number","Driver Card Number","Product Type","Billing Type","Transaction Volume (Litres)","Transaction Amount (RM)","Station Name","Odometer","Card Type","Cost Centre","Cost Centre Name","Statement Month"
"30/06/2018 12:06","Purchase","'70838153003499058","WXR644","","PRIMAX 95","Billed","18.18","40.00","PSS RAWANG TEMPLER","8030","Standalone","","","30 Jun 2018"
"27/06/2018 14:08","Purchase","'70838153003499058","WXR644","","PRIMAX 95","Billed","9.09","20.00","PSS BATU 8 JALAN IPOH","8030","Standalone","","","30 Jun 2018"
"26/06/2018 20:05","Purchase","'70838153003499058","WXR644","","PRIMAX 95","Billed","2.73","6.01","PSS MRR2 BATU CAVES","8030","Standalone","","","30 Jun 2018"
"21/06/2018 15:18","Purchase","'70838153003499058","WXR644","","PRIMAX 95","Billed","13.64","30.00","PSS SUNWAY BATU CAVES","8030","Standalone","","","30 Jun 2018"
"15/06/2018 21:49","Purchase","'70838153003499058","WXR644","","PRIMAX 95","Billed","18.18","40.00","PSS AULONG","8030","Standalone","","","30 Jun 2018"
"15/06/2018 12:30","Purchase","'70838153003499058","WXR644","","PRIMAX 95","Billed","20.59","45.30","PSS RAWANG RSA","8030","Standalone","","","30 Jun 2018"
"15/06/2018 01:16","Reload","'70838153003499058","WXR644","","","Billed","","-210.00","PSS MRR2 BATU CAVES","","Standalone","","","30 Jun 2018"
"01/06/2018 16:51","Purchase","'70838153003499058","WXR644","","PRIMAX 95","Billed","3.18","7.00","PSS MRR2 BATU CAVES","8030","Standalone","","","30 Jun 2018"