"Date Time","Transaction Type","Card Number","Vehicle Number","Driver Card Number","Product Type","Billing Type","Transaction Volume (Litres)","Transaction Amount (RM)","Station Name","Odometer","Card Type","Cost Centre","Cost Centre Name","Statement Month"
"25/06/2018 12:31","Purchase","'70838153003501945","WXR736","","PRIMAX 95","Billed","13.64","30.00","PSS BAKRI 2 MUAR","","Standalone","","","30 Jun 2018"
"23/06/2018 11:38","Purchase","'70838153003501945","WXR736","","PRIMAX 95","Billed","18.18","40.00","PSS BAKRI 2 MUAR","","Standalone","","","30 Jun 2018"
"23/06/2018 11:36","Reload","'70838153003501945","WXR736","","","Billed","","-100.00","PSS BAKRI 2 MUAR","","Standalone","","","30 Jun 2018"
"21/06/2018 16:05","Purchase","'70838153003501945","WXR736","","PRIMAX 95","Billed","13.64","30.00","PSS JASIN","","Standalone","","","30 Jun 2018"
"19/06/2018 10:00","Purchase","'70838153003501945","WXR736","","PRIMAX 95","Billed","22.73","50.00","PSS RAWAT & REHAT (U) SBAN-KL","","Standalone","","","30 Jun 2018"
"19/06/2018 09:59","Reload","'70838153003501945","WXR736","","","Billed","","-100.00","PSS RAWAT & REHAT (U) SBAN-KL","","Standalone","","","30 Jun 2018"
"19/06/2018 09:54","Purchase","'70838153003501945","WXR736","","PRIMAX 95","Billed","0.77","1.69","PSS RAWAT & REHAT (U) SBAN-KL","","Standalone","","","30 Jun 2018"
"18/06/2018 06:43","Purchase","'70838153003501945","WXR736","","PRIMAX 95","Billed","18.18","40.00","PSS BAKRI 2 MUAR","","Standalone","","","30 Jun 2018"
"14/06/2018 08:46","Purchase","'70838153003501945","WXR736","","PRIMAX 95","Billed","18.18","40.00","PSS SUNGAI RAMBAI","","Standalone","","","30 Jun 2018"
"12/06/2018 18:05","Purchase","'70838153003501945","WXR736","","PRIMAX 95","Billed","18.18","40.00","PSS SUNGAI RAMBAI","","Standalone","","","30 Jun 2018"
"08/06/2018 20:24","Purchase","'70838153003501945","WXR736","","PRIMAX 95","Billed","18.18","40.00","PSS MUAR BYPASS","","Standalone","","","30 Jun 2018"
"08/06/2018 20:23","Reload","'70838153003501945","WXR736","","","Billed","","-100.00","PSS MUAR BYPASS","","Standalone","","","30 Jun 2018"
"07/06/2018 08:18","Purchase","'70838153003501945","WXR736","","PRIMAX 95","Billed","18.18","40.00","PSS BAKRI 2 MUAR","","Standalone","","","30 Jun 2018"
"04/06/2018 23:22","Purchase","'70838153003501945","WXR736","","PRIMAX 95","Billed","13.64","30.00","PSS SUNGAI RAMBAI","","Standalone","","","30 Jun 2018"
"01/06/2018 13:54","Purchase","'70838153003501945","WXR736","","PRIMAX 95","Billed","18.18","40.00","PSS MUAR BYPASS","","Standalone","","","30 Jun 2018"
"01/06/2018 13:53","Reload","'70838153003501945","WXR736","","","Billed","","-100.00","PSS MUAR BYPASS","","Standalone","","","30 Jun 2018"