"Date Time","Transaction Type","Card Number","Vehicle Number","Driver Card Number","Product Type","Billing Type","Transaction Volume (Litres)","Transaction Amount (RM)","Station Name","Odometer","Card Type","Cost Centre","Cost Centre Name","Statement Month"
"11/06/2018 11:14","Purchase","'70838153003501283","WXR980","","Diesel","Billed","8.80","19.18","PSS JALAN LIM HOE LEK","","Standalone","","","30 Jun 2018"
"04/06/2018 16:58","Purchase","'70838153003501283","WXR980","","Diesel","Billed","22.94","50.00","PSS BUKIT PELINDUNG","","Standalone","","","30 Jun 2018"
"03/06/2018 18:15","Purchase","'70838153003501283","WXR980","","PRIMAX 95","Billed","13.64","30.00","PSS KUANTAN DAMANSARA","","Standalone","","","30 Jun 2018"
"02/06/2018 08:57","Purchase","'70838153003501283","WXR980","","PRIMAX 95","Billed","36.37","80.01","PSS CHERATING SG KARANG","","Standalone","","","30 Jun 2018"
"02/06/2018 08:56","Reload","'70838153003501283","WXR980","","","Billed","","-100.00","PSS CHERATING SG KARANG","","Standalone","","","30 Jun 2018"