"Date Time","Transaction Type","Card Number","Vehicle Number","Driver Card Number","Product Type","Billing Type","Transaction Volume (Litres)","Transaction Amount (RM)","Station Name","Odometer","Card Type","Cost Centre","Cost Centre Name","Statement Month"
"20/06/2018 15:07","Purchase","'70838153003666771","WXR2017","","PRIMAX 95","Billed","15.00","33.00","PSS GAMBANG RSA WEST","","Standalone","","","30 Jun 2018"
"14/06/2018 21:20","Purchase","'70838153003666771","WXR2017","","PRIMAX 95","Billed","30.00","66.00","PSS MUKIM TOK JAMAL","","Standalone","","","30 Jun 2018"
"14/06/2018 21:18","Reload","'70838153003666771","WXR2017","","","Billed","","-100.00","PSS MUKIM TOK JAMAL","","Standalone","","","30 Jun 2018"
"14/06/2018 09:35","Purchase","'70838153003666771","WXR2017","","PRIMAX 95","Billed","13.64","30.00","PSS GAMBANG RSA EAST","","Standalone","","","30 Jun 2018"
"13/06/2018 18:01","Purchase","'70838153003666771","WXR2017","","PRIMAX 95","Billed","42.13","92.68","PSS KM 2 LDP","","Standalone","","","30 Jun 2018"
"13/06/2018 18:00","Reload","'70838153003666771","WXR2017","","","Billed","","-100.00","PSS KM 2 LDP","","Standalone","","","30 Jun 2018"
"03/06/2018 12:00","Purchase","'70838153003666771","WXR2017","","PRIMAX 95","Billed","20.00","44.00","PSS TMN EQUINE SERI KEMBANGAN","","Standalone","","","30 Jun 2018"
"03/06/2018 11:59","Reload","'70838153003666771","WXR2017","","","Billed","","-50.00","PSS TMN EQUINE SERI KEMBANGAN","","Standalone","","","30 Jun 2018"