"Date Time","Transaction Type","Card Number","Vehicle Number","Driver Card Number","Product Type","Billing Type","Transaction Volume (Litres)","Transaction Amount (RM)","Station Name","Odometer","Card Type","Cost Centre","Cost Centre Name","Statement Month"
"30/06/2018 19:22","Purchase","'70838153003423694","WXR13","","PRIMAX 95","Un-billed","39.94","87.87","PSS ELITE HIGHWAY","","Standalone","","","Unbilled Transaction"
"30/06/2018 19:19","Reload","'70838153003423694","WXR13","","","Un-billed","","-200.00","PSS ELITE HIGHWAY","","Standalone","","","Unbilled Transaction"
"29/06/2018 18:46","Purchase","'70838153003423694","WXR13","","PRIMAX 95","Billed","11.85","26.06","PSS SETAPAK","","Standalone","","","30 Jun 2018"
"27/06/2018 14:00","Purchase","'70838153003423694","WXR13","","PRIMAX 95","Billed","35.64","78.41","PSS ULU BERNAM","","Standalone","","","30 Jun 2018"
"26/06/2018 12:41","Reload","'70838153003423694","WXR13","","","Billed","","-100.00","PSS SIMPANG PULAI LOJING","","Standalone","","","30 Jun 2018"
"26/06/2018 12:40","Purchase","'70838153003423694","WXR13","","PRIMAX 95","Billed","26.58","58.48","PSS SIMPANG PULAI LOJING","","Standalone","","","30 Jun 2018"
"26/06/2018 07:22","Purchase","'70838153003423694","WXR13","","PRIMAX 95","Billed","38.22","84.09","PSS SUNGAI PERAK (U)","","Standalone","","","30 Jun 2018"
"22/06/2018 14:43","Purchase","'70838153003423694","WXR13","","PRIMAX 95","Billed","35.76","78.67","PSS JALAN GOPENG II","","Standalone","","","30 Jun 2018"
"20/06/2018 21:33","Purchase","'70838153003423694","WXR13","","PRIMAX 95","Billed","15.91","35.00","PSS JALAN JELATEK 2","","Standalone","","","30 Jun 2018"
"19/06/2018 21:37","Purchase","'70838153003423694","WXR13","","PRIMAX 95","Billed","23.57","51.85","PSS JALAN JELATEK 2","","Standalone","","","30 Jun 2018"
"19/06/2018 21:36","Reload","'70838153003423694","WXR13","","","Billed","","-150.00","PSS JALAN JELATEK 2","","Standalone","","","30 Jun 2018"
"18/06/2018 19:17","Reload","'70838153003423694","WXR13","","","Billed","","-150.00","PSS KLIA 2","","Standalone","","","30 Jun 2018"
"18/06/2018 19:15","Purchase","'70838153003423694","WXR13","","PRIMAX 95","Billed","33.51","73.72","PSS KLIA 2","","Standalone","","","30 Jun 2018"
"16/06/2018 07:43","Purchase","'70838153003423694","WXR13","","PRIMAX 95","Billed","40.01","88.02","PSS JALAN GOPENG II","","Standalone","","","30 Jun 2018"
"13/06/2018 17:52","Reload","'70838153003423694","WXR13","","","Billed","","-150.00","PSS JALAN JELATEK 2","","Standalone","","","30 Jun 2018"
"13/06/2018 17:51","Purchase","'70838153003423694","WXR13","","PRIMAX 95","Billed","34.40","75.69","PSS JALAN JELATEK 2","","Standalone","","","30 Jun 2018"
"13/06/2018 00:08","Purchase","'70838153003423694","WXR13","","PRIMAX 95","Billed","22.73","50.01","PSS SIMPANG PULAI ARAH SELATAN","","Standalone","","","30 Jun 2018"
"10/06/2018 07:09","Reload","'70838153003423694","WXR13","","","Billed","","-150.00","PSS BATU GAJAH","","Standalone","","","30 Jun 2018"
"10/06/2018 07:06","Purchase","'70838153003423694","WXR13","","PRIMAX 95","Billed","37.51","82.52","PSS BATU GAJAH","","Standalone","","","30 Jun 2018"
"07/06/2018 23:05","Purchase","'70838153003423694","WXR13","","PRIMAX 95","Billed","18.24","40.13","PSS WANGSA MELAWATI","","Standalone","","","30 Jun 2018"
"07/06/2018 07:14","Purchase","'70838153003423694","WXR13","","PRIMAX 95","Billed","38.19","84.01","PSS SIMPANG PULAI ARAH SELATAN","","Standalone","","","30 Jun 2018"
"07/06/2018 07:13","Reload","'70838153003423694","WXR13","","","Billed","","-150.00","PSS SIMPANG PULAI ARAH SELATAN","","Standalone","","","30 Jun 2018"
"05/06/2018 22:50","Purchase","'70838153003423694","WXR13","","PRIMAX 95","Billed","15.91","35.00","PSS JALAN GOPENG I","","Standalone","","","30 Jun 2018"
"03/06/2018 12:14","Purchase","'70838153003423694","WXR13","","PRIMAX 95","Billed","28.18","62.00","PSS BIDOR","","Standalone","","","30 Jun 2018"
"03/06/2018 12:12","Reload","'70838153003423694","WXR13","","","Billed","","-100.00","PSS BIDOR","","Standalone","","","30 Jun 2018"