"Date Time","Transaction Type","Card Number","Vehicle Number","Driver Card Number","Product Type","Billing Type","Transaction Volume (Litres)","Transaction Amount (RM)","Station Name","Odometer","Card Type","Cost Centre","Cost Centre Name","Statement Month"
"26/06/2018 10:04","Purchase","'70838153003713300","WXR 4018","","PRIMAX 95","Billed","33.36","73.40","PSS BT 9 TANJUNG KARANG","","Standalone","","","30 Jun 2018"
"19/06/2018 11:14","Purchase","'70838153003713300","WXR 4018","","PRIMAX 95","Billed","34.73","76.41","PSS KLANG SENTRAL","","Standalone","","","30 Jun 2018"
"13/06/2018 22:20","Purchase","'70838153003713300","WXR 4018","","PRIMAX 95","Billed","28.18","62.00","PSS BT 9 TANJUNG KARANG","","Standalone","","","30 Jun 2018"
"04/06/2018 18:37","Purchase","'70838153003713300","WXR 4018","","PRIMAX 95","Billed","29.33","64.52","PSS BT 9 TANJUNG KARANG","","Standalone","","","30 Jun 2018"
"04/06/2018 18:34","Reload","'70838153003713300","WXR 4018","","","Billed","","-300.00","PSS BT 9 TANJUNG KARANG","","Standalone","","","30 Jun 2018"
"04/06/2018 18:33","Reload","'70838153003713300","WXR 4018","","","Billed","","-100.00","PSS BT 9 TANJUNG KARANG","","Standalone","","","30 Jun 2018"