"Date Time","Transaction Type","Card Number","Vehicle Number","Driver Card Number","Product Type","Billing Type","Transaction Volume (Litres)","Transaction Amount (RM)","Station Name","Odometer","Card Type","Cost Centre","Cost Centre Name","Statement Month"
"26/06/2018 13:50","Purchase","'70838153003498142","WXR416","","PRIMAX 95","Billed","9.09","20.00","PSS JALAN GOPENG II","20","Standalone","","","30 Jun 2018"
"24/06/2018 11:44","Purchase","'70838153003498142","WXR416","","PRIMAX 95","Billed","13.64","30.00","PSS KAMPAR","50","Standalone","","","30 Jun 2018"
"24/06/2018 11:43","Reload","'70838153003498142","WXR416","","","Billed","","-50.00","PSS KAMPAR","","Standalone","","","30 Jun 2018"
"23/06/2018 20:15","Purchase","'70838153003498142","WXR416","","PRIMAX 95","Billed","22.73","50.00","PSS PUTRA PERDANA","50","Standalone","","","30 Jun 2018"
"23/06/2018 20:12","Reload","'70838153003498142","WXR416","","","Billed","","-50.00","PSS PUTRA PERDANA","","Standalone","","","30 Jun 2018"
"23/06/2018 01:37","Purchase","'70838153003498142","WXR416","","PRIMAX 95","Billed","22.73","50.00","PSS SIMPANG PULAI ARAH SELATAN","50","Standalone","","","30 Jun 2018"
"23/06/2018 01:35","Reload","'70838153003498142","WXR416","","","Billed","","-50.00","PSS SIMPANG PULAI ARAH SELATAN","","Standalone","","","30 Jun 2018"
"22/06/2018 16:27","Purchase","'70838153003498142","WXR416","","PRIMAX 95","Billed","9.59","21.10","PSS JALAN GOPENG I","50","Standalone","","","30 Jun 2018"
"20/06/2018 13:31","Purchase","'70838153003498142","WXR416","","PRIMAX 95","Billed","18.55","40.80","PSS BUKIT BARU 1","50","Standalone","","","30 Jun 2018"
"18/06/2018 21:11","Purchase","'70838153003498142","WXR416","","PRIMAX 95","Billed","17.32","38.10","PSS BANDAR BARU NILAI","50","Standalone","","","30 Jun 2018"
"18/06/2018 21:08","Reload","'70838153003498142","WXR416","","","Billed","","-100.00","PSS BANDAR BARU NILAI","","Standalone","","","30 Jun 2018"
"18/06/2018 20:41","Purchase","'70838153003498142","WXR416","","PRIMAX 95","Billed","14.41","31.69","PSS SEK 3 BANDAR BARU BANGI","50","Standalone","","","30 Jun 2018"
"17/06/2018 11:32","Purchase","'70838153003498142","WXR416","","PRIMAX 95","Billed","12.87","28.31","PSS SIMPANG PULAI ARAH SELATAN","50","Standalone","","","30 Jun 2018"
"15/06/2018 20:11","Purchase","'70838153003498142","WXR416","","PRIMAX 95","Billed","31.82","70.00","PSS JALAN GOPENG I","70","Standalone","","","30 Jun 2018"
"13/06/2018 16:06","Purchase","'70838153003498142","WXR416","","PRIMAX 95","Billed","22.73","50.00","PSS JALAN GOPENG I","50","Standalone","","","30 Jun 2018"
"12/06/2018 14:46","Purchase","'70838153003498142","WXR416","","PRIMAX 95","Billed","9.09","20.00","PSS JALAN GOPENG I","20","Standalone","","","30 Jun 2018"
"12/06/2018 14:45","Reload","'70838153003498142","WXR416","","","Billed","","-200.00","PSS JALAN GOPENG I","","Standalone","","","30 Jun 2018"
"11/06/2018 15:08","Purchase","'70838153003498142","WXR416","","PRIMAX 95","Billed","14.85","32.66","PSS TAMAN PENGKALAN UTAMA","30","Standalone","","","30 Jun 2018"
"09/06/2018 08:28","Purchase","'70838153003498142","WXR416","","PRIMAX 95","Billed","22.73","50.00","PSS JALAN GOPENG II","50","Standalone","","","30 Jun 2018"
"09/06/2018 08:26","Reload","'70838153003498142","WXR416","","","Billed","","-50.00","PSS JALAN GOPENG II","","Standalone","","","30 Jun 2018"
"01/06/2018 22:26","Purchase","'70838153003498142","WXR416","","PRIMAX 95","Billed","13.64","30.00","PSS JALAN GOPENG I","50","Standalone","","","30 Jun 2018"
"01/06/2018 22:25","Reload","'70838153003498142","WXR416","","","Billed","","-50.00","PSS JALAN GOPENG I","","Standalone","","","30 Jun 2018"