"Date Time","Transaction Type","Card Number","Vehicle Number","Driver Card Number","Product Type","Billing Type","Transaction Volume (Litres)","Transaction Amount (RM)","Station Name","Odometer","Card Type","Cost Centre","Cost Centre Name","Statement Month"
"30/06/2018 21:43","Purchase","'70838153003697214","WXR 3639","","PRIMAX 95","Billed","22.73","50.00","PSS DESARU","5148","Standalone","","","30 Jun 2018"
"29/06/2018 20:44","Purchase","'70838153003697214","WXR 3639","","PRIMAX 95","Billed","45.45","100.00","PSS MACHAP ARAH SELATAN","5148","Standalone","","","30 Jun 2018"
"29/06/2018 11:41","Purchase","'70838153003697214","WXR 3639","","PRIMAX 95","Billed","45.45","100.00","PSS MACHAP ARAH UTARA","5148","Standalone","","","30 Jun 2018"
"29/06/2018 11:38","Reload","'70838153003697214","WXR 3639","","","Billed","","-300.00","PSS MACHAP ARAH UTARA","","Standalone","","","30 Jun 2018"
"26/06/2018 19:48","Purchase","'70838153003697214","WXR 3639","","PRIMAX 95","Billed","45.45","100.00","PSS TAMAN PERLING","5148","Standalone","","","30 Jun 2018"
"22/06/2018 19:07","Purchase","'70838153003697214","WXR 3639","","PRIMAX 95","Billed","45.45","100.00","PSS TEBRAU 1","5148","Standalone","","","30 Jun 2018"
"22/06/2018 19:04","Reload","'70838153003697214","WXR 3639","","","Billed","","-200.00","PSS TEBRAU 1","","Standalone","","","30 Jun 2018"
"20/06/2018 20:22","Purchase","'70838153003697214","WXR 3639","","PRIMAX 95","Billed","22.73","50.00","PSS INNER RING ROAD","5148","Standalone","","","30 Jun 2018"
"20/06/2018 20:21","Reload","'70838153003697214","WXR 3639","'70838153003697214","","Billed","","-90.00","PSS INNER RING ROAD","","Standalone","","","30 Jun 2018"
"20/06/2018 20:19","Purchase","'70838153003697214","WXR 3639","","PRIMAX 95","Billed","0.39","0.85","PSS INNER RING ROAD","5148","Standalone","","","30 Jun 2018"
"17/06/2018 17:24","Purchase","'70838153003697214","WXR 3639","","PRIMAX 95","Billed","45.47","100.04","PSS TAMAN PERLING","5148","Standalone","","","30 Jun 2018"
"15/06/2018 13:57","Purchase","'70838153003697214","WXR 3639","","PRIMAX 95","Billed","45.46","100.00","PSS LALUAN KEDUA (ARAH SELATAN)","5148","Standalone","","","30 Jun 2018"
"11/06/2018 18:58","Purchase","'70838153003697214","WXR 3639","","PRIMAX 95","Billed","44.70","98.35","PSS INNER RING ROAD","5148","Standalone","","","30 Jun 2018"
"09/06/2018 21:29","Purchase","'70838153003697214","WXR 3639","","PRIMAX 95","Billed","45.45","100.00","PSS JALAN BATU PAHAT KLUANG","5148","Standalone","","","30 Jun 2018"
"08/06/2018 12:15","Purchase","'70838153003697214","WXR 3639","","PRIMAX 95","Billed","45.80","100.76","PSS AIR KEROH RSA SOUTH BOUND","5148","Standalone","","","30 Jun 2018"
"06/06/2018 14:22","Reload","'70838153003697214","WXR 3639","","","Billed","","-500.00","PSS TAMAN PERLING","","Standalone","","","30 Jun 2018"