"Date Time","Transaction Type","Card Number","Vehicle Number","Driver Card Number","Product Type","Billing Type","Transaction Volume (Litres)","Transaction Amount (RM)","Station Name","Odometer","Card Type","Cost Centre","Cost Centre Name","Statement Month"
"30/06/2018 23:05","Purchase","'70838153003711379","WXR 4543","","PRIMAX 97","Billed","19.10","47.76","PSS KUALA KEDAH","","Standalone","","","30 Jun 2018"
"30/06/2018 23:03","Reload","'70838153003711379","WXR 4543","","","Un-billed","","-50.00","PSS KUALA KEDAH","","Standalone","","","Unbilled Transaction"
"29/06/2018 18:58","Purchase","'70838153003711379","WXR 4543","","PRIMAX 97","Billed","10.51","26.28","PSS KUALA KEDAH","","Standalone","","","30 Jun 2018"
"29/06/2018 18:57","Reload","'70838153003711379","WXR 4543","","","Billed","","-30.00","PSS KUALA KEDAH","","Standalone","","","30 Jun 2018"
"27/06/2018 11:51","Purchase","'70838153003711379","WXR 4543","","PRIMAX 97","Billed","8.53","22.08","PSS MERGONG (STESEN SERVICES PETRONAS )","","Standalone","","","30 Jun 2018"
"26/06/2018 12:00","Purchase","'70838153003711379","WXR 4543","","PRIMAX 97","Billed","12.23","31.67","PSS MERGONG (STESEN SERVICES PETRONAS )","","Standalone","","","30 Jun 2018"
"26/06/2018 11:58","Reload","'70838153003711379","WXR 4543","","","Billed","","-50.00","PSS MERGONG (STESEN SERVICES PETRONAS )","","Standalone","","","30 Jun 2018"
"25/06/2018 14:40","Purchase","'70838153003711379","WXR 4543","","PRIMAX 97","Billed","16.23","42.04","PSS KUALA KEDAH","","Standalone","","","30 Jun 2018"
"25/06/2018 14:37","Reload","'70838153003711379","WXR 4543","","","Billed","","-50.00","PSS KUALA KEDAH","","Standalone","","","30 Jun 2018"
"24/06/2018 11:32","Purchase","'70838153003711379","WXR 4543","","PRIMAX 97","Billed","3.87","10.01","PSS KUALA KEDAH","","Standalone","","","30 Jun 2018"
"24/06/2018 11:31","Reload","'70838153003711379","WXR 4543","","","Billed","","-20.00","PSS KUALA KEDAH","","Standalone","","","30 Jun 2018"
"24/06/2018 11:28","Purchase","'70838153003711379","WXR 4543","","PRIMAX 97","Billed","12.31","31.87","PSS KUALA KEDAH","","Standalone","","","30 Jun 2018"
"24/06/2018 11:27","Reload","'70838153003711379","WXR 4543","","","Billed","","-30.00","PSS KUALA KEDAH","","Standalone","","","30 Jun 2018"
"23/06/2018 07:29","Purchase","'70838153003711379","WXR 4543","","PRIMAX 97","Billed","9.66","25.00","PSS MERGONG (STESEN SERVICES PETRONAS )","","Standalone","","","30 Jun 2018"
"22/06/2018 10:22","Purchase","'70838153003711379","WXR 4543","","PRIMAX 97","Billed","8.93","23.13","PSS JALAN SULTANAH SAMBONGAN","","Standalone","","","30 Jun 2018"
"22/06/2018 10:20","Reload","'70838153003711379","WXR 4543","","","Billed","","-50.00","PSS JALAN SULTANAH SAMBONGAN","","Standalone","","","30 Jun 2018"
"20/06/2018 09:58","Purchase","'70838153003711379","WXR 4543","","PRIMAX 97","Billed","1.79","4.64","PSS MERGONG (STESEN SERVICES PETRONAS )","","Standalone","","","30 Jun 2018"
"18/06/2018 20:25","Purchase","'70838153003711379","WXR 4543","","PRIMAX 97","Billed","8.78","22.82","PSS KUALA KEDAH","","Standalone","","","30 Jun 2018"
"17/06/2018 19:38","Purchase","'70838153003711379","WXR 4543","","PRIMAX 97","Billed","12.66","32.92","PSS KUALA KEDAH","","Standalone","","","30 Jun 2018"
"17/06/2018 19:37","Purchase","'70838153003711379","WXR 4543","","PRIMAX 95","Billed","2.96","6.52","PSS KUALA KEDAH","","Standalone","","","30 Jun 2018"
"17/06/2018 19:34","Reload","'70838153003711379","WXR 4543","","","Billed","","-50.00","PSS KUALA KEDAH","","Standalone","","","30 Jun 2018"
"16/06/2018 16:43","Purchase","'70838153003711379","WXR 4543","","PRIMAX 97","Billed","19.23","50.00","PSS KUALA KEDAH","","Standalone","","","30 Jun 2018"
"16/06/2018 16:37","Reload","'70838153003711379","WXR 4543","","","Billed","","-50.00","PSS KUALA KEDAH","","Standalone","","","30 Jun 2018"
"14/06/2018 14:05","Purchase","'70838153003711379","WXR 4543","","PRIMAX 97","Billed","11.57","30.08","PSS KUALA KEDAH","","Standalone","","","30 Jun 2018"
"14/06/2018 14:02","Reload","'70838153003711379","WXR 4543","","","Billed","","-20.00","PSS KUALA KEDAH","","Standalone","","","30 Jun 2018"
"13/06/2018 16:19","Purchase","'70838153003711379","WXR 4543","","PRIMAX 97","Billed","14.29","38.02","PSS KUALA KEDAH","","Standalone","","","30 Jun 2018"
"13/06/2018 16:16","Reload","'70838153003711379","WXR 4543","","","Billed","","-50.00","PSS KUALA KEDAH","","Standalone","","","30 Jun 2018"
"07/06/2018 17:13","Purchase","'70838153003711379","WXR 4543","","PRIMAX 97","Billed","15.04","40.00","PSS MERGONG (STESEN SERVICES PETRONAS )","","Standalone","","","30 Jun 2018"
"07/06/2018 17:11","Reload","'70838153003711379","WXR 4543","","","Billed","","-50.00","PSS MERGONG (STESEN SERVICES PETRONAS )","","Standalone","","","30 Jun 2018"
"06/06/2018 20:40","Purchase","'70838153003711379","WXR 4543","","PRIMAX 97","Billed","14.96","36.94","PSS TAMAN RAKYAT MERGONG","","Standalone","","","30 Jun 2018"
"06/06/2018 20:38","Reload","'70838153003711379","WXR 4543","","","Billed","","-30.00","PSS TAMAN RAKYAT MERGONG","","Standalone","","","30 Jun 2018"
"05/06/2018 15:44","Purchase","'70838153003711379","WXR 4543","","PRIMAX 97","Billed","9.31","23.00","PSS JALAN PEGAWAI","","Standalone","","","30 Jun 2018"
"04/06/2018 17:17","Purchase","'70838153003711379","WXR 4543","","PRIMAX 97","Billed","25.53","63.05","PSS KUALA KEDAH","","Standalone","","","30 Jun 2018"
"04/06/2018 17:16","Reload","'70838153003711379","WXR 4543","","","Billed","","-50.00","PSS KUALA KEDAH","","Standalone","","","30 Jun 2018"
"03/06/2018 16:33","Purchase","'70838153003711379","WXR 4543","","PRIMAX 97","Billed","9.34","23.07","PSS MERGONG (STESEN SERVICES PETRONAS )","","Standalone","","","30 Jun 2018"
"03/06/2018 16:32","Reload","'70838153003711379","WXR 4543","","","Billed","","-50.00","PSS MERGONG (STESEN SERVICES PETRONAS )","","Standalone","","","30 Jun 2018"
"02/06/2018 18:59","Purchase","'70838153003711379","WXR 4543","","PRIMAX 97","Billed","8.10","20.00","PSS KUALA KEDAH","","Standalone","","","30 Jun 2018"
"01/06/2018 16:43","Purchase","'70838153003711379","WXR 4543","","PRIMAX 97","Billed","24.29","60.00","PSS KUALA KEDAH","","Standalone","","","30 Jun 2018"
"01/06/2018 16:41","Reload","'70838153003711379","WXR 4543","","","Billed","","-50.00","PSS KUALA KEDAH","","Standalone","","","30 Jun 2018"
"01/06/2018 09:57","Purchase","'70838153003711379","WXR 4543","","PRIMAX 97","Billed","9.73","24.02","PSS TAMAN PKNK (ALOR MALAI)","","Standalone","","","30 Jun 2018"
"01/06/2018 09:56","Reload","'70838153003711379","WXR 4543","","","Billed","","-50.00","PSS TAMAN PKNK (ALOR MALAI)","","Standalone","","","30 Jun 2018"