"Date Time","Transaction Type","Card Number","Vehicle Number","Driver Card Number","Product Type","Billing Type","Transaction Volume (Litres)","Transaction Amount (RM)","Station Name","Odometer","Card Type","Cost Centre","Cost Centre Name","Statement Month"
"28/06/2018 21:17","Purchase","'70838153003423157","WXR93","","PRIMAX 95","Billed","36.47","80.23","PSS SEK 3 BANDAR BARU BANGI","","Standalone","","","30 Jun 2018"
"20/06/2018 20:28","Purchase","'70838153003423157","WXR93","","PRIMAX 95","Billed","54.44","119.77","PSS RAUB 1","","Standalone","","","30 Jun 2018"
"20/06/2018 20:27","Reload","'70838153003423157","WXR93","","","Billed","","-200.00","PSS RAUB 1","","Standalone","","","30 Jun 2018"
"18/06/2018 13:32","Purchase","'70838153003423157","WXR93","","PRIMAX 95","Billed","50.38","110.84","PSS MUKIM KASA PASIR MAS","","Standalone","","","30 Jun 2018"
"17/06/2018 11:42","Reload","'70838153003423157","WXR93","","","Billed","","-100.00","PSS MUKIM KASA PASIR MAS","","Standalone","","","30 Jun 2018"
"17/06/2018 11:41","Purchase","'70838153003423157","WXR93","","PRIMAX 95","Billed","31.43","69.14","PSS MUKIM KASA PASIR MAS","","Standalone","","","30 Jun 2018"
"13/06/2018 12:26","Purchase","'70838153003423157","WXR93","","PRIMAX 95","Billed","34.10","75.02","PSS JALAN TRAS BENTONG","","Standalone","","","30 Jun 2018"
"13/06/2018 12:25","Reload","'70838153003423157","WXR93","","","Billed","","-150.00","PSS JALAN TRAS BENTONG","","Standalone","","","30 Jun 2018"
"09/06/2018 15:01","Purchase","'70838153003423157","WXR93","","PRIMAX 95","Billed","45.46","100.00","PSS SEK 3 BANDAR BARU BANGI","","Standalone","","","30 Jun 2018"
"09/06/2018 14:56","Reload","'70838153003423157","WXR93","","","Billed","","-100.00","PSS SEK 3 BANDAR BARU BANGI","","Standalone","","","30 Jun 2018"
"04/06/2018 16:11","Purchase","'70838153003423157","WXR93","","PRIMAX 95","Billed","33.46","73.60","PSS SEK 3 BANDAR BARU BANGI","","Standalone","","","30 Jun 2018"