"Date Time","Transaction Type","Card Number","Vehicle Number","Driver Card Number","Product Type","Billing Type","Transaction Volume (Litres)","Transaction Amount (RM)","Station Name","Odometer","Card Type","Cost Centre","Cost Centre Name","Statement Month"
"25/06/2018 04:30","Purchase","'70838153003424866","WXR202","","PRIMAX 97","Billed","38.61","100.00","PSS BUKIT ANTARABANGSA","","Standalone","","","30 Jun 2018"
"25/06/2018 02:40","Reload","'70838153003424866","WXR202","","","Billed","","-100.00","PSS LT911 ULU KLANG MRR2","","Standalone","","","30 Jun 2018"
"24/06/2018 04:48","Purchase","'70838153003424866","WXR202","","PRIMAX 97","Billed","15.44","39.99","PSS BUKIT ANTARABANGSA","","Standalone","","","30 Jun 2018"
"24/06/2018 04:19","Purchase","'70838153003424866","WXR202","","PRIMAX 95","Billed","27.28","60.01","PSS BUKIT ANTARABANGSA","","Standalone","","","30 Jun 2018"
"24/06/2018 02:44","Reload","'70838153003424866","WXR202","","","Billed","","-100.00","PSS LT911 ULU KLANG MRR2","","Standalone","","","30 Jun 2018"
"21/06/2018 18:01","Purchase","'70838153003424866","WXR202","","PRIMAX 97","Billed","9.92","25.70","PSS BUKIT ANTARABANGSA","","Standalone","","","30 Jun 2018"
"21/06/2018 17:55","Reload","'70838153003424866","WXR202","","","Billed","","-20.00","PSS BUKIT ANTARABANGSA","","Standalone","","","30 Jun 2018"
"19/06/2018 13:07","Purchase","'70838153003424866","WXR202","","PRIMAX 97","Billed","19.23","50.00","PSS BUKIT ANTARABANGSA","","Standalone","","","30 Jun 2018"
"19/06/2018 13:06","Reload","'70838153003424866","WXR202","","","Billed","","-50.00","PSS BUKIT ANTARABANGSA","","Standalone","","","30 Jun 2018"
"17/06/2018 16:22","Purchase","'70838153003424866","WXR202","","PRIMAX 95","Billed","31.65","69.63","PSS HULU KELANG","","Standalone","","","30 Jun 2018"
"17/06/2018 16:20","Reload","'70838153003424866","WXR202","","","Billed","","-60.00","PSS HULU KELANG","","Standalone","","","30 Jun 2018"
"13/06/2018 17:25","Purchase","'70838153003424866","WXR202","","PRIMAX 97","Billed","15.04","40.00","PSS LT911 ULU KLANG MRR2","","Standalone","","","30 Jun 2018"
"13/06/2018 17:23","Reload","'70838153003424866","WXR202","","","Billed","","-50.00","PSS LT911 ULU KLANG MRR2","","Standalone","","","30 Jun 2018"
"12/06/2018 07:22","Purchase","'70838153003424866","WXR202","","PRIMAX 97","Billed","5.64","15.00","PSS BUKIT ANTARABANGSA","","Standalone","","","30 Jun 2018"
"11/06/2018 15:21","Purchase","'70838153003424866","WXR202","","PRIMAX 97","Billed","11.28","30.00","PSS BUKIT ANTARABANGSA","","Standalone","","","30 Jun 2018"
"09/06/2018 10:34","Purchase","'70838153003424866","WXR202","","PRIMAX 97","Billed","22.56","60.00","PSS BUKIT ANTARABANGSA","","Standalone","","","30 Jun 2018"
"07/06/2018 17:36","Purchase","'70838153003424866","WXR202","","PRIMAX 97","Billed","11.28","30.00","PSS BUKIT ANTARABANGSA","","Standalone","","","30 Jun 2018"
"05/06/2018 22:16","Purchase","'70838153003424866","WXR202","","PRIMAX 97","Billed","15.38","38.00","PSS BUKIT ANTARABANGSA","","Standalone","","","30 Jun 2018"
"05/06/2018 22:11","Reload","'70838153003424866","WXR202","","","Billed","","-50.00","PSS BUKIT ANTARABANGSA","","Standalone","","","30 Jun 2018"
"04/06/2018 01:32","Purchase","'70838153003424866","WXR202","","PRIMAX 95","Billed","26.82","59.00","PSS LT911 ULU KLANG MRR2","","Standalone","","","30 Jun 2018"
"04/06/2018 01:30","Reload","'70838153003424866","WXR202","","","Billed","","-80.00","PSS LT911 ULU KLANG MRR2","","Standalone","","","30 Jun 2018"
"03/06/2018 18:46","Purchase","'70838153003424866","WXR202","","PRIMAX 97","Billed","24.29","60.00","PSS BUKIT ANTARABANGSA","","Standalone","","","30 Jun 2018"
"02/06/2018 18:40","Purchase","'70838153003424866","WXR202","","PRIMAX 97","Billed","19.03","47.00","PSS BUKIT ANTARABANGSA","","Standalone","","","30 Jun 2018"
"01/06/2018 22:51","Reload","'70838153003424866","WXR202","","","Billed","","-100.00","PSS BUKIT ANTARABANGSA","","Standalone","","","30 Jun 2018"
"01/06/2018 22:50","Purchase","'70838153003424866","WXR202","","PRIMAX 97","Billed","19.05","47.05","PSS BUKIT ANTARABANGSA","","Standalone","","","30 Jun 2018"