"Date Time","Transaction Type","Card Number","Vehicle Number","Driver Card Number","Product Type","Billing Type","Transaction Volume (Litres)","Transaction Amount (RM)","Station Name","Odometer","Card Type","Cost Centre","Cost Centre Name","Statement Month"
"24/06/2018 21:59","Purchase","'70838153003496104","WXR350","","PRIMAX 95","Billed","23.55","51.80","PSS JALAN GAMBANG","","Standalone","","","30 Jun 2018"
"23/06/2018 09:49","Purchase","'70838153003496104","WXR350","","PRIMAX 95","Billed","44.64","98.20","PSS KM 16 JALAN GAMBANG","","Standalone","","","30 Jun 2018"
"23/06/2018 09:47","Reload","'70838153003496104","WXR350","","","Billed","","-150.00","PSS KM 16 JALAN GAMBANG","","Standalone","","","30 Jun 2018"
"19/06/2018 02:26","Purchase","'70838153003496104","WXR350","","PRIMAX 95","Billed","13.41","29.50","PSS GAMBANG RSA EAST","","Standalone","","","30 Jun 2018"
"18/06/2018 23:32","Purchase","'70838153003496104","WXR350","","PRIMAX 95","Billed","9.09","20.00","PSS SUBANG AIRPORT","","Standalone","","","30 Jun 2018"
"18/06/2018 15:45","Purchase","'70838153003496104","WXR350","","PRIMAX 95","Billed","45.68","100.50","PSS TASEK","","Standalone","","","30 Jun 2018"
"18/06/2018 15:43","Reload","'70838153003496104","WXR350","","","Billed","","-150.00","PSS TASEK","","Standalone","","","30 Jun 2018"
"14/06/2018 23:21","Purchase","'70838153003496104","WXR350","","PRIMAX 95","Billed","36.80","80.95","PSS TAPAH ARAH UTARA","","Standalone","","","30 Jun 2018"
"14/06/2018 12:38","Purchase","'70838153003496104","WXR350","","PRIMAX 95","Billed","22.73","50.00","PSS KM 16 JALAN GAMBANG","","Standalone","","","30 Jun 2018"
"14/06/2018 12:34","Purchase","'70838153003496104","WXR350","","PRIMAX 95","Billed","42.75","94.05","PSS KM 16 JALAN GAMBANG","","Standalone","","","30 Jun 2018"
"14/06/2018 12:25","Reload","'70838153003496104","WXR350","","","Billed","","-200.00","PSS JAYA GADING","","Standalone","","","30 Jun 2018"
"06/06/2018 15:13","Purchase","'70838153003496104","WXR350","","PRIMAX 95","Billed","22.73","50.00","PSS KM 4 JALAN GAMBANG","","Standalone","","","30 Jun 2018"
"06/06/2018 15:12","Reload","'70838153003496104","WXR350","","","Billed","","-50.00","PSS KM 4 JALAN GAMBANG","","Standalone","","","30 Jun 2018"
"04/06/2018 15:01","Purchase","'70838153003496104","WXR350","","PRIMAX 95","Billed","13.64","30.00","PSS JAYA GADING","","Standalone","","","30 Jun 2018"
"04/06/2018 14:59","Reload","'70838153003496104","WXR350","","","Billed","","-50.00","PSS JAYA GADING","","Standalone","","","30 Jun 2018"
"01/06/2018 15:54","Purchase","'70838153003496104","WXR350","","PRIMAX 95","Billed","26.94","59.26","PSS KUANTAN PUTRI","","Standalone","","","30 Jun 2018"