"Date Time","Transaction Type","Card Number","Vehicle Number","Driver Card Number","Product Type","Billing Type","Transaction Volume (Litres)","Transaction Amount (RM)","Station Name","Odometer","Card Type","Cost Centre","Cost Centre Name","Statement Month"
"28/06/2018 08:36","Purchase","'70838153003498837","WXR895","","PRIMAX 95","Billed","22.73","50.00","PSS GUNUNG LANG","240078","Standalone","","","30 Jun 2018"
"27/06/2018 10:32","Purchase","'70838153003498837","WXR895","","PRIMAX 95","Billed","22.73","50.00","PSS TASEK","239905","Standalone","","","30 Jun 2018"
"25/06/2018 12:58","Purchase","'70838153003498837","WXR895","","PRIMAX 95","Billed","22.73","50.00","PSS TASEK","239668","Standalone","","","30 Jun 2018"
"25/06/2018 12:57","Reload","'70838153003498837","WXR895","","","Billed","","-200.00","PSS TASEK","","Standalone","","","30 Jun 2018"
"25/06/2018 12:53","Purchase","'70838153003498837","WXR895","","PRIMAX 95","Billed","6.82","15.00","PSS TASEK","239668","Standalone","","","30 Jun 2018"
"23/06/2018 14:59","Purchase","'70838153003498837","WXR895","","PRIMAX 95","Billed","22.73","50.00","PSS TASEK","239276","Standalone","","","30 Jun 2018"
"21/06/2018 10:57","Purchase","'70838153003498837","WXR895","","PRIMAX 95","Billed","31.82","70.00","PSS BANDAR BARU NILAI","238945","Standalone","","","30 Jun 2018"
"19/06/2018 18:21","Purchase","'70838153003498837","WXR895","","PRIMAX 95","Billed","31.82","70.00","PSS TASEK","238503","Standalone","","","30 Jun 2018"
"17/06/2018 12:27","Reload","'70838153003498837","WXR895","","","Billed","","-200.00","PSS JALAN SULTAN AZLAN SHAH","","Standalone","","","30 Jun 2018"
"17/06/2018 12:22","Purchase","'70838153003498837","WXR895","","PRIMAX 95","Billed","22.73","50.00","PSS JALAN SULTAN AZLAN SHAH","238378","Standalone","","","30 Jun 2018"
"13/06/2018 13:35","Purchase","'70838153003498837","WXR895","","PRIMAX 95","Billed","22.73","50.00","PSS BANDAR MERU RAYA","237998","Standalone","","","30 Jun 2018"
"12/06/2018 09:54","Purchase","'70838153003498837","WXR895","","PRIMAX 95","Billed","22.73","50.00","PSS TASEK","237771","Standalone","","","30 Jun 2018"
"12/06/2018 09:52","Reload","'70838153003498837","WXR895","","","Billed","","-150.00","PSS TASEK","","Standalone","","","30 Jun 2018"
"10/06/2018 14:22","Purchase","'70838153003498837","WXR895","","PRIMAX 95","Billed","22.73","50.00","PSS GUNUNG LANG","237514","Standalone","","","30 Jun 2018"
"07/06/2018 16:38","Purchase","'70838153003498837","WXR895","","PRIMAX 95","Billed","22.73","50.00","PSS TASEK","237308","Standalone","","","30 Jun 2018"
"06/06/2018 16:45","Purchase","'70838153003498837","WXR895","","PRIMAX 95","Billed","22.73","50.00","PSS TASEK","237232","Standalone","","","30 Jun 2018"
"04/06/2018 10:41","Purchase","'70838153003498837","WXR895","","PRIMAX 95","Billed","22.73","50.00","PSS TASEK","237055","Standalone","","","30 Jun 2018"
"04/06/2018 10:40","Reload","'70838153003498837","WXR895","","","Billed","","-200.00","PSS TASEK","","Standalone","","","30 Jun 2018"
"04/06/2018 10:38","Purchase","'70838153003498837","WXR895","","PRIMAX 95","Billed","4.00","8.79","PSS TASEK","237055","Standalone","","","30 Jun 2018"
"01/06/2018 10:40","Purchase","'70838153003498837","WXR895","","PRIMAX 95","Billed","22.73","50.00","PSS GUNUNG LANG","236867","Standalone","","","30 Jun 2018"