"Date Time","Transaction Type","Card Number","Vehicle Number","Driver Card Number","Product Type","Billing Type","Transaction Volume (Litres)","Transaction Amount (RM)","Station Name","Odometer","Card Type","Cost Centre","Cost Centre Name","Statement Month"
"30/06/2018 20:17","Purchase","'70838153003500947","WXR969","","PRIMAX 95","Un-billed","31.82","70.00","PSS LUBUK CHINA","","Standalone","","","Unbilled Transaction"
"30/06/2018 20:16","Reload","'70838153003500947","WXR969","","","Un-billed","","-150.00","PSS LUBUK CHINA","","Standalone","","","Unbilled Transaction"
"29/06/2018 18:39","Purchase","'70838153003500947","WXR969","","PRIMAX 95","Billed","36.33","79.92","PSS MASJID TANAH","","Standalone","","","30 Jun 2018"
"22/06/2018 22:37","Purchase","'70838153003500947","WXR969","","PRIMAX 95","Billed","34.07","74.95","PSS MASJID TANAH","","Standalone","","","30 Jun 2018"
"21/06/2018 14:03","Purchase","'70838153003500947","WXR969","","PRIMAX 95","Billed","29.60","65.11","PSS PEKAN BANDAR DIRAJA","","Standalone","","","30 Jun 2018"
"16/06/2018 22:31","Purchase","'70838153003500947","WXR969","","PRIMAX 95","Billed","29.59","65.10","PSS LUBUK CHINA","","Standalone","","","30 Jun 2018"
"13/06/2018 17:16","Purchase","'70838153003500947","WXR969","","PRIMAX 95","Billed","27.27","60.00","PSS JALAN KUANTAN SG LEMBING","","Standalone","","","30 Jun 2018"
"11/06/2018 19:05","Purchase","'70838153003500947","WXR969","","PRIMAX 95","Billed","12.42","27.33","PSS LUBUK CHINA","","Standalone","","","30 Jun 2018"
"11/06/2018 18:50","Reload","'70838153003500947","WXR969","","","Billed","","-300.00","PSS LUBUK CHINA","","Standalone","","","30 Jun 2018"
"11/06/2018 18:46","Purchase","'70838153003500947","WXR969","","PRIMAX 95","Billed","23.60","51.92","PSS LUBUK CHINA","","Standalone","","","30 Jun 2018"
"09/06/2018 00:19","Purchase","'70838153003500947","WXR969","","PRIMAX 95","Billed","22.73","50.00","PSS MASJID TANAH","","Standalone","","","30 Jun 2018"
"06/06/2018 15:05","Purchase","'70838153003500947","WXR969","","PRIMAX 95","Billed","31.82","70.00","PSS MASJID TANAH","","Standalone","","","30 Jun 2018"
"02/06/2018 21:58","Purchase","'70838153003500947","WXR969","","PRIMAX 95","Billed","27.27","60.00","PSS LUBUK CHINA","","Standalone","","","30 Jun 2018"