"Date Time","Transaction Type","Card Number","Vehicle Number","Driver Card Number","Product Type","Billing Type","Transaction Volume (Litres)","Transaction Amount (RM)","Station Name","Odometer","Card Type","Cost Centre","Cost Centre Name","Statement Month"
"29/06/2018 20:45","Purchase","'70838153003497227","WXR390","","PRIMAX 97","Billed","27.59","68.98","PSS ARA DAMANSARA","137700","Standalone","","","30 Jun 2018"
"29/06/2018 20:43","Reload","'70838153003497227","WXR390","","","Billed","","-100.00","PSS ARA DAMANSARA","","Standalone","","","30 Jun 2018"
"24/06/2018 22:02","Purchase","'70838153003497227","WXR390","","PRIMAX 97","Billed","27.03","70.01","PSS RAWAT & REHAT (U) SBAN-KL","137300","Standalone","","","30 Jun 2018"
"24/06/2018 22:00","Reload","'70838153003497227","WXR390","","","Billed","","-50.00","PSS RAWAT & REHAT (U) SBAN-KL","","Standalone","","","30 Jun 2018"
"22/06/2018 21:14","Purchase","'70838153003497227","WXR390","","PRIMAX 97","Billed","34.57","89.53","PSS ARA DAMANSARA","137041","Standalone","","","30 Jun 2018"
"22/06/2018 21:12","Reload","'70838153003497227","WXR390","","","Billed","","-50.00","PSS ARA DAMANSARA","","Standalone","","","30 Jun 2018"
"18/06/2018 14:30","Purchase","'70838153003497227","WXR390","","PRIMAX 95","Billed","18.20","40.04","PSS JALAN BATU PAHAT KLUANG","136512","Standalone","","","30 Jun 2018"
"17/06/2018 08:29","Purchase","'70838153003497227","WXR390","","PRIMAX 97","Billed","21.74","56.53","PSS JALAN BATU PAHAT KLUANG","135400","Standalone","","","30 Jun 2018"
"17/06/2018 08:28","Reload","'70838153003497227","WXR390","","","Billed","","-100.00","PSS JALAN BATU PAHAT KLUANG","","Standalone","","","30 Jun 2018"
"15/06/2018 12:25","Purchase","'70838153003497227","WXR390","","PRIMAX 97","Billed","25.01","65.03","PSS BANDAR BARU AIR HITAM","135745","Standalone","","","30 Jun 2018"
"15/06/2018 12:21","Reload","'70838153003497227","WXR390","","","Billed","","-100.00","PSS BANDAR BARU AIR HITAM","","Standalone","","","30 Jun 2018"
"13/06/2018 15:05","Purchase","'70838153003497227","WXR390","","PRIMAX 97","Billed","27.25","72.49","PSS ARA DAMANSARA","131419","Standalone","","","30 Jun 2018"
"13/06/2018 15:04","Reload","'70838153003497227","WXR390","","","Billed","","-100.00","PSS ARA DAMANSARA","","Standalone","","","30 Jun 2018"
"08/06/2018 10:10","Purchase","'70838153003497227","WXR390","","PRIMAX 97","Billed","28.21","75.03","PSS ARA DAMANSARA","143211","Standalone","","","30 Jun 2018"
"08/06/2018 10:05","Reload","'70838153003497227","WXR390","","","Billed","","-50.00","PSS ARA DAMANSARA","","Standalone","","","30 Jun 2018"