"Date Time","Transaction Type","Card Number","Vehicle Number","Driver Card Number","Product Type","Billing Type","Transaction Volume (Litres)","Transaction Amount (RM)","Station Name","Odometer","Card Type","Cost Centre","Cost Centre Name","Statement Month"
"28/06/2018 07:54","Purchase","'70838153003498985","WXR639","","PRIMAX 95","Billed","22.73","50.00","PSS TAMAN WILAYAH","198221","Standalone","","","30 Jun 2018"
"28/06/2018 07:52","Reload","'70838153003498985","WXR639","","","Billed","","-50.00","PSS TAMAN WILAYAH","","Standalone","","","30 Jun 2018"
"25/06/2018 12:52","Purchase","'70838153003498985","WXR639","","PRIMAX 95","Billed","27.27","60.00","PSS TAMAN WILAYAH","198059","Standalone","","","30 Jun 2018"
"25/06/2018 12:49","Reload","'70838153003498985","WXR639","","","Billed","","-50.00","PSS TAMAN WILAYAH","","Standalone","","","30 Jun 2018"
"19/06/2018 14:40","Purchase","'70838153003498985","WXR639","","PRIMAX 95","Billed","22.73","50.00","PSS KEPONG INDAH","197894","Standalone","","","30 Jun 2018"
"19/06/2018 14:39","Reload","'70838153003498985","WXR639","","","Billed","","-50.00","PSS KEPONG INDAH","","Standalone","","","30 Jun 2018"