"Date Time","Transaction Type","Card Number","Vehicle Number","Driver Card Number","Product Type","Billing Type","Transaction Volume (Litres)","Transaction Amount (RM)","Station Name","Odometer","Card Type","Cost Centre","Cost Centre Name","Statement Month"
"29/06/2018 20:28","Purchase","'70838153003666979","WXR2025","","Diesel","Billed","81.66","178.02","PSS RAWAT & REHAT (U) SBAN-KL","86488","Standalone","","","30 Jun 2018"
"28/06/2018 09:33","Purchase","'70838153003666979","WXR2025","","Diesel","Billed","64.22","140.00","PSS ELITE LAYBY","85978","Standalone","","","30 Jun 2018"
"27/06/2018 11:43","Purchase","'70838153003666979","WXR2025","","Diesel","Billed","45.87","100.00","PSS HULU KELANG","85733","Standalone","","","30 Jun 2018"
"26/06/2018 15:09","Purchase","'70838153003666979","WXR2025","","Diesel","Billed","75.70","165.03","PSS CHANGKAT CERMIN","85173","Standalone","","","30 Jun 2018"
"25/06/2018 11:32","Purchase","'70838153003666979","WXR2025","","Diesel","Billed","18.22","39.73","PSS MATAHARI HEIGHTS","84587","Standalone","","","30 Jun 2018"
"25/06/2018 11:32","Purchase","'70838153003666979","WXR2025","","Diesel","Un-billed","18.22","39.73","PSS MATAHARI HEIGHTS","84587","Standalone","","","Unbilled Transaction"
"24/06/2018 16:47","Purchase","'70838153003666979","WXR2025","","Diesel","Billed","68.93","150.27","PSS CHANGLOON","83937","Standalone","","","30 Jun 2018"
"23/06/2018 20:21","Purchase","'70838153003666979","WXR2025","","Diesel","Billed","64.22","140.00","PSS RAWANG RSA","83331","Standalone","","","30 Jun 2018"
"23/06/2018 15:02","Reload","'70838153003666979","WXR2025","","","Billed","","-1,000.00","PSS MATAHARI HEIGHTS","","Standalone","","","30 Jun 2018"
"21/06/2018 09:33","Purchase","'70838153003666979","WXR2025","","Diesel","Billed","45.69","99.59","PSS DURIAN MAS DUNGUN","82159","Standalone","","","30 Jun 2018"
"11/06/2018 19:26","Purchase","'70838153003666979","WXR2025","","Diesel","Billed","45.87","100.00","PSS LATAR 1 (KLS ARAH KUALA SEL)","81378","Standalone","","","30 Jun 2018"
"10/06/2018 22:08","Purchase","'70838153003666979","WXR2025","","Diesel","Billed","71.11","155.01","PSS GERIK","80851","Standalone","","","30 Jun 2018"
"10/06/2018 22:06","Reload","'70838153003666979","WXR2025","","","Billed","","-200.00","PSS GERIK","","Standalone","","","30 Jun 2018"
"09/06/2018 12:06","Purchase","'70838153003666979","WXR2025","","Diesel","Billed","82.11","179.00","PSS KOTA TINGGI BYPASS","79527","Standalone","","","30 Jun 2018"
"08/06/2018 20:57","Purchase","'70838153003666979","WXR2025","","Diesel","Billed","79.82","174.00","PSS RAWAT & REHAT (U) SBAN-KL","78906","Standalone","","","30 Jun 2018"
"07/06/2018 10:11","Purchase","'70838153003666979","WXR2025","","Diesel","Billed","81.84","178.40","PSS BATU ANAM","78188","Standalone","","","30 Jun 2018"
"06/06/2018 12:59","Purchase","'70838153003666979","WXR2025","","Diesel","Billed","68.81","150.00","PSS MRR2 BATU CAVES","77603","Standalone","","","30 Jun 2018"
"06/06/2018 10:04","Reload","'70838153003666979","WXR2025","","","Billed","","-470.00","PSS RAWAT & REHAT (U) SBAN-KL","","Standalone","","","30 Jun 2018"
"05/06/2018 22:27","Purchase","'70838153003666979","WXR2025","","Diesel","Billed","55.05","120.00","PSS TELOK GADING","77669","Standalone","","","30 Jun 2018"
"04/06/2018 02:44","Purchase","'70838153003666979","WXR2025","","Diesel","Billed","77.52","169.00","PSS KM 305 PLUS ARAH SELATAN","76715","Standalone","","","30 Jun 2018"
"03/06/2018 13:07","Purchase","'70838153003666979","WXR2025","","Diesel","Billed","82.57","180.00","PSS JALAN BAYAM","76138","Standalone","","","30 Jun 2018"
"02/06/2018 19:33","Purchase","'70838153003666979","WXR2025","","Diesel","Billed","75.69","165.00","PSS KL-KARAK","75602","Standalone","","","30 Jun 2018"