"Date Time","Transaction Type","Card Number","Vehicle Number","Driver Card Number","Product Type","Billing Type","Transaction Volume (Litres)","Transaction Amount (RM)","Station Name","Odometer","Card Type","Cost Centre","Cost Centre Name","Statement Month"
"30/06/2018 19:09","Purchase","'70838153003667084","WXR2034","","PRIMAX 95","Un-billed","22.73","50.00","PSS GLENMARIE TTDI JAYA","","Standalone","","","Unbilled Transaction"
"30/06/2018 19:09","Reload","'70838153003667084","WXR2034","","","Un-billed","","-50.00","PSS GLENMARIE TTDI JAYA","","Standalone","","","Unbilled Transaction"
"29/06/2018 10:44","Purchase","'70838153003667084","WXR2034","","Diesel","Billed","22.94","50.00","PSS TAMAN MELATI","","Standalone","","","30 Jun 2018"
"29/06/2018 10:41","Reload","'70838153003667084","WXR2034","","","Billed","","-50.00","PSS TAMAN MELATI","","Standalone","","","30 Jun 2018"
"27/06/2018 09:06","Purchase","'70838153003667084","WXR2034","","PRIMAX 95","Billed","22.73","50.00","PSS TAMAN SETIAWANGSA","50","Standalone","","","30 Jun 2018"
"27/06/2018 09:05","Reload","'70838153003667084","WXR2034","","","Billed","","-50.00","PSS TAMAN SETIAWANGSA","","Standalone","","","30 Jun 2018"
"25/06/2018 10:08","Purchase","'70838153003667084","WXR2034","","Diesel","Billed","9.17","20.00","PSS TAMAN SETIAWANGSA","","Standalone","","","30 Jun 2018"
"25/06/2018 10:06","Reload","'70838153003667084","WXR2034","","","Billed","","-20.00","PSS TAMAN SETIAWANGSA","","Standalone","","","30 Jun 2018"
"21/06/2018 10:51","Purchase","'70838153003667084","WXR2034","","PRIMAX 95","Billed","40.91","90.00","PSS TAMAN SETIAWANGSA","","Standalone","","","30 Jun 2018"
"21/06/2018 10:50","Reload","'70838153003667084","WXR2034","","","Billed","","-80.00","PSS TAMAN SETIAWANGSA","","Standalone","","","30 Jun 2018"
"20/06/2018 19:25","Purchase","'70838153003667084","WXR2034","","PRIMAX 95","Billed","9.09","20.00","PSS HULU KELANG","","Standalone","","","30 Jun 2018"
"20/06/2018 19:24","Reload","'70838153003667084","WXR2034","","","Billed","","-20.00","PSS HULU KELANG","","Standalone","","","30 Jun 2018"
"19/06/2018 16:05","Purchase","'70838153003667084","WXR2034","","Diesel","Billed","13.76","30.00","PSS TAMAN SETIAWANGSA","","Standalone","","","30 Jun 2018"
"19/06/2018 16:03","Reload","'70838153003667084","WXR2034","","","Billed","","-30.00","PSS TAMAN SETIAWANGSA","","Standalone","","","30 Jun 2018"
"18/06/2018 09:19","Purchase","'70838153003667084","WXR2034","","PRIMAX 95","Billed","9.09","20.00","PSS JALAN JELATEK 2","","Standalone","","","30 Jun 2018"
"18/06/2018 09:18","Reload","'70838153003667084","WXR2034","","","Billed","","-20.00","PSS JALAN JELATEK 2","","Standalone","","","30 Jun 2018"
"15/06/2018 10:34","Purchase","'70838153003667084","WXR2034","","PRIMAX 95","Billed","22.73","50.00","PSS TAMAN MELATI","","Standalone","","","30 Jun 2018"
"15/06/2018 10:30","Reload","'70838153003667084","WXR2034","","","Billed","","-50.00","PSS TAMAN MELATI","","Standalone","","","30 Jun 2018"
"11/06/2018 16:33","Purchase","'70838153003667084","WXR2034","","PRIMAX 95","Billed","9.09","20.00","PSS TAMAN SETIAWANGSA","","Standalone","","","30 Jun 2018"
"11/06/2018 16:32","Reload","'70838153003667084","WXR2034","","","Billed","","-20.00","PSS TAMAN SETIAWANGSA","","Standalone","","","30 Jun 2018"
"11/06/2018 14:22","Purchase","'70838153003667084","WXR2034","","Diesel","Billed","18.35","40.00","PSS JALAN BESAR SERDANG","","Standalone","","","30 Jun 2018"
"11/06/2018 14:21","Reload","'70838153003667084","WXR2034","","","Billed","","-40.00","PSS JALAN BESAR SERDANG","","Standalone","","","30 Jun 2018"
"11/06/2018 10:33","Purchase","'70838153003667084","WXR2034","","Diesel","Billed","9.17","20.00","PSS KM5.75 PENCHALA LINK","","Standalone","","","30 Jun 2018"
"11/06/2018 10:31","Reload","'70838153003667084","WXR2034","","","Billed","","-20.00","PSS KM5.75 PENCHALA LINK","","Standalone","","","30 Jun 2018"
"10/06/2018 20:19","Purchase","'70838153003667084","WXR2034","","Diesel","Billed","18.35","40.00","PSS TAMAN SETIAWANGSA","","Standalone","","","30 Jun 2018"
"10/06/2018 20:18","Reload","'70838153003667084","WXR2034","","","Billed","","-40.00","PSS TAMAN SETIAWANGSA","","Standalone","","","30 Jun 2018"
"08/06/2018 10:05","Purchase","'70838153003667084","WXR2034","","PRIMAX 95","Billed","22.73","50.00","PSS TAMAN SETIAWANGSA","","Standalone","","","30 Jun 2018"
"08/06/2018 10:04","Reload","'70838153003667084","WXR2034","","","Billed","","-50.00","PSS TAMAN SETIAWANGSA","","Standalone","","","30 Jun 2018"
"06/06/2018 13:44","Purchase","'70838153003667084","WXR2034","","Diesel","Billed","4.59","10.00","PSS TAMAN SETIAWANGSA","","Standalone","","","30 Jun 2018"
"06/06/2018 13:41","Reload","'70838153003667084","WXR2034","","","Billed","","-10.00","PSS TAMAN SETIAWANGSA","","Standalone","","","30 Jun 2018"
"04/06/2018 21:11","Purchase","'70838153003667084","WXR2034","","PRIMAX 95","Billed","22.73","50.00","PSS KM5.75 PENCHALA LINK","","Standalone","","","30 Jun 2018"
"04/06/2018 21:08","Reload","'70838153003667084","WXR2034","","","Billed","","-50.00","PSS KM5.75 PENCHALA LINK","","Standalone","","","30 Jun 2018"
"03/06/2018 11:16","Purchase","'70838153003667084","WXR2034","","PRIMAX 95","Billed","22.73","50.00","PSS KLIA 1","","Standalone","","","30 Jun 2018"
"03/06/2018 11:15","Reload","'70838153003667084","WXR2034","","","Billed","","-50.00","PSS KLIA 1","","Standalone","","","30 Jun 2018"
"01/06/2018 10:12","Purchase","'70838153003667084","WXR2034","","PRIMAX 95","Billed","22.73","50.00","PSS WANGSA MELAWATI","","Standalone","","","30 Jun 2018"
"01/06/2018 10:11","Reload","'70838153003667084","WXR2034","","","Billed","","-50.00","PSS WANGSA MELAWATI","","Standalone","","","30 Jun 2018"