"Date Time","Transaction Type","Card Number","Vehicle Number","Driver Card Number","Product Type","Billing Type","Transaction Volume (Litres)","Transaction Amount (RM)","Station Name","Odometer","Card Type","Cost Centre","Cost Centre Name","Statement Month"
"24/06/2018 10:58","Purchase","'70838153003497581","WXR397","","PRIMAX 95","Billed","25.00","55.00","PSS LOT 59 JALAN AMPANG","","Standalone","","","30 Jun 2018"
"24/06/2018 10:57","Reload","'70838153003497581","WXR397","","","Billed","","-50.00","PSS LOT 59 JALAN AMPANG","","Standalone","","","30 Jun 2018"
"23/06/2018 21:34","Purchase","'70838153003497581","WXR397","","PRIMAX 95","Billed","31.82","70.00","PSS TTDI","","Standalone","","","30 Jun 2018"
"23/06/2018 21:33","Reload","'70838153003497581","WXR397","","","Billed","","-50.00","PSS TTDI","","Standalone","","","30 Jun 2018"
"14/06/2018 11:58","Purchase","'70838153003497581","WXR397","","PRIMAX 95","Billed","34.01","74.82","PSS TTDI","","Standalone","","","30 Jun 2018"
"14/06/2018 11:57","Reload","'70838153003497581","WXR397","","","Billed","","-100.00","PSS TTDI","","Standalone","","","30 Jun 2018"
"07/06/2018 14:20","Purchase","'70838153003497581","WXR397","","PRIMAX 95","Billed","28.64","63.00","PSS JALAN JELATEK 2","","Standalone","","","30 Jun 2018"
"03/06/2018 15:04","Purchase","'70838153003497581","WXR397","","PRIMAX 95","Billed","31.39","69.06","PSS EAST-WEST LINK","","Standalone","","","30 Jun 2018"
"03/06/2018 15:02","Reload","'70838153003497581","WXR397","","","Billed","","-150.00","PSS EAST-WEST LINK","","Standalone","","","30 Jun 2018"