"Date Time","Transaction Type","Card Number","Vehicle Number","Driver Card Number","Product Type","Billing Type","Transaction Volume (Litres)","Transaction Amount (RM)","Station Name","Odometer","Card Type","Cost Centre","Cost Centre Name","Statement Month"
"29/06/2018 15:42","Purchase","'70838153003667415","WXR 2081","","Diesel (EURO 5)","Billed","30.70","70.00","PSS MUTIARA DAMANSARA","146709","Standalone","","","30 Jun 2018"
"29/06/2018 15:41","Reload","'70838153003667415","WXR 2081","","","Billed","","-70.00","PSS MUTIARA DAMANSARA","","Standalone","","","30 Jun 2018"
"28/06/2018 18:15","Purchase","'70838153003667415","WXR 2081","","Diesel (EURO 5)","Billed","35.82","81.67","PSS MUTIARA DAMANSARA","146330","Standalone","","","30 Jun 2018"
"28/06/2018 18:13","Reload","'70838153003667415","WXR 2081","","","Billed","","-80.00","PSS MUTIARA DAMANSARA","","Standalone","","","30 Jun 2018"
"27/06/2018 06:58","Purchase","'70838153003667415","WXR 2081","","Diesel (EURO 5)","Billed","37.32","85.08","PSS HICOM SEK B SEK 27","145814","Standalone","","","30 Jun 2018"
"26/06/2018 07:14","Purchase","'70838153003667415","WXR 2081","","Diesel (EURO 5)","Billed","49.67","113.25","PSS HICOM SEK B SEK 27","145489","Standalone","","","30 Jun 2018"
"26/06/2018 07:13","Reload","'70838153003667415","WXR 2081","","","Billed","","-200.00","PSS HICOM SEK B SEK 27","","Standalone","","","30 Jun 2018"
"23/06/2018 14:38","Purchase","'70838153003667415","WXR 2081","","Diesel (EURO 5)","Billed","32.36","73.77","PSS MUTIARA DAMANSARA","145048","Standalone","","","30 Jun 2018"
"23/06/2018 14:36","Reload","'70838153003667415","WXR 2081","","","Billed","","-70.00","PSS MUTIARA DAMANSARA","","Standalone","","","30 Jun 2018"
"22/06/2018 12:42","Purchase","'70838153003667415","WXR 2081","","Diesel (EURO 5)","Billed","49.98","113.96","PSS MUTIARA DAMANSARA","144689","Standalone","","","30 Jun 2018"
"22/06/2018 12:41","Reload","'70838153003667415","WXR 2081","","","Billed","","-100.00","PSS MUTIARA DAMANSARA","","Standalone","","","30 Jun 2018"
"21/06/2018 14:48","Purchase","'70838153003667415","WXR 2081","","Diesel (EURO 5)","Billed","60.59","138.14","PSS MUTIARA DAMANSARA","144176","Standalone","","","30 Jun 2018"
"21/06/2018 14:29","Purchase","'70838153003667415","WXR 2081","","Diesel","Billed","9.17","20.00","PSS SG BULOH LAYBY","144156","Standalone","","","30 Jun 2018"
"21/06/2018 14:28","Reload","'70838153003667415","WXR 2081","","","Billed","","-150.00","PSS SG BULOH LAYBY","","Standalone","","","30 Jun 2018"
"19/06/2018 20:31","Purchase","'70838153003667415","WXR 2081","","Diesel (EURO 5)","Billed","41.70","95.07","PSS MUTIARA DAMANSARA","143507","Standalone","","","30 Jun 2018"
"19/06/2018 20:30","Reload","'70838153003667415","WXR 2081","","","Billed","","-100.00","PSS MUTIARA DAMANSARA","","Standalone","","","30 Jun 2018"
"18/06/2018 17:30","Purchase","'70838153003667415","WXR 2081","","Diesel (EURO 5)","Billed","40.97","93.41","PSS MUTIARA DAMANSARA","143115","Standalone","","","30 Jun 2018"
"18/06/2018 17:29","Reload","'70838153003667415","WXR 2081","","","Billed","","-100.00","PSS MUTIARA DAMANSARA","","Standalone","","","30 Jun 2018"
"13/06/2018 09:23","Purchase","'70838153003667415","WXR 2081","","Diesel (EURO 5)","Billed","37.57","85.65","PSS SIMPANG PULAI LOJING","141871","Standalone","","","30 Jun 2018"
"13/06/2018 09:22","Reload","'70838153003667415","WXR 2081","","","Billed","","-100.00","PSS SIMPANG PULAI LOJING","","Standalone","","","30 Jun 2018"
"11/06/2018 20:32","Purchase","'70838153003667415","WXR 2081","","Diesel (EURO 5)","Billed","52.63","120.00","PSS MUTIARA DAMANSARA","141494","Standalone","","","30 Jun 2018"
"11/06/2018 20:30","Reload","'70838153003667415","WXR 2081","","","Billed","","-120.00","PSS MUTIARA DAMANSARA","","Standalone","","","30 Jun 2018"
"10/06/2018 13:14","Purchase","'70838153003667415","WXR 2081","","Diesel (EURO 5)","Billed","43.86","100.00","PSS MUTIARA DAMANSARA","141126","Standalone","","","30 Jun 2018"
"08/06/2018 21:29","Purchase","'70838153003667415","WXR 2081","","Diesel","Billed","25.23","55.00","PSS SAUJANA UTAMA","141001","Standalone","","","30 Jun 2018"
"08/06/2018 21:27","Reload","'70838153003667415","WXR 2081","","","Billed","","-150.00","PSS SAUJANA UTAMA","","Standalone","","","30 Jun 2018"
"07/06/2018 13:44","Purchase","'70838153003667415","WXR 2081","","Diesel (EURO 5)","Billed","31.23","71.19","PSS HICOM SEK B SEK 27","140690","Standalone","","","30 Jun 2018"
"06/06/2018 06:51","Purchase","'70838153003667415","WXR 2081","","Diesel (EURO 5)","Billed","56.50","128.81","PSS HICOM SEK B SEK 27","140076","Standalone","","","30 Jun 2018"
"05/06/2018 22:39","Reload","'70838153003667415","WXR 2081","","","Billed","","-200.00","PSS SAUJANA UTAMA","","Standalone","","","30 Jun 2018"
"03/06/2018 11:14","Purchase","'70838153003667415","WXR 2081","","Diesel","Billed","36.48","79.53","PSS SAUJANA UTAMA","139758","Standalone","","","30 Jun 2018"