"Date Time","Transaction Type","Card Number","Vehicle Number","Driver Card Number","Product Type","Billing Type","Transaction Volume (Litres)","Transaction Amount (RM)","Station Name","Odometer","Card Type","Cost Centre","Cost Centre Name","Statement Month"
"28/06/2018 20:41","Purchase","'70838153003724505","WXR 5554","","PRIMAX 95","Billed","25.00","55.00","PSS TAMAN SRI SENTOSA","53793","Standalone","","","30 Jun 2018"
"24/06/2018 19:48","Purchase","'70838153003724505","WXR 5554","","PRIMAX 95","Billed","18.18","40.00","PSS PETALING UTAMA","53650","Standalone","","","30 Jun 2018"
"24/06/2018 11:44","Reload","'70838153003724505","WXR 5554","","","Billed","","-200.00","PSS TAMAN SRI SENTOSA","","Standalone","","","30 Jun 2018"
"24/06/2018 11:40","Purchase","'70838153003724505","WXR 5554","","PRIMAX 95","Billed","6.82","15.00","PSS TAMAN SRI SENTOSA","53586","Standalone","","","30 Jun 2018"
"19/06/2018 11:39","Purchase","'70838153003724505","WXR 5554","","PRIMAX 95","Billed","13.64","30.00","PSS TAMAN SRI SENTOSA","53015","Standalone","","","30 Jun 2018"
"12/06/2018 07:09","Purchase","'70838153003724505","WXR 5554","","PRIMAX 95","Billed","25.00","55.00","PSS TAMAN SRI SENTOSA","","Standalone","","","30 Jun 2018"
"06/06/2018 07:20","Reload","'70838153003724505","WXR 5554","","","Billed","","-100.00","PSS TAMAN SRI SENTOSA","","Standalone","","","30 Jun 2018"