"Date Time","Transaction Type","Card Number","Vehicle Number","Driver Card Number","Product Type","Billing Type","Transaction Volume (Litres)","Transaction Amount (RM)","Station Name","Odometer","Card Type","Cost Centre","Cost Centre Name","Statement Month"
"27/06/2018 13:17","Purchase","'70838153003501556","WXR989","","PRIMAX 95","Billed","22.73","50.00","PSS LUBUK CHINA","","Standalone","","","30 Jun 2018"
"27/06/2018 13:15","Reload","'70838153003501556","WXR989","","","Billed","","-100.00","PSS LUBUK CHINA","","Standalone","","","30 Jun 2018"
"24/06/2018 18:22","Purchase","'70838153003501556","WXR989","","PRIMAX 95","Billed","22.73","50.00","PSS MASJID TANAH","","Standalone","","","30 Jun 2018"
"23/06/2018 11:23","Purchase","'70838153003501556","WXR989","","PRIMAX 95","Billed","13.64","30.00","PSS LUBUK CHINA","","Standalone","","","30 Jun 2018"
"23/06/2018 11:21","Reload","'70838153003501556","WXR989","","","Billed","","-100.00","PSS LUBUK CHINA","","Standalone","","","30 Jun 2018"
"23/06/2018 11:17","Purchase","'70838153003501556","WXR989","","PRIMAX 95","Billed","9.09","20.00","PSS LUBUK CHINA","","Standalone","","","30 Jun 2018"
"17/06/2018 12:25","Purchase","'70838153003501556","WXR989","","PRIMAX 95","Billed","13.64","30.00","PSS RAWAT & REHAT (U) SBAN-KL","","Standalone","","","30 Jun 2018"
"13/06/2018 08:38","Purchase","'70838153003501556","WXR989","","PRIMAX 95","Billed","22.73","50.00","PSS RAWAT & REHAT (U) SBAN-KL","","Standalone","","","30 Jun 2018"
"10/06/2018 09:22","Reload","'70838153003501556","WXR989","","","Billed","","-100.00","PSS LUBUK CHINA","","Standalone","","","30 Jun 2018"
"10/06/2018 09:18","Purchase","'70838153003501556","WXR989","","PRIMAX 95","Billed","18.63","40.98","PSS LUBUK CHINA","","Standalone","","","30 Jun 2018"
"06/06/2018 15:31","Purchase","'70838153003501556","WXR989","","PRIMAX 95","Billed","22.73","50.00","PSS MASJID TANAH","","Standalone","","","30 Jun 2018"
"04/06/2018 15:38","Purchase","'70838153003501556","WXR989","","PRIMAX 95","Billed","27.27","60.00","PSS MASJID TANAH","","Standalone","","","30 Jun 2018"
"03/06/2018 20:59","Purchase","'70838153003501556","WXR989","","PRIMAX 95","Billed","22.73","50.00","PSS CHENG","","Standalone","","","30 Jun 2018"
"03/06/2018 20:58","Reload","'70838153003501556","WXR989","","","Billed","","-100.00","PSS CHENG","","Standalone","","","30 Jun 2018"