"Date Time","Transaction Type","Card Number","Vehicle Number","Driver Card Number","Product Type","Billing Type","Transaction Volume (Litres)","Transaction Amount (RM)","Station Name","Odometer","Card Type","Cost Centre","Cost Centre Name","Statement Month"
"30/06/2018 20:35","Purchase","'70838153003495940","WXR337","","PRIMAX 95","Billed","15.91","35.00","PSS TAMAN DELIMA","","Standalone","","","30 Jun 2018"
"30/06/2018 20:34","Reload","'70838153003495940","WXR337","","","Billed","","-35.00","PSS TAMAN DELIMA","","Standalone","","","30 Jun 2018"
"30/06/2018 12:10","Purchase","'70838153003495940","WXR337","","PRIMAX 95","Billed","13.64","30.00","PSS SKUDAI RSA","","Standalone","","","30 Jun 2018"
"30/06/2018 12:09","Reload","'70838153003495940","WXR337","","","Billed","","-30.00","PSS SKUDAI RSA","","Standalone","","","30 Jun 2018"
"24/06/2018 15:05","Purchase","'70838153003495940","WXR337","","PRIMAX 95","Billed","13.64","30.00","PSS KM 11 JALAN SKUDAI","","Standalone","","","30 Jun 2018"
"24/06/2018 15:04","Reload","'70838153003495940","WXR337","","","Billed","","-30.00","PSS KM 11 JALAN SKUDAI","","Standalone","","","30 Jun 2018"
"21/06/2018 08:46","Purchase","'70838153003495940","WXR337","","PRIMAX 95","Billed","13.64","30.00","PSS TAMAN DELIMA","","Standalone","","","30 Jun 2018"
"21/06/2018 08:45","Reload","'70838153003495940","WXR337","","","Billed","","-30.00","PSS TAMAN DELIMA","","Standalone","","","30 Jun 2018"
"20/06/2018 16:07","Purchase","'70838153003495940","WXR337","","PRIMAX 95","Billed","9.09","20.00","PSS INNER RING ROAD","","Standalone","","","30 Jun 2018"
"20/06/2018 16:06","Reload","'70838153003495940","WXR337","'70838153003495940","","Billed","","-20.00","PSS INNER RING ROAD","","Standalone","","","30 Jun 2018"
"19/06/2018 19:19","Purchase","'70838153003495940","WXR337","","PRIMAX 95","Billed","13.64","30.00","PSS TAMAN PERLING","","Standalone","","","30 Jun 2018"
"19/06/2018 19:15","Reload","'70838153003495940","WXR337","","","Billed","","-30.00","PSS TAMAN PERLING","","Standalone","","","30 Jun 2018"
"18/06/2018 22:49","Purchase","'70838153003495940","WXR337","","PRIMAX 95","Billed","13.64","30.00","PSS LEBUHRAYA PASIR GUDANG 3","","Standalone","","","30 Jun 2018"
"18/06/2018 22:47","Reload","'70838153003495940","WXR337","","","Billed","","-30.00","PSS LEBUHRAYA PASIR GUDANG 3","","Standalone","","","30 Jun 2018"
"17/06/2018 16:38","Purchase","'70838153003495940","WXR337","","PRIMAX 95","Billed","13.64","30.00","PSS JALAN LARKIN","","Standalone","","","30 Jun 2018"
"17/06/2018 16:37","Reload","'70838153003495940","WXR337","","","Billed","","-30.00","PSS JALAN LARKIN","","Standalone","","","30 Jun 2018"
"16/06/2018 11:57","Purchase","'70838153003495940","WXR337","","PRIMAX 95","Billed","20.45","45.00","PSS JALAN TAR","","Standalone","","","30 Jun 2018"
"16/06/2018 11:55","Reload","'70838153003495940","WXR337","","","Billed","","-40.00","PSS JALAN TAR","","Standalone","","","30 Jun 2018"
"15/06/2018 08:04","Purchase","'70838153003495940","WXR337","","PRIMAX 95","Billed","22.73","50.00","PSS TAMAN DELIMA","","Standalone","","","30 Jun 2018"
"15/06/2018 08:02","Reload","'70838153003495940","WXR337","","","Billed","","-50.00","PSS TAMAN DELIMA","","Standalone","","","30 Jun 2018"
"12/06/2018 08:21","Purchase","'70838153003495940","WXR337","","PRIMAX 95","Billed","13.64","30.00","PSS JALAN TAR","","Standalone","","","30 Jun 2018"
"12/06/2018 08:20","Reload","'70838153003495940","WXR337","","","Billed","","-30.00","PSS JALAN TAR","","Standalone","","","30 Jun 2018"
"11/06/2018 12:01","Purchase","'70838153003495940","WXR337","","PRIMAX 95","Billed","13.64","30.00","PSS JALAN LARKIN","","Standalone","","","30 Jun 2018"
"11/06/2018 12:00","Reload","'70838153003495940","WXR337","","","Billed","","-30.00","PSS JALAN LARKIN","","Standalone","","","30 Jun 2018"
"10/06/2018 20:40","Purchase","'70838153003495940","WXR337","","PRIMAX 95","Billed","13.64","30.00","PSS TAMAN TAMPOI UTAMA","","Standalone","","","30 Jun 2018"
"10/06/2018 20:38","Reload","'70838153003495940","WXR337","","","Billed","","-30.00","PSS TAMAN TAMPOI UTAMA","","Standalone","","","30 Jun 2018"
"09/06/2018 22:44","Purchase","'70838153003495940","WXR337","","PRIMAX 95","Billed","22.73","50.00","PSS TAMAN DELIMA","","Standalone","","","30 Jun 2018"
"09/06/2018 22:43","Reload","'70838153003495940","WXR337","","","Billed","","-50.00","PSS TAMAN DELIMA","","Standalone","","","30 Jun 2018"
"09/06/2018 09:40","Purchase","'70838153003495940","WXR337","","PRIMAX 95","Billed","13.64","30.00","PSS TAMAN DELIMA","","Standalone","","","30 Jun 2018"
"09/06/2018 09:38","Reload","'70838153003495940","WXR337","","","Billed","","-30.00","PSS TAMAN DELIMA","","Standalone","","","30 Jun 2018"
"07/06/2018 07:08","Purchase","'70838153003495940","WXR337","","PRIMAX 95","Billed","16.36","36.00","PSS TAMAN DELIMA","","Standalone","","","30 Jun 2018"
"07/06/2018 07:06","Purchase","'70838153003495940","WXR337","","PRIMAX 95","Billed","1.82","4.00","PSS TAMAN DELIMA","","Standalone","","","30 Jun 2018"
"07/06/2018 07:04","Reload","'70838153003495940","WXR337","","","Billed","","-40.00","PSS TAMAN DELIMA","","Standalone","","","30 Jun 2018"
"06/06/2018 12:58","Purchase","'70838153003495940","WXR337","","PRIMAX 95","Billed","13.64","30.00","PSS JALAN LARKIN","","Standalone","","","30 Jun 2018"
"06/06/2018 12:57","Reload","'70838153003495940","WXR337","","","Billed","","-30.00","PSS JALAN LARKIN","","Standalone","","","30 Jun 2018"
"05/06/2018 19:17","Purchase","'70838153003495940","WXR337","","PRIMAX 95","Billed","13.64","30.00","PSS LEBUHRAYA PASIR GUDANG 3","","Standalone","","","30 Jun 2018"
"05/06/2018 19:15","Reload","'70838153003495940","WXR337","","","Billed","","-30.00","PSS LEBUHRAYA PASIR GUDANG 3","","Standalone","","","30 Jun 2018"
"05/06/2018 07:06","Purchase","'70838153003495940","WXR337","","PRIMAX 95","Billed","18.18","40.00","PSS TAMAN DELIMA","","Standalone","","","30 Jun 2018"
"05/06/2018 07:04","Reload","'70838153003495940","WXR337","","","Billed","","-40.00","PSS TAMAN DELIMA","","Standalone","","","30 Jun 2018"
"03/06/2018 11:12","Purchase","'70838153003495940","WXR337","","PRIMAX 97","Billed","16.19","40.00","PSS TAMAN PERLING","","Standalone","","","30 Jun 2018"
"03/06/2018 11:11","Reload","'70838153003495940","WXR337","","","Billed","","-40.00","PSS TAMAN PERLING","","Standalone","","","30 Jun 2018"
"03/06/2018 04:47","Purchase","'70838153003495940","WXR337","","PRIMAX 95","Billed","13.64","30.00","PSS TAMAN TAMPOI UTAMA","","Standalone","","","30 Jun 2018"
"03/06/2018 04:45","Reload","'70838153003495940","WXR337","","","Billed","","-30.00","PSS TAMAN TAMPOI UTAMA","","Standalone","","","30 Jun 2018"
"02/06/2018 12:45","Purchase","'70838153003495940","WXR337","","PRIMAX 97","Billed","12.15","30.00","PSS SENAI","","Standalone","","","30 Jun 2018"
"02/06/2018 12:43","Reload","'70838153003495940","WXR337","","","Billed","","-30.00","PSS SENAI","","Standalone","","","30 Jun 2018"
"01/06/2018 17:33","Purchase","'70838153003495940","WXR337","","PRIMAX 95","Billed","12.95","28.48","PSS TAMAN DELIMA","","Standalone","","","30 Jun 2018"
"01/06/2018 17:31","Reload","'70838153003495940","WXR337","","","Billed","","-20.00","PSS TAMAN DELIMA","","Standalone","","","30 Jun 2018"
"01/06/2018 08:16","Purchase","'70838153003495940","WXR337","","PRIMAX 95","Billed","27.27","60.00","PSS TAMAN DELIMA","","Standalone","","","30 Jun 2018"
"01/06/2018 08:15","Reload","'70838153003495940","WXR337","","","Billed","","-40.00","PSS TAMAN DELIMA","","Standalone","","","30 Jun 2018"