"Date Time","Transaction Type","Card Number","Vehicle Number","Driver Card Number","Product Type","Billing Type","Transaction Volume (Litres)","Transaction Amount (RM)","Station Name","Odometer","Card Type","Cost Centre","Cost Centre Name","Statement Month"
"26/06/2018 11:23","Purchase","'70838153003498217","WXR421","","PRIMAX 95","Billed","22.73","50.00","PSS AULONG","","Standalone","","","30 Jun 2018"
"25/06/2018 09:52","Purchase","'70838153003498217","WXR421","","PRIMAX 95","Billed","22.73","50.00","PSS AULONG","","Standalone","","","30 Jun 2018"
"25/06/2018 09:48","Reload","'70838153003498217","WXR421","","","Billed","","-100.00","PSS AULONG","","Standalone","","","30 Jun 2018"
"24/06/2018 15:35","Purchase","'70838153003498217","WXR421","","PRIMAX 95","Billed","10.36","22.79","PSS AULONG","","Standalone","","","30 Jun 2018"
"22/06/2018 09:04","Purchase","'70838153003498217","WXR421","","PRIMAX 95","Billed","22.73","50.00","PSS AULONG","","Standalone","","","30 Jun 2018"
"19/06/2018 23:38","Purchase","'70838153003498217","WXR421","","PRIMAX 95","Billed","22.73","50.00","PSS RAWANG RSA","","Standalone","","","30 Jun 2018"
"19/06/2018 23:36","Reload","'70838153003498217","WXR421","","","Billed","","-100.00","PSS RAWANG RSA","","Standalone","","","30 Jun 2018"