"Date Time","Transaction Type","Card Number","Vehicle Number","Driver Card Number","Product Type","Billing Type","Transaction Volume (Litres)","Transaction Amount (RM)","Station Name","Odometer","Card Type","Cost Centre","Cost Centre Name","Statement Month"
"29/06/2018 09:17","Purchase","'70838153003580972","WXR1071","","PRIMAX 95","Billed","13.45","29.58","PSS PUCHONG GATEWAY","","Standalone","","","30 Jun 2018"
"29/06/2018 09:15","Reload","'70838153003580972","WXR1071","","","Billed","","-20.00","PSS PUCHONG GATEWAY","","Standalone","","","30 Jun 2018"
"13/06/2018 10:01","Purchase","'70838153003580972","WXR1071","","PRIMAX 95","Billed","9.09","20.00","PSS PUCHONG GATEWAY","","Standalone","","","30 Jun 2018"
"13/06/2018 09:59","Reload","'70838153003580972","WXR1071","","","Billed","","-20.00","PSS PUCHONG GATEWAY","","Standalone","","","30 Jun 2018"
"11/06/2018 09:51","Purchase","'70838153003580972","WXR1071","","PRIMAX 95","Billed","9.09","20.00","PSS PUCHONG BT 14","","Standalone","","","30 Jun 2018"
"11/06/2018 09:50","Reload","'70838153003580972","WXR1071","","","Billed","","-20.00","PSS PUCHONG BT 14","","Standalone","","","30 Jun 2018"
"05/06/2018 11:20","Purchase","'70838153003580972","WXR1071","","PRIMAX 95","Billed","13.64","30.00","PSS TAMAN MERANTI JAYA","","Standalone","","","30 Jun 2018"
"05/06/2018 11:18","Reload","'70838153003580972","WXR1071","","","Billed","","-30.00","PSS TAMAN MERANTI JAYA","","Standalone","","","30 Jun 2018"
"03/06/2018 14:46","Purchase","'70838153003580972","WXR1071","","PRIMAX 97","Billed","8.10","20.00","PSS LDP PUCHONG UTAMA","","Standalone","","","30 Jun 2018"
"03/06/2018 14:45","Reload","'70838153003580972","WXR1071","","","Billed","","-20.00","PSS LDP PUCHONG UTAMA","","Standalone","","","30 Jun 2018"