"Date Time","Transaction Type","Card Number","Vehicle Number","Driver Card Number","Product Type","Billing Type","Transaction Volume (Litres)","Transaction Amount (RM)","Station Name","Odometer","Card Type","Cost Centre","Cost Centre Name","Statement Month"
"29/06/2018 08:51","Purchase","'70838153003496773","WXR571","","PRIMAX 95","Billed","27.27","60.00","PSS BATU FERINGGI","","Standalone","","","30 Jun 2018"
"29/06/2018 08:50","Reload","'70838153003496773","WXR571","","","Billed","","-60.00","PSS BATU FERINGGI","","Standalone","","","30 Jun 2018"
"27/06/2018 08:25","Purchase","'70838153003496773","WXR571","","PRIMAX 95","Billed","22.73","50.00","PSS BATU FERINGGI","","Standalone","","","30 Jun 2018"
"27/06/2018 08:23","Reload","'70838153003496773","WXR571","","","Billed","","-50.00","PSS BATU FERINGGI","","Standalone","","","30 Jun 2018"
"25/06/2018 08:40","Purchase","'70838153003496773","WXR571","","PRIMAX 95","Billed","22.73","50.00","PSS BATU FERINGGI","","Standalone","","","30 Jun 2018"
"25/06/2018 08:38","Reload","'70838153003496773","WXR571","","","Billed","","-50.00","PSS BATU FERINGGI","","Standalone","","","30 Jun 2018"
"22/06/2018 08:33","Purchase","'70838153003496773","WXR571","","PRIMAX 95","Billed","27.27","60.00","PSS BATU FERINGGI","","Standalone","","","30 Jun 2018"
"22/06/2018 08:31","Reload","'70838153003496773","WXR571","","","Billed","","-60.00","PSS BATU FERINGGI","","Standalone","","","30 Jun 2018"
"19/06/2018 16:58","Purchase","'70838153003496773","WXR571","","PRIMAX 95","Billed","27.27","60.00","PSS BATU FERINGGI","","Standalone","","","30 Jun 2018"
"19/06/2018 16:57","Reload","'70838153003496773","WXR571","","","Billed","","-60.00","PSS BATU FERINGGI","","Standalone","","","30 Jun 2018"
"18/06/2018 09:06","Purchase","'70838153003496773","WXR571","","PRIMAX 95","Billed","27.27","60.00","PSS BATU FERINGGI","","Standalone","","","30 Jun 2018"
"18/06/2018 09:05","Reload","'70838153003496773","WXR571","","","Billed","","-60.00","PSS BATU FERINGGI","","Standalone","","","30 Jun 2018"
"16/06/2018 16:34","Purchase","'70838153003496773","WXR571","","PRIMAX 95","Billed","25.91","57.00","PSS TANJONG TOKONG","","Standalone","","","30 Jun 2018"
"16/06/2018 16:33","Reload","'70838153003496773","WXR571","","","Billed","","-50.00","PSS TANJONG TOKONG","","Standalone","","","30 Jun 2018"
"13/06/2018 21:56","Purchase","'70838153003496773","WXR571","","PRIMAX 95","Billed","22.73","50.00","PSS BATU FERINGGI","","Standalone","","","30 Jun 2018"
"13/06/2018 21:55","Reload","'70838153003496773","WXR571","","","Billed","","-50.00","PSS BATU FERINGGI","","Standalone","","","30 Jun 2018"
"12/06/2018 08:31","Purchase","'70838153003496773","WXR571","","PRIMAX 95","Billed","22.73","50.00","PSS BATU FERINGGI","","Standalone","","","30 Jun 2018"
"12/06/2018 08:29","Reload","'70838153003496773","WXR571","","","Billed","","-50.00","PSS BATU FERINGGI","","Standalone","","","30 Jun 2018"
"10/06/2018 08:35","Purchase","'70838153003496773","WXR571","","PRIMAX 95","Billed","9.09","20.00","PSS BATU FERINGGI","","Standalone","","","30 Jun 2018"
"10/06/2018 08:32","Reload","'70838153003496773","WXR571","","","Billed","","-20.00","PSS BATU FERINGGI","","Standalone","","","30 Jun 2018"
"07/06/2018 08:19","Purchase","'70838153003496773","WXR571","","PRIMAX 95","Billed","31.82","70.00","PSS BATU FERINGGI","","Standalone","","","30 Jun 2018"
"07/06/2018 08:17","Reload","'70838153003496773","WXR571","","","Billed","","-70.00","PSS BATU FERINGGI","","Standalone","","","30 Jun 2018"
"03/06/2018 11:59","Purchase","'70838153003496773","WXR571","","PRIMAX 95","Billed","22.73","50.00","PSS BATU FERINGGI","","Standalone","","","30 Jun 2018"
"03/06/2018 11:57","Reload","'70838153003496773","WXR571","","","Billed","","-50.00","PSS BATU FERINGGI","","Standalone","","","30 Jun 2018"