"Date Time","Transaction Type","Card Number","Vehicle Number","Driver Card Number","Product Type","Billing Type","Transaction Volume (Litres)","Transaction Amount (RM)","Station Name","Odometer","Card Type","Cost Centre","Cost Centre Name","Statement Month"
"30/06/2018 07:23","Purchase","'70838153003422886","WXR81","","PRIMAX 95","Billed","3.36","7.39","PSS JALAN GOPENG II","50","Standalone","","","30 Jun 2018"
"21/06/2018 18:06","Purchase","'70838153003422886","WXR81","","PRIMAX 95","Billed","19.09","42.00","PSS JALAN GOPENG I","50","Standalone","","","30 Jun 2018"
"21/06/2018 18:02","Reload","'70838153003422886","WXR81","","","Billed","","-50.00","PSS JALAN GOPENG I","","Standalone","","","30 Jun 2018"
"20/06/2018 15:21","Purchase","'70838153003422886","WXR81","","PRIMAX 95","Billed","36.36","80.00","PSS TAPAH ARAH UTARA","50","Standalone","","","30 Jun 2018"
"18/06/2018 11:29","Purchase","'70838153003422886","WXR81","","PRIMAX 95","Billed","3.24","7.12","PSS JALAN GOPENG II","50","Standalone","","","30 Jun 2018"
"18/06/2018 11:27","Reload","'70838153003422886","WXR81","","","Billed","","-100.00","PSS JALAN GOPENG II","","Standalone","","","30 Jun 2018"
"09/06/2018 16:24","Purchase","'70838153003422886","WXR81","","PRIMAX 95","Billed","23.46","51.61","PSS JALAN GOPENG II","50","Standalone","","","30 Jun 2018"
"08/06/2018 22:33","Purchase","'70838153003422886","WXR81","","PRIMAX 95","Billed","36.37","80.00","PSS JALAN GOPENG II","50","Standalone","","","30 Jun 2018"
"08/06/2018 22:32","Reload","'70838153003422886","WXR81","","","Billed","","-100.00","PSS JALAN GOPENG II","","Standalone","","","30 Jun 2018"
"03/06/2018 18:31","Purchase","'70838153003422886","WXR81","","PRIMAX 95","Billed","3.56","7.83","PSS TAMAN PENGKALAN JAYA","50","Standalone","","","30 Jun 2018"
"02/06/2018 23:11","Purchase","'70838153003422886","WXR81","","PRIMAX 95","Billed","31.82","70.00","PSS TAMAN PENGKALAN JAYA","50","Standalone","","","30 Jun 2018"
"02/06/2018 23:09","Reload","'70838153003422886","WXR81","","","Billed","","-100.00","PSS TAMAN PENGKALAN JAYA","","Standalone","","","30 Jun 2018"