"Date Time","Transaction Type","Card Number","Vehicle Number","Driver Card Number","Product Type","Billing Type","Transaction Volume (Litres)","Transaction Amount (RM)","Station Name","Odometer","Card Type","Cost Centre","Cost Centre Name","Statement Month"
"06/06/2018 20:52","Purchase","'70838153003495890","WXR332","","PRIMAX 95","Billed","3.41","7.50","PSS JLN LORONG PANDAN","","Standalone","","","30 Jun 2018"
"05/06/2018 16:49","Purchase","'70838153003495890","WXR332","","PRIMAX 95","Billed","12.73","28.00","PSS JLN LORONG PANDAN","","Standalone","","","30 Jun 2018"
"04/06/2018 17:41","Purchase","'70838153003495890","WXR332","","PRIMAX 95","Billed","20.82","45.80","PSS JLN LORONG PANDAN","887440","Standalone","","","30 Jun 2018"
"04/06/2018 10:58","Purchase","'70838153003495890","WXR332","","PRIMAX 95","Billed","37.59","82.70","PSS LEBUH AMJ BALAI PANJANG","","Standalone","","","30 Jun 2018"
"04/06/2018 10:57","Reload","'70838153003495890","WXR332","","","Billed","","-150.00","PSS LEBUH AMJ BALAI PANJANG","","Standalone","","","30 Jun 2018"