"Date Time","Transaction Type","Card Number","Vehicle Number","Driver Card Number","Product Type","Billing Type","Transaction Volume (Litres)","Transaction Amount (RM)","Station Name","Odometer","Card Type","Cost Centre","Cost Centre Name","Statement Month"
"29/06/2018 15:56","Purchase","'70838153003502125","WXR750","","PRIMAX 95","Billed","45.68","100.50","PSS TEBRAU 1","579498","Standalone","","","30 Jun 2018"
"29/06/2018 15:54","Reload","'70838153003502125","WXR750","","","Billed","","-100.00","PSS TEBRAU 1","","Standalone","","","30 Jun 2018"
"27/06/2018 19:51","Purchase","'70838153003502125","WXR750","","PRIMAX 95","Billed","45.23","99.50","PSS TEBRAU 1","878574","Standalone","","","30 Jun 2018"
"27/06/2018 19:50","Reload","'70838153003502125","WXR750","","","Billed","","-100.00","PSS TEBRAU 1","","Standalone","","","30 Jun 2018"
"26/06/2018 16:53","Purchase","'70838153003502125","WXR750","","PRIMAX 95","Billed","36.36","80.00","PSS JALAN TAR","577730","Standalone","","","30 Jun 2018"
"26/06/2018 16:51","Reload","'70838153003502125","WXR750","","","Billed","","-80.00","PSS JALAN TAR","","Standalone","","","30 Jun 2018"
"11/06/2018 13:49","Purchase","'70838153003502125","WXR750","","PRIMAX 95","Billed","40.91","90.00","PSS LEBUHRAYA PASIR GUDANG 1","573000","Standalone","","","30 Jun 2018"
"11/06/2018 13:46","Reload","'70838153003502125","WXR750","","","Billed","","-60.00","PSS LEBUHRAYA PASIR GUDANG 1","","Standalone","","","30 Jun 2018"
"09/06/2018 15:02","Purchase","'70838153003502125","WXR750","","PRIMAX 95","Billed","31.82","70.00","PSS BAYU PUTERI","572244","Standalone","","","30 Jun 2018"
"09/06/2018 15:00","Reload","'70838153003502125","WXR750","","","Billed","","-100.00","PSS BAYU PUTERI","","Standalone","","","30 Jun 2018"
"08/06/2018 15:50","Purchase","'70838153003502125","WXR750","","PRIMAX 95","Billed","14.09","30.99","PSS SG BULOH LAYBY","571831","Standalone","","","30 Jun 2018"
"08/06/2018 10:49","Purchase","'70838153003502125","WXR750","","PRIMAX 95","Billed","32.73","72.00","PSS JALAN MESJID NEGERI","571500","Standalone","","","30 Jun 2018"
"08/06/2018 10:47","Reload","'70838153003502125","WXR750","","","Billed","","-100.00","PSS JALAN MESJID NEGERI","","Standalone","","","30 Jun 2018"
"08/06/2018 04:28","Purchase","'70838153003502125","WXR750","","PRIMAX 95","Billed","32.73","72.00","PSS ELITE HIGHWAY","571103","Standalone","","","30 Jun 2018"
"07/06/2018 18:25","Purchase","'70838153003502125","WXR750","","PRIMAX 95","Billed","45.00","99.01","PSS LEBUHRAYA PASIR GUDANG 1","570742","Standalone","","","30 Jun 2018"
"07/06/2018 18:20","Reload","'70838153003502125","WXR750","","","Billed","","-150.00","PSS LEBUHRAYA PASIR GUDANG 1","","Standalone","","","30 Jun 2018"
"03/06/2018 18:40","Purchase","'70838153003502125","WXR750","","PRIMAX 95","Billed","39.82","87.61","PSS LEBUHRAYA PASIR GUDANG 1","569675","Standalone","","","30 Jun 2018"
"03/06/2018 18:37","Reload","'70838153003502125","WXR750","","","Billed","","-100.00","PSS LEBUHRAYA PASIR GUDANG 1","","Standalone","","","30 Jun 2018"