"Date Time","Transaction Type","Card Number","Vehicle Number","Driver Card Number","Product Type","Billing Type","Transaction Volume (Litres)","Transaction Amount (RM)","Station Name","Odometer","Card Type","Cost Centre","Cost Centre Name","Statement Month"
"30/06/2018 11:27","Purchase","'70838153003583141","WXR1217","","PRIMAX 97","Billed","2.00","5.00","PSS FAS","2604","Standalone","","","30 Jun 2018"
"29/06/2018 08:16","Purchase","'70838153003583141","WXR1217","","PRIMAX 97","Billed","1.96","4.89","PSS FAS","2604","Standalone","","","30 Jun 2018"
"28/06/2018 07:59","Purchase","'70838153003583141","WXR1217","","PRIMAX 97","Billed","2.19","5.47","PSS FAS","2604","Standalone","","","30 Jun 2018"
"27/06/2018 07:46","Purchase","'70838153003583141","WXR1217","","PRIMAX 97","Billed","2.71","7.01","PSS FAS","2604","Standalone","","","30 Jun 2018"
"27/06/2018 00:12","Purchase","'70838153003583141","WXR1217","","PRIMAX 97","Billed","0.77","2.00","PSS BATU 3 FEDERAL HIGHWAY","2604","Standalone","","","30 Jun 2018"
"25/06/2018 08:04","Purchase","'70838153003583141","WXR1217","","PRIMAX 97","Billed","2.32","6.00","PSS FAS","2604","Standalone","","","30 Jun 2018"
"24/06/2018 07:25","Purchase","'70838153003583141","WXR1217","","PRIMAX 97","Billed","1.93","5.00","PSS FAS","2604","Standalone","","","30 Jun 2018"
"23/06/2018 07:40","Purchase","'70838153003583141","WXR1217","","PRIMAX 97","Billed","2.32","6.00","PSS FAS","2604","Standalone","","","30 Jun 2018"
"22/06/2018 22:53","Purchase","'70838153003583141","WXR1217","","PRIMAX 97","Billed","3.86","10.00","PSS PERSIARAN RAJA MUDA MUSA","2604","Standalone","","","30 Jun 2018"
"22/06/2018 07:33","Purchase","'70838153003583141","WXR1217","","PRIMAX 97","Billed","1.93","5.00","PSS FAS","2604","Standalone","","","30 Jun 2018"
"21/06/2018 10:49","Purchase","'70838153003583141","WXR1217","","PRIMAX 97","Billed","2.88","7.45","PSS FAS","2604","Standalone","","","30 Jun 2018"
"12/06/2018 18:32","Purchase","'70838153003583141","WXR1217","","PRIMAX 97","Billed","1.88","5.00","PSS BATU 3 FEDERAL HIGHWAY","2604","Standalone","","","30 Jun 2018"
"11/06/2018 06:14","Purchase","'70838153003583141","WXR1217","","PRIMAX 97","Billed","2.84","7.56","PSS FAS","2604","Standalone","","","30 Jun 2018"
"10/06/2018 08:16","Purchase","'70838153003583141","WXR1217","","PRIMAX 97","Billed","1.88","5.00","PSS FAS","2604","Standalone","","","30 Jun 2018"
"09/06/2018 05:58","Purchase","'70838153003583141","WXR1217","","PRIMAX 97","Billed","1.88","5.00","PSS FAS","2604","Standalone","","","30 Jun 2018"
"08/06/2018 20:28","Purchase","'70838153003583141","WXR1217","","PRIMAX 97","Billed","0.75","2.00","PSS KM 12.3 LEBUHRAYA PERSEKUTUAN","2604","Standalone","","","30 Jun 2018"
"08/06/2018 07:17","Purchase","'70838153003583141","WXR1217","","PRIMAX 97","Billed","1.88","5.00","PSS FAS","2604","Standalone","","","30 Jun 2018"
"07/06/2018 18:30","Reload","'70838153003583141","WXR1217","","","Billed","","-140.00","PSS BUKIT TINGGI 2","","Standalone","","","30 Jun 2018"
"06/06/2018 07:19","Purchase","'70838153003583141","WXR1217","","PRIMAX 97","Billed","2.02","5.00","PSS FAS","2604","Standalone","","","30 Jun 2018"
"05/06/2018 07:23","Purchase","'70838153003583141","WXR1217","","PRIMAX 97","Billed","2.02","5.00","PSS FAS","2604","Standalone","","","30 Jun 2018"
"04/06/2018 07:15","Purchase","'70838153003583141","WXR1217","","PRIMAX 97","Billed","2.02","5.00","PSS FAS","2604","Standalone","","","30 Jun 2018"
"03/06/2018 07:12","Purchase","'70838153003583141","WXR1217","","PRIMAX 97","Billed","2.02","5.00","PSS FAS","2604","Standalone","","","30 Jun 2018"
"02/06/2018 22:15","Purchase","'70838153003583141","WXR1217","","PRIMAX 97","Billed","0.81","2.00","PSS KM 12.3 LEBUHRAYA PERSEKUTUAN","2604","Standalone","","","30 Jun 2018"
"02/06/2018 20:05","Purchase","'70838153003583141","WXR1217","","PRIMAX 95","Billed","1.82","4.00","PSS KM 2 LDP","2604","Standalone","","","30 Jun 2018"
"02/06/2018 06:34","Purchase","'70838153003583141","WXR1217","","PRIMAX 97","Billed","2.02","5.00","PSS FAS","2604","Standalone","","","30 Jun 2018"
"01/06/2018 07:14","Purchase","'70838153003583141","WXR1217","","PRIMAX 97","Billed","2.02","5.00","PSS FAS","2604","Standalone","","","30 Jun 2018"