"Date Time","Transaction Type","Card Number","Vehicle Number","Driver Card Number","Product Type","Billing Type","Transaction Volume (Litres)","Transaction Amount (RM)","Station Name","Odometer","Card Type","Cost Centre","Cost Centre Name","Statement Month"
"23/06/2018 17:53","Purchase","'70838153003581079","WXR1081","","PRIMAX 95","Billed","45.46","100.00","PSS KM 305 PLUS ARAH SELATAN","526299","Standalone","","","30 Jun 2018"
"23/06/2018 17:51","Reload","'70838153003581079","WXR1081","","","Billed","","-100.00","PSS KM 305 PLUS ARAH SELATAN","","Standalone","","","30 Jun 2018"
"20/06/2018 20:22","Purchase","'70838153003581079","WXR1081","","PRIMAX 95","Billed","45.45","100.00","PSS MASJID TANAH","525616","Standalone","","","30 Jun 2018"
"20/06/2018 20:20","Reload","'70838153003581079","WXR1081","","","Billed","","-100.00","PSS MASJID TANAH","","Standalone","","","30 Jun 2018"
"17/06/2018 22:25","Purchase","'70838153003581079","WXR1081","","PRIMAX 95","Billed","45.45","100.00","PSS MASJID TANAH","525127","Standalone","","","30 Jun 2018"
"17/06/2018 22:23","Reload","'70838153003581079","WXR1081","","","Billed","","-100.00","PSS MASJID TANAH","","Standalone","","","30 Jun 2018"
"12/06/2018 22:23","Purchase","'70838153003581079","WXR1081","","PRIMAX 95","Billed","45.45","100.00","PSS BANDAR BARU SUNGAI UDANG","524455","Standalone","","","30 Jun 2018"
"12/06/2018 22:21","Reload","'70838153003581079","WXR1081","","","Billed","","-100.00","PSS BANDAR BARU SUNGAI UDANG","","Standalone","","","30 Jun 2018"
"08/06/2018 22:28","Purchase","'70838153003581079","WXR1081","","PRIMAX 95","Billed","45.45","100.00","PSS MASJID TANAH","523789","Standalone","","","30 Jun 2018"
"08/06/2018 22:26","Reload","'70838153003581079","WXR1081","","","Billed","","-100.00","PSS MASJID TANAH","","Standalone","","","30 Jun 2018"
"04/06/2018 18:42","Purchase","'70838153003581079","WXR1081","","PRIMAX 95","Billed","45.45","100.00","PSS MASJID TANAH","523441","Standalone","","","30 Jun 2018"
"04/06/2018 18:40","Reload","'70838153003581079","WXR1081","","","Billed","","-100.00","PSS MASJID TANAH","","Standalone","","","30 Jun 2018"