"Date Time","Transaction Type","Card Number","Vehicle Number","Driver Card Number","Product Type","Billing Type","Transaction Volume (Litres)","Transaction Amount (RM)","Station Name","Odometer","Card Type","Cost Centre","Cost Centre Name","Statement Month"
"29/06/2018 08:12","Purchase","'70838153003498357","WXR882","","Diesel","Billed","45.42","99.00","PSS BUKIT KAYU HITAM","98198","Standalone","","","30 Jun 2018"
"28/06/2018 17:56","Reload","'70838153003498357","WXR882","","","Billed","","-300.00","PSS JALAN TRAS BENTONG","","Standalone","","","30 Jun 2018"
"27/06/2018 14:42","Purchase","'70838153003498357","WXR882","","PRIMAX 95","Billed","22.73","50.00","PSS GENTING SEMPAH","268638","Standalone","","","30 Jun 2018"
"26/06/2018 19:54","Purchase","'70838153003498357","WXR882","","PRIMAX 95","Billed","2.73","6.00","PSS KETARI BENTONG","183628","Standalone","","","30 Jun 2018"
"25/06/2018 17:41","Purchase","'70838153003498357","WXR882","","Diesel (EURO 5)","Billed","50.44","115.00","PSS JALAN TRAS BENTONG","97689","Standalone","","","30 Jun 2018"
"15/06/2018 20:08","Purchase","'70838153003498357","WXR882","","PRIMAX 95","Billed","2.73","6.00","PSS KETARI BENTONG","182705","Standalone","","","30 Jun 2018"
"15/06/2018 14:37","Purchase","'70838153003498357","WXR882","","PRIMAX 95","Billed","53.64","118.00","PSS KAWASAN PERINDUSTRIAN BENTONG","268209","Standalone","","","30 Jun 2018"
"14/06/2018 13:26","Purchase","'70838153003498357","WXR882","","Diesel","Billed","55.00","119.90","PSS KM72 L/RAYA KARAK ARAH KL","96040","Standalone","","","30 Jun 2018"
"12/06/2018 21:30","Purchase","'70838153003498357","WXR882","","PRIMAX 95","Billed","23.64","52.00","PSS PETRONAS KARAK REST","267645","Standalone","","","30 Jun 2018"
"11/06/2018 20:49","Purchase","'70838153003498357","WXR882","","PRIMAX 95","Billed","3.19","7.01","PSS KETARI BENTONG","181341","Standalone","","","30 Jun 2018"
"11/06/2018 16:27","Purchase","'70838153003498357","WXR882","","PRIMAX 95","Billed","42.73","94.00","PSS KAWASAN PERINDUSTRIAN BENTONG","267459","Standalone","","","30 Jun 2018"
"10/06/2018 22:53","Reload","'70838153003498357","WXR882","","","Billed","","-300.00","PSS JALAN TRAS BENTONG","","Standalone","","","30 Jun 2018"
"10/06/2018 17:38","Purchase","'70838153003498357","WXR882","","PRIMAX 95","Billed","52.73","116.01","PSS KETARI BENTONG","266950","Standalone","","","30 Jun 2018"
"05/06/2018 15:20","Purchase","'70838153003498357","WXR882","","PRIMAX 95","Billed","31.38","69.04","PSS KETARI BENTONG","266440","Standalone","","","30 Jun 2018"
"02/06/2018 13:56","Purchase","'70838153003498357","WXR882","","PRIMAX 95","Billed","54.55","120.01","PSS KETARI BENTONG","266183","Standalone","","","30 Jun 2018"
"02/06/2018 13:40","Purchase","'70838153003498357","WXR882","","PRIMAX 95","Billed","3.86","8.50","PSS KETARI BENTONG","180095","Standalone","","","30 Jun 2018"