"Date Time","Transaction Type","Card Number","Vehicle Number","Driver Card Number","Product Type","Billing Type","Transaction Volume (Litres)","Transaction Amount (RM)","Station Name","Odometer","Card Type","Cost Centre","Cost Centre Name","Statement Month"
"30/06/2018 18:02","Purchase","'70838153003581566","WXR1105","","PRIMAX 95","Un-billed","22.73","50.00","PSS EAST-WEST LINK","","Standalone","","","Unbilled Transaction"
"29/06/2018 14:26","Purchase","'70838153003581566","WXR1105","","PRIMAX 95","Billed","22.73","50.00","PSS GRAND SAGA  KL BOUND","","Standalone","","","30 Jun 2018"
"27/06/2018 15:35","Reload","'70838153003581566","WXR1105","","","Billed","","-50.00","PSS SETIA ALAM","","Standalone","","","30 Jun 2018"
"26/06/2018 08:26","Purchase","'70838153003581566","WXR1105","","Diesel","Billed","162.72","354.74","PSS RAWANG INDUSTRIAL PARK 1","","Standalone","","","30 Jun 2018"
"26/06/2018 08:25","Reload","'70838153003581566","WXR1105","","","Billed","","-400.00","PSS RAWANG INDUSTRIAL PARK 1","","Standalone","","","30 Jun 2018"
"25/06/2018 07:07","Purchase","'70838153003581566","WXR1105","","Diesel","Billed","45.87","100.00","PSS RAWANG INDUSTRIAL PARK 1","","Standalone","","","30 Jun 2018"
"25/06/2018 07:06","Reload","'70838153003581566","WXR1105","","","Billed","","-100.00","PSS RAWANG INDUSTRIAL PARK 1","","Standalone","","","30 Jun 2018"
"22/06/2018 13:04","Purchase","'70838153003581566","WXR1105","","Diesel","Billed","45.87","100.00","PSS KESAS ARAH KELANG","","Standalone","","","30 Jun 2018"
"22/06/2018 13:02","Reload","'70838153003581566","WXR1105","","","Billed","","-100.00","PSS KESAS ARAH KELANG","","Standalone","","","30 Jun 2018"
"21/06/2018 12:36","Purchase","'70838153003581566","WXR1105","","Diesel","Billed","22.94","50.00","PSS KESAS ARAH SUBANG","","Standalone","","","30 Jun 2018"
"21/06/2018 12:35","Reload","'70838153003581566","WXR1105","","","Billed","","-50.00","PSS KESAS ARAH SUBANG","","Standalone","","","30 Jun 2018"
"19/06/2018 14:14","Purchase","'70838153003581566","WXR1105","","Diesel","Billed","229.36","500.00","PSS GRAND SAGA 2","","Standalone","","","30 Jun 2018"
"19/06/2018 14:12","Reload","'70838153003581566","WXR1105","","","Billed","","-500.00","PSS GRAND SAGA 2","","Standalone","","","30 Jun 2018"
"14/06/2018 11:18","Purchase","'70838153003581566","WXR1105","","Diesel","Billed","45.87","100.00","PSS PRIMA SAUJANA 1","","Standalone","","","30 Jun 2018"
"14/06/2018 11:17","Reload","'70838153003581566","WXR1105","","","Billed","","-100.00","PSS PRIMA SAUJANA 1","","Standalone","","","30 Jun 2018"
"10/06/2018 07:41","Purchase","'70838153003581566","WXR1105","","Diesel","Billed","45.87","100.00","PSS LEBUHRAYA PONTIAN","","Standalone","","","30 Jun 2018"
"09/06/2018 14:02","Purchase","'70838153003581566","WXR1105","","Diesel","Billed","43.70","95.26","PSS GRAND SAGA 2","","Standalone","","","30 Jun 2018"
"09/06/2018 13:59","Reload","'70838153003581566","WXR1105","","","Billed","","-200.00","PSS GRAND SAGA 2","","Standalone","","","30 Jun 2018"
"06/06/2018 17:35","Purchase","'70838153003581566","WXR1105","","Diesel","Billed","45.87","100.00","PSS PRIMA SAUJANA 1","","Standalone","","","30 Jun 2018"
"06/06/2018 17:34","Reload","'70838153003581566","WXR1105","","","Billed","","-100.00","PSS PRIMA SAUJANA 1","","Standalone","","","30 Jun 2018"
"05/06/2018 13:09","Purchase","'70838153003581566","WXR1105","","Diesel","Billed","229.36","500.00","PSS RAWANG INDUSTRIAL PARK 2","","Standalone","","","30 Jun 2018"
"05/06/2018 13:07","Reload","'70838153003581566","WXR1105","","","Billed","","-500.00","PSS RAWANG INDUSTRIAL PARK 2","","Standalone","","","30 Jun 2018"