"Date Time","Transaction Type","Card Number","Vehicle Number","Driver Card Number","Product Type","Billing Type","Transaction Volume (Litres)","Transaction Amount (RM)","Station Name","Odometer","Card Type","Cost Centre","Cost Centre Name","Statement Month"
"28/06/2018 10:53","Purchase","'70838153003501218","WXR987","","PRIMAX 95","Billed","41.94","92.27","PSS TTDI","","Standalone","","","30 Jun 2018"
"23/06/2018 14:44","Purchase","'70838153003501218","WXR987","","PRIMAX 95","Billed","45.46","100.00","PSS SRI HARTAMAS","","Standalone","","","30 Jun 2018"
"18/06/2018 14:39","Purchase","'70838153003501218","WXR987","","PRIMAX 95","Billed","53.36","117.40","PSS KM5.75 PENCHALA LINK","1111","Standalone","","","30 Jun 2018"
"18/06/2018 14:37","Reload","'70838153003501218","WXR987","","","Billed","","-300.00","PSS KM5.75 PENCHALA LINK","","Standalone","","","30 Jun 2018"
"09/06/2018 13:51","Purchase","'70838153003501218","WXR987","","PRIMAX 95","Billed","52.96","116.50","PSS PANDAN INDAH","1111","Standalone","","","30 Jun 2018"
"05/06/2018 14:38","Purchase","'70838153003501218","WXR987","","PRIMAX 95","Billed","39.55","87.01","PSS PANDAN INDAH","1111","Standalone","","","30 Jun 2018"
"01/06/2018 12:55","Purchase","'70838153003501218","WXR987","","PRIMAX 95","Billed","34.42","75.73","PSS KM 305 PLUS ARAH SELATAN","1111","Standalone","","","30 Jun 2018"