"Date Time","Transaction Type","Card Number","Vehicle Number","Driver Card Number","Product Type","Billing Type","Transaction Volume (Litres)","Transaction Amount (RM)","Station Name","Odometer","Card Type","Cost Centre","Cost Centre Name","Statement Month"
"10/06/2018 14:58","Purchase","'70838153003667068","WXR2032","","PRIMAX 95","Billed","2.27","5.00","PSS SG PENCHALA","","Standalone","","","30 Jun 2018"
"04/06/2018 18:59","Purchase","'70838153003667068","WXR2032","","PRIMAX 95","Billed","14.61","32.14","PSS SUNGAI MERAB KAJANG","","Standalone","","","30 Jun 2018"
"03/06/2018 14:55","Purchase","'70838153003667068","WXR2032","","PRIMAX 95","Billed","18.18","40.00","PSS TTDI","","Standalone","","","30 Jun 2018"
"03/06/2018 04:06","Purchase","'70838153003667068","WXR2032","","PRIMAX 95","Billed","22.73","50.00","PSS TAMAN RAKAN","","Standalone","","","30 Jun 2018"
"01/06/2018 21:04","Purchase","'70838153003667068","WXR2032","","PRIMAX 95","Billed","18.18","40.00","PSS SERI KEMBANGAN 1","","Standalone","","","30 Jun 2018"
"01/06/2018 08:03","Purchase","'70838153003667068","WXR2032","","PRIMAX 95","Billed","22.73","50.00","PSS PRECINT 16 PUTRAJAYA","","Standalone","","","30 Jun 2018"