"Date Time","Transaction Type","Card Number","Vehicle Number","Driver Card Number","Product Type","Billing Type","Transaction Volume (Litres)","Transaction Amount (RM)","Station Name","Odometer","Card Type","Cost Centre","Cost Centre Name","Statement Month"
"22/06/2018 08:58","Purchase","'70838153003721345","WXR 5439","","PRIMAX 95","Billed","13.64","30.00","PSS BANDAR BARU SALAK TINGGI","","Standalone","","","30 Jun 2018"
"19/06/2018 18:40","Purchase","'70838153003721345","WXR 5439","","PRIMAX 95","Billed","18.18","40.00","PSS BANDAR BARU SALAK TINGGI","","Standalone","","","30 Jun 2018"
"19/06/2018 18:38","Reload","'70838153003721345","WXR 5439","","","Billed","","-50.00","PSS BANDAR BARU SALAK TINGGI","","Standalone","","","30 Jun 2018"
"12/06/2018 14:32","Purchase","'70838153003721345","WXR 5439","","PRIMAX 95","Billed","22.73","50.00","PSS RAWANG RSA","","Standalone","","","30 Jun 2018"
"12/06/2018 14:31","Reload","'70838153003721345","WXR 5439","","","Billed","","-50.00","PSS RAWANG RSA","","Standalone","","","30 Jun 2018"
"11/06/2018 14:34","Purchase","'70838153003721345","WXR 5439","","PRIMAX 95","Billed","13.64","30.00","PSS BANDAR BARU SALAK TINGGI","","Standalone","","","30 Jun 2018"
"11/06/2018 14:33","Reload","'70838153003721345","WXR 5439","","","Billed","","-30.00","PSS BANDAR BARU SALAK TINGGI","","Standalone","","","30 Jun 2018"
"08/06/2018 13:56","Purchase","'70838153003721345","WXR 5439","","PRIMAX 95","Billed","13.64","30.00","PSS SUNGAI MERAB KAJANG","","Standalone","","","30 Jun 2018"
"08/06/2018 13:55","Reload","'70838153003721345","WXR 5439","","","Billed","","-30.00","PSS SUNGAI MERAB KAJANG","","Standalone","","","30 Jun 2018"
"05/06/2018 15:20","Purchase","'70838153003721345","WXR 5439","","PRIMAX 95","Billed","22.73","50.00","PSS AIR KEROH RSA SOUTH BOUND","","Standalone","","","30 Jun 2018"
"05/06/2018 15:19","Reload","'70838153003721345","WXR 5439","","","Billed","","-50.00","PSS AIR KEROH RSA SOUTH BOUND","","Standalone","","","30 Jun 2018"