"Date Time","Transaction Type","Card Number","Vehicle Number","Driver Card Number","Product Type","Billing Type","Transaction Volume (Litres)","Transaction Amount (RM)","Station Name","Odometer","Card Type","Cost Centre","Cost Centre Name","Statement Month"
"22/06/2018 17:25","Purchase","'70838153003424882","WXR58","","PRIMAX 95","Billed","11.35","24.98","PSS TAMAN MELATI","5198","Standalone","","","30 Jun 2018"
"22/06/2018 16:28","Purchase","'70838153003424882","WXR58","","PRIMAX 95","Billed","50.98","112.15","PSS TAMAN MELATI","5198","Standalone","","","30 Jun 2018"
"20/06/2018 20:29","Purchase","'70838153003424882","WXR58","","PRIMAX 97","Billed","43.56","113.26","PSS PADANG RENGAS","","Standalone","","","30 Jun 2018"
"20/06/2018 00:05","Purchase","'70838153003424882","WXR58","","PRIMAX 97","Billed","28.12","73.11","PSS ALOR MERAH","","Standalone","","","30 Jun 2018"
"19/06/2018 10:12","Purchase","'70838153003424882","WXR58","","PRIMAX 97","Billed","29.42","76.50","PSS TAMAN MELATI","","Standalone","","","30 Jun 2018"
"19/06/2018 09:54","Reload","'70838153003424882","WXR58","","","Billed","","-400.00","PSS TAMAN MELATI","","Standalone","","","30 Jun 2018"
"18/06/2018 16:21","Purchase","'70838153003424882","WXR58","","PRIMAX 97","Billed","37.21","96.75","PSS JAYA GADING","","Standalone","","","30 Jun 2018"
"14/06/2018 15:19","Purchase","'70838153003424882","WXR58","","PRIMAX 95","Billed","49.41","108.70","PSS CHENDERING","","Standalone","","","30 Jun 2018"
"04/06/2018 14:25","Purchase","'70838153003424882","WXR58","","PRIMAX 95","Billed","45.25","99.55","PSS TAMAN MELATI","","Standalone","","","30 Jun 2018"
"04/06/2018 14:24","Reload","'70838153003424882","WXR58","","","Billed","","-300.00","PSS TAMAN MELATI","","Standalone","","","30 Jun 2018"
"04/06/2018 14:20","Purchase","'70838153003424882","WXR58","","PRIMAX 95","Billed","3.05","6.71","PSS TAMAN MELATI","5198","Standalone","","","30 Jun 2018"
"01/06/2018 01:06","Purchase","'70838153003424882","WXR58","","PRIMAX 95","Billed","16.37","36.02","PSS TAMAN MELATI","","Standalone","","","30 Jun 2018"