"Date Time","Transaction Type","Card Number","Vehicle Number","Driver Card Number","Product Type","Billing Type","Transaction Volume (Litres)","Transaction Amount (RM)","Station Name","Odometer","Card Type","Cost Centre","Cost Centre Name","Statement Month"
"28/06/2018 12:35","Purchase","'70838153003732805","WXR 5765","","PRIMAX 95","Billed","22.73","50.00","PSS KLEMAK ALOR GAJAH","","Standalone","","","30 Jun 2018"
"28/06/2018 12:32","Reload","'70838153003732805","WXR 5765","","","Billed","","-100.00","PSS KLEMAK ALOR GAJAH","","Standalone","","","30 Jun 2018"
"23/06/2018 15:57","Purchase","'70838153003732805","WXR 5765","","PRIMAX 95","Billed","23.36","51.39","PSS KLEMAK ALOR GAJAH","","Standalone","","","30 Jun 2018"
"23/06/2018 15:54","Reload","'70838153003732805","WXR 5765","","","Billed","","-50.00","PSS KLEMAK ALOR GAJAH","","Standalone","","","30 Jun 2018"
"20/06/2018 23:25","Purchase","'70838153003732805","WXR 5765","","PRIMAX 95","Billed","22.73","50.00","PSS MITC","","Standalone","","","30 Jun 2018"
"20/06/2018 23:23","Reload","'70838153003732805","WXR 5765","","","Billed","","-50.00","PSS MITC","","Standalone","","","30 Jun 2018"
"10/06/2018 20:34","Purchase","'70838153003732805","WXR 5765","","PRIMAX 95","Billed","18.18","40.00","PSS KLEMAK ALOR GAJAH","","Standalone","","","30 Jun 2018"
"08/06/2018 09:36","Purchase","'70838153003732805","WXR 5765","","PRIMAX 95","Billed","31.82","70.00","PSS KLEMAK ALOR GAJAH","","Standalone","","","30 Jun 2018"
"08/06/2018 09:34","Reload","'70838153003732805","WXR 5765","","","Billed","","-100.00","PSS KLEMAK ALOR GAJAH","","Standalone","","","30 Jun 2018"