"Date Time","Transaction Type","Card Number","Vehicle Number","Driver Card Number","Product Type","Billing Type","Transaction Volume (Litres)","Transaction Amount (RM)","Station Name","Odometer","Card Type","Cost Centre","Cost Centre Name","Statement Month"
"27/06/2018 09:56","Reload","'70838153003666672","WXR2007","","","Billed","","-60.00","PSS RAWAT & REHAT(S) KL- SEREMBAN","","Standalone","","","30 Jun 2018"
"27/06/2018 09:50","Purchase","'70838153003666672","WXR2007","","PRIMAX 95","Billed","9.00","19.80","PSS RAWAT & REHAT(S) KL- SEREMBAN","","Standalone","","","30 Jun 2018"
"20/06/2018 08:20","Reload","'70838153003666672","WXR2007","","","Billed","","-20.00","PSS TAMAN PELANGI SEMENYIH","","Standalone","","","30 Jun 2018"
"14/06/2018 22:44","Purchase","'70838153003666672","WXR2007","","PRIMAX 95","Billed","2.23","4.90","PSS KUBANG KERIAN","","Standalone","","","30 Jun 2018"
"12/06/2018 11:26","Reload","'70838153003666672","WXR2007","","","Billed","","-50.00","PSS RAWAT & REHAT(S) KL- SEREMBAN","","Standalone","","","30 Jun 2018"
"10/06/2018 22:43","Purchase","'70838153003666672","WXR2007","","PRIMAX 95","Billed","4.00","8.80","PSS BATU 1 JALAN SEMENYIH","","Standalone","","","30 Jun 2018"
"08/06/2018 22:05","Purchase","'70838153003666672","WXR2007","","PRIMAX 95","Billed","9.03","19.86","PSS BATU 1 JALAN SEMENYIH","","Standalone","","","30 Jun 2018"
"05/06/2018 09:00","Purchase","'70838153003666672","WXR2007","","PRIMAX 95","Billed","9.11","20.04","PSS BATU 1 JALAN SEMENYIH","","Standalone","","","30 Jun 2018"
"03/06/2018 22:23","Reload","'70838153003666672","WXR2007","","","Billed","","-40.00","PSS PUTERA BUDIMAN","","Standalone","","","30 Jun 2018"
"01/06/2018 00:00","Purchase","'70838153003666672","WXR2007","","PRIMAX 95","Billed","6.65","14.63","PSS TAMAN PELANGI SEMENYIH","","Standalone","","","30 Jun 2018"