"Date Time","Transaction Type","Card Number","Vehicle Number","Driver Card Number","Product Type","Billing Type","Transaction Volume (Litres)","Transaction Amount (RM)","Station Name","Odometer","Card Type","Cost Centre","Cost Centre Name","Statement Month"
"28/06/2018 13:23","Purchase","'70838153003729512","WXR 5064","","PRIMAX 95","Billed","25.00","55.00","PSS SUBANG AIRPORT","8434","Standalone","","","30 Jun 2018"
"28/06/2018 13:19","Reload","'70838153003729512","WXR 5064","","","Billed","","-55.00","PSS SUBANG AIRPORT","","Standalone","","","30 Jun 2018"
"27/06/2018 15:20","Purchase","'70838153003729512","WXR 5064","","PRIMAX 95","Billed","6.82","15.00","PSS PEKAN BARU SUBANG","8434","Standalone","","","30 Jun 2018"
"27/06/2018 15:19","Reload","'70838153003729512","WXR 5064","","","Billed","","-15.00","PSS PEKAN BARU SUBANG","","Standalone","","","30 Jun 2018"
"22/06/2018 15:24","Purchase","'70838153003729512","WXR 5064","","PRIMAX 95","Billed","25.00","55.00","PSS PEKAN BARU SUBANG","8434","Standalone","","","30 Jun 2018"
"22/06/2018 15:23","Reload","'70838153003729512","WXR 5064","","","Billed","","-60.00","PSS PEKAN BARU SUBANG","","Standalone","","","30 Jun 2018"
"21/06/2018 19:26","Purchase","'70838153003729512","WXR 5064","","PRIMAX 95","Billed","9.09","20.00","PSS PEKAN BARU SUBANG","8434","Standalone","","","30 Jun 2018"
"21/06/2018 19:24","Reload","'70838153003729512","WXR 5064","","","Billed","","-20.00","PSS PEKAN BARU SUBANG","","Standalone","","","30 Jun 2018"
"09/06/2018 14:37","Purchase","'70838153003729512","WXR 5064","","PRIMAX 95","Billed","8.43","18.55","PSS PEKAN BARU SUBANG","8434","Standalone","","","30 Jun 2018"
"07/06/2018 18:44","Purchase","'70838153003729512","WXR 5064","","PRIMAX 95","Billed","9.09","20.00","PSS PEKAN BARU SUBANG","8434","Standalone","","","30 Jun 2018"
"07/06/2018 09:54","Purchase","'70838153003729512","WXR 5064","","PRIMAX 95","Billed","4.55","10.00","PSS PEKAN BARU SUBANG","8434","Standalone","","","30 Jun 2018"