"Date Time","Transaction Type","Card Number","Vehicle Number","Driver Card Number","Product Type","Billing Type","Transaction Volume (Litres)","Transaction Amount (RM)","Station Name","Odometer","Card Type","Cost Centre","Cost Centre Name","Statement Month"
"25/06/2018 19:55","Purchase","'70838153003422902","WXR83","","PRIMAX 95","Billed","22.73","50.00","PSS TAMAN YAYASAN SEGAMAT","","Standalone","","","30 Jun 2018"
"25/06/2018 19:53","Reload","'70838153003422902","WXR83","","","Billed","","-100.00","PSS TAMAN YAYASAN SEGAMAT","","Standalone","","","30 Jun 2018"
"22/06/2018 22:21","Purchase","'70838153003422902","WXR83","","PRIMAX 95","Billed","22.73","50.00","PSS BUKIT GAMBIR","","Standalone","","","30 Jun 2018"
"22/06/2018 22:18","Reload","'70838153003422902","WXR83","","","Billed","","-50.00","PSS BUKIT GAMBIR","","Standalone","","","30 Jun 2018"
"20/06/2018 04:29","Purchase","'70838153003422902","WXR83","","PRIMAX 95","Billed","22.73","50.00","PSS SKUDAI RSA","","Standalone","","","30 Jun 2018"
"20/06/2018 04:27","Reload","'70838153003422902","WXR83","","","Billed","","-50.00","PSS SKUDAI RSA","","Standalone","","","30 Jun 2018"
"16/06/2018 21:51","Purchase","'70838153003422902","WXR83","","PRIMAX 95","Billed","22.73","50.00","PSS JEMENTAH","","Standalone","","","30 Jun 2018"
"14/06/2018 18:23","Purchase","'70838153003422902","WXR83","","PRIMAX 95","Billed","22.73","50.00","PSS JEMENTAH","","Standalone","","","30 Jun 2018"
"14/06/2018 18:22","Reload","'70838153003422902","WXR83","","","Billed","","-100.00","PSS JEMENTAH","","Standalone","","","30 Jun 2018"