"Date Time","Transaction Type","Card Number","Vehicle Number","Driver Card Number","Product Type","Billing Type","Transaction Volume (Litres)","Transaction Amount (RM)","Station Name","Odometer","Card Type","Cost Centre","Cost Centre Name","Statement Month"
"29/06/2018 19:38","Purchase","'70838153003582747","WXR1187","","PRIMAX 95","Billed","6.37","14.00","PSS KOTA KEMUNING","","Standalone","","","30 Jun 2018"
"19/06/2018 20:36","Purchase","'70838153003582747","WXR1187","","PRIMAX 95","Billed","22.73","50.00","PSS KOTA KEMUNING","","Standalone","","","30 Jun 2018"
"14/06/2018 17:25","Purchase","'70838153003582747","WXR1187","","PRIMAX 95","Billed","22.73","50.00","PSS BANDAR BARU SERTING","","Standalone","","","30 Jun 2018"
"12/06/2018 11:51","Purchase","'70838153003582747","WXR1187","","PRIMAX 95","Billed","18.18","40.00","PSS SUNGAI BESAR","","Standalone","","","30 Jun 2018"
"10/06/2018 09:16","Reload","'70838153003582747","WXR1187","","","Billed","","-90.00","PSS KOTA KEMUNING","","Standalone","","","30 Jun 2018"
"10/06/2018 09:10","Purchase","'70838153003582747","WXR1187","","PRIMAX 95","Billed","22.73","50.00","PSS KOTA KEMUNING","","Standalone","","","30 Jun 2018"
"03/06/2018 00:04","Purchase","'70838153003582747","WXR1187","","PRIMAX 95","Billed","22.73","50.00","PSS KOTA KEMUNING","","Standalone","","","30 Jun 2018"
"03/06/2018 00:03","Reload","'70838153003582747","WXR1187","","","Billed","","-150.00","PSS KOTA KEMUNING","","Standalone","","","30 Jun 2018"