"Date Time","Transaction Type","Card Number","Vehicle Number","Driver Card Number","Product Type","Billing Type","Transaction Volume (Litres)","Transaction Amount (RM)","Station Name","Odometer","Card Type","Cost Centre","Cost Centre Name","Statement Month"
"26/06/2018 19:51","Purchase","'70838153003424635","WXR49","","PRIMAX 95","Billed","20.00","44.00","PSS JLN TANJONG BENDAHARA","77828","Standalone","","","30 Jun 2018"
"26/06/2018 19:50","Reload","'70838153003424635","WXR49","","","Billed","","-50.00","PSS JLN TANJONG BENDAHARA","","Standalone","","","30 Jun 2018"
"23/06/2018 09:25","Purchase","'70838153003424635","WXR49","","PRIMAX 95","Billed","20.00","44.00","PSS JLN TANJONG BENDAHARA","78000","Standalone","","","30 Jun 2018"
"23/06/2018 09:23","Reload","'70838153003424635","WXR49","","","Billed","","-50.00","PSS JLN TANJONG BENDAHARA","","Standalone","","","30 Jun 2018"
"19/06/2018 17:41","Purchase","'70838153003424635","WXR49","","PRIMAX 95","Billed","22.73","50.00","PSS LAGUNA MERBUK","77347","Standalone","","","30 Jun 2018"
"19/06/2018 17:40","Reload","'70838153003424635","WXR49","","","Billed","","-50.00","PSS LAGUNA MERBUK","","Standalone","","","30 Jun 2018"
"13/06/2018 12:26","Purchase","'70838153003424635","WXR49","","PRIMAX 95","Billed","20.00","44.00","PSS SUNGAI JAGUNG","76633","Standalone","","","30 Jun 2018"
"11/06/2018 14:09","Purchase","'70838153003424635","WXR49","","PRIMAX 95","Billed","20.00","44.00","PSS JLN TANJONG BENDAHARA","76400","Standalone","","","30 Jun 2018"
"11/06/2018 14:04","Reload","'70838153003424635","WXR49","","","Billed","","-50.00","PSS JLN TANJONG BENDAHARA","","Standalone","","","30 Jun 2018"
"09/06/2018 12:59","Purchase","'70838153003424635","WXR49","","PRIMAX 95","Billed","10.00","22.00","PSS JLN TANJONG BENDAHARA","76000","Standalone","","","30 Jun 2018"
"09/06/2018 12:54","Reload","'70838153003424635","WXR49","","","Billed","","-50.00","PSS JLN TANJONG BENDAHARA","","Standalone","","","30 Jun 2018"
"04/06/2018 18:09","Purchase","'70838153003424635","WXR49","","PRIMAX 95","Billed","22.73","50.00","PSS TAMAN PKNK (ALOR MALAI)","75230","Standalone","","","30 Jun 2018"
"01/06/2018 22:05","Reload","'70838153003424635","WXR49","","","Billed","","-50.00","PSS TAMAN PKNK (ALOR MALAI)","","Standalone","","","30 Jun 2018"