"Date Time","Transaction Type","Card Number","Vehicle Number","Driver Card Number","Product Type","Billing Type","Transaction Volume (Litres)","Transaction Amount (RM)","Station Name","Odometer","Card Type","Cost Centre","Cost Centre Name","Statement Month"
"26/06/2018 15:29","Purchase","'70838153003424312","WXR40","","Diesel","Billed","22.94","50.00","PSS MATA AIR","123456","Standalone","","","30 Jun 2018"
"26/06/2018 15:28","Reload","'70838153003424312","WXR40","","","Billed","","-50.00","PSS MATA AIR","","Standalone","","","30 Jun 2018"
"23/06/2018 11:52","Purchase","'70838153003424312","WXR40","","PRIMAX 95","Billed","22.73","50.00","PSS JALAN RAJA SYED ALWI","12010","Standalone","","","30 Jun 2018"
"23/06/2018 11:51","Reload","'70838153003424312","WXR40","","","Billed","","-50.00","PSS JALAN RAJA SYED ALWI","","Standalone","","","30 Jun 2018"
"05/06/2018 15:54","Purchase","'70838153003424312","WXR40","","Diesel","Billed","22.94","50.00","PSS BEHOR TEMAK","1234","Standalone","","","30 Jun 2018"
"05/06/2018 15:52","Reload","'70838153003424312","WXR40","","","Billed","","-50.00","PSS BEHOR TEMAK","","Standalone","","","30 Jun 2018"