"Date Time","Transaction Type","Card Number","Vehicle Number","Driver Card Number","Product Type","Billing Type","Transaction Volume (Litres)","Transaction Amount (RM)","Station Name","Odometer","Card Type","Cost Centre","Cost Centre Name","Statement Month"
"25/06/2018 23:27","Purchase","'70838153003666383","WXR2038","","Diesel","Billed","18.34","39.99","PSS SUBANG BESTARI","875498","Standalone","","","30 Jun 2018"
"25/06/2018 21:40","Purchase","'70838153003666383","WXR2038","","Diesel","Billed","27.53","60.01","PSS AIR KEROH RSA NORTH BOUND","857469","Standalone","","","30 Jun 2018"
"25/06/2018 21:39","Reload","'70838153003666383","WXR2038","","","Billed","","-100.00","PSS AIR KEROH RSA NORTH BOUND","","Standalone","","","30 Jun 2018"
"25/06/2018 21:13","Purchase","'70838153003666383","WXR2038","","Diesel","Billed","4.90","10.68","PSS AIR KEROH RSA NORTH BOUND","457845","Standalone","","","30 Jun 2018"
"25/06/2018 18:36","Purchase","'70838153003666383","WXR2038","","Diesel","Billed","35.78","78.00","PSS SKUDAI RSA","421124","Standalone","","","30 Jun 2018"
"25/06/2018 03:07","Purchase","'70838153003666383","WXR2038","","Diesel","Billed","29.69","64.72","PSS MACHAP ARAH SELATAN","658585","Standalone","","","30 Jun 2018"
"25/06/2018 01:17","Purchase","'70838153003666383","WXR2038","","Diesel","Billed","22.94","50.00","PSS AIR KEROH RSA SOUTH BOUND","","Standalone","","","30 Jun 2018"
"24/06/2018 17:56","Purchase","'70838153003666383","WXR2038","","Diesel","Billed","21.38","46.60","PSS SUBANG BESTARI","546784","Standalone","","","30 Jun 2018"
"24/06/2018 17:53","Reload","'70838153003666383","WXR2038","","","Billed","","-250.00","PSS SUBANG BESTARI","","Standalone","","","30 Jun 2018"
"23/06/2018 12:15","Purchase","'70838153003666383","WXR2038","","Diesel","Billed","45.87","100.00","PSS BATU 8 JALAN IPOH","542845","Standalone","","","30 Jun 2018"
"23/06/2018 12:14","Reload","'70838153003666383","WXR2038","","","Billed","","-100.00","PSS BATU 8 JALAN IPOH","","Standalone","","","30 Jun 2018"
"22/06/2018 19:13","Purchase","'70838153003666383","WXR2038","","Diesel","Billed","24.84","54.15","PSS AIR KEROH RSA NORTH BOUND","526425","Standalone","","","30 Jun 2018"
"22/06/2018 09:45","Purchase","'70838153003666383","WXR2038","","Diesel","Billed","29.87","65.13","PSS MAMBAU","142949","Standalone","","","30 Jun 2018"
"22/06/2018 09:44","Reload","'70838153003666383","WXR2038","","","Billed","","-100.00","PSS MAMBAU","","Standalone","","","30 Jun 2018"
"11/06/2018 13:47","Purchase","'70838153003666383","WXR2038","","Diesel","Billed","37.03","80.72","PSS SG JATI","142261","Standalone","","","30 Jun 2018"
"11/06/2018 13:46","Reload","'70838153003666383","WXR2038","","","Billed","","-100.00","PSS SG JATI","","Standalone","","","30 Jun 2018"
"08/06/2018 11:37","Purchase","'70838153003666383","WXR2038","","Diesel","Billed","12.84","27.99","PSS Lebuh AMJ Cheng","141662","Standalone","","","30 Jun 2018"
"08/06/2018 00:38","Purchase","'70838153003666383","WXR2038","","Diesel","Billed","42.07","91.71","PSS SUBANG BESTARI","141146","Standalone","","","30 Jun 2018"
"08/06/2018 00:36","Reload","'70838153003666383","WXR2038","","","Billed","","-100.00","PSS SUBANG BESTARI","","Standalone","","","30 Jun 2018"
"06/06/2018 17:36","Purchase","'70838153003666383","WXR2038","","Diesel","Billed","32.12","70.03","PSS TAMAN SRI GOMBAK","141195","Standalone","","","30 Jun 2018"
"04/06/2018 16:21","Purchase","'70838153003666383","WXR2038","","Diesel","Billed","32.10","69.98","PSS SUBANG BESTARI","141004","Standalone","","","30 Jun 2018"
"04/06/2018 16:20","Reload","'70838153003666383","WXR2038","","","Billed","","-50.00","PSS SUBANG BESTARI","","Standalone","","","30 Jun 2018"
"02/06/2018 17:50","Purchase","'70838153003666383","WXR2038","","Diesel","Billed","22.80","49.70","PSS SUBANG BESTARI","140686","Standalone","","","30 Jun 2018"
"02/06/2018 17:48","Reload","'70838153003666383","WXR2038","","","Billed","","-100.00","PSS SUBANG BESTARI","","Standalone","","","30 Jun 2018"