"Date Time","Transaction Type","Card Number","Vehicle Number","Driver Card Number","Product Type","Billing Type","Transaction Volume (Litres)","Transaction Amount (RM)","Station Name","Odometer","Card Type","Cost Centre","Cost Centre Name","Statement Month"
"29/06/2018 17:05","Purchase","'70838153003500467","WXR951","","PRIMAX 95","Billed","22.73","50.00","PSS SPA KRUBONG","292","Standalone","","","30 Jun 2018"
"28/06/2018 20:55","Purchase","'70838153003500467","WXR951","","PRIMAX 97","Billed","23.72","59.30","PSS TAMAN SETIA INDAH","291","Standalone","","","30 Jun 2018"
"28/06/2018 20:53","Reload","'70838153003500467","WXR951","","","Billed","","-200.00","PSS TAMAN SETIA INDAH","","Standalone","","","30 Jun 2018"
"27/06/2018 13:26","Purchase","'70838153003500467","WXR951","","PRIMAX 97","Billed","19.31","50.00","PSS TAMAN DAYA","290","Standalone","","","30 Jun 2018"
"22/06/2018 19:50","Purchase","'70838153003500467","WXR951","","PRIMAX 95","Billed","13.64","30.00","PSS REMBIA","281","Standalone","","","30 Jun 2018"
"21/06/2018 18:20","Purchase","'70838153003500467","WXR951","","PRIMAX 95","Billed","27.27","60.00","PSS TAMAN SETIA INDAH","280","Standalone","","","30 Jun 2018"
"18/06/2018 17:53","Purchase","'70838153003500467","WXR951","","PRIMAX 95","Billed","22.73","50.00","PSS CHENG","270","Standalone","","","30 Jun 2018"
"13/06/2018 20:22","Purchase","'70838153003500467","WXR951","","PRIMAX 95","Billed","22.73","50.00","PSS LEBUH AMJ SG PETAI","256","Standalone","","","30 Jun 2018"
"13/06/2018 02:36","Purchase","'70838153003500467","WXR951","","PRIMAX 95","Billed","13.64","30.00","PSS SKUDAI RSA","255","Standalone","","","30 Jun 2018"
"13/06/2018 02:35","Reload","'70838153003500467","WXR951","","","Billed","","-200.00","PSS SKUDAI RSA","","Standalone","","","30 Jun 2018"
"09/06/2018 13:19","Purchase","'70838153003500467","WXR951","","PRIMAX 95","Billed","18.18","40.00","PSS TAMAN SETIA INDAH","211","Standalone","","","30 Jun 2018"
"05/06/2018 21:10","Purchase","'70838153003500467","WXR951","","PRIMAX 95","Billed","22.73","50.00","PSS TAMAN SETIA INDAH","209","Standalone","","","30 Jun 2018"