"Date Time","Transaction Type","Card Number","Vehicle Number","Driver Card Number","Product Type","Billing Type","Transaction Volume (Litres)","Transaction Amount (RM)","Station Name","Odometer","Card Type","Cost Centre","Cost Centre Name","Statement Month"
"29/06/2018 17:52","Purchase","'70838153003424726","WXR133","","PRIMAX 95","Billed","22.73","50.00","PSS MERLIMAU","10000","Standalone","","","30 Jun 2018"
"29/06/2018 17:51","Reload","'70838153003424726","WXR133","","","Billed","","-50.00","PSS MERLIMAU","","Standalone","","","30 Jun 2018"
"27/06/2018 12:24","Purchase","'70838153003424726","WXR133","","PRIMAX 95","Billed","18.18","40.00","PSS SUNGAI RAMBAI","1333","Standalone","","","30 Jun 2018"
"27/06/2018 12:22","Reload","'70838153003424726","WXR133","","","Billed","","-40.00","PSS SUNGAI RAMBAI","","Standalone","","","30 Jun 2018"
"24/06/2018 10:11","Purchase","'70838153003424726","WXR133","","PRIMAX 95","Billed","22.73","50.00","PSS MERLIMAU","155","Standalone","","","30 Jun 2018"
"24/06/2018 10:10","Reload","'70838153003424726","WXR133","","","Billed","","-60.00","PSS MERLIMAU","","Standalone","","","30 Jun 2018"
"19/06/2018 14:10","Purchase","'70838153003424726","WXR133","","PRIMAX 95","Billed","18.18","40.00","PSS MERLIMAU","1122","Standalone","","","30 Jun 2018"
"19/06/2018 14:08","Reload","'70838153003424726","WXR133","","","Billed","","-50.00","PSS MERLIMAU","","Standalone","","","30 Jun 2018"
"12/06/2018 23:01","Purchase","'70838153003424726","WXR133","","Diesel","Billed","13.57","29.58","PSS MERLIMAU","123","Standalone","","","30 Jun 2018"
"07/06/2018 16:09","Purchase","'70838153003424726","WXR133","","PRIMAX 95","Billed","6.82","15.00","PSS LEBOH AMJ SEMABOK","133","Standalone","","","30 Jun 2018"
"07/06/2018 16:07","Reload","'70838153003424726","WXR133","","","Billed","","-40.00","PSS LEBOH AMJ SEMABOK","","Standalone","","","30 Jun 2018"
"06/06/2018 11:42","Purchase","'70838153003424726","WXR133","","Diesel","Billed","13.76","30.00","PSS SUNGAI RAMBAI","122","Standalone","","","30 Jun 2018"