"Date Time","Transaction Type","Card Number","Vehicle Number","Driver Card Number","Product Type","Billing Type","Transaction Volume (Litres)","Transaction Amount (RM)","Station Name","Odometer","Card Type","Cost Centre","Cost Centre Name","Statement Month"
"24/06/2018 17:04","Purchase","'70838153003721733","WXR 5449","","PRIMAX 95","Billed","0.06","0.14","PSS KEPONG INDAH","44","Standalone","","","30 Jun 2018"
"19/06/2018 15:54","Purchase","'70838153003721733","WXR 5449","","PRIMAX 95","Billed","1.82","4.00","PSS JINJANG","79","Standalone","","","30 Jun 2018"
"14/06/2018 11:18","Purchase","'70838153003721733","WXR 5449","","PRIMAX 95","Billed","1.82","4.00","PSS JLN KUCHING","23","Standalone","","","30 Jun 2018"
"07/06/2018 21:14","Purchase","'70838153003721733","WXR 5449","","PRIMAX 95","Billed","0.91","2.00","PSS JINJANG","5","Standalone","","","30 Jun 2018"
"07/06/2018 18:07","Reload","'70838153003721733","WXR 5449","","","Billed","","-10.00","PSS MRR2 ARAH KEPONG","","Standalone","","","30 Jun 2018"