"Date Time","Transaction Type","Card Number","Vehicle Number","Driver Card Number","Product Type","Billing Type","Transaction Volume (Litres)","Transaction Amount (RM)","Station Name","Odometer","Card Type","Cost Centre","Cost Centre Name","Statement Month"
"28/06/2018 07:37","Purchase","'70838153003734983","WXR 5781","","PRIMAX 95","Billed","13.64","30.00","PSS MITC","","Standalone","","","30 Jun 2018"
"28/06/2018 07:37","Reload","'70838153003734983","WXR 5781","","","Billed","","-20.00","PSS MITC","","Standalone","","","30 Jun 2018"
"26/06/2018 17:23","Purchase","'70838153003734983","WXR 5781","","PRIMAX 95","Billed","13.64","30.00","PSS MITC","","Standalone","","","30 Jun 2018"
"26/06/2018 17:23","Reload","'70838153003734983","WXR 5781","","","Billed","","-50.00","PSS MITC","","Standalone","","","30 Jun 2018"
"22/06/2018 07:09","Purchase","'70838153003734983","WXR 5781","","PRIMAX 95","Billed","22.73","50.00","PSS REMBIA","","Standalone","","","30 Jun 2018"
"15/06/2018 19:06","Purchase","'70838153003734983","WXR 5781","","PRIMAX 95","Billed","15.01","33.01","PSS TAMAN SEMARAK","106407","Standalone","","","30 Jun 2018"
"15/06/2018 10:14","Reload","'70838153003734983","WXR 5781","","","Billed","","-100.00","PSS REMBIA","","Standalone","","","30 Jun 2018"