"Date Time","Transaction Type","Card Number","Vehicle Number","Driver Card Number","Product Type","Billing Type","Transaction Volume (Litres)","Transaction Amount (RM)","Station Name","Odometer","Card Type","Cost Centre","Cost Centre Name","Statement Month"
"30/06/2018 13:03","Purchase","'70838153003582283","WXR1152","","PRIMAX 97","Billed","24.00","60.00","PSS KELANA JAYA 2","3327","Standalone","","","30 Jun 2018"
"24/06/2018 16:19","Purchase","'70838153003582283","WXR1152","","PRIMAX 97","Billed","19.31","50.00","PSS KELANA JAYA 2","3327","Standalone","","","30 Jun 2018"
"24/06/2018 16:17","Reload","'70838153003582283","WXR1152","","","Billed","","-100.00","PSS KELANA JAYA 2","","Standalone","","","30 Jun 2018"
"20/06/2018 07:15","Purchase","'70838153003582283","WXR1152","","PRIMAX 97","Billed","23.08","60.00","PSS KELANA JAYA 2","3327","Standalone","","","30 Jun 2018"
"09/06/2018 18:24","Purchase","'70838153003582283","WXR1152","","PRIMAX 97","Billed","18.80","50.00","PSS KELANA JAYA 2","3327","Standalone","","","30 Jun 2018"
"09/06/2018 18:23","Reload","'70838153003582283","WXR1152","","","Billed","","-100.00","PSS KELANA JAYA 2","","Standalone","","","30 Jun 2018"
"03/06/2018 17:49","Purchase","'70838153003582283","WXR1152","","PRIMAX 97","Billed","20.24","50.00","PSS KELANA JAYA 2","3327","Standalone","","","30 Jun 2018"