"Date Time","Transaction Type","Card Number","Vehicle Number","Driver Card Number","Product Type","Billing Type","Transaction Volume (Litres)","Transaction Amount (RM)","Station Name","Odometer","Card Type","Cost Centre","Cost Centre Name","Statement Month"
"30/06/2018 12:08","Purchase","'70838153003422860","WXR79","","PRIMAX 95","Billed","22.73","50.00","PSS KAMPUNG AWAH","","Standalone","","","30 Jun 2018"
"28/06/2018 15:08","Purchase","'70838153003422860","WXR79","","PRIMAX 95","Billed","22.73","50.00","PSS KAMPUNG AWAH","","Standalone","","","30 Jun 2018"
"28/06/2018 15:07","Reload","'70838153003422860","WXR79","","","Billed","","-50.00","PSS KAMPUNG AWAH","","Standalone","","","30 Jun 2018"
"09/06/2018 08:19","Purchase","'70838153003422860","WXR79","","PRIMAX 95","Billed","18.18","40.00","PSS BANDAR SERI PUTRA","","Standalone","","","30 Jun 2018"
"08/06/2018 11:32","Purchase","'70838153003422860","WXR79","","PRIMAX 95","Billed","22.73","50.00","PSS AMPANG JAYA","","Standalone","","","30 Jun 2018"
"08/06/2018 11:30","Reload","'70838153003422860","WXR79","","","Billed","","-100.00","PSS AMPANG JAYA","","Standalone","","","30 Jun 2018"
"05/06/2018 16:43","Purchase","'70838153003422860","WXR79","","PRIMAX 95","Billed","18.18","40.00","PSS KAMPUNG AWAH","","Standalone","","","30 Jun 2018"