"Date Time","Transaction Type","Card Number","Vehicle Number","Driver Card Number","Product Type","Billing Type","Transaction Volume (Litres)","Transaction Amount (RM)","Station Name","Odometer","Card Type","Cost Centre","Cost Centre Name","Statement Month"
"29/06/2018 10:37","Purchase","'70838153003495866","WXR549","","PRIMAX 97","Billed","20.00","50.00","PSS BATU FERINGGI","","Standalone","","","30 Jun 2018"
"29/06/2018 10:36","Reload","'70838153003495866","WXR549","","","Billed","","-50.00","PSS BATU FERINGGI","","Standalone","","","30 Jun 2018"
"28/06/2018 08:14","Purchase","'70838153003495866","WXR549","","PRIMAX 97","Billed","20.00","50.00","PSS BATU FERINGGI","","Standalone","","","30 Jun 2018"
"28/06/2018 08:13","Reload","'70838153003495866","WXR549","","","Billed","","-50.00","PSS BATU FERINGGI","","Standalone","","","30 Jun 2018"
"26/06/2018 09:59","Purchase","'70838153003495866","WXR549","","PRIMAX 97","Billed","19.31","50.00","PSS BATU FERINGGI","","Standalone","","","30 Jun 2018"
"26/06/2018 09:57","Reload","'70838153003495866","WXR549","","","Billed","","-50.00","PSS BATU FERINGGI","","Standalone","","","30 Jun 2018"
"24/06/2018 11:40","Purchase","'70838153003495866","WXR549","","PRIMAX 97","Billed","19.31","50.00","PSS BATU FERINGGI","","Standalone","","","30 Jun 2018"
"23/06/2018 09:55","Purchase","'70838153003495866","WXR549","","PRIMAX 97","Billed","19.31","50.00","PSS BATU FERINGGI","","Standalone","","","30 Jun 2018"
"23/06/2018 09:54","Reload","'70838153003495866","WXR549","","","Billed","","-100.00","PSS BATU FERINGGI","","Standalone","","","30 Jun 2018"
"22/06/2018 17:43","Purchase","'70838153003495866","WXR549","","PRIMAX 97","Billed","19.31","50.00","PSS JURU LAYBAY","","Standalone","","","30 Jun 2018"
"22/06/2018 17:40","Reload","'70838153003495866","WXR549","","","Billed","","-50.00","PSS JURU LAYBAY","","Standalone","","","30 Jun 2018"