"Date Time","Transaction Type","Card Number","Vehicle Number","Driver Card Number","Product Type","Billing Type","Transaction Volume (Litres)","Transaction Amount (RM)","Station Name","Odometer","Card Type","Cost Centre","Cost Centre Name","Statement Month"
"30/06/2018 00:39","Purchase","'70838153003422837","WXR76","","PRIMAX 95","Billed","27.27","60.00","PSS AMPANGAN 2","","Standalone","","","30 Jun 2018"
"29/06/2018 14:18","Purchase","'70838153003422837","WXR76","","PRIMAX 95","Billed","22.73","50.00","PSS BUKIT KANGKAR","","Standalone","","","30 Jun 2018"
"29/06/2018 14:17","Reload","'70838153003422837","WXR76","","","Billed","","-200.00","PSS BUKIT KANGKAR","","Standalone","","","30 Jun 2018"
"22/06/2018 10:50","Purchase","'70838153003422837","WXR76","","PRIMAX 95","Billed","22.73","50.00","PSS BUKIT KANGKAR","","Standalone","","","30 Jun 2018"
"22/06/2018 10:49","Reload","'70838153003422837","WXR76","","","Billed","","-100.00","PSS BUKIT KANGKAR","","Standalone","","","30 Jun 2018"
"22/06/2018 10:46","Purchase","'70838153003422837","WXR76","","PRIMAX 95","Billed","15.11","33.25","PSS BUKIT KANGKAR","","Standalone","","","30 Jun 2018"
"17/06/2018 12:33","Purchase","'70838153003422837","WXR76","","PRIMAX 95","Billed","36.36","80.00","PSS BUKIT KANGKAR","","Standalone","","","30 Jun 2018"
"10/06/2018 12:11","Purchase","'70838153003422837","WXR76","","PRIMAX 95","Billed","38.64","85.00","PSS BUKIT KANGKAR","","Standalone","","","30 Jun 2018"
"01/06/2018 07:20","Purchase","'70838153003422837","WXR76","","PRIMAX 95","Billed","35.77","78.70","PSS MUAR BYPASS","","Standalone","","","30 Jun 2018"