"Date Time","Transaction Type","Card Number","Vehicle Number","Driver Card Number","Product Type","Billing Type","Transaction Volume (Litres)","Transaction Amount (RM)","Station Name","Odometer","Card Type","Cost Centre","Cost Centre Name","Statement Month"
"29/06/2018 08:55","Purchase","'70838153003422928","WXR85","","PRIMAX 95","Billed","13.64","30.00","PSS TAMAN SAUJANA BATU GAJAH","","Standalone","","","30 Jun 2018"
"29/06/2018 08:52","Reload","'70838153003422928","WXR85","","","Billed","","-30.00","PSS TAMAN SAUJANA BATU GAJAH","","Standalone","","","30 Jun 2018"
"27/06/2018 18:34","Purchase","'70838153003422928","WXR85","","PRIMAX 95","Billed","16.67","36.66","PSS BANDAR MERU RAYA","","Standalone","","","30 Jun 2018"
"27/06/2018 18:32","Reload","'70838153003422928","WXR85","","","Billed","","-30.00","PSS BANDAR MERU RAYA","","Standalone","","","30 Jun 2018"
"25/06/2018 11:10","Purchase","'70838153003422928","WXR85","","PRIMAX 95","Billed","16.36","36.00","PSS TAMAN SAUJANA BATU GAJAH","","Standalone","","","30 Jun 2018"
"25/06/2018 11:09","Reload","'70838153003422928","WXR85","","","Billed","","-30.00","PSS TAMAN SAUJANA BATU GAJAH","","Standalone","","","30 Jun 2018"
"22/06/2018 14:44","Purchase","'70838153003422928","WXR85","","PRIMAX 95","Billed","23.65","52.03","PSS TAMAN SAUJANA BATU GAJAH","","Standalone","","","30 Jun 2018"
"22/06/2018 14:41","Reload","'70838153003422928","WXR85","","","Billed","","-40.00","PSS TAMAN SAUJANA BATU GAJAH","","Standalone","","","30 Jun 2018"
"21/06/2018 16:11","Purchase","'70838153003422928","WXR85","","PRIMAX 95","Billed","18.18","40.00","PSS TAMAN MARIDA","","Standalone","","","30 Jun 2018"
"21/06/2018 16:10","Reload","'70838153003422928","WXR85","","","Billed","","-50.00","PSS TAMAN MARIDA","","Standalone","","","30 Jun 2018"
"20/06/2018 11:42","Purchase","'70838153003422928","WXR85","","PRIMAX 95","Billed","16.05","35.31","PSS MACHAP ARAH UTARA","","Standalone","","","30 Jun 2018"
"20/06/2018 11:40","Reload","'70838153003422928","WXR85","","","Billed","","-50.00","PSS MACHAP ARAH UTARA","","Standalone","","","30 Jun 2018"
"18/06/2018 17:03","Purchase","'70838153003422928","WXR85","","PRIMAX 95","Billed","22.73","50.00","PSS JALAN GENUANG SEGAMAT","","Standalone","","","30 Jun 2018"
"18/06/2018 17:02","Reload","'70838153003422928","WXR85","","","Billed","","-50.00","PSS JALAN GENUANG SEGAMAT","","Standalone","","","30 Jun 2018"
"16/06/2018 22:11","Purchase","'70838153003422928","WXR85","","PRIMAX 95","Billed","22.73","50.00","PSS BANDAR MENTAKAB","","Standalone","","","30 Jun 2018"
"16/06/2018 22:09","Reload","'70838153003422928","WXR85","","","Billed","","-50.00","PSS BANDAR MENTAKAB","","Standalone","","","30 Jun 2018"
"16/06/2018 10:40","Purchase","'70838153003422928","WXR85","","PRIMAX 95","Billed","22.73","50.00","PSS TAMAN SAUJANA BATU GAJAH","","Standalone","","","30 Jun 2018"
"16/06/2018 10:36","Reload","'70838153003422928","WXR85","","","Billed","","-50.00","PSS TAMAN SAUJANA BATU GAJAH","","Standalone","","","30 Jun 2018"
"14/06/2018 13:32","Purchase","'70838153003422928","WXR85","","PRIMAX 95","Billed","22.73","50.00","PSS TAPAH ARAH UTARA","","Standalone","","","30 Jun 2018"
"14/06/2018 13:30","Reload","'70838153003422928","WXR85","","","Billed","","-50.00","PSS TAPAH ARAH UTARA","","Standalone","","","30 Jun 2018"
"12/06/2018 18:48","Purchase","'70838153003422928","WXR85","","PRIMAX 95","Billed","13.64","30.00","PSS JALAN LAHAT MENGLEMBU","","Standalone","","","30 Jun 2018"
"12/06/2018 18:46","Reload","'70838153003422928","WXR85","","","Billed","","-30.00","PSS JALAN LAHAT MENGLEMBU","","Standalone","","","30 Jun 2018"
"11/06/2018 17:46","Purchase","'70838153003422928","WXR85","","PRIMAX 95","Billed","13.64","30.00","PSS JALAN LAHAT MENGLEMBU","","Standalone","","","30 Jun 2018"
"11/06/2018 17:45","Reload","'70838153003422928","WXR85","","","Billed","","-30.00","PSS JALAN LAHAT MENGLEMBU","","Standalone","","","30 Jun 2018"
"10/06/2018 18:42","Purchase","'70838153003422928","WXR85","","PRIMAX 95","Billed","18.18","40.00","PSS JALAN LAHAT MENGLEMBU","","Standalone","","","30 Jun 2018"
"10/06/2018 18:40","Reload","'70838153003422928","WXR85","","","Billed","","-40.00","PSS JALAN LAHAT MENGLEMBU","","Standalone","","","30 Jun 2018"
"08/06/2018 18:37","Purchase","'70838153003422928","WXR85","","PRIMAX 95","Billed","15.91","35.00","PSS JALAN LAHAT MENGLEMBU","","Standalone","","","30 Jun 2018"
"08/06/2018 18:36","Reload","'70838153003422928","WXR85","","","Billed","","-30.00","PSS JALAN LAHAT MENGLEMBU","","Standalone","","","30 Jun 2018"
"06/06/2018 10:57","Purchase","'70838153003422928","WXR85","","PRIMAX 95","Billed","18.18","40.00","PSS TAMAN SAUJANA BATU GAJAH","","Standalone","","","30 Jun 2018"
"06/06/2018 10:55","Reload","'70838153003422928","WXR85","","","Billed","","-40.00","PSS TAMAN SAUJANA BATU GAJAH","","Standalone","","","30 Jun 2018"
"04/06/2018 18:56","Purchase","'70838153003422928","WXR85","","PRIMAX 95","Billed","13.64","30.00","PSS TAMAN SAUJANA BATU GAJAH","","Standalone","","","30 Jun 2018"
"04/06/2018 18:53","Reload","'70838153003422928","WXR85","","","Billed","","-30.00","PSS TAMAN SAUJANA BATU GAJAH","","Standalone","","","30 Jun 2018"
"03/06/2018 18:45","Purchase","'70838153003422928","WXR85","","PRIMAX 95","Billed","12.27","26.99","PSS TAMAN SAUJANA BATU GAJAH","","Standalone","","","30 Jun 2018"
"03/06/2018 18:43","Reload","'70838153003422928","WXR85","","","Billed","","-20.00","PSS TAMAN SAUJANA BATU GAJAH","","Standalone","","","30 Jun 2018"
"02/06/2018 17:52","Purchase","'70838153003422928","WXR85","","PRIMAX 95","Billed","10.46","23.01","PSS TAMAN SAUJANA BATU GAJAH","","Standalone","","","30 Jun 2018"
"02/06/2018 17:50","Reload","'70838153003422928","WXR85","","","Billed","","-30.00","PSS TAMAN SAUJANA BATU GAJAH","","Standalone","","","30 Jun 2018"
"01/06/2018 17:08","Purchase","'70838153003422928","WXR85","","PRIMAX 95","Billed","12.62","27.77","PSS JALAN LAHAT MENGLEMBU","","Standalone","","","30 Jun 2018"
"01/06/2018 17:06","Reload","'70838153003422928","WXR85","","","Billed","","-20.00","PSS JALAN LAHAT MENGLEMBU","","Standalone","","","30 Jun 2018"