"Date Time","Transaction Type","Card Number","Vehicle Number","Driver Card Number","Product Type","Billing Type","Transaction Volume (Litres)","Transaction Amount (RM)","Station Name","Odometer","Card Type","Cost Centre","Cost Centre Name","Statement Month"
"30/06/2018 07:08","Reload","'70838153003495403","WXR540","","","Billed","","-100.00","PSS KUAH LANGKAWI","","Standalone","","","30 Jun 2018"
"28/06/2018 19:17","Purchase","'70838153003495403","WXR540","","Diesel","Billed","20.19","44.00","PSS TOK SENIK","","Standalone","","","30 Jun 2018"
"28/06/2018 19:16","Reload","'70838153003495403","WXR540","","","Billed","","-50.00","PSS TOK SENIK","","Standalone","","","30 Jun 2018"
"26/06/2018 17:07","Purchase","'70838153003495403","WXR540","","PRIMAX 95","Billed","20.00","44.00","PSS TOK SENIK","","Standalone","","","30 Jun 2018"
"26/06/2018 17:06","Reload","'70838153003495403","WXR540","","","Billed","","-50.00","PSS TOK SENIK","","Standalone","","","30 Jun 2018"
"22/06/2018 18:40","Purchase","'70838153003495403","WXR540","","PRIMAX 95","Billed","16.82","37.00","PSS KUAH LANGKAWI","","Standalone","","","30 Jun 2018"
"21/06/2018 07:56","Purchase","'70838153003495403","WXR540","","Diesel","Billed","20.00","43.60","PSS TOK SENIK","","Standalone","","","30 Jun 2018"
"21/06/2018 07:54","Reload","'70838153003495403","WXR540","","","Billed","","-50.00","PSS TOK SENIK","","Standalone","","","30 Jun 2018"
"19/06/2018 16:00","Purchase","'70838153003495403","WXR540","","Diesel","Billed","20.00","43.60","PSS PANTAI KOK","","Standalone","","","30 Jun 2018"
"19/06/2018 16:00","Reload","'70838153003495403","WXR540","","","Billed","","-50.00","PSS PANTAI KOK","","Standalone","","","30 Jun 2018"
"18/06/2018 08:49","Purchase","'70838153003495403","WXR540","","PRIMAX 95","Billed","22.73","50.00","PSS KUAH LANGKAWI","","Standalone","","","30 Jun 2018"
"18/06/2018 08:49","Reload","'70838153003495403","WXR540","","","Billed","","-50.00","PSS KUAH LANGKAWI","","Standalone","","","30 Jun 2018"
"16/06/2018 06:57","Purchase","'70838153003495403","WXR540","","Diesel","Billed","13.76","30.00","PSS TOK SENIK","","Standalone","","","30 Jun 2018"
"16/06/2018 06:56","Reload","'70838153003495403","WXR540","","","Billed","","-50.00","PSS TOK SENIK","","Standalone","","","30 Jun 2018"
"14/06/2018 23:04","Purchase","'70838153003495403","WXR540","","Diesel","Billed","22.94","50.00","PSS KELEBANG LANGKAWI","","Standalone","","","30 Jun 2018"
"14/06/2018 23:04","Reload","'70838153003495403","WXR540","","","Billed","","-50.00","PSS KELEBANG LANGKAWI","","Standalone","","","30 Jun 2018"
"12/06/2018 11:57","Purchase","'70838153003495403","WXR540","","Diesel","Billed","22.94","50.00","PSS PADANG MAT SIRAT","","Standalone","","","30 Jun 2018"
"12/06/2018 11:56","Reload","'70838153003495403","WXR540","","","Billed","","-50.00","PSS PADANG MAT SIRAT","","Standalone","","","30 Jun 2018"
"11/06/2018 14:20","Purchase","'70838153003495403","WXR540","","Diesel","Billed","22.94","50.00","PSS PANTAI KOK","","Standalone","","","30 Jun 2018"
"11/06/2018 14:19","Reload","'70838153003495403","WXR540","","","Billed","","-50.00","PSS PANTAI KOK","","Standalone","","","30 Jun 2018"
"10/06/2018 16:40","Purchase","'70838153003495403","WXR540","","Diesel","Billed","22.94","50.00","PSS KELEBANG LANGKAWI","","Standalone","","","30 Jun 2018"
"10/06/2018 16:39","Reload","'70838153003495403","WXR540","","","Billed","","-50.00","PSS KELEBANG LANGKAWI","","Standalone","","","30 Jun 2018"
"09/06/2018 23:06","Purchase","'70838153003495403","WXR540","","PRIMAX 95","Billed","22.73","50.00","PSS KUAH LANGKAWI","","Standalone","","","30 Jun 2018"
"09/06/2018 23:05","Reload","'70838153003495403","WXR540","","","Billed","","-50.00","PSS KUAH LANGKAWI","","Standalone","","","30 Jun 2018"
"08/06/2018 09:13","Purchase","'70838153003495403","WXR540","","PRIMAX 95","Billed","22.73","50.00","PSS KUAH LANGKAWI","","Standalone","","","30 Jun 2018"
"08/06/2018 09:09","Reload","'70838153003495403","WXR540","","","Billed","","-50.00","PSS KUAH LANGKAWI","","Standalone","","","30 Jun 2018"
"07/06/2018 23:41","Purchase","'70838153003495403","WXR540","","Diesel","Billed","13.76","30.00","PSS KELEBANG LANGKAWI","","Standalone","","","30 Jun 2018"
"07/06/2018 08:42","Purchase","'70838153003495403","WXR540","","Diesel","Billed","9.17","20.00","PSS KUAH LANGKAWI","","Standalone","","","30 Jun 2018"
"07/06/2018 08:41","Reload","'70838153003495403","WXR540","","","Billed","","-50.00","PSS KUAH LANGKAWI","","Standalone","","","30 Jun 2018"
"06/06/2018 20:16","Purchase","'70838153003495403","WXR540","","PRIMAX 95","Billed","11.63","25.58","PSS KUAH LANGKAWI","","Standalone","","","30 Jun 2018"
"05/06/2018 16:08","Purchase","'70838153003495403","WXR540","","Diesel","Billed","9.17","20.00","PSS KUAH LANGKAWI","","Standalone","","","30 Jun 2018"
"04/06/2018 20:58","Purchase","'70838153003495403","WXR540","","Diesel","Billed","13.76","30.00","PSS PANTAI KOK","","Standalone","","","30 Jun 2018"
"04/06/2018 20:57","Reload","'70838153003495403","WXR540","","","Billed","","-50.00","PSS PANTAI KOK","","Standalone","","","30 Jun 2018"
"03/06/2018 09:02","Purchase","'70838153003495403","WXR540","","Diesel","Billed","13.76","30.00","PSS KUAH LANGKAWI","","Standalone","","","30 Jun 2018"
"03/06/2018 09:01","Reload","'70838153003495403","WXR540","","","Billed","","-50.00","PSS KUAH LANGKAWI","","Standalone","","","30 Jun 2018"