"Date Time","Transaction Type","Card Number","Vehicle Number","Driver Card Number","Product Type","Billing Type","Transaction Volume (Litres)","Transaction Amount (RM)","Station Name","Odometer","Card Type","Cost Centre","Cost Centre Name","Statement Month"
"29/06/2018 10:16","Purchase","'70838153003423488","WXR257","","PRIMAX 95","Billed","18.78","41.30","PSS TMN EQUINE SERI KEMBANGAN","5","Standalone","","","30 Jun 2018"
"28/06/2018 19:27","Purchase","'70838153003423488","WXR257","","PRIMAX 95","Billed","55.00","121.00","PSS BUKIT JELUTONG RESIDENTIAL","3","Standalone","","","30 Jun 2018"
"26/06/2018 06:58","Purchase","'70838153003423488","WXR257","","PRIMAX 95","Billed","61.36","135.00","PSS BUKIT JELUTONG RESIDENTIAL","","Standalone","","","30 Jun 2018"
"21/06/2018 18:04","Purchase","'70838153003423488","WXR257","","PRIMAX 95","Billed","54.55","120.00","PSS LDP PUCHONG UTAMA","2","Standalone","","","30 Jun 2018"
"19/06/2018 17:07","Purchase","'70838153003423488","WXR257","","PRIMAX 95","Billed","54.55","120.00","PSS BUKIT JELUTONG RESIDENTIAL","1","Standalone","","","30 Jun 2018"
"15/06/2018 20:52","Purchase","'70838153003423488","WXR257","","PRIMAX 95","Billed","52.80","116.15","PSS MERLIMAU","","Standalone","","","30 Jun 2018"
"13/06/2018 13:11","Purchase","'70838153003423488","WXR257","","PRIMAX 95","Billed","40.28","88.61","PSS BUKIT JELUTONG RESIDENTIAL","","Standalone","","","30 Jun 2018"
"08/06/2018 21:32","Purchase","'70838153003423488","WXR257","","PRIMAX 95","Billed","54.55","120.00","PSS BUKIT JELUTONG RESIDENTIAL","","Standalone","","","30 Jun 2018"
"07/06/2018 08:15","Reload","'70838153003423488","WXR257","","","Billed","","-1,000.00","PSS BUKIT JELUTONG RESIDENTIAL","","Standalone","","","30 Jun 2018"