"Date Time","Transaction Type","Card Number","Vehicle Number","Driver Card Number","Product Type","Billing Type","Transaction Volume (Litres)","Transaction Amount (RM)","Station Name","Odometer","Card Type","Cost Centre","Cost Centre Name","Statement Month"
"20/06/2018 12:17","Purchase","'70838153003732771","WXR 5762","","PRIMAX 95","Billed","20.91","46.01","PSS KULIM SQUARE","","Standalone","","","30 Jun 2018"
"20/06/2018 12:15","Reload","'70838153003732771","WXR 5762","","","Billed","","-50.00","PSS KULIM SQUARE","","Standalone","","","30 Jun 2018"
"19/06/2018 16:15","Purchase","'70838153003732771","WXR 5762","","PRIMAX 95","Billed","13.05","28.70","PSS TAMAN PKNK (ALOR MALAI)","4188","Standalone","","","30 Jun 2018"
"13/06/2018 13:20","Purchase","'70838153003732771","WXR 5762","","PRIMAX 95","Billed","13.73","30.21","PSS TAMAN PKNK (ALOR MALAI)","","Standalone","","","30 Jun 2018"
"11/06/2018 09:49","Purchase","'70838153003732771","WXR 5762","","PRIMAX 95","Billed","13.64","30.00","PSS TAMAN PKNK (ALOR MALAI)","","Standalone","","","30 Jun 2018"
"06/06/2018 08:37","Purchase","'70838153003732771","WXR 5762","","PRIMAX 95","Billed","26.41","58.10","PSS TAMAN PKNK (ALOR MALAI)","","Standalone","","","30 Jun 2018"
"06/06/2018 08:36","Reload","'70838153003732771","WXR 5762","","","Billed","","-50.00","PSS TAMAN PKNK (ALOR MALAI)","","Standalone","","","30 Jun 2018"