"Date Time","Transaction Type","Card Number","Vehicle Number","Driver Card Number","Product Type","Billing Type","Transaction Volume (Litres)","Transaction Amount (RM)","Station Name","Odometer","Card Type","Cost Centre","Cost Centre Name","Statement Month"
"10/06/2018 16:28","Purchase","'70838153003497789","WXR602","","PRIMAX 95","Billed","4.55","10.00","PSS SG TUA","7900","Standalone","","","30 Jun 2018"
"09/06/2018 19:55","Purchase","'70838153003497789","WXR602","","PRIMAX 95","Billed","18.18","40.00","PSS PEKAN BARU HICOM","7600","Standalone","","","30 Jun 2018"
"09/06/2018 19:54","Reload","'70838153003497789","WXR602","","","Billed","","-50.00","PSS PEKAN BARU HICOM","","Standalone","","","30 Jun 2018"
"09/06/2018 11:03","Purchase","'70838153003497789","WXR602","","PRIMAX 97","Billed","15.04","40.00","PSS JALAN LOBAK","6900","Standalone","","","30 Jun 2018"
"09/06/2018 11:02","Reload","'70838153003497789","WXR602","","","Billed","","-50.00","PSS JALAN LOBAK","","Standalone","","","30 Jun 2018"
"07/06/2018 23:41","Purchase","'70838153003497789","WXR602","","PRIMAX 95","Billed","18.18","40.00","PSS SG TUA","6970","Standalone","","","30 Jun 2018"
"07/06/2018 23:40","Reload","'70838153003497789","WXR602","","","Billed","","-40.00","PSS SG TUA","","Standalone","","","30 Jun 2018"
"07/06/2018 16:03","Purchase","'70838153003497789","WXR602","","PRIMAX 95","Billed","9.09","20.00","PSS PERSIARAN APEC","6200","Standalone","","","30 Jun 2018"
"07/06/2018 16:01","Reload","'70838153003497789","WXR602","","","Billed","","-20.00","PSS PERSIARAN APEC","","Standalone","","","30 Jun 2018"
"05/06/2018 22:03","Purchase","'70838153003497789","WXR602","","PRIMAX 95","Billed","18.18","40.00","PSS BANGSAR","4900","Standalone","","","30 Jun 2018"
"04/06/2018 12:26","Purchase","'70838153003497789","WXR602","","PRIMAX 95","Billed","13.64","30.00","PSS TTDI","5500","Standalone","","","30 Jun 2018"
"04/06/2018 12:25","Reload","'70838153003497789","WXR602","","","Billed","","-40.00","PSS TTDI","","Standalone","","","30 Jun 2018"
"03/06/2018 23:28","Purchase","'70838153003497789","WXR602","","PRIMAX 95","Billed","13.64","30.00","PSS JLN KUCHING","5210","Standalone","","","30 Jun 2018"
"03/06/2018 23:28","Purchase","'70838153003497789","WXR602","","PRIMAX 95","Un-billed","13.64","30.00","PSS JLN KUCHING","5210","Standalone","","","Unbilled Transaction"
"03/06/2018 23:27","Reload","'70838153003497789","WXR602","","","Billed","","-30.00","PSS JLN KUCHING","","Standalone","","","30 Jun 2018"
"03/06/2018 11:01","Purchase","'70838153003497789","WXR602","","PRIMAX 95","Billed","13.64","30.00","PSS USJ 2 SUBANG JAYA","4690","Standalone","","","30 Jun 2018"
"03/06/2018 10:59","Reload","'70838153003497789","WXR602","","","Billed","","-50.00","PSS USJ 2 SUBANG JAYA","","Standalone","","","30 Jun 2018"
"02/06/2018 11:53","Purchase","'70838153003497789","WXR602","","PRIMAX 95","Billed","18.18","40.00","PSS FAS","4960","Standalone","","","30 Jun 2018"
"02/06/2018 11:51","Reload","'70838153003497789","WXR602","","","Billed","","-50.00","PSS FAS","","Standalone","","","30 Jun 2018"
"01/06/2018 23:14","Purchase","'70838153003497789","WXR602","","PRIMAX 95","Billed","16.04","35.29","PSS CHANGKAT JONG","4420","Standalone","","","30 Jun 2018"