"Date Time","Transaction Type","Card Number","Vehicle Number","Driver Card Number","Product Type","Billing Type","Transaction Volume (Litres)","Transaction Amount (RM)","Station Name","Odometer","Card Type","Cost Centre","Cost Centre Name","Statement Month"
"22/06/2018 21:35","Purchase","'70838153003496096","WXR349","","PRIMAX 95","Billed","22.73","50.00","PSS KM 16 JALAN GAMBANG","1122","Standalone","","","30 Jun 2018"
"22/06/2018 21:33","Reload","'70838153003496096","WXR349","","","Billed","","-50.00","PSS KM 16 JALAN GAMBANG","","Standalone","","","30 Jun 2018"
"18/06/2018 15:07","Purchase","'70838153003496096","WXR349","","PRIMAX 95","Billed","22.73","50.00","PSS PETRONAS KARAK REST","1122","Standalone","","","30 Jun 2018"
"18/06/2018 15:05","Reload","'70838153003496096","WXR349","","","Billed","","-50.00","PSS PETRONAS KARAK REST","","Standalone","","","30 Jun 2018"
"18/06/2018 12:41","Purchase","'70838153003496096","WXR349","","PRIMAX 95","Billed","30.87","67.90","PSS SUNGKAI","1122","Standalone","","","30 Jun 2018"
"14/06/2018 07:18","Purchase","'70838153003496096","WXR349","","PRIMAX 95","Billed","22.73","50.00","PSS KESAS ARAH SUBANG","1122","Standalone","","","30 Jun 2018"
"13/06/2018 12:32","Purchase","'70838153003496096","WXR349","","PRIMAX 95","Billed","39.94","87.87","PSS GAMBANG RSA WEST","1122","Standalone","","","30 Jun 2018"
"13/06/2018 12:28","Reload","'70838153003496096","WXR349","","","Billed","","-200.00","PSS GAMBANG RSA WEST","","Standalone","","","30 Jun 2018"
"12/06/2018 22:32","Purchase","'70838153003496096","WXR349","","PRIMAX 95","Billed","13.64","30.00","PSS KM 16 JALAN GAMBANG","1122","Standalone","","","30 Jun 2018"
"11/06/2018 16:12","Purchase","'70838153003496096","WXR349","","PRIMAX 95","Billed","22.73","50.00","PSS KM 16 JALAN GAMBANG","1122","Standalone","","","30 Jun 2018"
"10/06/2018 15:45","Reload","'70838153003496096","WXR349","","","Billed","","-50.00","PSS JALAN GAMBANG","","Standalone","","","30 Jun 2018"