"Date Time","Transaction Type","Card Number","Vehicle Number","Driver Card Number","Product Type","Billing Type","Transaction Volume (Litres)","Transaction Amount (RM)","Station Name","Odometer","Card Type","Cost Centre","Cost Centre Name","Statement Month"
"30/06/2018 20:19","Purchase","'70838153003732797","WXR 5764","","PRIMAX 95","Billed","25.91","57.00","PSS CHANGLOON","","Standalone","","","30 Jun 2018"
"30/06/2018 20:18","Reload","'70838153003732797","WXR 5764","","","Billed","","-57.00","PSS CHANGLOON","","Standalone","","","30 Jun 2018"
"23/06/2018 19:06","Purchase","'70838153003732797","WXR 5764","","PRIMAX 95","Billed","25.91","57.00","PSS CHANGLOON","","Standalone","","","30 Jun 2018"
"23/06/2018 19:04","Reload","'70838153003732797","WXR 5764","","","Billed","","-70.00","PSS CHANGLOON","","Standalone","","","30 Jun 2018"
"01/06/2018 13:03","Purchase","'70838153003732797","WXR 5764","","PRIMAX 95","Billed","25.91","57.00","PSS ALOR MERAH","","Standalone","","","30 Jun 2018"
"01/06/2018 13:01","Reload","'70838153003732797","WXR 5764","","","Billed","","-55.00","PSS ALOR MERAH","","Standalone","","","30 Jun 2018"