"Date Time","Transaction Type","Card Number","Vehicle Number","Driver Card Number","Product Type","Billing Type","Transaction Volume (Litres)","Transaction Amount (RM)","Station Name","Odometer","Card Type","Cost Centre","Cost Centre Name","Statement Month"
"21/06/2018 09:50","Purchase","'70838153003423744","WXR15","","PRIMAX 97","Billed","2.70","7.00","PSS GERIK","","Standalone","","","30 Jun 2018"
"21/06/2018 09:48","Reload","'70838153003423744","WXR15","","","Billed","","-200.00","PSS GERIK","","Standalone","","","30 Jun 2018"
"15/06/2018 15:42","Purchase","'70838153003423744","WXR15","","PRIMAX 97","Billed","30.77","80.00","PSS GERIK","","Standalone","","","30 Jun 2018"
"11/06/2018 17:57","Purchase","'70838153003423744","WXR15","","PRIMAX 97","Billed","2.79","7.41","PSS GERIK","","Standalone","","","30 Jun 2018"
"05/06/2018 14:22","Purchase","'70838153003423744","WXR15","","PRIMAX 97","Billed","32.39","80.00","PSS GERIK","","Standalone","","","30 Jun 2018"