"Date Time","Transaction Type","Card Number","Vehicle Number","Driver Card Number","Product Type","Billing Type","Transaction Volume (Litres)","Transaction Amount (RM)","Station Name","Odometer","Card Type","Cost Centre","Cost Centre Name","Statement Month"
"30/06/2018 11:59","Purchase","'70838153003581129","WXR1086","","PRIMAX 95","Billed","9.09","20.00","PSS PRECINT 16 PUTRAJAYA","","Standalone","","","30 Jun 2018"
"29/06/2018 21:01","Purchase","'70838153003581129","WXR1086","","PRIMAX 95","Billed","9.09","20.00","PSS LEBUHRAYA SILK","","Standalone","","","30 Jun 2018"
"27/06/2018 22:03","Purchase","'70838153003581129","WXR1086","","PRIMAX 95","Billed","18.18","40.00","PSS RAWAT & REHAT(S) KL- SEREMBAN","","Standalone","","","30 Jun 2018"
"27/06/2018 22:02","Reload","'70838153003581129","WXR1086","","","Billed","","-50.00","PSS RAWAT & REHAT(S) KL- SEREMBAN","","Standalone","","","30 Jun 2018"
"24/06/2018 13:37","Purchase","'70838153003581129","WXR1086","","PRIMAX 95","Billed","18.18","40.00","PSS JENJARUM","","Standalone","","","30 Jun 2018"
"24/06/2018 13:35","Reload","'70838153003581129","WXR1086","","","Billed","","-50.00","PSS JENJARUM","","Standalone","","","30 Jun 2018"
"20/06/2018 15:13","Purchase","'70838153003581129","WXR1086","","PRIMAX 95","Billed","22.73","50.00","PSS SUNGAI RAMBAI","","Standalone","","","30 Jun 2018"
"20/06/2018 15:12","Reload","'70838153003581129","WXR1086","","","Billed","","-50.00","PSS SUNGAI RAMBAI","","Standalone","","","30 Jun 2018"
"18/06/2018 01:26","Purchase","'70838153003581129","WXR1086","","PRIMAX 95","Billed","22.73","50.00","PSS Lebuh AMJ Cheng","","Standalone","","","30 Jun 2018"
"08/06/2018 21:01","Purchase","'70838153003581129","WXR1086","","PRIMAX 95","Billed","9.09","20.00","PSS PRECINT 16 PUTRAJAYA","","Standalone","","","30 Jun 2018"
"08/06/2018 21:00","Reload","'70838153003581129","WXR1086","","","Billed","","-100.00","PSS PRECINT 16 PUTRAJAYA","","Standalone","","","30 Jun 2018"
"02/06/2018 16:43","Purchase","'70838153003581129","WXR1086","","PRIMAX 95","Billed","22.73","50.00","PSS RAWAT & REHAT(S) KL- SEREMBAN","","Standalone","","","30 Jun 2018"
"02/06/2018 16:39","Reload","'70838153003581129","WXR1086","","","Billed","","-50.00","PSS RAWAT & REHAT(S) KL- SEREMBAN","","Standalone","","","30 Jun 2018"
"02/06/2018 16:38","Purchase","'70838153003581129","WXR1086","","PRIMAX 95","Billed","10.81","23.78","PSS RAWAT & REHAT(S) KL- SEREMBAN","","Standalone","","","30 Jun 2018"