"Date Time","Transaction Type","Card Number","Vehicle Number","Driver Card Number","Product Type","Billing Type","Transaction Volume (Litres)","Transaction Amount (RM)","Station Name","Odometer","Card Type","Cost Centre","Cost Centre Name","Statement Month"
"29/06/2018 09:17","Purchase","'70838153003423991","WXR22","","PRIMAX 95","Billed","22.73","50.00","PSS BATU 6 JALAN IPOH","","Standalone","","","30 Jun 2018"
"29/06/2018 09:16","Reload","'70838153003423991","WXR22","","","Billed","","-100.00","PSS BATU 6 JALAN IPOH","","Standalone","","","30 Jun 2018"
"20/06/2018 11:55","Purchase","'70838153003423991","WXR22","","PRIMAX 95","Billed","22.73","50.00","PSS RAWANG TEMPLER","","Standalone","","","30 Jun 2018"
"17/06/2018 10:01","Purchase","'70838153003423991","WXR22","","PRIMAX 95","Billed","18.18","40.00","PSS SUNGAI  RAIA IPOH BOUND","","Standalone","","","30 Jun 2018"
"11/06/2018 15:43","Purchase","'70838153003423991","WXR22","","PRIMAX 95","Billed","45.45","100.00","PSS BRICKFIELDS","","Standalone","","","30 Jun 2018"
"11/06/2018 15:41","Reload","'70838153003423991","WXR22","","","Billed","","-100.00","PSS BRICKFIELDS","","Standalone","","","30 Jun 2018"