"Date Time","Transaction Type","Card Number","Vehicle Number","Driver Card Number","Product Type","Billing Type","Transaction Volume (Litres)","Transaction Amount (RM)","Station Name","Odometer","Card Type","Cost Centre","Cost Centre Name","Statement Month"
"30/06/2018 19:41","Purchase","'70838153003581095","WXR1083","","PRIMAX 95","Billed","22.73","50.00","PSS RASAH","","Standalone","","","30 Jun 2018"
"30/06/2018 19:40","Reload","'70838153003581095","WXR1083","","","Billed","","-50.00","PSS RASAH","","Standalone","","","30 Jun 2018"
"27/06/2018 22:54","Purchase","'70838153003581095","WXR1083","","PRIMAX 95","Billed","13.64","30.00","PSS MASJID TANAH","","Standalone","","","30 Jun 2018"
"25/06/2018 00:12","Purchase","'70838153003581095","WXR1083","","PRIMAX 95","Billed","11.36","25.00","PSS MAMBAU","","Standalone","","","30 Jun 2018"
"25/06/2018 00:11","Reload","'70838153003581095","WXR1083","","","Billed","","-20.00","PSS MAMBAU","","Standalone","","","30 Jun 2018"
"23/06/2018 01:13","Reload","'70838153003581095","WXR1083","","","Billed","","-50.00","PSS MASJID TANAH","","Standalone","","","30 Jun 2018"
"22/06/2018 17:58","Purchase","'70838153003581095","WXR1083","","PRIMAX 95","Billed","11.36","25.00","PSS MASJID TANAH","","Standalone","","","30 Jun 2018"
"22/06/2018 17:55","Reload","'70838153003581095","WXR1083","","","Billed","","-60.00","PSS MASJID TANAH","","Standalone","","","30 Jun 2018"
"22/06/2018 15:43","Purchase","'70838153003581095","WXR1083","","PRIMAX 95","Billed","6.77","14.90","PSS TANGGA BATU","","Standalone","","","30 Jun 2018"
"19/06/2018 16:26","Purchase","'70838153003581095","WXR1083","","PRIMAX 95","Billed","22.73","50.00","PSS BALAI PANJANG","","Standalone","","","30 Jun 2018"
"18/06/2018 14:33","Purchase","'70838153003581095","WXR1083","","PRIMAX 95","Billed","11.36","25.00","PSS MASJID TANAH","","Standalone","","","30 Jun 2018"
"18/06/2018 14:32","Reload","'70838153003581095","WXR1083","","","Billed","","-50.00","PSS MASJID TANAH","","Standalone","","","30 Jun 2018"
"13/06/2018 11:45","Purchase","'70838153003581095","WXR1083","","PRIMAX 95","Billed","18.18","40.00","PSS LUBUK CHINA","","Standalone","","","30 Jun 2018"
"13/06/2018 11:43","Reload","'70838153003581095","WXR1083","","","Billed","","-50.00","PSS LUBUK CHINA","","Standalone","","","30 Jun 2018"
"11/06/2018 12:19","Purchase","'70838153003581095","WXR1083","","PRIMAX 95","Billed","22.73","50.00","PSS LOT 59 JALAN AMPANG","","Standalone","","","30 Jun 2018"
"10/06/2018 17:30","Purchase","'70838153003581095","WXR1083","","PRIMAX 95","Billed","13.64","30.00","PSS CHENG","","Standalone","","","30 Jun 2018"
"10/06/2018 17:29","Reload","'70838153003581095","WXR1083","","","Billed","","-50.00","PSS CHENG","","Standalone","","","30 Jun 2018"
"09/06/2018 14:27","Purchase","'70838153003581095","WXR1083","","PRIMAX 95","Billed","13.64","30.00","PSS MASJID TANAH","","Standalone","","","30 Jun 2018"
"05/06/2018 00:21","Purchase","'70838153003581095","WXR1083","","PRIMAX 95","Billed","9.09","20.00","PSS MASJID TANAH","","Standalone","","","30 Jun 2018"
"05/06/2018 00:19","Reload","'70838153003581095","WXR1083","","","Billed","","-50.00","PSS MASJID TANAH","","Standalone","","","30 Jun 2018"
"04/06/2018 12:29","Purchase","'70838153003581095","WXR1083","","PRIMAX 95","Billed","13.64","30.00","PSS MASJID TANAH","","Standalone","","","30 Jun 2018"