"Date Time","Transaction Type","Card Number","Vehicle Number","Driver Card Number","Product Type","Billing Type","Transaction Volume (Litres)","Transaction Amount (RM)","Station Name","Odometer","Card Type","Cost Centre","Cost Centre Name","Statement Month"
"22/06/2018 18:21","Purchase","'70838153003501143","WXR700","","PRIMAX 95","Billed","25.00","55.00","PSS BANDAR BARU NILAI","185600","Standalone","","","30 Jun 2018"
"19/06/2018 12:33","Purchase","'70838153003501143","WXR700","","PRIMAX 97","Billed","35.00","91.01","PSS PARIT BUNTAR","286945","Standalone","","","30 Jun 2018"
"13/06/2018 19:22","Purchase","'70838153003501143","WXR700","","PRIMAX 95","Billed","22.73","50.00","PSS SUNGAI PERAK (U)","181000","Standalone","","","30 Jun 2018"
"12/06/2018 15:51","Reload","'70838153003501143","WXR700","","","Billed","","-150.00","PSS BANDAR BARU NILAI","","Standalone","","","30 Jun 2018"
"08/06/2018 14:25","Purchase","'70838153003501143","WXR700","","PRIMAX 95","Billed","30.00","66.00","PSS BANDAR BARU NILAI","180900","Standalone","","","30 Jun 2018"
"03/06/2018 11:18","Purchase","'70838153003501143","WXR700","","PRIMAX 95","Billed","30.00","66.00","PSS PPK DENGKIL","185000","Standalone","","","30 Jun 2018"