"Date Time","Transaction Type","Card Number","Vehicle Number","Driver Card Number","Product Type","Billing Type","Transaction Volume (Litres)","Transaction Amount (RM)","Station Name","Odometer","Card Type","Cost Centre","Cost Centre Name","Statement Month"
"27/06/2018 15:54","Purchase","'70838153003674387","WXR 2164","","PRIMAX 95","Billed","23.92","52.62","PSS MACHANG BYPASS","7","Standalone","","","30 Jun 2018"
"27/06/2018 15:53","Reload","'70838153003674387","WXR 2164","","","Billed","","-200.00","PSS MACHANG BYPASS","","Standalone","","","30 Jun 2018"
"26/06/2018 07:29","Purchase","'70838153003674387","WXR 2164","","PRIMAX 95","Billed","25.83","56.82","PSS GUCHIL","5","Standalone","","","30 Jun 2018"
"21/06/2018 18:14","Purchase","'70838153003674387","WXR 2164","","PRIMAX 95","Billed","22.94","50.47","PSS MACHANG BYPASS","9","Standalone","","","30 Jun 2018"
"13/06/2018 15:40","Purchase","'70838153003674387","WXR 2164","","PRIMAX 95","Billed","25.21","55.45","PSS GUCHIL","5","Standalone","","","30 Jun 2018"
"09/06/2018 21:34","Purchase","'70838153003674387","WXR 2164","","PRIMAX 95","Billed","28.19","62.01","PSS MACHANG BYPASS","7","Standalone","","","30 Jun 2018"
"06/06/2018 17:23","Purchase","'70838153003674387","WXR 2164","","PRIMAX 95","Billed","25.36","55.79","PSS GUCHIL","1","Standalone","","","30 Jun 2018"
"04/06/2018 08:02","Purchase","'70838153003674387","WXR 2164","","PRIMAX 95","Billed","21.91","48.20","PSS MACHANG BYPASS","9","Standalone","","","30 Jun 2018"
"01/06/2018 12:02","Purchase","'70838153003674387","WXR 2164","","PRIMAX 95","Billed","27.32","60.10","PSS MACHANG BYPASS","5","Standalone","","","30 Jun 2018"
"01/06/2018 12:00","Reload","'70838153003674387","WXR 2164","","","Billed","","-300.00","PSS MACHANG BYPASS","","Standalone","","","30 Jun 2018"