"Date Time","Transaction Type","Card Number","Vehicle Number","Driver Card Number","Product Type","Billing Type","Transaction Volume (Litres)","Transaction Amount (RM)","Station Name","Odometer","Card Type","Cost Centre","Cost Centre Name","Statement Month"
"29/06/2018 19:00","Purchase","'70838153003424999","WXR140","","PRIMAX 95","Billed","30.97","68.13","PSS PUTRAJAYA PRECINT 9","22193","Standalone","","","30 Jun 2018"
"29/06/2018 18:59","Reload","'70838153003424999","WXR140","","","Billed","","-100.00","PSS PUTRAJAYA PRECINT 9","","Standalone","","","30 Jun 2018"
"24/06/2018 12:09","Purchase","'70838153003424999","WXR140","","PRIMAX 95","Billed","29.28","64.41","PSS JALAN TUN RAZAK","21892","Standalone","","","30 Jun 2018"
"18/06/2018 15:47","Purchase","'70838153003424999","WXR140","","PRIMAX 95","Billed","33.66","74.05","PSS KUALA KELAWANG","","Standalone","","","30 Jun 2018"
"18/06/2018 15:44","Reload","'70838153003424999","WXR140","","","Billed","","-100.00","PSS KUALA KELAWANG","","Standalone","","","30 Jun 2018"
"14/06/2018 19:00","Purchase","'70838153003424999","WXR140","","PRIMAX 95","Billed","43.75","96.24","PSS PRIMA SAUJANA 1","","Standalone","","","30 Jun 2018"
"14/06/2018 18:59","Reload","'70838153003424999","WXR140","","","Billed","","-100.00","PSS PRIMA SAUJANA 1","","Standalone","","","30 Jun 2018"
"13/06/2018 18:05","Purchase","'70838153003424999","WXR140","","PRIMAX 95","Billed","24.85","54.67","PSS BANDAR BARU NILAI","21532","Standalone","","","30 Jun 2018"
"13/06/2018 18:04","Reload","'70838153003424999","WXR140","","","Billed","","-100.00","PSS BANDAR BARU NILAI","","Standalone","","","30 Jun 2018"
"08/06/2018 15:01","Purchase","'70838153003424999","WXR140","","PRIMAX 95","Billed","15.75","34.64","PSS KM 0.7 BESRAYA ARAH UTARA","21096","Standalone","","","30 Jun 2018"
"06/06/2018 08:47","Purchase","'70838153003424999","WXR140","","PRIMAX 95","Billed","31.98","70.36","PSS PPK DENGKIL","20879","Standalone","","","30 Jun 2018"
"06/06/2018 08:45","Reload","'70838153003424999","WXR140","","","Billed","","-100.00","PSS PPK DENGKIL","","Standalone","","","30 Jun 2018"
"02/06/2018 16:40","Purchase","'70838153003424999","WXR140","","PRIMAX 95","Billed","21.28","46.82","PSS BANDAR BARU SALAK TINGGI","20621","Standalone","","","30 Jun 2018"