"Date Time","Transaction Type","Card Number","Vehicle Number","Driver Card Number","Product Type","Billing Type","Transaction Volume (Litres)","Transaction Amount (RM)","Station Name","Odometer","Card Type","Cost Centre","Cost Centre Name","Statement Month"
"27/06/2018 11:09","Purchase","'70838153003495387","WXR320","","PRIMAX 95","Billed","30.00","66.00","PSS TAMAN SELASIH KULIM","99","Standalone","","","30 Jun 2018"
"22/06/2018 16:00","Purchase","'70838153003495387","WXR320","","PRIMAX 95","Billed","30.00","66.00","PSS KULIM SQUARE","99","Standalone","","","30 Jun 2018"
"19/06/2018 16:42","Purchase","'70838153003495387","WXR320","","PRIMAX 95","Billed","30.00","66.00","PSS POKOK SENA SPU","99","Standalone","","","30 Jun 2018"
"11/06/2018 10:23","Purchase","'70838153003495387","WXR320","","PRIMAX 95","Billed","30.00","66.00","PSS PERDA BUKIT MERTAJAM","99","Standalone","","","30 Jun 2018"
"11/06/2018 10:20","Reload","'70838153003495387","WXR320","","","Billed","","-100.00","PSS PERDA BUKIT MERTAJAM","","Standalone","","","30 Jun 2018"
"08/06/2018 16:48","Purchase","'70838153003495387","WXR320","","PRIMAX 95","Billed","30.00","66.00","PSS TAMAN PAUH","","Standalone","","","30 Jun 2018"
"08/06/2018 16:47","Reload","'70838153003495387","WXR320","","","Billed","","-100.00","PSS TAMAN PAUH","","Standalone","","","30 Jun 2018"