"Date Time","Transaction Type","Card Number","Vehicle Number","Driver Card Number","Product Type","Billing Type","Transaction Volume (Litres)","Transaction Amount (RM)","Station Name","Odometer","Card Type","Cost Centre","Cost Centre Name","Statement Month"
"29/06/2018 11:10","Purchase","'70838153003423405","WXR10","","PRIMAX 95","Billed","22.73","50.00","PSS BANDAR MERU RAYA","","Standalone","","","30 Jun 2018"
"26/06/2018 08:05","Purchase","'70838153003423405","WXR10","","PRIMAX 95","Billed","13.64","30.00","PSS BIDOR TAPAH","","Standalone","","","30 Jun 2018"
"26/06/2018 07:54","Reload","'70838153003423405","WXR10","","","Billed","","-100.00","PSS BIDOR TAPAH","","Standalone","","","30 Jun 2018"
"23/06/2018 15:11","Purchase","'70838153003423405","WXR10","","PRIMAX 95","Billed","13.64","30.00","PSS ULU BERNAM","","Standalone","","","30 Jun 2018"
"23/06/2018 15:07","Reload","'70838153003423405","WXR10","","","Billed","","-100.00","PSS ULU BERNAM","","Standalone","","","30 Jun 2018"
"06/06/2018 13:31","Purchase","'70838153003423405","WXR10","","PRIMAX 95","Billed","14.55","32.00","PSS SIMPANG PULAI ARAH SELATAN","","Standalone","","","30 Jun 2018"
"06/06/2018 13:29","Reload","'70838153003423405","WXR10","","","Billed","","-50.00","PSS SIMPANG PULAI ARAH SELATAN","","Standalone","","","30 Jun 2018"