"Date Time","Transaction Type","Card Number","Vehicle Number","Driver Card Number","Product Type","Billing Type","Transaction Volume (Litres)","Transaction Amount (RM)","Station Name","Odometer","Card Type","Cost Centre","Cost Centre Name","Statement Month"
"28/06/2018 08:34","Purchase","'70838153003498852","WXR894","","PRIMAX 95","Billed","13.64","30.00","PSS BAGAN SERAI","1153","Standalone","","","30 Jun 2018"
"28/06/2018 08:32","Reload","'70838153003498852","WXR894","","","Billed","","-50.00","PSS BAGAN SERAI","","Standalone","","","30 Jun 2018"
"23/06/2018 08:38","Purchase","'70838153003498852","WXR894","","PRIMAX 95","Billed","34.11","75.03","PSS BAGAN SERAI","1153","Standalone","","","30 Jun 2018"
"23/06/2018 08:38","Reload","'70838153003498852","WXR894","","","Billed","","-70.00","PSS BAGAN SERAI","","Standalone","","","30 Jun 2018"
"14/06/2018 22:58","Purchase","'70838153003498852","WXR894","","PRIMAX 95","Billed","30.01","66.03","PSS BAGAN SERAI","1153","Standalone","","","30 Jun 2018"
"11/06/2018 10:11","Purchase","'70838153003498852","WXR894","","PRIMAX 95","Billed","13.64","30.00","PSS BAGAN SERAI","1153","Standalone","","","30 Jun 2018"
"11/06/2018 10:09","Reload","'70838153003498852","WXR894","","","Billed","","-50.00","PSS BAGAN SERAI","","Standalone","","","30 Jun 2018"