"Date Time","Transaction Type","Card Number","Vehicle Number","Driver Card Number","Product Type","Billing Type","Transaction Volume (Litres)","Transaction Amount (RM)","Station Name","Odometer","Card Type","Cost Centre","Cost Centre Name","Statement Month"
"27/06/2018 12:47","Purchase","'70838153003497003","WXR380","","PRIMAX 95","Billed","9.09","20.00","PSS PRESINT 18 PUTRAJAYA","","Standalone","","","30 Jun 2018"
"12/06/2018 16:49","Purchase","'70838153003497003","WXR380","","PRIMAX 95","Billed","9.09","20.00","PSS TAMAN DAGANG","","Standalone","","","30 Jun 2018"
"11/06/2018 13:58","Purchase","'70838153003497003","WXR380","","PRIMAX 95","Billed","6.82","15.00","PSS TAMAN DAGANG","","Standalone","","","30 Jun 2018"
"07/06/2018 11:13","Purchase","'70838153003497003","WXR380","","PRIMAX 95","Billed","13.64","30.00","PSS HULU KELANG","","Standalone","","","30 Jun 2018"
"05/06/2018 15:45","Purchase","'70838153003497003","WXR380","","PRIMAX 95","Billed","9.09","20.00","PSS HULU KELANG","","Standalone","","","30 Jun 2018"