"Date Time","Transaction Type","Card Number","Vehicle Number","Driver Card Number","Product Type","Billing Type","Transaction Volume (Litres)","Transaction Amount (RM)","Station Name","Odometer","Card Type","Cost Centre","Cost Centre Name","Statement Month"
"23/06/2018 11:17","Purchase","'70838153003500418","WXR955","","PRIMAX 95","Billed","18.18","40.00","PSS SEK 6 SHAH ALAM","","Standalone","","","30 Jun 2018"
"19/06/2018 19:23","Purchase","'70838153003500418","WXR955","","PRIMAX 95","Billed","27.27","60.00","PSS BATU 3 FEDERAL HIGHWAY","","Standalone","","","30 Jun 2018"
"19/06/2018 19:22","Reload","'70838153003500418","WXR955","","","Billed","","-100.00","PSS BATU 3 FEDERAL HIGHWAY","","Standalone","","","30 Jun 2018"
"13/06/2018 23:52","Purchase","'70838153003500418","WXR955","","PRIMAX 95","Billed","50.00","110.00","PSS JALAN 20/1 SEKSYEN 20","","Standalone","","","30 Jun 2018"
"13/06/2018 23:51","Reload","'70838153003500418","WXR955","","","Billed","","-100.00","PSS JALAN 20/1 SEKSYEN 20","","Standalone","","","30 Jun 2018"
"09/06/2018 17:39","Purchase","'70838153003500418","WXR955","","PRIMAX 95","Billed","31.82","70.00","PSS BATU 3 FEDERAL HIGHWAY","","Standalone","","","30 Jun 2018"
"02/06/2018 21:56","Purchase","'70838153003500418","WXR955","","PRIMAX 95","Billed","22.73","50.00","PSS BATU 3 FEDERAL HIGHWAY","","Standalone","","","30 Jun 2018"
"02/06/2018 21:54","Reload","'70838153003500418","WXR955","","","Billed","","-120.00","PSS BATU 3 FEDERAL HIGHWAY","","Standalone","","","30 Jun 2018"