"Date Time","Transaction Type","Card Number","Vehicle Number","Driver Card Number","Product Type","Billing Type","Transaction Volume (Litres)","Transaction Amount (RM)","Station Name","Odometer","Card Type","Cost Centre","Cost Centre Name","Statement Month"
"05/06/2018 14:48","Purchase","'70838153003498316","WXR621","","PRIMAX 95","Billed","4.55","10.00","PSS JALAN RAJA SYED ALWI","","Standalone","","","30 Jun 2018"
"05/06/2018 13:05","Purchase","'70838153003498316","WXR621","","PRIMAX 95","Billed","2.28","5.00","PSS JALAN RAJA SYED ALWI","","Standalone","","","30 Jun 2018"
"05/06/2018 13:03","Reload","'70838153003498316","WXR621","","","Billed","","-15.00","PSS JALAN RAJA SYED ALWI","","Standalone","","","30 Jun 2018"
"05/06/2018 13:02","Purchase","'70838153003498316","WXR621","","PRIMAX 95","Billed","4.28","9.41","PSS JALAN RAJA SYED ALWI","","Standalone","","","30 Jun 2018"
"04/06/2018 15:21","Purchase","'70838153003498316","WXR621","","PRIMAX 95","Billed","9.09","20.00","PSS KANGAR","","Standalone","","","30 Jun 2018"
"03/06/2018 20:57","Purchase","'70838153003498316","WXR621","","PRIMAX 95","Billed","1.36","3.00","PSS JALAN RAJA SYED ALWI","","Standalone","","","30 Jun 2018"
"03/06/2018 12:41","Reload","'70838153003498316","WXR621","","","Billed","","-30.00","PSS JALAN RAJA SYED ALWI","","Standalone","","","30 Jun 2018"