"Date Time","Transaction Type","Card Number","Vehicle Number","Driver Card Number","Product Type","Billing Type","Transaction Volume (Litres)","Transaction Amount (RM)","Station Name","Odometer","Card Type","Cost Centre","Cost Centre Name","Statement Month"
"30/06/2018 11:40","Purchase","'70838153003423462","WXR258","","PRIMAX 95","Billed","9.09","20.00","PSS KOTA DAMANSARA 2","","Standalone","","","30 Jun 2018"
"30/06/2018 11:38","Reload","'70838153003423462","WXR258","","","Billed","","-20.00","PSS KOTA DAMANSARA 2","","Standalone","","","30 Jun 2018"
"28/06/2018 16:43","Purchase","'70838153003423462","WXR258","","PRIMAX 95","Billed","10.00","22.00","PSS MUTIARA DAMANSARA","","Standalone","","","30 Jun 2018"
"28/06/2018 16:42","Reload","'70838153003423462","WXR258","","","Billed","","-20.00","PSS MUTIARA DAMANSARA","","Standalone","","","30 Jun 2018"
"27/06/2018 08:11","Purchase","'70838153003423462","WXR258","","PRIMAX 95","Billed","10.00","22.00","PSS MUTIARA DAMANSARA","","Standalone","","","30 Jun 2018"
"27/06/2018 07:54","Reload","'70838153003423462","WXR258","","","Billed","","-25.00","PSS MUTIARA DAMANSARA","","Standalone","","","30 Jun 2018"
"26/06/2018 16:38","Purchase","'70838153003423462","WXR258","","PRIMAX 95","Billed","10.00","22.00","PSS BATU 3 FEDERAL HIGHWAY","","Standalone","","","30 Jun 2018"
"26/06/2018 16:36","Reload","'70838153003423462","WXR258","","","Billed","","-20.00","PSS BATU 3 FEDERAL HIGHWAY","","Standalone","","","30 Jun 2018"
"25/06/2018 15:24","Purchase","'70838153003423462","WXR258","","PRIMAX 95","Billed","10.00","22.00","PSS KOTA DAMANSARA","","Standalone","","","30 Jun 2018"
"25/06/2018 15:22","Reload","'70838153003423462","WXR258","","","Billed","","-20.00","PSS KOTA DAMANSARA","","Standalone","","","30 Jun 2018"
"23/06/2018 21:28","Purchase","'70838153003423462","WXR258","","PRIMAX 95","Billed","10.00","22.00","PSS JALAN HJ SAID","","Standalone","","","30 Jun 2018"
"23/06/2018 21:25","Reload","'70838153003423462","WXR258","","","Billed","","-25.00","PSS JALAN HJ SAID","","Standalone","","","30 Jun 2018"
"17/06/2018 14:08","Purchase","'70838153003423462","WXR258","","PRIMAX 95","Billed","15.00","33.00","PSS LEBUHRAYA SPRINT","","Standalone","","","30 Jun 2018"
"17/06/2018 14:05","Reload","'70838153003423462","WXR258","","","Billed","","-35.00","PSS LEBUHRAYA SPRINT","","Standalone","","","30 Jun 2018"
"10/06/2018 01:10","Purchase","'70838153003423462","WXR258","","PRIMAX 95","Billed","10.00","22.00","PSS KM 305 PLUS ARAH SELATAN","","Standalone","","","30 Jun 2018"
"10/06/2018 01:08","Reload","'70838153003423462","WXR258","","","Billed","","-20.00","PSS KM 305 PLUS ARAH SELATAN","","Standalone","","","30 Jun 2018"
"09/06/2018 18:00","Purchase","'70838153003423462","WXR258","","PRIMAX 97","Billed","8.27","22.00","PSS KOTA DAMANSARA 2","","Standalone","","","30 Jun 2018"
"09/06/2018 17:59","Reload","'70838153003423462","WXR258","","","Billed","","-10.00","PSS KOTA DAMANSARA 2","","Standalone","","","30 Jun 2018"
"08/06/2018 18:04","Purchase","'70838153003423462","WXR258","","PRIMAX 95","Billed","10.00","22.00","PSS JALAN TUN RAZAK","","Standalone","","","30 Jun 2018"
"08/06/2018 18:03","Reload","'70838153003423462","WXR258","","","Billed","","-20.00","PSS JALAN TUN RAZAK","","Standalone","","","30 Jun 2018"
"07/06/2018 11:44","Purchase","'70838153003423462","WXR258","","PRIMAX 95","Billed","10.00","22.00","PSS KOTA DAMANSARA","","Standalone","","","30 Jun 2018"
"07/06/2018 11:43","Reload","'70838153003423462","WXR258","","","Billed","","-20.00","PSS KOTA DAMANSARA","","Standalone","","","30 Jun 2018"
"04/06/2018 15:22","Purchase","'70838153003423462","WXR258","","PRIMAX 95","Billed","10.00","22.00","PSS LEBUHRAYA SPRINT","","Standalone","","","30 Jun 2018"
"04/06/2018 15:20","Reload","'70838153003423462","WXR258","","","Billed","","-25.00","PSS LEBUHRAYA SPRINT","","Standalone","","","30 Jun 2018"
"01/06/2018 07:40","Purchase","'70838153003423462","WXR258","","PRIMAX 95","Billed","10.00","22.00","PSS MUTIARA DAMANSARA","","Standalone","","","30 Jun 2018"
"01/06/2018 07:31","Reload","'70838153003423462","WXR258","","","Billed","","-20.00","PSS MUTIARA DAMANSARA","","Standalone","","","30 Jun 2018"