"Date Time","Transaction Type","Card Number","Vehicle Number","Driver Card Number","Product Type","Billing Type","Transaction Volume (Litres)","Transaction Amount (RM)","Station Name","Odometer","Card Type","Cost Centre","Cost Centre Name","Statement Month"
"26/06/2018 13:20","Purchase","'70838153003423736","WXR270","","PRIMAX 95","Billed","9.09","20.00","PSS PERSIARAN RAJA MUDA MUSA","","Standalone","","","30 Jun 2018"
"26/06/2018 13:18","Reload","'70838153003423736","WXR270","","","Billed","","-50.00","PSS PERSIARAN RAJA MUDA MUSA","","Standalone","","","30 Jun 2018"
"22/06/2018 19:03","Purchase","'70838153003423736","WXR270","","PRIMAX 95","Billed","9.09","20.00","PSS PENDAMAR INDAH 1","","Standalone","","","30 Jun 2018"
"22/06/2018 19:00","Reload","'70838153003423736","WXR270","","","Billed","","-20.00","PSS PENDAMAR INDAH 1","","Standalone","","","30 Jun 2018"
"19/06/2018 17:22","Purchase","'70838153003423736","WXR270","","PRIMAX 95","Billed","13.63","29.98","PSS ULU BERNAM","","Standalone","","","30 Jun 2018"
"19/06/2018 17:21","Reload","'70838153003423736","WXR270","","","Billed","","-30.00","PSS ULU BERNAM","","Standalone","","","30 Jun 2018"
"19/06/2018 00:12","Purchase","'70838153003423736","WXR270","","PRIMAX 95","Billed","7.52","16.55","PSS JALAN SULTAN AZLAN SHAH","","Standalone","","","30 Jun 2018"
"18/06/2018 17:10","Purchase","'70838153003423736","WXR270","","PRIMAX 95","Billed","4.55","10.00","PSS BIDOR TAPAH","","Standalone","","","30 Jun 2018"
"16/06/2018 12:31","Purchase","'70838153003423736","WXR270","","PRIMAX 95","Billed","15.46","34.01","PSS BIDOR TAPAH","","Standalone","","","30 Jun 2018"
"16/06/2018 12:30","Reload","'70838153003423736","WXR270","","","Billed","","-50.00","PSS BIDOR TAPAH","","Standalone","","","30 Jun 2018"
"15/06/2018 12:49","Purchase","'70838153003423736","WXR270","","PRIMAX 95","Billed","17.87","39.31","PSS BIDOR TAPAH","","Standalone","","","30 Jun 2018"
"15/06/2018 01:36","Purchase","'70838153003423736","WXR270","","PRIMAX 95","Billed","13.64","30.00","PSS KESAS ARAH SUBANG","","Standalone","","","30 Jun 2018"
"15/06/2018 01:35","Reload","'70838153003423736","WXR270","","","Billed","","-50.00","PSS KESAS ARAH SUBANG","","Standalone","","","30 Jun 2018"
"13/06/2018 09:53","Purchase","'70838153003423736","WXR270","","PRIMAX 95","Billed","13.64","30.00","PSS FAS","","Standalone","","","30 Jun 2018"
"13/06/2018 09:51","Reload","'70838153003423736","WXR270","","","Billed","","-50.00","PSS FAS","","Standalone","","","30 Jun 2018"
"12/06/2018 15:01","Purchase","'70838153003423736","WXR270","","PRIMAX 95","Billed","9.09","20.00","PSS PENDAMAR INDAH 2","","Standalone","","","30 Jun 2018"
"12/06/2018 14:59","Reload","'70838153003423736","WXR270","","","Billed","","-10.00","PSS PENDAMAR INDAH 2","","Standalone","","","30 Jun 2018"
"11/06/2018 11:26","Purchase","'70838153003423736","WXR270","","PRIMAX 95","Billed","18.18","40.00","PSS BIDOR","","Standalone","","","30 Jun 2018"
"11/06/2018 11:25","Reload","'70838153003423736","WXR270","","","Billed","","-40.00","PSS BIDOR","","Standalone","","","30 Jun 2018"