"Date Time","Transaction Type","Card Number","Vehicle Number","Driver Card Number","Product Type","Billing Type","Transaction Volume (Litres)","Transaction Amount (RM)","Station Name","Odometer","Card Type","Cost Centre","Cost Centre Name","Statement Month"
"28/06/2018 09:38","Purchase","'70838153003581525","WXR1101","","PRIMAX 95","Billed","22.74","50.03","PSS TAMAN RAMBAI UTAMA","63","Standalone","","","30 Jun 2018"
"21/06/2018 08:26","Reload","'70838153003581525","WXR1101","","","Billed","","-300.00","PSS SPA KRUBONG","","Standalone","","","30 Jun 2018"
"21/06/2018 08:16","Purchase","'70838153003581525","WXR1101","","PRIMAX 95","Billed","27.74","61.02","PSS SPA KRUBONG","63","Standalone","","","30 Jun 2018"
"20/06/2018 07:00","Purchase","'70838153003581525","WXR1101","","PRIMAX 95","Billed","25.00","55.00","PSS PAKA 2","62","Standalone","","","30 Jun 2018"
"18/06/2018 19:01","Purchase","'70838153003581525","WXR1101","","PRIMAX 95","Billed","26.82","59.00","PSS TOK KENALI","63","Standalone","","","30 Jun 2018"
"14/06/2018 07:17","Purchase","'70838153003581525","WXR1101","","PRIMAX 95","Billed","22.73","50.00","PSS TOK KENALI","6277","Standalone","","","30 Jun 2018"
"13/06/2018 11:53","Purchase","'70838153003581525","WXR1101","","PRIMAX 97","Billed","18.91","50.30","PSS JALAN GAMBANG","6413","Standalone","","","30 Jun 2018"
"12/06/2018 11:43","Purchase","'70838153003581525","WXR1101","","PRIMAX 97","Billed","31.20","83.00","PSS MASJID TANAH","6200","Standalone","","","30 Jun 2018"
"10/06/2018 21:32","Purchase","'70838153003581525","WXR1101","","PRIMAX 95","Billed","9.09","20.00","PSS CHENG","6900","Standalone","","","30 Jun 2018"
"02/06/2018 23:57","Purchase","'70838153003581525","WXR1101","","PRIMAX 95","Billed","29.56","65.03","PSS CHENG","6","Standalone","","","30 Jun 2018"