"Date Time","Transaction Type","Card Number","Vehicle Number","Driver Card Number","Product Type","Billing Type","Transaction Volume (Litres)","Transaction Amount (RM)","Station Name","Odometer","Card Type","Cost Centre","Cost Centre Name","Statement Month"
"27/06/2018 18:09","Purchase","'70838153003498340","WXR623","","PRIMAX 95","Billed","18.18","40.00","PSS FAS","","Standalone","","","30 Jun 2018"
"27/06/2018 18:08","Reload","'70838153003498340","WXR623","","","Billed","","-40.00","PSS FAS","","Standalone","","","30 Jun 2018"
"24/06/2018 22:59","Purchase","'70838153003498340","WXR623","","PRIMAX 95","Billed","18.18","40.00","PSS KELANA JAYA 1","","Standalone","","","30 Jun 2018"
"24/06/2018 22:57","Reload","'70838153003498340","WXR623","","","Billed","","-40.00","PSS KELANA JAYA 1","","Standalone","","","30 Jun 2018"
"23/06/2018 23:43","Purchase","'70838153003498340","WXR623","","PRIMAX 95","Billed","18.18","40.00","PSS USJ 2 SUBANG JAYA","","Standalone","","","30 Jun 2018"
"23/06/2018 23:41","Reload","'70838153003498340","WXR623","","","Billed","","-40.00","PSS USJ 2 SUBANG JAYA","","Standalone","","","30 Jun 2018"
"21/06/2018 13:28","Purchase","'70838153003498340","WXR623","","PRIMAX 95","Billed","18.18","40.00","PSS BATU 2 MERU","","Standalone","","","30 Jun 2018"
"21/06/2018 13:27","Reload","'70838153003498340","WXR623","","","Billed","","-40.00","PSS BATU 2 MERU","","Standalone","","","30 Jun 2018"
"19/06/2018 20:08","Purchase","'70838153003498340","WXR623","","PRIMAX 95","Billed","18.18","40.00","PSS FAS","","Standalone","","","30 Jun 2018"
"19/06/2018 20:07","Reload","'70838153003498340","WXR623","","","Billed","","-40.00","PSS FAS","","Standalone","","","30 Jun 2018"
"18/06/2018 22:15","Purchase","'70838153003498340","WXR623","","PRIMAX 95","Billed","18.18","40.00","PSS SEK 17 SUBANG JAYA","","Standalone","","","30 Jun 2018"
"18/06/2018 22:14","Reload","'70838153003498340","WXR623","","","Billed","","-50.00","PSS SEK 17 SUBANG JAYA","","Standalone","","","30 Jun 2018"
"17/06/2018 17:57","Purchase","'70838153003498340","WXR623","","PRIMAX 95","Billed","27.27","60.00","PSS TAMAN SRI ANDALAS","","Standalone","","","30 Jun 2018"
"17/06/2018 17:55","Reload","'70838153003498340","WXR623","","","Billed","","-60.00","PSS TAMAN SRI ANDALAS","","Standalone","","","30 Jun 2018"
"14/06/2018 16:38","Purchase","'70838153003498340","WXR623","","PRIMAX 95","Billed","13.64","30.00","PSS TAMAN RAKAN","","Standalone","","","30 Jun 2018"
"14/06/2018 16:34","Reload","'70838153003498340","WXR623","","","Billed","","-60.00","PSS TAMAN RAKAN","","Standalone","","","30 Jun 2018"