"Date Time","Transaction Type","Card Number","Vehicle Number","Driver Card Number","Product Type","Billing Type","Transaction Volume (Litres)","Transaction Amount (RM)","Station Name","Odometer","Card Type","Cost Centre","Cost Centre Name","Statement Month"
"29/06/2018 15:26","Purchase","'70838153003496070","WXR348","","PRIMAX 95","Billed","22.73","50.00","PSS RANTAU PETRONAS","999","Standalone","","","30 Jun 2018"
"29/06/2018 15:25","Reload","'70838153003496070","WXR348","","","Billed","","-50.00","PSS RANTAU PETRONAS","","Standalone","","","30 Jun 2018"
"27/06/2018 18:36","Purchase","'70838153003496070","WXR348","","PRIMAX 95","Billed","22.73","50.00","PSS KERTEH 2","999","Standalone","","","30 Jun 2018"
"27/06/2018 18:35","Reload","'70838153003496070","WXR348","","","Billed","","-50.00","PSS KERTEH 2","","Standalone","","","30 Jun 2018"
"26/06/2018 12:02","Purchase","'70838153003496070","WXR348","","PRIMAX 95","Billed","27.27","60.00","PSS KUANTAN DAMANSARA","999","Standalone","","","30 Jun 2018"
"26/06/2018 12:01","Reload","'70838153003496070","WXR348","","","Billed","","-50.00","PSS KUANTAN DAMANSARA","","Standalone","","","30 Jun 2018"
"23/06/2018 13:55","Purchase","'70838153003496070","WXR348","","PRIMAX 95","Billed","22.73","50.00","PSS RANTAU PETRONAS","999","Standalone","","","30 Jun 2018"
"23/06/2018 13:53","Reload","'70838153003496070","WXR348","","","Billed","","-60.00","PSS RANTAU PETRONAS","","Standalone","","","30 Jun 2018"
"20/06/2018 16:49","Purchase","'70838153003496070","WXR348","","PRIMAX 95","Billed","22.73","50.00","PSS BANDAR BARU KERTEH","999","Standalone","","","30 Jun 2018"
"18/06/2018 14:16","Purchase","'70838153003496070","WXR348","","PRIMAX 95","Billed","22.73","50.00","PSS AWANA KIJAL","999","Standalone","","","30 Jun 2018"
"18/06/2018 14:15","Reload","'70838153003496070","WXR348","","","Billed","","-100.00","PSS AWANA KIJAL","","Standalone","","","30 Jun 2018"
"13/06/2018 16:08","Purchase","'70838153003496070","WXR348","","PRIMAX 95","Billed","22.73","50.00","PSS AWANA KIJAL","999","Standalone","","","30 Jun 2018"
"12/06/2018 09:21","Purchase","'70838153003496070","WXR348","","PRIMAX 95","Billed","22.73","50.00","PSS KERTEH 2","999","Standalone","","","30 Jun 2018"
"12/06/2018 09:19","Reload","'70838153003496070","WXR348","","","Billed","","-100.00","PSS KERTEH 2","","Standalone","","","30 Jun 2018"
"11/06/2018 11:42","Purchase","'70838153003496070","WXR348","","PRIMAX 95","Billed","30.50","67.09","PSS RANTAU PETRONAS","999","Standalone","","","30 Jun 2018"
"11/06/2018 11:41","Reload","'70838153003496070","WXR348","","","Billed","","-50.00","PSS RANTAU PETRONAS","","Standalone","","","30 Jun 2018"
"10/06/2018 15:32","Purchase","'70838153003496070","WXR348","","PRIMAX 95","Billed","22.73","50.00","PSS BANDAR BARU KERTEH","999","Standalone","","","30 Jun 2018"
"09/06/2018 16:43","Purchase","'70838153003496070","WXR348","","PRIMAX 95","Billed","22.73","50.00","PSS AWANA KIJAL","999","Standalone","","","30 Jun 2018"
"09/06/2018 16:41","Reload","'70838153003496070","WXR348","","","Billed","","-100.00","PSS AWANA KIJAL","","Standalone","","","30 Jun 2018"
"06/06/2018 16:46","Purchase","'70838153003496070","WXR348","","PRIMAX 95","Billed","22.73","50.00","PSS AWANA KIJAL","999","Standalone","","","30 Jun 2018"
"05/06/2018 18:56","Purchase","'70838153003496070","WXR348","","PRIMAX 95","Billed","9.09","20.00","PSS BANDAR BARU KERTEH","999","Standalone","","","30 Jun 2018"
"05/06/2018 11:02","Purchase","'70838153003496070","WXR348","","PRIMAX 95","Billed","13.64","30.00","PSS TELOK KALONG","999","Standalone","","","30 Jun 2018"
"05/06/2018 11:01","Reload","'70838153003496070","WXR348","","","Billed","","-100.00","PSS TELOK KALONG","","Standalone","","","30 Jun 2018"
"04/06/2018 13:35","Purchase","'70838153003496070","WXR348","","PRIMAX 95","Billed","22.73","50.00","PSS KERTEH 2","999","Standalone","","","30 Jun 2018"
"02/06/2018 08:24","Purchase","'70838153003496070","WXR348","","PRIMAX 95","Billed","22.73","50.00","PSS KERTEH 2","999","Standalone","","","30 Jun 2018"
"02/06/2018 08:22","Reload","'70838153003496070","WXR348","","","Billed","","-100.00","PSS KERTEH 2","","Standalone","","","30 Jun 2018"
"01/06/2018 08:32","Purchase","'70838153003496070","WXR348","","PRIMAX 95","Billed","22.73","50.00","PSS AWANA KIJAL","999","Standalone","","","30 Jun 2018"
"01/06/2018 08:31","Reload","'70838153003496070","WXR348","","","Billed","","-50.00","PSS AWANA KIJAL","","Standalone","","","30 Jun 2018"