"Date Time","Transaction Type","Card Number","Vehicle Number","Driver Card Number","Product Type","Billing Type","Transaction Volume (Litres)","Transaction Amount (RM)","Station Name","Odometer","Card Type","Cost Centre","Cost Centre Name","Statement Month"
"24/06/2018 22:41","Purchase","'70838153003580667","WXR1059","","PRIMAX 95","Billed","28.18","62.00","PSS MASJID TANAH","","Standalone","","","30 Jun 2018"
"21/06/2018 15:24","Purchase","'70838153003580667","WXR1059","","PRIMAX 95","Billed","22.73","50.00","PSS BANDAR BARU SUNGAI UDANG","","Standalone","","","30 Jun 2018"
"18/06/2018 21:25","Purchase","'70838153003580667","WXR1059","","PRIMAX 95","Billed","22.73","50.00","PSS LEBUH AMJ BALAI PANJANG","","Standalone","","","30 Jun 2018"
"18/06/2018 21:24","Reload","'70838153003580667","WXR1059","","","Billed","","-200.00","PSS LEBUH AMJ BALAI PANJANG","","Standalone","","","30 Jun 2018"
"16/06/2018 14:51","Purchase","'70838153003580667","WXR1059","","PRIMAX 95","Billed","22.73","50.00","PSS KM 305 PLUS ARAH SELATAN","","Standalone","","","30 Jun 2018"
"12/06/2018 12:28","Purchase","'70838153003580667","WXR1059","","PRIMAX 95","Billed","27.27","60.00","PSS BANDAR BARU SUNGAI UDANG","","Standalone","","","30 Jun 2018"
"08/06/2018 13:52","Purchase","'70838153003580667","WXR1059","","PRIMAX 95","Billed","22.73","50.00","PSS MASJID TANAH","","Standalone","","","30 Jun 2018"
"07/06/2018 14:22","Purchase","'70838153003580667","WXR1059","","PRIMAX 95","Billed","22.73","50.00","PSS MASJID TANAH","","Standalone","","","30 Jun 2018"
"07/06/2018 14:21","Reload","'70838153003580667","WXR1059","","","Billed","","-200.00","PSS MASJID TANAH","","Standalone","","","30 Jun 2018"
"04/06/2018 10:09","Purchase","'70838153003580667","WXR1059","","PRIMAX 95","Billed","22.73","50.00","PSS MASJID TANAH","","Standalone","","","30 Jun 2018"