"Date Time","Transaction Type","Card Number","Vehicle Number","Driver Card Number","Product Type","Billing Type","Transaction Volume (Litres)","Transaction Amount (RM)","Station Name","Odometer","Card Type","Cost Centre","Cost Centre Name","Statement Month"
"29/06/2018 14:57","Purchase","'70838153003667019","WXR2028","","Diesel","Billed","45.87","100.00","PSS IJOK","55555","Standalone","","","30 Jun 2018"
"27/06/2018 16:58","Reload","'70838153003667019","WXR2028","","","Billed","","-100.00","PSS JALAN SELANGOR","","Standalone","","","30 Jun 2018"
"26/06/2018 11:23","Purchase","'70838153003667019","WXR2028","","Diesel","Billed","22.94","50.00","PSS MUTIARA DAMANSARA","5555","Standalone","","","30 Jun 2018"
"23/06/2018 17:18","Purchase","'70838153003667019","WXR2028","","Diesel","Billed","22.94","50.00","PSS  LATAR 2 (KLS ARAH KL)","50","Standalone","","","30 Jun 2018"
"23/06/2018 17:15","Reload","'70838153003667019","WXR2028","","","Billed","","-100.00","PSS  LATAR 2 (KLS ARAH KL)","","Standalone","","","30 Jun 2018"