"Date Time","Transaction Type","Card Number","Vehicle Number","Driver Card Number","Product Type","Billing Type","Transaction Volume (Litres)","Transaction Amount (RM)","Station Name","Odometer","Card Type","Cost Centre","Cost Centre Name","Statement Month"
"22/06/2018 11:21","Purchase","'70838153003499074","WXR646","","PRIMAX 97","Billed","34.75","90.00","PSS AMPANG JAYA","","Standalone","","","30 Jun 2018"
"22/06/2018 11:20","Reload","'70838153003499074","WXR646","","","Billed","","-90.00","PSS AMPANG JAYA","","Standalone","","","30 Jun 2018"
"16/06/2018 16:21","Purchase","'70838153003499074","WXR646","","PRIMAX 97","Billed","37.37","97.15","PSS AMPANG JAYA","","Standalone","","","30 Jun 2018"
"16/06/2018 16:20","Reload","'70838153003499074","WXR646","","","Billed","","-90.00","PSS AMPANG JAYA","","Standalone","","","30 Jun 2018"
"13/06/2018 15:32","Purchase","'70838153003499074","WXR646","","PRIMAX 97","Billed","44.30","117.85","PSS ELITE HIGHWAY","","Standalone","","","30 Jun 2018"
"13/06/2018 15:29","Reload","'70838153003499074","WXR646","","","Billed","","-120.00","PSS ELITE HIGHWAY","","Standalone","","","30 Jun 2018"
"07/06/2018 22:01","Purchase","'70838153003499074","WXR646","","PRIMAX 97","Billed","28.20","75.00","PSS DAMANSARA JAYA 1","","Standalone","","","30 Jun 2018"
"07/06/2018 22:00","Reload","'70838153003499074","WXR646","","","Billed","","-75.00","PSS DAMANSARA JAYA 1","","Standalone","","","30 Jun 2018"
"05/06/2018 13:15","Purchase","'70838153003499074","WXR646","","PRIMAX 97","Billed","4.08","10.08","PSS ARA DAMANSARA","","Standalone","","","30 Jun 2018"