"Date Time","Transaction Type","Card Number","Vehicle Number","Driver Card Number","Product Type","Billing Type","Transaction Volume (Litres)","Transaction Amount (RM)","Station Name","Odometer","Card Type","Cost Centre","Cost Centre Name","Statement Month"
"08/06/2018 12:37","Purchase","'70838153003500160","WXR669","","Diesel","Billed","25.67","55.96","PSS BANDAR JENGKA","","Standalone","","","30 Jun 2018"
"06/06/2018 17:11","Purchase","'70838153003500160","WXR669","","Diesel","Billed","149.04","324.90","PSS KAMPUNG AWAH","","Standalone","","","30 Jun 2018"
"05/06/2018 17:12","Purchase","'70838153003500160","WXR669","","Diesel","Billed","163.63","356.70","PSS KAMPUNG AWAH","8","Standalone","","","30 Jun 2018"
"04/06/2018 17:38","Purchase","'70838153003500160","WXR669","","Diesel","Billed","178.90","390.01","PSS FELDA JENGKA 21","","Standalone","","","30 Jun 2018"
"03/06/2018 17:22","Purchase","'70838153003500160","WXR669","","Diesel","Billed","224.36","489.10","PSS KAMPUNG AWAH","","Standalone","","","30 Jun 2018"
"03/06/2018 07:24","Purchase","'70838153003500160","WXR669","","Diesel","Billed","183.49","400.00","PSS FELDA JENGKA 21","","Standalone","","","30 Jun 2018"