"Date Time","Transaction Type","Card Number","Vehicle Number","Driver Card Number","Product Type","Billing Type","Transaction Volume (Litres)","Transaction Amount (RM)","Station Name","Odometer","Card Type","Cost Centre","Cost Centre Name","Statement Month"
"30/06/2018 23:54","Purchase","'70838153003720214","WXR 5407","","PRIMAX 95","Un-billed","10.00","22.00","PSS PERSIARAN RAYA GUA MUSANG","282206","Standalone","","","Unbilled Transaction"
"30/06/2018 18:32","Purchase","'70838153003720214","WXR 5407","","PRIMAX 95","Un-billed","30.00","66.00","PSS KM 10 JALAN KUALA KRAI","282006","Standalone","","","Unbilled Transaction"
"29/06/2018 23:44","Purchase","'70838153003720214","WXR 5407","","PRIMAX 95","Billed","30.00","66.00","PSS BENTA","281661","Standalone","","","30 Jun 2018"
"29/06/2018 21:33","Purchase","'70838153003720214","WXR 5407","","PRIMAX 95","Billed","20.00","44.00","PSS GRAND SAGA 2","281518","Standalone","","","30 Jun 2018"
"29/06/2018 21:32","Reload","'70838153003720214","WXR 5407","","","Billed","","-200.00","PSS GRAND SAGA 2","","Standalone","","","30 Jun 2018"
"28/06/2018 11:54","Purchase","'70838153003720214","WXR 5407","","PRIMAX 95","Billed","30.00","66.00","PSS SEKSYEN 7 BANGI","279357","Standalone","","","30 Jun 2018"
"28/06/2018 11:51","Reload","'70838153003720214","WXR 5407","","","Billed","","-66.00","PSS SEKSYEN 7 BANGI","","Standalone","","","30 Jun 2018"
"25/06/2018 11:42","Purchase","'70838153003720214","WXR 5407","","PRIMAX 95","Billed","30.00","66.00","PSS PRIMA SAUJANA 1","281265","Standalone","","","30 Jun 2018"
"25/06/2018 11:39","Reload","'70838153003720214","WXR 5407","","","Billed","","-66.00","PSS PRIMA SAUJANA 1","","Standalone","","","30 Jun 2018"
"22/06/2018 21:53","Purchase","'70838153003720214","WXR 5407","","PRIMAX 95","Billed","30.00","66.00","PSS GRAND SAGA 2","279039","Standalone","","","30 Jun 2018"
"22/06/2018 21:52","Reload","'70838153003720214","WXR 5407","","","Billed","","-66.00","PSS GRAND SAGA 2","","Standalone","","","30 Jun 2018"
"20/06/2018 15:42","Purchase","'70838153003720214","WXR 5407","","PRIMAX 95","Billed","30.00","66.00","PSS SEKSYEN 7 BANGI","278767","Standalone","","","30 Jun 2018"
"20/06/2018 15:41","Reload","'70838153003720214","WXR 5407","","","Billed","","-66.00","PSS SEKSYEN 7 BANGI","","Standalone","","","30 Jun 2018"
"17/06/2018 23:22","Purchase","'70838153003720214","WXR 5407","","PRIMAX 95","Billed","30.00","66.00","PSS GRAND SAGA 3","278535","Standalone","","","30 Jun 2018"
"17/06/2018 23:21","Reload","'70838153003720214","WXR 5407","","","Billed","","-66.00","PSS GRAND SAGA 3","","Standalone","","","30 Jun 2018"
"15/06/2018 14:06","Purchase","'70838153003720214","WXR 5407","","PRIMAX 95","Billed","30.00","66.00","PSS KESAS ARAH KELANG","278143","Standalone","","","30 Jun 2018"
"15/06/2018 14:04","Reload","'70838153003720214","WXR 5407","","","Billed","","-66.00","PSS KESAS ARAH KELANG","","Standalone","","","30 Jun 2018"
"14/06/2018 01:43","Purchase","'70838153003720214","WXR 5407","","PRIMAX 95","Billed","30.00","66.00","PSS SERENDAH","277819","Standalone","","","30 Jun 2018"
"14/06/2018 01:42","Reload","'70838153003720214","WXR 5407","","","Billed","","-66.00","PSS SERENDAH","","Standalone","","","30 Jun 2018"
"12/06/2018 13:44","Purchase","'70838153003720214","WXR 5407","","PRIMAX 95","Billed","30.00","66.00","PSS SEKSYEN 7 BANGI","277536","Standalone","","","30 Jun 2018"
"12/06/2018 13:42","Reload","'70838153003720214","WXR 5407","","","Billed","","-66.00","PSS SEKSYEN 7 BANGI","","Standalone","","","30 Jun 2018"
"09/06/2018 21:05","Purchase","'70838153003720214","WXR 5407","","PRIMAX 95","Billed","30.00","66.00","PSS PRIMA SAUJANA 1","277281","Standalone","","","30 Jun 2018"
"09/06/2018 21:03","Reload","'70838153003720214","WXR 5407","","","Billed","","-66.00","PSS PRIMA SAUJANA 1","","Standalone","","","30 Jun 2018"
"08/06/2018 13:12","Purchase","'70838153003720214","WXR 5407","","PRIMAX 95","Billed","30.00","66.00","PSS FAS","276979","Standalone","","","30 Jun 2018"
"08/06/2018 13:10","Reload","'70838153003720214","WXR 5407","","","Billed","","-66.00","PSS FAS","","Standalone","","","30 Jun 2018"
"05/06/2018 23:45","Purchase","'70838153003720214","WXR 5407","","PRIMAX 95","Billed","30.00","66.00","PSS SEMENYIH","276744","Standalone","","","30 Jun 2018"
"05/06/2018 23:43","Reload","'70838153003720214","WXR 5407","","","Billed","","-66.00","PSS SEMENYIH","","Standalone","","","30 Jun 2018"
"04/06/2018 00:41","Purchase","'70838153003720214","WXR 5407","","PRIMAX 95","Billed","30.00","66.00","PSS JLN KUCHING","276554","Standalone","","","30 Jun 2018"
"04/06/2018 00:40","Reload","'70838153003720214","WXR 5407","","","Billed","","-66.00","PSS JLN KUCHING","","Standalone","","","30 Jun 2018"
"02/06/2018 00:22","Purchase","'70838153003720214","WXR 5407","","PRIMAX 95","Billed","30.00","66.00","PSS SG BULOH LAYBY","276212","Standalone","","","30 Jun 2018"
"02/06/2018 00:20","Reload","'70838153003720214","WXR 5407","","","Billed","","-70.00","PSS SG BULOH LAYBY","","Standalone","","","30 Jun 2018"