"Date Time","Transaction Type","Card Number","Vehicle Number","Driver Card Number","Product Type","Billing Type","Transaction Volume (Litres)","Transaction Amount (RM)","Station Name","Odometer","Card Type","Cost Centre","Cost Centre Name","Statement Month"
"28/06/2018 18:07","Purchase","'70838153003581491","WXR1098","","PRIMAX 95","Billed","55.48","122.06","PSS KLIA 1","","Standalone","","","30 Jun 2018"
"22/06/2018 14:48","Purchase","'70838153003581491","WXR1098","","PRIMAX 95","Billed","54.57","120.05","PSS SEK 17 SUBANG JAYA","","Standalone","","","30 Jun 2018"
"22/06/2018 14:36","Reload","'70838153003581491","WXR1098","","","Billed","","-500.00","PSS SEK 17 SUBANG JAYA","","Standalone","","","30 Jun 2018"
"14/06/2018 13:18","Purchase","'70838153003581491","WXR1098","","PRIMAX 95","Billed","51.84","114.05","PSS LOT 4783 BUKIT JALIL","","Standalone","","","30 Jun 2018"
"14/06/2018 13:14","Reload","'70838153003581491","WXR1098","","","Billed","","-150.00","PSS LOT 4783 BUKIT JALIL","","Standalone","","","30 Jun 2018"
"01/06/2018 15:38","Purchase","'70838153003581491","WXR1098","","PRIMAX 95","Billed","60.04","132.09","PSS TTDI","","Standalone","","","30 Jun 2018"