"Date Time","Transaction Type","Card Number","Vehicle Number","Driver Card Number","Product Type","Billing Type","Transaction Volume (Litres)","Transaction Amount (RM)","Station Name","Odometer","Card Type","Cost Centre","Cost Centre Name","Statement Month"
"28/06/2018 23:08","Purchase","'70838153003732904","WXR 5775","","PRIMAX 95","Billed","22.73","50.00","PSS MITC","","Standalone","","","30 Jun 2018"
"24/06/2018 11:49","Purchase","'70838153003732904","WXR 5775","","PRIMAX 95","Billed","22.73","50.00","PSS BEMBAN JASIN","","Standalone","","","30 Jun 2018"
"24/06/2018 11:46","Reload","'70838153003732904","WXR 5775","","","Billed","","-100.00","PSS BEMBAN JASIN","","Standalone","","","30 Jun 2018"
"21/06/2018 20:53","Purchase","'70838153003732904","WXR 5775","","PRIMAX 95","Billed","22.73","50.00","PSS BUKIT BARU 2","","Standalone","","","30 Jun 2018"
"19/06/2018 09:16","Purchase","'70838153003732904","WXR 5775","","PRIMAX 95","Billed","22.73","50.00","PSS SELANDAR","","Standalone","","","30 Jun 2018"
"15/06/2018 23:24","Purchase","'70838153003732904","WXR 5775","","PRIMAX 95","Billed","22.73","50.00","PSS BUKIT KATIL","","Standalone","","","30 Jun 2018"
"15/06/2018 23:21","Reload","'70838153003732904","WXR 5775","","","Billed","","-150.00","PSS BUKIT KATIL","","Standalone","","","30 Jun 2018"
"13/06/2018 08:47","Purchase","'70838153003732904","WXR 5775","","PRIMAX 95","Billed","22.73","50.00","PSS SELANDAR","","Standalone","","","30 Jun 2018"
"10/06/2018 13:32","Purchase","'70838153003732904","WXR 5775","","PRIMAX 95","Billed","22.73","50.00","PSS SELANDAR","","Standalone","","","30 Jun 2018"
"10/06/2018 13:30","Reload","'70838153003732904","WXR 5775","","","Billed","","-100.00","PSS SELANDAR","","Standalone","","","30 Jun 2018"
"07/06/2018 16:36","Purchase","'70838153003732904","WXR 5775","","PRIMAX 95","Billed","22.73","50.00","PSS SELANDAR","","Standalone","","","30 Jun 2018"
"02/06/2018 15:55","Purchase","'70838153003732904","WXR 5775","","PRIMAX 95","Billed","22.73","50.00","PSS TANGGA BATU","","Standalone","","","30 Jun 2018"
"02/06/2018 15:49","Reload","'70838153003732904","WXR 5775","","","Billed","","-100.00","PSS TANGGA BATU","","Standalone","","","30 Jun 2018"