"Date Time","Transaction Type","Card Number","Vehicle Number","Driver Card Number","Product Type","Billing Type","Transaction Volume (Litres)","Transaction Amount (RM)","Station Name","Odometer","Card Type","Cost Centre","Cost Centre Name","Statement Month"
"30/06/2018 12:02","Purchase","'70838153003580584","WXR1055","","PRIMAX 95","Un-billed","27.27","60.00","PSS LUBUK CHINA","","Standalone","","","Unbilled Transaction"
"30/06/2018 12:01","Reload","'70838153003580584","WXR1055","","","Un-billed","","-50.00","PSS LUBUK CHINA","","Standalone","","","Unbilled Transaction"
"24/06/2018 12:38","Purchase","'70838153003580584","WXR1055","","PRIMAX 95","Billed","22.73","50.00","PSS LUBUK CHINA","","Standalone","","","30 Jun 2018"
"24/06/2018 12:37","Reload","'70838153003580584","WXR1055","","","Billed","","-50.00","PSS LUBUK CHINA","","Standalone","","","30 Jun 2018"
"22/06/2018 12:07","Purchase","'70838153003580584","WXR1055","","PRIMAX 95","Billed","27.27","60.00","PSS BANDAR TIRAM","","Standalone","","","30 Jun 2018"
"19/06/2018 16:23","Purchase","'70838153003580584","WXR1055","","PRIMAX 95","Billed","34.05","74.90","PSS LUBUK CHINA","","Standalone","","","30 Jun 2018"
"19/06/2018 16:22","Reload","'70838153003580584","WXR1055","","","Billed","","-100.00","PSS LUBUK CHINA","","Standalone","","","30 Jun 2018"
"11/06/2018 13:22","Purchase","'70838153003580584","WXR1055","","PRIMAX 95","Billed","40.68","89.50","PSS LUBUK CHINA","","Standalone","","","30 Jun 2018"
"11/06/2018 13:20","Reload","'70838153003580584","WXR1055","","","Billed","","-100.00","PSS LUBUK CHINA","","Standalone","","","30 Jun 2018"
"08/06/2018 17:00","Purchase","'70838153003580584","WXR1055","","PRIMAX 95","Billed","22.73","50.00","PSS SUNGAI UDANG","","Standalone","","","30 Jun 2018"
"08/06/2018 17:00","Reload","'70838153003580584","WXR1055","","","Billed","","-50.00","PSS SUNGAI UDANG","","Standalone","","","30 Jun 2018"
"05/06/2018 16:34","Purchase","'70838153003580584","WXR1055","","PRIMAX 95","Billed","22.73","50.00","PSS TANGGA BATU","","Standalone","","","30 Jun 2018"
"05/06/2018 16:33","Reload","'70838153003580584","WXR1055","","","Billed","","-50.00","PSS TANGGA BATU","","Standalone","","","30 Jun 2018"