"Date Time","Transaction Type","Card Number","Vehicle Number","Driver Card Number","Product Type","Billing Type","Transaction Volume (Litres)","Transaction Amount (RM)","Station Name","Odometer","Card Type","Cost Centre","Cost Centre Name","Statement Month"
"25/06/2018 06:14","Purchase","'70838153003422878","WXR80","","PRIMAX 97","Billed","0.17","0.43","PSS LEBUHRAYA SILK","","Standalone","","","30 Jun 2018"
"15/06/2018 12:42","Purchase","'70838153003422878","WXR80","","PRIMAX 95","Billed","17.69","38.90","PSS HUTAN MELINTANG","","Standalone","","","30 Jun 2018"
"13/06/2018 21:46","Purchase","'70838153003422878","WXR80","","PRIMAX 95","Billed","17.81","39.18","PSS RAWANG RSA","","Standalone","","","30 Jun 2018"
"10/06/2018 18:03","Purchase","'70838153003422878","WXR80","","PRIMAX 95","Billed","36.37","80.00","PSS SEKSYEN 7 BANGI","","Standalone","","","30 Jun 2018"
"09/06/2018 10:41","Purchase","'70838153003422878","WXR80","","PRIMAX 97","Billed","37.60","100.00","PSS SEK 3 BANDAR BARU BANGI","","Standalone","","","30 Jun 2018"
"09/06/2018 10:38","Reload","'70838153003422878","WXR80","","","Billed","","-250.00","PSS SEK 3 BANDAR BARU BANGI","","Standalone","","","30 Jun 2018"