"Date Time","Transaction Type","Card Number","Vehicle Number","Driver Card Number","Product Type","Billing Type","Transaction Volume (Litres)","Transaction Amount (RM)","Station Name","Odometer","Card Type","Cost Centre","Cost Centre Name","Statement Month"
"30/06/2018 09:45","Purchase","'70838153003423926","WXR114","","PRIMAX 95","Billed","9.09","20.00","PSS COCHRANE PERKASA","","Standalone","","","30 Jun 2018"
"30/06/2018 09:44","Reload","'70838153003423926","WXR114","","","Billed","","-30.00","PSS COCHRANE PERKASA","","Standalone","","","30 Jun 2018"
"26/06/2018 12:17","Purchase","'70838153003423926","WXR114","","PRIMAX 95","Billed","22.73","50.00","PSS KLIA 2","","Standalone","","","30 Jun 2018"
"26/06/2018 12:14","Reload","'70838153003423926","WXR114","","","Billed","","-50.00","PSS KLIA 2","","Standalone","","","30 Jun 2018"
"24/06/2018 12:01","Purchase","'70838153003423926","WXR114","","PRIMAX 95","Billed","13.78","30.31","PSS KLIA 1","","Standalone","","","30 Jun 2018"
"22/06/2018 20:45","Purchase","'70838153003423926","WXR114","","PRIMAX 95","Billed","9.09","20.00","PSS KUALA SELANGOR","","Standalone","","","30 Jun 2018"
"22/06/2018 20:40","Reload","'70838153003423926","WXR114","","","Billed","","-50.00","PSS KUALA SELANGOR","","Standalone","","","30 Jun 2018"