"Date Time","Transaction Type","Card Number","Vehicle Number","Driver Card Number","Product Type","Billing Type","Transaction Volume (Litres)","Transaction Amount (RM)","Station Name","Odometer","Card Type","Cost Centre","Cost Centre Name","Statement Month"
"29/06/2018 19:17","Purchase","'70838153003497383","WXR848","","PRIMAX 95","Billed","4.55","10.00","PSS MERBOK","10","Standalone","","","30 Jun 2018"
"29/06/2018 19:16","Reload","'70838153003497383","WXR848","","","Billed","","-10.00","PSS MERBOK","","Standalone","","","30 Jun 2018"
"27/06/2018 09:42","Purchase","'70838153003497383","WXR848","","PRIMAX 95","Billed","9.09","20.00","PSS MERBOK","1","Standalone","","","30 Jun 2018"
"27/06/2018 09:40","Reload","'70838153003497383","WXR848","","","Billed","","-15.00","PSS MERBOK","","Standalone","","","30 Jun 2018"
"19/06/2018 12:29","Purchase","'70838153003497383","WXR848","","PRIMAX 95","Billed","9.09","20.00","PSS MERBOK","1","Standalone","","","30 Jun 2018"
"19/06/2018 12:27","Reload","'70838153003497383","WXR848","","","Billed","","-20.00","PSS MERBOK","","Standalone","","","30 Jun 2018"
"16/06/2018 07:37","Purchase","'70838153003497383","WXR848","","PRIMAX 95","Billed","22.73","50.00","PSS MERBOK","1","Standalone","","","30 Jun 2018"
"16/06/2018 07:36","Reload","'70838153003497383","WXR848","","","Billed","","-50.00","PSS MERBOK","","Standalone","","","30 Jun 2018"
"12/06/2018 09:18","Purchase","'70838153003497383","WXR848","","PRIMAX 95","Billed","9.09","20.00","PSS MERBOK","1","Standalone","","","30 Jun 2018"
"12/06/2018 09:17","Reload","'70838153003497383","WXR848","","","Billed","","-10.00","PSS MERBOK","","Standalone","","","30 Jun 2018"
"07/06/2018 20:19","Purchase","'70838153003497383","WXR848","","PRIMAX 95","Billed","4.55","10.00","PSS MERBOK","1","Standalone","","","30 Jun 2018"
"04/06/2018 09:48","Purchase","'70838153003497383","WXR848","","PRIMAX 95","Billed","13.64","30.00","PSS MERBOK","1","Standalone","","","30 Jun 2018"
"04/06/2018 09:47","Reload","'70838153003497383","WXR848","","","Billed","","-50.00","PSS MERBOK","","Standalone","","","30 Jun 2018"