"Date Time","Transaction Type","Card Number","Vehicle Number","Driver Card Number","Product Type","Billing Type","Transaction Volume (Litres)","Transaction Amount (RM)","Station Name","Odometer","Card Type","Cost Centre","Cost Centre Name","Statement Month"
"20/06/2018 12:22","Purchase","'70838153003422845","WXR77","","PRIMAX 95","Billed","27.59","60.69","PSS LT911 ULU KLANG MRR2","","Standalone","","","30 Jun 2018"
"20/06/2018 12:21","Reload","'70838153003422845","WXR77","","","Billed","","-50.00","PSS LT911 ULU KLANG MRR2","","Standalone","","","30 Jun 2018"
"18/06/2018 18:32","Purchase","'70838153003422845","WXR77","","PRIMAX 95","Billed","13.95","30.69","PSS SENAWANG 2","","Standalone","","","30 Jun 2018"
"18/06/2018 18:30","Reload","'70838153003422845","WXR77","","","Billed","","-50.00","PSS SENAWANG 2","","Standalone","","","30 Jun 2018"
"17/06/2018 16:15","Purchase","'70838153003422845","WXR77","","PRIMAX 95","Billed","2.95","6.50","PSS DURIAN TUNGGAL","","Standalone","","","30 Jun 2018"
"16/06/2018 11:46","Purchase","'70838153003422845","WXR77","","PRIMAX 95","Billed","22.76","50.07","PSS TAMAN RAMBAI UTAMA","","Standalone","","","30 Jun 2018"
"14/06/2018 15:35","Purchase","'70838153003422845","WXR77","","PRIMAX 95","Billed","22.75","50.05","PSS BUKIT NANDING","","Standalone","","","30 Jun 2018"
"14/06/2018 15:34","Reload","'70838153003422845","WXR77","","","Billed","","-100.00","PSS BUKIT NANDING","","Standalone","","","30 Jun 2018"
"08/06/2018 08:45","Purchase","'70838153003422845","WXR77","","PRIMAX 95","Billed","32.09","70.59","PSS LT911 ULU KLANG MRR2","","Standalone","","","30 Jun 2018"
"05/06/2018 10:11","Purchase","'70838153003422845","WXR77","","PRIMAX 95","Billed","22.89","50.36","PSS KM 12.3 LEBUHRAYA PERSEKUTUAN","","Standalone","","","30 Jun 2018"