"Date Time","Transaction Type","Card Number","Vehicle Number","Driver Card Number","Product Type","Billing Type","Transaction Volume (Litres)","Transaction Amount (RM)","Station Name","Odometer","Card Type","Cost Centre","Cost Centre Name","Statement Month"
"29/06/2018 21:05","Purchase","'70838153003498118","WXR413","","PRIMAX 95","Billed","22.73","50.00","PSS AULONG","","Standalone","","","30 Jun 2018"
"29/06/2018 21:04","Reload","'70838153003498118","WXR413","","","Billed","","-50.00","PSS AULONG","","Standalone","","","30 Jun 2018"
"27/06/2018 21:36","Purchase","'70838153003498118","WXR413","","PRIMAX 95","Billed","22.73","50.00","PSS AULONG","","Standalone","","","30 Jun 2018"
"27/06/2018 21:32","Reload","'70838153003498118","WXR413","","","Billed","","-50.00","PSS AULONG","","Standalone","","","30 Jun 2018"
"25/06/2018 20:43","Purchase","'70838153003498118","WXR413","","PRIMAX 95","Billed","22.73","50.00","PSS TUPAI","","Standalone","","","30 Jun 2018"
"25/06/2018 20:42","Reload","'70838153003498118","WXR413","","","Billed","","-50.00","PSS TUPAI","","Standalone","","","30 Jun 2018"
"25/06/2018 09:19","Purchase","'70838153003498118","WXR413","","PRIMAX 95","Billed","11.82","26.00","PSS BATU 1 JALAN SEMENYIH","","Standalone","","","30 Jun 2018"
"22/06/2018 10:52","Purchase","'70838153003498118","WXR413","","PRIMAX 95","Billed","56.36","124.00","PSS AULONG","","Standalone","","","30 Jun 2018"
"22/06/2018 10:50","Reload","'70838153003498118","WXR413","","","Billed","","-150.00","PSS AULONG","","Standalone","","","30 Jun 2018"
"20/06/2018 20:41","Purchase","'70838153003498118","WXR413","","PRIMAX 95","Billed","18.18","40.00","PSS AULONG","","Standalone","","","30 Jun 2018"
"20/06/2018 20:40","Reload","'70838153003498118","WXR413","","","Billed","","-40.00","PSS AULONG","","Standalone","","","30 Jun 2018"
"19/06/2018 08:57","Purchase","'70838153003498118","WXR413","","PRIMAX 95","Billed","22.73","50.00","PSS AULONG","","Standalone","","","30 Jun 2018"
"19/06/2018 08:56","Reload","'70838153003498118","WXR413","","","Billed","","-50.00","PSS AULONG","","Standalone","","","30 Jun 2018"
"17/06/2018 19:50","Purchase","'70838153003498118","WXR413","","PRIMAX 95","Billed","22.73","50.00","PSS PEKAN SIMPANG TAIPING","","Standalone","","","30 Jun 2018"
"17/06/2018 19:49","Reload","'70838153003498118","WXR413","","","Billed","","-50.00","PSS PEKAN SIMPANG TAIPING","","Standalone","","","30 Jun 2018"
"16/06/2018 19:48","Purchase","'70838153003498118","WXR413","","PRIMAX 95","Billed","18.18","40.00","PSS AULONG","","Standalone","","","30 Jun 2018"
"16/06/2018 19:47","Reload","'70838153003498118","WXR413","","","Billed","","-40.00","PSS AULONG","","Standalone","","","30 Jun 2018"
"15/06/2018 19:49","Purchase","'70838153003498118","WXR413","","PRIMAX 95","Billed","22.73","50.00","PSS TUPAI","","Standalone","","","30 Jun 2018"
"15/06/2018 19:48","Reload","'70838153003498118","WXR413","","","Billed","","-50.00","PSS TUPAI","","Standalone","","","30 Jun 2018"
"14/06/2018 20:10","Purchase","'70838153003498118","WXR413","","PRIMAX 95","Billed","22.73","50.00","PSS AULONG","","Standalone","","","30 Jun 2018"
"14/06/2018 20:09","Reload","'70838153003498118","WXR413","","","Billed","","-50.00","PSS AULONG","","Standalone","","","30 Jun 2018"
"14/06/2018 10:56","Purchase","'70838153003498118","WXR413","","PRIMAX 95","Billed","22.73","50.00","PSS AULONG","","Standalone","","","30 Jun 2018"
"14/06/2018 10:54","Reload","'70838153003498118","WXR413","","","Billed","","-50.00","PSS AULONG","","Standalone","","","30 Jun 2018"
"12/06/2018 21:19","Purchase","'70838153003498118","WXR413","","PRIMAX 95","Billed","22.73","50.00","PSS JALAN SIMPANG TAIPING","","Standalone","","","30 Jun 2018"
"12/06/2018 21:18","Reload","'70838153003498118","WXR413","","","Billed","","-50.00","PSS JALAN SIMPANG TAIPING","","Standalone","","","30 Jun 2018"
"11/06/2018 18:40","Purchase","'70838153003498118","WXR413","","PRIMAX 95","Billed","18.18","40.00","PSS ELITE HIGHWAY","","Standalone","","","30 Jun 2018"
"11/06/2018 14:09","Purchase","'70838153003498118","WXR413","","PRIMAX 95","Billed","27.28","60.00","PSS SUNGAI PERAK (S)","","Standalone","","","30 Jun 2018"
"11/06/2018 14:06","Reload","'70838153003498118","WXR413","","","Billed","","-100.00","PSS SUNGAI PERAK (S)","","Standalone","","","30 Jun 2018"
"10/06/2018 20:13","Purchase","'70838153003498118","WXR413","","PRIMAX 95","Billed","22.73","50.00","PSS AULONG","","Standalone","","","30 Jun 2018"
"10/06/2018 20:11","Reload","'70838153003498118","WXR413","","","Billed","","-50.00","PSS AULONG","","Standalone","","","30 Jun 2018"
"09/06/2018 21:46","Purchase","'70838153003498118","WXR413","","PRIMAX 95","Billed","22.73","50.00","PSS AULONG","","Standalone","","","30 Jun 2018"
"09/06/2018 21:44","Reload","'70838153003498118","WXR413","","","Billed","","-50.00","PSS AULONG","","Standalone","","","30 Jun 2018"
"08/06/2018 14:52","Purchase","'70838153003498118","WXR413","","PRIMAX 95","Billed","25.00","55.00","PSS AULONG","","Standalone","","","30 Jun 2018"
"08/06/2018 14:51","Reload","'70838153003498118","WXR413","","","Billed","","-30.00","PSS AULONG","","Standalone","","","30 Jun 2018"
"07/06/2018 16:01","Purchase","'70838153003498118","WXR413","","PRIMAX 95","Billed","13.64","30.00","PSS AULONG","","Standalone","","","30 Jun 2018"
"07/06/2018 15:59","Reload","'70838153003498118","WXR413","","","Billed","","-50.00","PSS AULONG","","Standalone","","","30 Jun 2018"
"06/06/2018 22:16","Purchase","'70838153003498118","WXR413","","PRIMAX 95","Billed","18.18","40.00","PSS AULONG","","Standalone","","","30 Jun 2018"
"06/06/2018 22:14","Reload","'70838153003498118","WXR413","","","Billed","","-40.00","PSS AULONG","","Standalone","","","30 Jun 2018"
"06/06/2018 10:04","Purchase","'70838153003498118","WXR413","","PRIMAX 95","Billed","22.73","50.00","PSS JALAN SIMPANG TAIPING","","Standalone","","","30 Jun 2018"
"06/06/2018 10:03","Reload","'70838153003498118","WXR413","","","Billed","","-50.00","PSS JALAN SIMPANG TAIPING","","Standalone","","","30 Jun 2018"
"05/06/2018 10:27","Purchase","'70838153003498118","WXR413","","PRIMAX 95","Billed","22.73","50.00","PSS JALAN SIMPANG TAIPING","","Standalone","","","30 Jun 2018"
"05/06/2018 10:26","Reload","'70838153003498118","WXR413","","","Billed","","-50.00","PSS JALAN SIMPANG TAIPING","","Standalone","","","30 Jun 2018"
"04/06/2018 08:51","Purchase","'70838153003498118","WXR413","","PRIMAX 95","Billed","22.73","50.00","PSS JALAN SIMPANG TAIPING","","Standalone","","","30 Jun 2018"
"04/06/2018 08:50","Reload","'70838153003498118","WXR413","","","Billed","","-50.00","PSS JALAN SIMPANG TAIPING","","Standalone","","","30 Jun 2018"
"03/06/2018 11:44","Purchase","'70838153003498118","WXR413","","PRIMAX 95","Billed","22.73","50.00","PSS TUPAI","","Standalone","","","30 Jun 2018"
"03/06/2018 11:42","Reload","'70838153003498118","WXR413","","","Billed","","-50.00","PSS TUPAI","","Standalone","","","30 Jun 2018"
"01/06/2018 19:25","Purchase","'70838153003498118","WXR413","","PRIMAX 95","Billed","28.81","63.37","PSS AULONG","","Standalone","","","30 Jun 2018"
"01/06/2018 19:23","Reload","'70838153003498118","WXR413","","","Billed","","-50.00","PSS AULONG","","Standalone","","","30 Jun 2018"