"Date Time","Transaction Type","Card Number","Vehicle Number","Driver Card Number","Product Type","Billing Type","Transaction Volume (Litres)","Transaction Amount (RM)","Station Name","Odometer","Card Type","Cost Centre","Cost Centre Name","Statement Month"
"30/06/2018 18:40","Purchase","'70838153003680400","WXR 2302","","PRIMAX 95","Billed","8.12","17.86","PSS GELIGA","","Standalone","","","30 Jun 2018"
"29/06/2018 23:41","Purchase","'70838153003680400","WXR 2302","","PRIMAX 97","Billed","4.40","11.00","PSS GELIGA","","Standalone","","","30 Jun 2018"
"29/06/2018 18:03","Purchase","'70838153003680400","WXR 2302","","PRIMAX 97","Billed","10.84","27.10","PSS AWANA KIJAL","","Standalone","","","30 Jun 2018"
"29/06/2018 18:02","Reload","'70838153003680400","WXR 2302","","","Billed","","-50.00","PSS AWANA KIJAL","","Standalone","","","30 Jun 2018"
"29/06/2018 16:19","Reload","'70838153003680400","WXR 2302","","","Billed","","-20.00","PSS CHENDERING","","Standalone","","","30 Jun 2018"
"29/06/2018 16:15","Purchase","'70838153003680400","WXR 2302","","PRIMAX 97","Billed","9.05","22.62","PSS CHENDERING","","Standalone","","","30 Jun 2018"
"28/06/2018 20:44","Reload","'70838153003680400","WXR 2302","","","Billed","","-10.00","PSS TOK JIRING","","Standalone","","","30 Jun 2018"
"28/06/2018 20:43","Reload","'70838153003680400","WXR 2302","","","Billed","","-50.00","PSS TOK JIRING","","Standalone","","","30 Jun 2018"
"28/06/2018 20:39","Purchase","'70838153003680400","WXR 2302","","PRIMAX 97","Billed","24.81","62.01","PSS TOK JIRING","","Standalone","","","30 Jun 2018"
"28/06/2018 18:03","Reload","'70838153003680400","WXR 2302","","","Billed","","-10.00","PSS GAMBANG RSA EAST","","Standalone","","","30 Jun 2018"
"28/06/2018 18:01","Reload","'70838153003680400","WXR 2302","","","Billed","","-50.00","PSS GAMBANG RSA EAST","","Standalone","","","30 Jun 2018"
"28/06/2018 17:51","Purchase","'70838153003680400","WXR 2302","","PRIMAX 97","Billed","19.20","48.00","PSS GAMBANG RSA EAST","","Standalone","","","30 Jun 2018"
"28/06/2018 14:45","Purchase","'70838153003680400","WXR 2302","","PRIMAX 97","Billed","22.08","55.20","PSS NKVE HIGHWAY","","Standalone","","","30 Jun 2018"
"28/06/2018 01:21","Purchase","'70838153003680400","WXR 2302","","PRIMAX 95","Billed","9.09","20.00","PSS BDR SAUJANA PUTRA","","Standalone","","","30 Jun 2018"
"28/06/2018 01:19","Reload","'70838153003680400","WXR 2302","","","Billed","","-20.00","PSS BDR SAUJANA PUTRA","","Standalone","","","30 Jun 2018"
"27/06/2018 21:02","Reload","'70838153003680400","WXR 2302","","","Billed","","-150.00","PSS BDR SAUJANA PUTRA","","Standalone","","","30 Jun 2018"
"27/06/2018 06:45","Purchase","'70838153003680400","WXR 2302","","PRIMAX 95","Billed","9.09","20.00","PSS SEK 22 SHAH ALAM","","Standalone","","","30 Jun 2018"
"27/06/2018 06:44","Reload","'70838153003680400","WXR 2302","","","Billed","","-10.00","PSS SEK 22 SHAH ALAM","","Standalone","","","30 Jun 2018"
"26/06/2018 06:45","Purchase","'70838153003680400","WXR 2302","","PRIMAX 95","Billed","9.09","20.00","PSS SEK 22 SHAH ALAM","","Standalone","","","30 Jun 2018"
"26/06/2018 06:43","Reload","'70838153003680400","WXR 2302","","","Billed","","-10.00","PSS SEK 22 SHAH ALAM","","Standalone","","","30 Jun 2018"
"25/06/2018 06:44","Purchase","'70838153003680400","WXR 2302","","PRIMAX 95","Billed","5.91","13.00","PSS SEK 22 SHAH ALAM","","Standalone","","","30 Jun 2018"
"25/06/2018 06:42","Reload","'70838153003680400","WXR 2302","","","Billed","","-20.00","PSS SEK 22 SHAH ALAM","","Standalone","","","30 Jun 2018"
"24/06/2018 16:25","Purchase","'70838153003680400","WXR 2302","","PRIMAX 95","Billed","9.09","20.00","PSS BDR SAUJANA PUTRA","","Standalone","","","30 Jun 2018"
"24/06/2018 16:24","Reload","'70838153003680400","WXR 2302","","","Billed","","-20.00","PSS BDR SAUJANA PUTRA","","Standalone","","","30 Jun 2018"
"24/06/2018 09:40","Purchase","'70838153003680400","WXR 2302","","PRIMAX 95","Billed","14.09","30.99","PSS BDR SAUJANA PUTRA","","Standalone","","","30 Jun 2018"
"24/06/2018 09:38","Reload","'70838153003680400","WXR 2302","","","Billed","","-20.00","PSS BDR SAUJANA PUTRA","","Standalone","","","30 Jun 2018"
"22/06/2018 22:59","Purchase","'70838153003680400","WXR 2302","","PRIMAX 95","Billed","4.55","10.01","PSS BDR SAUJANA PUTRA","","Standalone","","","30 Jun 2018"
"22/06/2018 22:58","Reload","'70838153003680400","WXR 2302","","","Billed","","-10.00","PSS BDR SAUJANA PUTRA","","Standalone","","","30 Jun 2018"
"21/06/2018 22:39","Purchase","'70838153003680400","WXR 2302","","PRIMAX 95","Billed","15.75","34.65","PSS BDR SAUJANA PUTRA","","Standalone","","","30 Jun 2018"
"21/06/2018 22:38","Reload","'70838153003680400","WXR 2302","","","Billed","","-20.00","PSS BDR SAUJANA PUTRA","","Standalone","","","30 Jun 2018"
"20/06/2018 21:47","Reload","'70838153003680400","WXR 2302","","","Billed","","-30.00","PSS SLIM RIVER","","Standalone","","","30 Jun 2018"
"20/06/2018 21:44","Purchase","'70838153003680400","WXR 2302","","PRIMAX 95","Billed","19.48","42.85","PSS SLIM RIVER","","Standalone","","","30 Jun 2018"
"20/06/2018 15:40","Purchase","'70838153003680400","WXR 2302","","PRIMAX 97","Billed","18.68","48.56","PSS GERIK","","Standalone","","","30 Jun 2018"
"20/06/2018 15:39","Reload","'70838153003680400","WXR 2302","","","Billed","","-100.00","PSS GERIK","","Standalone","","","30 Jun 2018"
"13/06/2018 12:41","Purchase","'70838153003680400","WXR 2302","","PRIMAX 97","Billed","18.09","48.12","PSS KG. GAUNG","","Standalone","","","30 Jun 2018"
"12/06/2018 21:58","Reload","'70838153003680400","WXR 2302","","","Billed","","-10.00","PSS GERIK","","Standalone","","","30 Jun 2018"
"12/06/2018 21:54","Purchase","'70838153003680400","WXR 2302","","PRIMAX 97","Billed","9.37","24.91","PSS GERIK","","Standalone","","","30 Jun 2018"
"12/06/2018 18:30","Purchase","'70838153003680400","WXR 2302","","PRIMAX 97","Billed","16.01","42.57","PSS SUNGAI PERAK (U)","","Standalone","","","30 Jun 2018"
"12/06/2018 18:29","Reload","'70838153003680400","WXR 2302","","","Billed","","-20.00","PSS SUNGAI PERAK (U)","","Standalone","","","30 Jun 2018"
"12/06/2018 16:26","Reload","'70838153003680400","WXR 2302","","","Billed","","-30.00","PSS RAWANG RSA","","Standalone","","","30 Jun 2018"
"12/06/2018 16:22","Purchase","'70838153003680400","WXR 2302","","PRIMAX 97","Billed","9.38","24.94","PSS RAWANG RSA","","Standalone","","","30 Jun 2018"
"12/06/2018 13:23","Purchase","'70838153003680400","WXR 2302","","PRIMAX 95","Billed","4.29","9.44","PSS BDR SAUJANA PUTRA","","Standalone","","","30 Jun 2018"
"11/06/2018 20:53","Purchase","'70838153003680400","WXR 2302","","PRIMAX 95","Billed","14.20","31.24","PSS BDR SAUJANA PUTRA","","Standalone","","","30 Jun 2018"
"11/06/2018 20:51","Reload","'70838153003680400","WXR 2302","","","Billed","","-20.00","PSS BDR SAUJANA PUTRA","","Standalone","","","30 Jun 2018"
"11/06/2018 17:49","Reload","'70838153003680400","WXR 2302","","","Billed","","-20.00","PSS BDR SAUJANA PUTRA","","Standalone","","","30 Jun 2018"
"09/06/2018 16:39","Purchase","'70838153003680400","WXR 2302","","PRIMAX 95","Billed","20.46","45.01","PSS BDR SAUJANA PUTRA","","Standalone","","","30 Jun 2018"
"09/06/2018 16:38","Reload","'70838153003680400","WXR 2302","","","Billed","","-50.00","PSS BDR SAUJANA PUTRA","","Standalone","","","30 Jun 2018"
"09/06/2018 15:47","Purchase","'70838153003680400","WXR 2302","","PRIMAX 95","Billed","2.13","4.68","PSS BDR SAUJANA PUTRA","","Standalone","","","30 Jun 2018"
"09/06/2018 14:07","Purchase","'70838153003680400","WXR 2302","","PRIMAX 95","Billed","33.65","74.03","PSS BDR SAUJANA PUTRA","","Standalone","","","30 Jun 2018"
"09/06/2018 14:06","Reload","'70838153003680400","WXR 2302","","","Billed","","-150.00","PSS BDR SAUJANA PUTRA","","Standalone","","","30 Jun 2018"
"07/06/2018 13:24","Purchase","'70838153003680400","WXR 2302","","PRIMAX 95","Billed","9.09","20.00","PSS SEK 22 SHAH ALAM","","Standalone","","","30 Jun 2018"
"07/06/2018 13:23","Reload","'70838153003680400","WXR 2302","","","Billed","","-20.00","PSS SEK 22 SHAH ALAM","","Standalone","","","30 Jun 2018"
"06/06/2018 06:34","Purchase","'70838153003680400","WXR 2302","","PRIMAX 95","Billed","18.18","40.00","PSS SEK 22 SHAH ALAM","","Standalone","","","30 Jun 2018"
"06/06/2018 06:32","Reload","'70838153003680400","WXR 2302","","","Billed","","-40.00","PSS SEK 22 SHAH ALAM","","Standalone","","","30 Jun 2018"
"05/06/2018 06:37","Purchase","'70838153003680400","WXR 2302","","PRIMAX 95","Billed","13.64","30.00","PSS SEK 22 SHAH ALAM","","Standalone","","","30 Jun 2018"
"05/06/2018 06:35","Reload","'70838153003680400","WXR 2302","","","Billed","","-30.00","PSS SEK 22 SHAH ALAM","","Standalone","","","30 Jun 2018"
"04/06/2018 06:38","Purchase","'70838153003680400","WXR 2302","","PRIMAX 95","Billed","9.09","20.00","PSS SEK 22 SHAH ALAM","","Standalone","","","30 Jun 2018"
"04/06/2018 06:36","Reload","'70838153003680400","WXR 2302","","","Billed","","-20.00","PSS SEK 22 SHAH ALAM","","Standalone","","","30 Jun 2018"
"03/06/2018 16:15","Purchase","'70838153003680400","WXR 2302","","PRIMAX 95","Billed","18.54","40.79","PSS BDR SAUJANA PUTRA","","Standalone","","","30 Jun 2018"
"03/06/2018 16:13","Reload","'70838153003680400","WXR 2302","","","Billed","","-10.00","PSS BDR SAUJANA PUTRA","","Standalone","","","30 Jun 2018"
"02/06/2018 18:02","Purchase","'70838153003680400","WXR 2302","","PRIMAX 95","Billed","23.07","50.74","PSS BDR SAUJANA PUTRA","","Standalone","","","30 Jun 2018"
"02/06/2018 18:00","Reload","'70838153003680400","WXR 2302","","","Billed","","-70.00","PSS BDR SAUJANA PUTRA","","Standalone","","","30 Jun 2018"