"Date Time","Transaction Type","Card Number","Vehicle Number","Driver Card Number","Product Type","Billing Type","Transaction Volume (Litres)","Transaction Amount (RM)","Station Name","Odometer","Card Type","Cost Centre","Cost Centre Name","Statement Month"
"30/06/2018 18:26","Purchase","'70838153003497334","WXR852","","PRIMAX 95","Billed","6.97","15.34","PSS PPK DENGKIL","123","Standalone","","","30 Jun 2018"
"27/06/2018 20:31","Purchase","'70838153003497334","WXR852","","PRIMAX 95","Billed","29.15","64.14","PSS RAWAT & REHAT (U) SBAN-KL","123","Standalone","","","30 Jun 2018"
"26/06/2018 18:53","Purchase","'70838153003497334","WXR852","","PRIMAX 95","Billed","3.39","7.45","PSS SEK 3 BANDAR BARU BANGI","123","Standalone","","","30 Jun 2018"
"19/06/2018 14:59","Purchase","'70838153003497334","WXR852","","PRIMAX 95","Billed","51.40","113.07","PSS LEBUHRAYA SPRINT","123","Standalone","","","30 Jun 2018"
"19/06/2018 14:56","Reload","'70838153003497334","WXR852","","","Billed","","-200.00","PSS LEBUHRAYA SPRINT","","Standalone","","","30 Jun 2018"