"Date Time","Transaction Type","Card Number","Vehicle Number","Driver Card Number","Product Type","Billing Type","Transaction Volume (Litres)","Transaction Amount (RM)","Station Name","Odometer","Card Type","Cost Centre","Cost Centre Name","Statement Month"
"20/06/2018 00:31","Purchase","'70838153003495684","WXR322","","PRIMAX 95","Billed","22.73","50.00","PSS JALAN GOMBAK","475997","Standalone","","","30 Jun 2018"
"20/06/2018 00:29","Reload","'70838153003495684","WXR322","","","Billed","","-50.00","PSS JALAN GOMBAK","","Standalone","","","30 Jun 2018"
"09/06/2018 17:30","Purchase","'70838153003495684","WXR322","","PRIMAX 95","Billed","34.58","76.08","PSS BANDAR PUTRA 3","475339","Standalone","","","30 Jun 2018"
"09/06/2018 17:28","Reload","'70838153003495684","WXR322","","","Billed","","-50.00","PSS BANDAR PUTRA 3","","Standalone","","","30 Jun 2018"
"08/06/2018 07:39","Purchase","'70838153003495684","WXR322","","PRIMAX 95","Billed","33.34","73.34","PSS KM 305 PLUS ARAH SELATAN","474955","Standalone","","","30 Jun 2018"
"08/06/2018 07:37","Reload","'70838153003495684","WXR322","","","Billed","","-100.00","PSS KM 305 PLUS ARAH SELATAN","","Standalone","","","30 Jun 2018"