"Date Time","Transaction Type","Card Number","Vehicle Number","Driver Card Number","Product Type","Billing Type","Transaction Volume (Litres)","Transaction Amount (RM)","Station Name","Odometer","Card Type","Cost Centre","Cost Centre Name","Statement Month"
"27/06/2018 16:53","Purchase","'70838153003677158","WXR 2229","","PRIMAX 95","Billed","25.50","56.10","PSS KM 305 PLUS ARAH SELATAN","","Standalone","","","30 Jun 2018"
"24/06/2018 19:53","Purchase","'70838153003677158","WXR 2229","","PRIMAX 95","Billed","22.28","49.01","PSS MUKIM SERMIN","","Standalone","","","30 Jun 2018"
"21/06/2018 23:53","Reload","'70838153003677158","WXR 2229","","","Billed","","-200.00","PSS RAWAT & REHAT (U) SBAN-KL","","Standalone","","","30 Jun 2018"
"21/06/2018 08:08","Purchase","'70838153003677158","WXR 2229","","PRIMAX 95","Billed","2.84","6.25","PSS JLN SEREMBAN-JELEBU","","Standalone","","","30 Jun 2018"
"19/06/2018 20:21","Purchase","'70838153003677158","WXR 2229","","PRIMAX 97","Billed","27.31","71.00","PSS MAMBAU","","Standalone","","","30 Jun 2018"
"10/06/2018 16:30","Purchase","'70838153003677158","WXR 2229","","PRIMAX 95","Billed","7.73","17.00","PSS MAMBAU","","Standalone","","","30 Jun 2018"
"10/06/2018 13:36","Purchase","'70838153003677158","WXR 2229","","PRIMAX 95","Billed","9.55","21.00","PSS PEKAN NILAI","","Standalone","","","30 Jun 2018"
"07/06/2018 10:06","Purchase","'70838153003677158","WXR 2229","","PRIMAX 95","Billed","25.46","56.01","PSS PEKAN NILAI","","Standalone","","","30 Jun 2018"
"03/06/2018 22:00","Purchase","'70838153003677158","WXR 2229","","PRIMAX 95","Billed","26.39","58.05","PSS KOTA SERI EMAS(KLIA KUARTER)","","Standalone","","","30 Jun 2018"