"Date Time","Transaction Type","Card Number","Vehicle Number","Driver Card Number","Product Type","Billing Type","Transaction Volume (Litres)","Transaction Amount (RM)","Station Name","Odometer","Card Type","Cost Centre","Cost Centre Name","Statement Month"
"30/06/2018 21:00","Reload","'70838153003497938","WXR858","","","Un-billed","","-330.00","PSS BANDAR SRI PERMAISURI","","Standalone","","","Unbilled Transaction"
"29/06/2018 18:48","Purchase","'70838153003497938","WXR858","","PRIMAX 95","Billed","2.73","6.00","PSS TAMAN MALURI","1203","Standalone","","","30 Jun 2018"
"29/06/2018 11:49","Purchase","'70838153003497938","WXR858","","PRIMAX 97","Billed","28.89","72.21","PSS LEBUHRAYA SPRINT","49","Standalone","","","30 Jun 2018"
"27/06/2018 05:17","Purchase","'70838153003497938","WXR858","","PRIMAX 95","Billed","9.09","20.00","PSS JALAN COCHRANE","1987","Standalone","","","30 Jun 2018"
"26/06/2018 14:20","Purchase","'70838153003497938","WXR858","","PRIMAX 95","Billed","2.73","6.00","PSS BANDAR SRI PERMAISURI","1203","Standalone","","","30 Jun 2018"
"18/06/2018 16:31","Purchase","'70838153003497938","WXR858","","PRIMAX 95","Billed","2.73","6.00","PSS BANDAR SRI PERMAISURI","1203","Standalone","","","30 Jun 2018"
"18/06/2018 15:38","Purchase","'70838153003497938","WXR858","","PRIMAX 95","Billed","11.36","25.00","PSS BANDAR SRI PERMAISURI","7988","Standalone","","","30 Jun 2018"
"15/06/2018 12:29","Purchase","'70838153003497938","WXR858","","PRIMAX 97","Billed","42.01","109.23","PSS PRIMA SAUJANA 2","222","Standalone","","","30 Jun 2018"
"12/06/2018 08:35","Purchase","'70838153003497938","WXR858","","PRIMAX 95","Billed","2.73","6.00","PSS BANDAR SRI PERMAISURI","1203","Standalone","","","30 Jun 2018"
"09/06/2018 14:56","Purchase","'70838153003497938","WXR858","","PRIMAX 95","Billed","13.64","30.00","PSS BANDAR SRI PERMAISURI","7988","Standalone","","","30 Jun 2018"
"08/06/2018 05:28","Purchase","'70838153003497938","WXR858","","PRIMAX 95","Billed","2.73","6.00","PSS BANDAR SRI PERMAISURI","1203","Standalone","","","30 Jun 2018"
"05/06/2018 23:30","Purchase","'70838153003497938","WXR858","","PRIMAX 95","Billed","13.64","30.00","PSS BANDAR SRI PERMAISURI","7988","Standalone","","","30 Jun 2018"
"04/06/2018 06:56","Purchase","'70838153003497938","WXR858","","PRIMAX 95","Billed","2.27","5.00","PSS BANDAR SRI PERMAISURI","1203","Standalone","","","30 Jun 2018"
"02/06/2018 15:13","Purchase","'70838153003497938","WXR858","","PRIMAX 95","Billed","13.64","30.00","PSS BANDAR SRI PERMAISURI","7988","Standalone","","","30 Jun 2018"