"Date Time","Transaction Type","Card Number","Vehicle Number","Driver Card Number","Product Type","Billing Type","Transaction Volume (Litres)","Transaction Amount (RM)","Station Name","Odometer","Card Type","Cost Centre","Cost Centre Name","Statement Month"
"23/06/2018 19:46","Purchase","'70838153003735477","WXR 5813","","PRIMAX 95","Billed","10.45","23.00","PSS ROMPIN BAHAU","","Standalone","","","30 Jun 2018"
"23/06/2018 19:45","Reload","'70838153003735477","WXR 5813","","","Billed","","-20.00","PSS ROMPIN BAHAU","","Standalone","","","30 Jun 2018"
"20/06/2018 11:40","Purchase","'70838153003735477","WXR 5813","","PRIMAX 95","Billed","9.09","20.00","PSS TELOK GADING","","Standalone","","","30 Jun 2018"
"20/06/2018 07:53","Purchase","'70838153003735477","WXR 5813","","PRIMAX 95","Billed","13.64","30.00","PSS ROMPIN BAHAU","","Standalone","","","30 Jun 2018"
"20/06/2018 07:52","Reload","'70838153003735477","WXR 5813","","","Billed","","-50.00","PSS ROMPIN BAHAU","","Standalone","","","30 Jun 2018"
"16/06/2018 15:01","Purchase","'70838153003735477","WXR 5813","","PRIMAX 95","Billed","13.64","30.00","PSS SIMPANG DURIAN JELEBU","","Standalone","","","30 Jun 2018"
"15/06/2018 20:46","Purchase","'70838153003735477","WXR 5813","","PRIMAX 95","Billed","9.09","20.00","PSS ROMPIN BAHAU","","Standalone","","","30 Jun 2018"
"15/06/2018 20:45","Reload","'70838153003735477","WXR 5813","","","Billed","","-50.00","PSS ROMPIN BAHAU","","Standalone","","","30 Jun 2018"
"12/06/2018 14:00","Purchase","'70838153003735477","WXR 5813","","PRIMAX 95","Billed","4.55","10.00","PSS ROMPIN BAHAU","","Standalone","","","30 Jun 2018"