"Date Time","Transaction Type","Card Number","Vehicle Number","Driver Card Number","Product Type","Billing Type","Transaction Volume (Litres)","Transaction Amount (RM)","Station Name","Odometer","Card Type","Cost Centre","Cost Centre Name","Statement Month"
"30/06/2018 09:36","Purchase","'70838153003497458","WXR842","","PRIMAX 95","Un-billed","9.09","20.00","PSS JLN KELAB CINTA SAYANG","","Standalone","","","Unbilled Transaction"
"30/06/2018 09:35","Reload","'70838153003497458","WXR842","","","Billed","","-20.00","PSS JLN KELAB CINTA SAYANG","","Standalone","","","30 Jun 2018"
"24/06/2018 08:18","Purchase","'70838153003497458","WXR842","","PRIMAX 95","Billed","4.55","10.00","PSS SUNGAI LOKAN","","Standalone","","","30 Jun 2018"
"24/06/2018 08:16","Reload","'70838153003497458","WXR842","","","Billed","","-10.00","PSS SUNGAI LOKAN","","Standalone","","","30 Jun 2018"
"24/06/2018 01:30","Purchase","'70838153003497458","WXR842","","PRIMAX 95","Billed","13.64","30.00","PSS RAWANG RSA","","Standalone","","","30 Jun 2018"
"23/06/2018 19:26","Purchase","'70838153003497458","WXR842","","PRIMAX 95","Billed","29.81","65.58","PSS BANDAR BARU AIR HITAM","","Standalone","","","30 Jun 2018"
"23/06/2018 19:21","Reload","'70838153003497458","WXR842","","","Billed","","-100.00","PSS BANDAR BARU AIR HITAM","","Standalone","","","30 Jun 2018"
"21/06/2018 07:53","Purchase","'70838153003497458","WXR842","","PRIMAX 95","Billed","18.18","40.00","PSS BANDAR BARU AIR HITAM","40","Standalone","","","30 Jun 2018"
"21/06/2018 07:52","Reload","'70838153003497458","WXR842","","","Billed","","-40.00","PSS BANDAR BARU AIR HITAM","","Standalone","","","30 Jun 2018"
"21/06/2018 03:23","Purchase","'70838153003497458","WXR842","","PRIMAX 95","Billed","17.34","38.14","PSS ULU BERNAM","50","Standalone","","","30 Jun 2018"
"20/06/2018 21:28","Purchase","'70838153003497458","WXR842","","PRIMAX 95","Billed","22.73","50.00","PSS KG KEDAH","50","Standalone","","","30 Jun 2018"
"20/06/2018 21:23","Reload","'70838153003497458","WXR842","","","Billed","","-70.00","PSS KG KEDAH","","Standalone","","","30 Jun 2018"
"19/06/2018 12:53","Purchase","'70838153003497458","WXR842","","PRIMAX 95","Billed","9.09","20.00","PSS TAMAN RIA SG PETANI","20","Standalone","","","30 Jun 2018"
"19/06/2018 12:51","Reload","'70838153003497458","WXR842","","","Billed","","-20.00","PSS TAMAN RIA SG PETANI","","Standalone","","","30 Jun 2018"
"14/06/2018 14:17","Purchase","'70838153003497458","WXR842","","PRIMAX 95","Billed","9.09","20.00","PSS JLN KELAB CINTA SAYANG","20","Standalone","","","30 Jun 2018"
"14/06/2018 14:16","Reload","'70838153003497458","WXR842","","","Billed","","-20.00","PSS JLN KELAB CINTA SAYANG","","Standalone","","","30 Jun 2018"
"07/06/2018 23:12","Purchase","'70838153003497458","WXR842","","PRIMAX 95","Billed","9.09","20.00","PSS TAMAN RIA SG PETANI","20","Standalone","","","30 Jun 2018"
"07/06/2018 23:10","Reload","'70838153003497458","WXR842","","","Billed","","-20.00","PSS TAMAN RIA SG PETANI","","Standalone","","","30 Jun 2018"