"Date Time","Transaction Type","Card Number","Vehicle Number","Driver Card Number","Product Type","Billing Type","Transaction Volume (Litres)","Transaction Amount (RM)","Station Name","Odometer","Card Type","Cost Centre","Cost Centre Name","Statement Month"
"28/06/2018 12:22","Purchase","'70838153003580980","WXR1072","","PRIMAX 95","Billed","44.55","98.01","PSS JLN USJ 14/1L UEP","","Standalone","","","30 Jun 2018"
"28/06/2018 12:20","Reload","'70838153003580980","WXR1072","","","Billed","","-100.00","PSS JLN USJ 14/1L UEP","","Standalone","","","30 Jun 2018"
"25/06/2018 13:16","Purchase","'70838153003580980","WXR1072","","PRIMAX 95","Billed","22.73","50.00","PSS LEBUHRAYA SILK","","Standalone","","","30 Jun 2018"
"25/06/2018 13:13","Reload","'70838153003580980","WXR1072","","","Billed","","-50.00","PSS LEBUHRAYA SILK","","Standalone","","","30 Jun 2018"
"23/06/2018 14:05","Purchase","'70838153003580980","WXR1072","","PRIMAX 95","Billed","22.73","50.00","PSS PUCHONG GATEWAY","","Standalone","","","30 Jun 2018"
"23/06/2018 14:02","Reload","'70838153003580980","WXR1072","","","Billed","","-50.00","PSS PUCHONG GATEWAY","","Standalone","","","30 Jun 2018"
"19/06/2018 14:32","Purchase","'70838153003580980","WXR1072","","PRIMAX 95","Billed","32.92","72.42","PSS PUNCAK ALAM","","Standalone","","","30 Jun 2018"
"19/06/2018 14:31","Reload","'70838153003580980","WXR1072","","","Billed","","-50.00","PSS PUNCAK ALAM","","Standalone","","","30 Jun 2018"
"16/06/2018 18:40","Purchase","'70838153003580980","WXR1072","","PRIMAX 95","Billed","25.64","56.40","PSS BANDAR MERU RAYA","","Standalone","","","30 Jun 2018"
"16/06/2018 18:39","Reload","'70838153003580980","WXR1072","","","Billed","","-50.00","PSS BANDAR MERU RAYA","","Standalone","","","30 Jun 2018"
"15/06/2018 19:47","Purchase","'70838153003580980","WXR1072","","PRIMAX 95","Billed","40.04","88.09","PSS TAMAN PENGKALAN UTAMA","","Standalone","","","30 Jun 2018"
"15/06/2018 19:45","Reload","'70838153003580980","WXR1072","","","Billed","","-100.00","PSS TAMAN PENGKALAN UTAMA","","Standalone","","","30 Jun 2018"
"14/06/2018 17:02","Purchase","'70838153003580980","WXR1072","","PRIMAX 95","Billed","47.75","105.05","PSS SUNGAI BESI - PUCHONG BYPASS","","Standalone","","","30 Jun 2018"
"14/06/2018 17:00","Reload","'70838153003580980","WXR1072","","","Billed","","-100.00","PSS SUNGAI BESI - PUCHONG BYPASS","","Standalone","","","30 Jun 2018"