"Date Time","Transaction Type","Card Number","Vehicle Number","Driver Card Number","Product Type","Billing Type","Transaction Volume (Litres)","Transaction Amount (RM)","Station Name","Odometer","Card Type","Cost Centre","Cost Centre Name","Statement Month"
"23/06/2018 16:08","Purchase","'70838153003732722","WXR 5757","","Diesel","Billed","58.63","127.80","PSS POKOK SENA","","Standalone","","","30 Jun 2018"
"23/06/2018 16:06","Reload","'70838153003732722","WXR 5757","","","Billed","","-100.00","PSS POKOK SENA","","Standalone","","","30 Jun 2018"
"17/06/2018 19:50","Purchase","'70838153003732722","WXR 5757","","Diesel","Billed","54.87","119.62","PSS POKOK SENA","","Standalone","","","30 Jun 2018"
"17/06/2018 19:49","Reload","'70838153003732722","WXR 5757","","","Billed","","-100.00","PSS POKOK SENA","","Standalone","","","30 Jun 2018"
"11/06/2018 18:22","Purchase","'70838153003732722","WXR 5757","","Diesel","Billed","55.92","121.90","PSS POKOK SENA","","Standalone","","","30 Jun 2018"
"06/06/2018 15:32","Purchase","'70838153003732722","WXR 5757","","PRIMAX 95","Billed","18.18","40.00","PSS POKOK SENA","","Standalone","","","30 Jun 2018"
"06/06/2018 15:30","Reload","'70838153003732722","WXR 5757","","","Billed","","-100.00","PSS POKOK SENA","","Standalone","","","30 Jun 2018"