"Date Time","Transaction Type","Card Number","Vehicle Number","Driver Card Number","Product Type","Billing Type","Transaction Volume (Litres)","Transaction Amount (RM)","Station Name","Odometer","Card Type","Cost Centre","Cost Centre Name","Statement Month"
"27/06/2018 14:21","Purchase","'70838153003732938","WXR 5837","","PRIMAX 95","Billed","22.73","50.00","PSS KAMPUNG AWAH","","Standalone","","","30 Jun 2018"
"27/06/2018 14:19","Reload","'70838153003732938","WXR 5837","","","Billed","","-100.00","PSS KAMPUNG AWAH","","Standalone","","","30 Jun 2018"
"25/06/2018 15:31","Purchase","'70838153003732938","WXR 5837","","PRIMAX 95","Billed","22.73","50.00","PSS KAMPUNG AWAH","","Standalone","","","30 Jun 2018"
"25/06/2018 15:30","Reload","'70838153003732938","WXR 5837","","","Billed","","-50.00","PSS KAMPUNG AWAH","","Standalone","","","30 Jun 2018"
"21/06/2018 12:18","Purchase","'70838153003732938","WXR 5837","","PRIMAX 95","Billed","22.73","50.00","PSS KAMPUNG AWAH","","Standalone","","","30 Jun 2018"
"21/06/2018 12:15","Reload","'70838153003732938","WXR 5837","","","Billed","","-50.00","PSS KAMPUNG AWAH","","Standalone","","","30 Jun 2018"
"16/06/2018 11:39","Purchase","'70838153003732938","WXR 5837","","PRIMAX 95","Billed","22.73","50.00","PSS KAMPUNG AWAH","","Standalone","","","30 Jun 2018"
"16/06/2018 11:34","Reload","'70838153003732938","WXR 5837","","","Billed","","-50.00","PSS KAMPUNG AWAH","","Standalone","","","30 Jun 2018"
"13/06/2018 08:13","Purchase","'70838153003732938","WXR 5837","","PRIMAX 95","Billed","22.73","50.00","PSS KAMPUNG AWAH","","Standalone","","","30 Jun 2018"
"13/06/2018 08:10","Reload","'70838153003732938","WXR 5837","","","Billed","","-50.00","PSS KAMPUNG AWAH","","Standalone","","","30 Jun 2018"
"05/06/2018 11:41","Purchase","'70838153003732938","WXR 5837","","PRIMAX 95","Billed","13.64","30.00","PSS KAMPUNG AWAH","","Standalone","","","30 Jun 2018"
"05/06/2018 11:39","Purchase","'70838153003732938","WXR 5837","","PRIMAX 95","Billed","9.09","20.00","PSS KAMPUNG AWAH","","Standalone","","","30 Jun 2018"
"05/06/2018 11:38","Reload","'70838153003732938","WXR 5837","","","Billed","","-50.00","PSS KAMPUNG AWAH","","Standalone","","","30 Jun 2018"
"04/06/2018 13:27","Purchase","'70838153003732938","WXR 5837","","PRIMAX 95","Billed","13.64","30.00","PSS BANDAR JENGKA","","Standalone","","","30 Jun 2018"
"04/06/2018 13:26","Reload","'70838153003732938","WXR 5837","","","Billed","","-50.00","PSS BANDAR JENGKA","","Standalone","","","30 Jun 2018"