"Date Time","Transaction Type","Card Number","Vehicle Number","Driver Card Number","Product Type","Billing Type","Transaction Volume (Litres)","Transaction Amount (RM)","Station Name","Odometer","Card Type","Cost Centre","Cost Centre Name","Statement Month"
"30/06/2018 23:17","Purchase","'70838153003503305","WXR744","","PRIMAX 95","Billed","9.09","20.00","PSS KLUANG AIR HITAM","","Standalone","","","30 Jun 2018"
"30/06/2018 23:14","Reload","'70838153003503305","WXR744","","","Billed","","-50.00","PSS KLUANG AIR HITAM","","Standalone","","","30 Jun 2018"
"20/06/2018 21:32","Purchase","'70838153003503305","WXR744","","PRIMAX 95","Billed","13.64","30.00","PSS PASIR GUDANG (JB BOUND)","","Standalone","","","30 Jun 2018"
"20/06/2018 21:30","Reload","'70838153003503305","WXR744","","","Billed","","-20.00","PSS PASIR GUDANG (JB BOUND)","","Standalone","","","30 Jun 2018"
"19/06/2018 16:40","Purchase","'70838153003503305","WXR744","","PRIMAX 95","Billed","31.82","70.00","PSS TAMAN DESA KLUANG","","Standalone","","","30 Jun 2018"
"19/06/2018 16:38","Reload","'70838153003503305","WXR744","","","Billed","","-100.00","PSS TAMAN DESA KLUANG","","Standalone","","","30 Jun 2018"
"15/06/2018 21:11","Purchase","'70838153003503305","WXR744","","PRIMAX 95","Billed","27.27","60.00","PSS BANDAR BARU AIR HITAM","","Standalone","","","30 Jun 2018"
"15/06/2018 21:09","Reload","'70838153003503305","WXR744","","","Billed","","-50.00","PSS BANDAR BARU AIR HITAM","","Standalone","","","30 Jun 2018"
"11/06/2018 18:32","Purchase","'70838153003503305","WXR744","","PRIMAX 95","Billed","2.73","6.00","PSS JALAN BATU PAHAT KLUANG","","Standalone","","","30 Jun 2018"
"09/06/2018 17:38","Purchase","'70838153003503305","WXR744","","PRIMAX 97","Billed","26.32","70.00","PSS BANDAR BARU AIR HITAM","","Standalone","","","30 Jun 2018"
"09/06/2018 17:35","Reload","'70838153003503305","WXR744","","","Billed","","-100.00","PSS BANDAR BARU AIR HITAM","","Standalone","","","30 Jun 2018"
"01/06/2018 20:41","Purchase","'70838153003503305","WXR744","","PRIMAX 95","Billed","22.73","50.00","PSS BANDAR BARU AIR HITAM","","Standalone","","","30 Jun 2018"
"01/06/2018 20:40","Reload","'70838153003503305","WXR744","","","Billed","","-50.00","PSS BANDAR BARU AIR HITAM","","Standalone","","","30 Jun 2018"