"Date Time","Transaction Type","Card Number","Vehicle Number","Driver Card Number","Product Type","Billing Type","Transaction Volume (Litres)","Transaction Amount (RM)","Station Name","Odometer","Card Type","Cost Centre","Cost Centre Name","Statement Month"
"27/06/2018 15:33","Purchase","'70838153003496393","WXR355","","PRIMAX 95","Billed","22.73","50.00","PSS KUANTAN PUTRI","","Standalone","","","30 Jun 2018"
"27/06/2018 15:32","Reload","'70838153003496393","WXR355","","","Billed","","-50.00","PSS KUANTAN PUTRI","","Standalone","","","30 Jun 2018"
"25/06/2018 10:29","Purchase","'70838153003496393","WXR355","","PRIMAX 95","Billed","22.69","49.92","PSS TANJUNG LUMPUR","","Standalone","","","30 Jun 2018"
"25/06/2018 10:26","Reload","'70838153003496393","WXR355","","","Billed","","-50.00","PSS TANJUNG LUMPUR","","Standalone","","","30 Jun 2018"
"24/06/2018 07:29","Purchase","'70838153003496393","WXR355","","PRIMAX 95","Billed","22.73","50.00","PSS JALAN KUANTAN SG LEMBING","","Standalone","","","30 Jun 2018"
"24/06/2018 07:28","Reload","'70838153003496393","WXR355","","","Billed","","-50.00","PSS JALAN KUANTAN SG LEMBING","","Standalone","","","30 Jun 2018"
"21/06/2018 10:37","Purchase","'70838153003496393","WXR355","","PRIMAX 95","Billed","22.73","50.00","PSS GELIGA","","Standalone","","","30 Jun 2018"
"21/06/2018 10:35","Reload","'70838153003496393","WXR355","","","Billed","","-50.00","PSS GELIGA","","Standalone","","","30 Jun 2018"
"19/06/2018 15:17","Purchase","'70838153003496393","WXR355","","PRIMAX 95","Billed","22.73","50.00","PSS JALAN KUANTAN SG LEMBING","","Standalone","","","30 Jun 2018"
"19/06/2018 15:16","Reload","'70838153003496393","WXR355","","","Billed","","-50.00","PSS JALAN KUANTAN SG LEMBING","","Standalone","","","30 Jun 2018"
"18/06/2018 07:30","Purchase","'70838153003496393","WXR355","","PRIMAX 95","Billed","22.73","50.00","PSS JALAN KUANTAN SG LEMBING","","Standalone","","","30 Jun 2018"
"18/06/2018 07:29","Reload","'70838153003496393","WXR355","","","Billed","","-50.00","PSS JALAN KUANTAN SG LEMBING","","Standalone","","","30 Jun 2018"
"06/06/2018 16:04","Purchase","'70838153003496393","WXR355","","PRIMAX 95","Billed","22.73","50.00","PSS JALAN KUANTAN SG LEMBING","","Standalone","","","30 Jun 2018"
"06/06/2018 16:03","Reload","'70838153003496393","WXR355","","","Billed","","-50.00","PSS JALAN KUANTAN SG LEMBING","","Standalone","","","30 Jun 2018"
"04/06/2018 14:49","Purchase","'70838153003496393","WXR355","","PRIMAX 95","Billed","22.73","50.00","PSS JALAN KUANTAN SG LEMBING","","Standalone","","","30 Jun 2018"
"04/06/2018 14:48","Reload","'70838153003496393","WXR355","","","Billed","","-50.00","PSS JALAN KUANTAN SG LEMBING","","Standalone","","","30 Jun 2018"