"Date Time","Transaction Type","Card Number","Vehicle Number","Driver Card Number","Product Type","Billing Type","Transaction Volume (Litres)","Transaction Amount (RM)","Station Name","Odometer","Card Type","Cost Centre","Cost Centre Name","Statement Month"
"29/06/2018 17:55","Purchase","'70838153003423959","WXR284","","PRIMAX 95","Billed","10.18","22.40","PSS SIMPANG RENGGAM","","Standalone","","","30 Jun 2018"
"26/06/2018 21:04","Purchase","'70838153003423959","WXR284","","PRIMAX 95","Billed","22.73","50.00","PSS TAMAN IMPIAN EMAS","","Standalone","","","30 Jun 2018"
"26/06/2018 21:03","Reload","'70838153003423959","WXR284","","","Billed","","-50.00","PSS TAMAN IMPIAN EMAS","","Standalone","","","30 Jun 2018"
"22/06/2018 21:51","Purchase","'70838153003423959","WXR284","","PRIMAX 95","Billed","13.64","30.00","PSS BANDAR BARU UDA 1","","Standalone","","","30 Jun 2018"
"22/06/2018 10:53","Purchase","'70838153003423959","WXR284","","PRIMAX 95","Billed","18.18","40.00","PSS JALAN BATU PAHAT KLUANG","","Standalone","","","30 Jun 2018"
"22/06/2018 10:52","Reload","'70838153003423959","WXR284","","","Billed","","-40.00","PSS JALAN BATU PAHAT KLUANG","","Standalone","","","30 Jun 2018"
"19/06/2018 14:59","Purchase","'70838153003423959","WXR284","","PRIMAX 95","Billed","34.11","75.03","PSS JALAN BATU PAHAT KLUANG","","Standalone","","","30 Jun 2018"
"19/06/2018 14:58","Reload","'70838153003423959","WXR284","","","Billed","","-100.00","PSS JALAN BATU PAHAT KLUANG","","Standalone","","","30 Jun 2018"
"12/06/2018 15:09","Purchase","'70838153003423959","WXR284","","PRIMAX 95","Billed","22.73","50.00","PSS SKUDAI RSA","","Standalone","","","30 Jun 2018"
"12/06/2018 15:06","Reload","'70838153003423959","WXR284","","","Billed","","-50.00","PSS SKUDAI RSA","","Standalone","","","30 Jun 2018"
"10/06/2018 16:51","Purchase","'70838153003423959","WXR284","","PRIMAX 95","Billed","9.09","20.00","PSS KM 7 JALAN SKUDAI","","Standalone","","","30 Jun 2018"
"01/06/2018 11:57","Purchase","'70838153003423959","WXR284","","PRIMAX 95","Billed","13.64","30.00","PSS TAMAN CEMPAKA","","Standalone","","","30 Jun 2018"
"01/06/2018 11:56","Reload","'70838153003423959","WXR284","","","Billed","","-50.00","PSS TAMAN CEMPAKA","","Standalone","","","30 Jun 2018"
"01/06/2018 11:26","Purchase","'70838153003423959","WXR284","","PRIMAX 95","Billed","13.64","30.00","PSS KM 11 JALAN SKUDAI","","Standalone","","","30 Jun 2018"