"Date Time","Transaction Type","Card Number","Vehicle Number","Driver Card Number","Product Type","Billing Type","Transaction Volume (Litres)","Transaction Amount (RM)","Station Name","Odometer","Card Type","Cost Centre","Cost Centre Name","Statement Month"
"20/06/2018 17:51","Purchase","'70838153003423256","WXR2","","PRIMAX 95","Billed","45.99","101.17","PSS NPE PANTAI DALAM","","Standalone","","","30 Jun 2018"
"19/06/2018 15:08","Reload","'70838153003423256","WXR2","","","Billed","","-100.00","PSS BANDAR PERMAISURI","","Standalone","","","30 Jun 2018"
"19/06/2018 14:59","Purchase","'70838153003423256","WXR2","","PRIMAX 95","Billed","38.32","84.30","PSS BANDAR PERMAISURI","","Standalone","","","30 Jun 2018"
"17/06/2018 09:14","Purchase","'70838153003423256","WXR2","","PRIMAX 95","Billed","22.73","50.00","PSS BANDAR PERMAISURI","","Standalone","","","30 Jun 2018"
"15/06/2018 08:21","Purchase","'70838153003423256","WXR2","","PRIMAX 95","Billed","41.60","91.52","PSS KL-KARAK","","Standalone","","","30 Jun 2018"
"15/06/2018 08:20","Reload","'70838153003423256","WXR2","","","Billed","","-200.00","PSS KL-KARAK","","Standalone","","","30 Jun 2018"
"01/06/2018 21:29","Purchase","'70838153003423256","WXR2","","PRIMAX 95","Billed","40.23","88.51","PSS TAMAN GASING INDAH","","Standalone","","","30 Jun 2018"
"01/06/2018 21:28","Reload","'70838153003423256","WXR2","","","Billed","","-100.00","PSS TAMAN GASING INDAH","","Standalone","","","30 Jun 2018"