"Date Time","Transaction Type","Card Number","Vehicle Number","Driver Card Number","Product Type","Billing Type","Transaction Volume (Litres)","Transaction Amount (RM)","Station Name","Odometer","Card Type","Cost Centre","Cost Centre Name","Statement Month"
"26/06/2018 07:01","Purchase","'70838153003584826","WXR1542","","PRIMAX 95","Billed","26.44","58.18","PSS TANJUNG KARANG 2","","Standalone","","","30 Jun 2018"
"26/06/2018 07:00","Reload","'70838153003584826","WXR1542","","","Billed","","-200.00","PSS TANJUNG KARANG 2","","Standalone","","","30 Jun 2018"
"24/06/2018 13:29","Purchase","'70838153003584826","WXR1542","","PRIMAX 95","Billed","20.51","45.11","PSS GAMBANG RSA WEST","","Standalone","","","30 Jun 2018"
"21/06/2018 15:56","Purchase","'70838153003584826","WXR1542","","PRIMAX 95","Billed","27.29","60.03","PSS MUKIM PELAGAT JERTIH","","Standalone","","","30 Jun 2018"
"21/06/2018 15:54","Reload","'70838153003584826","WXR1542","","","Billed","","-150.00","PSS MUKIM PELAGAT JERTIH","","Standalone","","","30 Jun 2018"
"14/06/2018 08:18","Purchase","'70838153003584826","WXR1542","","PRIMAX 95","Billed","28.64","63.00","PSS MUKIM PELAGAT JERTIH","","Standalone","","","30 Jun 2018"
"08/06/2018 07:46","Purchase","'70838153003584826","WXR1542","","PRIMAX 95","Billed","18.18","40.00","PSS PETRONAS KARAK REST","","Standalone","","","30 Jun 2018"
"08/06/2018 05:49","Purchase","'70838153003584826","WXR1542","","PRIMAX 95","Billed","22.73","50.00","PSS KUALA SELANGOR","","Standalone","","","30 Jun 2018"
"08/06/2018 05:47","Reload","'70838153003584826","WXR1542","","","Billed","","-200.00","PSS KUALA SELANGOR","","Standalone","","","30 Jun 2018"
"06/06/2018 09:47","Purchase","'70838153003584826","WXR1542","","PRIMAX 95","Billed","27.27","60.00","PSS TANJUNG KARANG 2","","Standalone","","","30 Jun 2018"
"06/06/2018 09:45","Reload","'70838153003584826","WXR1542","","","Billed","","-60.00","PSS TANJUNG KARANG 2","","Standalone","","","30 Jun 2018"