"Date Time","Transaction Type","Card Number","Vehicle Number","Driver Card Number","Product Type","Billing Type","Transaction Volume (Litres)","Transaction Amount (RM)","Station Name","Odometer","Card Type","Cost Centre","Cost Centre Name","Statement Month"
"29/06/2018 21:38","Purchase","'70838153003497771","WXR601","","Diesel","Billed","22.94","50.00","PSS BANDAR MAHKOTA CHERAS","","Standalone","","","30 Jun 2018"
"29/06/2018 21:37","Reload","'70838153003497771","WXR601","","","Billed","","-50.00","PSS BANDAR MAHKOTA CHERAS","","Standalone","","","30 Jun 2018"
"22/06/2018 16:08","Purchase","'70838153003497771","WXR601","","Diesel","Billed","22.94","50.00","PSS KM5.5 JALAN CHERAS","","Standalone","","","30 Jun 2018"
"22/06/2018 16:06","Reload","'70838153003497771","WXR601","","","Billed","","-50.00","PSS KM5.5 JALAN CHERAS","","Standalone","","","30 Jun 2018"
"19/06/2018 14:19","Purchase","'70838153003497771","WXR601","","Diesel","Billed","45.87","100.00","PSS EAST-WEST LINK","","Standalone","","","30 Jun 2018"
"19/06/2018 14:17","Reload","'70838153003497771","WXR601","","","Billed","","-100.00","PSS EAST-WEST LINK","","Standalone","","","30 Jun 2018"
"12/06/2018 02:03","Purchase","'70838153003497771","WXR601","","Diesel","Billed","22.94","50.00","PSS KLIA 1","","Standalone","","","30 Jun 2018"
"12/06/2018 02:03","Purchase","'70838153003497771","WXR601","","Diesel","Un-billed","22.94","50.00","PSS KLIA 1","","Standalone","","","Unbilled Transaction"
"11/06/2018 09:43","Reload","'70838153003497771","WXR601","","","Billed","","-50.00","PSS KLIA 1","","Standalone","","","30 Jun 2018"