"Date Time","Transaction Type","Card Number","Vehicle Number","Driver Card Number","Product Type","Billing Type","Transaction Volume (Litres)","Transaction Amount (RM)","Station Name","Odometer","Card Type","Cost Centre","Cost Centre Name","Statement Month"
"29/06/2018 23:43","Reload","'70838153003500954","WXR968","","","Billed","","-100.00","PSS AIR KEROH RSA SOUTH BOUND","","Standalone","","","30 Jun 2018"
"29/06/2018 23:40","Purchase","'70838153003500954","WXR968","","PRIMAX 95","Billed","22.73","50.00","PSS AIR KEROH RSA SOUTH BOUND","","Standalone","","","30 Jun 2018"
"29/06/2018 12:29","Purchase","'70838153003500954","WXR968","","PRIMAX 95","Billed","22.73","50.00","PSS GRAND SAGA  KL BOUND","","Standalone","","","30 Jun 2018"
"28/06/2018 14:01","Reload","'70838153003500954","WXR968","","","Billed","","-100.00","PSS TAMAN PUTRA","","Standalone","","","30 Jun 2018"
"24/06/2018 15:57","Purchase","'70838153003500954","WXR968","","PRIMAX 95","Billed","22.73","50.00","PSS MRR2 AMPANG","","Standalone","","","30 Jun 2018"
"21/06/2018 01:52","Purchase","'70838153003500954","WXR968","","PRIMAX 95","Billed","22.73","50.00","PSS KLIA 2","","Standalone","","","30 Jun 2018"
"21/06/2018 01:50","Reload","'70838153003500954","WXR968","","","Billed","","-100.00","PSS KLIA 2","","Standalone","","","30 Jun 2018"
"16/06/2018 18:53","Purchase","'70838153003500954","WXR968","","PRIMAX 95","Billed","22.73","50.00","PSS BATU 5 GOMBAK","","Standalone","","","30 Jun 2018"
"12/06/2018 21:32","Purchase","'70838153003500954","WXR968","","PRIMAX 95","Billed","22.73","50.00","PSS JALAN TUN RAZAK","","Standalone","","","30 Jun 2018"
"12/06/2018 21:30","Reload","'70838153003500954","WXR968","","","Billed","","-100.00","PSS JALAN TUN RAZAK","","Standalone","","","30 Jun 2018"
"10/06/2018 15:38","Purchase","'70838153003500954","WXR968","","PRIMAX 95","Billed","22.73","50.00","PSS RAWAT & REHAT (U) SBAN-KL","","Standalone","","","30 Jun 2018"
"09/06/2018 10:48","Purchase","'70838153003500954","WXR968","","PRIMAX 95","Billed","22.73","50.00","PSS MERLIMAU","","Standalone","","","30 Jun 2018"
"09/06/2018 10:47","Reload","'70838153003500954","WXR968","","","Billed","","-100.00","PSS MERLIMAU","","Standalone","","","30 Jun 2018"
"08/06/2018 15:22","Purchase","'70838153003500954","WXR968","","PRIMAX 95","Billed","42.55","93.60","PSS JALAN JELATEK 2","","Standalone","","","30 Jun 2018"
"08/06/2018 15:20","Reload","'70838153003500954","WXR968","","","Billed","","-100.00","PSS JALAN JELATEK 2","","Standalone","","","30 Jun 2018"
"03/06/2018 14:38","Purchase","'70838153003500954","WXR968","","PRIMAX 95","Billed","22.73","50.00","PSS MRR2 AMPANG","","Standalone","","","30 Jun 2018"