"Date Time","Transaction Type","Card Number","Vehicle Number","Driver Card Number","Product Type","Billing Type","Transaction Volume (Litres)","Transaction Amount (RM)","Station Name","Odometer","Card Type","Cost Centre","Cost Centre Name","Statement Month"
"30/06/2018 05:57","Purchase","'70838153003424767","WXR198","","PRIMAX 95","Billed","1.65","3.63","PSS PEKAN PANDAMARAN","39","Standalone","","","30 Jun 2018"
"27/06/2018 20:24","Purchase","'70838153003424767","WXR198","","PRIMAX 95","Billed","2.72","5.99","PSS SUNGAI JATI ARAH KLANG","37","Standalone","","","30 Jun 2018"
"25/06/2018 23:39","Purchase","'70838153003424767","WXR198","","PRIMAX 95","Billed","1.89","4.15","PSS BUKIT KEMUNING 2","37","Standalone","","","30 Jun 2018"
"21/06/2018 02:47","Purchase","'70838153003424767","WXR198","","PRIMAX 95","Billed","2.23","4.90","PSS BUKIT TINGGI 2","36","Standalone","","","30 Jun 2018"
"18/06/2018 01:22","Purchase","'70838153003424767","WXR198","","PRIMAX 97","Billed","2.50","6.51","PSS BUKIT TINGGI","25","Standalone","","","30 Jun 2018"
"15/06/2018 23:20","Purchase","'70838153003424767","WXR198","","PRIMAX 95","Billed","2.52","5.54","PSS SUNGAI JATI ARAH KLANG","1","Standalone","","","30 Jun 2018"
"15/06/2018 23:19","Reload","'70838153003424767","WXR198","","","Billed","","-30.00","PSS SUNGAI JATI ARAH KLANG","","Standalone","","","30 Jun 2018"