"Date Time","Transaction Type","Card Number","Vehicle Number","Driver Card Number","Product Type","Billing Type","Transaction Volume (Litres)","Transaction Amount (RM)","Station Name","Odometer","Card Type","Cost Centre","Cost Centre Name","Statement Month"
"30/06/2018 12:09","Purchase","'70838153003423116","WXR1","","PRIMAX 95","Billed","31.82","70.00","PSS NPE PANTAI DALAM","","Standalone","","","30 Jun 2018"
"30/06/2018 12:08","Reload","'70838153003423116","WXR1","","","Billed","","-140.00","PSS NPE PANTAI DALAM","","Standalone","","","30 Jun 2018"
"24/06/2018 10:32","Purchase","'70838153003423116","WXR1","","PRIMAX 95","Billed","22.73","50.00","PSS JALAN TUN RAZAK","","Standalone","","","30 Jun 2018"
"24/06/2018 10:30","Reload","'70838153003423116","WXR1","","","Billed","","-50.00","PSS JALAN TUN RAZAK","","Standalone","","","30 Jun 2018"
"20/06/2018 10:07","Purchase","'70838153003423116","WXR1","","PRIMAX 95","Billed","22.73","50.00","PSS NPE PANTAI DALAM","","Standalone","","","30 Jun 2018"
"20/06/2018 10:06","Reload","'70838153003423116","WXR1","","","Billed","","-50.00","PSS NPE PANTAI DALAM","","Standalone","","","30 Jun 2018"
"19/06/2018 10:38","Purchase","'70838153003423116","WXR1","","PRIMAX 95","Billed","3.41","7.51","PSS NPE PANTAI DALAM","","Standalone","","","30 Jun 2018"
"11/06/2018 23:31","Purchase","'70838153003423116","WXR1","","PRIMAX 95","Billed","22.73","50.00","PSS SALAK JAYA","","Standalone","","","30 Jun 2018"
"06/06/2018 09:58","Purchase","'70838153003423116","WXR1","","PRIMAX 95","Billed","22.73","50.00","PSS NPE PANTAI DALAM","","Standalone","","","30 Jun 2018"
"04/06/2018 10:06","Purchase","'70838153003423116","WXR1","","PRIMAX 95","Billed","22.73","50.00","PSS NPE TAMAN DESA","","Standalone","","","30 Jun 2018"
"04/06/2018 10:05","Reload","'70838153003423116","WXR1","","","Billed","","-150.00","PSS NPE TAMAN DESA","","Standalone","","","30 Jun 2018"