"Date Time","Transaction Type","Card Number","Vehicle Number","Driver Card Number","Product Type","Billing Type","Transaction Volume (Litres)","Transaction Amount (RM)","Station Name","Odometer","Card Type","Cost Centre","Cost Centre Name","Statement Month"
"30/06/2018 12:05","Purchase","'70838153003499751","WXR920","","PRIMAX 95","Billed","18.18","40.00","PSS SEK 17 SUBANG JAYA","","Standalone","","","30 Jun 2018"
"30/06/2018 12:04","Reload","'70838153003499751","WXR920","","","Billed","","-40.00","PSS SEK 17 SUBANG JAYA","","Standalone","","","30 Jun 2018"
"27/06/2018 22:43","Purchase","'70838153003499751","WXR920","","PRIMAX 95","Billed","13.64","30.00","PSS USJ 20","","Standalone","","","30 Jun 2018"
"27/06/2018 22:41","Reload","'70838153003499751","WXR920","","","Billed","","-30.00","PSS USJ 20","","Standalone","","","30 Jun 2018"
"27/06/2018 08:18","Purchase","'70838153003499751","WXR920","","PRIMAX 95","Billed","13.64","30.00","PSS KLIA 1","","Standalone","","","30 Jun 2018"
"27/06/2018 08:16","Reload","'70838153003499751","WXR920","","","Billed","","-30.00","PSS KLIA 1","","Standalone","","","30 Jun 2018"
"24/06/2018 19:52","Purchase","'70838153003499751","WXR920","","PRIMAX 95","Billed","13.64","30.00","PSS SEKSYEN 7 BANGI","","Standalone","","","30 Jun 2018"
"24/06/2018 19:51","Reload","'70838153003499751","WXR920","","","Billed","","-30.00","PSS SEKSYEN 7 BANGI","","Standalone","","","30 Jun 2018"
"23/06/2018 21:59","Purchase","'70838153003499751","WXR920","","PRIMAX 95","Billed","18.18","40.00","PSS USJ 20","","Standalone","","","30 Jun 2018"
"23/06/2018 21:57","Reload","'70838153003499751","WXR920","","","Billed","","-40.00","PSS USJ 20","","Standalone","","","30 Jun 2018"
"23/06/2018 06:03","Purchase","'70838153003499751","WXR920","","PRIMAX 95","Billed","18.18","40.00","PSS NKVE HIGHWAY","","Standalone","","","30 Jun 2018"
"23/06/2018 06:02","Reload","'70838153003499751","WXR920","","","Billed","","-40.00","PSS NKVE HIGHWAY","","Standalone","","","30 Jun 2018"
"22/06/2018 06:17","Purchase","'70838153003499751","WXR920","","PRIMAX 95","Billed","18.18","40.00","PSS NKVE HIGHWAY","","Standalone","","","30 Jun 2018"
"22/06/2018 06:16","Reload","'70838153003499751","WXR920","","","Billed","","-40.00","PSS NKVE HIGHWAY","","Standalone","","","30 Jun 2018"
"17/06/2018 16:12","Purchase","'70838153003499751","WXR920","","PRIMAX 95","Billed","13.64","30.00","PSS SRI HARTAMAS","","Standalone","","","30 Jun 2018"
"17/06/2018 16:11","Reload","'70838153003499751","WXR920","","","Billed","","-30.00","PSS SRI HARTAMAS","","Standalone","","","30 Jun 2018"
"16/06/2018 19:07","Purchase","'70838153003499751","WXR920","","PRIMAX 95","Billed","9.09","20.00","PSS HICOM SEK B SEK 27","","Standalone","","","30 Jun 2018"
"16/06/2018 19:07","Reload","'70838153003499751","WXR920","","","Billed","","-20.00","PSS HICOM SEK B SEK 27","","Standalone","","","30 Jun 2018"
"15/06/2018 19:16","Purchase","'70838153003499751","WXR920","","PRIMAX 95","Billed","18.18","40.00","PSS ELITE LAYBY","","Standalone","","","30 Jun 2018"
"15/06/2018 19:15","Reload","'70838153003499751","WXR920","","","Billed","","-40.00","PSS ELITE LAYBY","","Standalone","","","30 Jun 2018"
"14/06/2018 06:18","Purchase","'70838153003499751","WXR920","","PRIMAX 95","Billed","18.18","40.00","PSS HICOM SEK B SEK 27","","Standalone","","","30 Jun 2018"
"14/06/2018 06:17","Reload","'70838153003499751","WXR920","","","Billed","","-40.00","PSS HICOM SEK B SEK 27","","Standalone","","","30 Jun 2018"
"12/06/2018 22:38","Purchase","'70838153003499751","WXR920","","PRIMAX 95","Billed","18.18","40.00","PSS HICOM SEK B SEK 27","","Standalone","","","30 Jun 2018"
"12/06/2018 22:37","Reload","'70838153003499751","WXR920","","","Billed","","-40.00","PSS HICOM SEK B SEK 27","","Standalone","","","30 Jun 2018"
"11/06/2018 09:53","Purchase","'70838153003499751","WXR920","","PRIMAX 95","Billed","9.09","20.00","PSS USJ 4 UEP SUBANG JAYA","","Standalone","","","30 Jun 2018"
"11/06/2018 09:52","Reload","'70838153003499751","WXR920","","","Billed","","-20.00","PSS USJ 4 UEP SUBANG JAYA","","Standalone","","","30 Jun 2018"
"10/06/2018 06:17","Purchase","'70838153003499751","WXR920","","PRIMAX 95","Billed","13.64","30.00","PSS SEK 6 SHAH ALAM","","Standalone","","","30 Jun 2018"
"10/06/2018 05:47","Reload","'70838153003499751","WXR920","","","Billed","","-30.00","PSS KM 12.3 LEBUHRAYA PERSEKUTUAN","","Standalone","","","30 Jun 2018"
"09/06/2018 08:57","Purchase","'70838153003499751","WXR920","","PRIMAX 95","Billed","20.46","45.00","PSS NKVE HIGHWAY","","Standalone","","","30 Jun 2018"
"09/06/2018 08:56","Reload","'70838153003499751","WXR920","","","Billed","","-40.00","PSS NKVE HIGHWAY","","Standalone","","","30 Jun 2018"
"08/06/2018 12:41","Purchase","'70838153003499751","WXR920","","PRIMAX 95","Billed","13.64","30.00","PSS MUTIARA DAMANSARA","","Standalone","","","30 Jun 2018"
"08/06/2018 12:38","Reload","'70838153003499751","WXR920","","","Billed","","-30.00","PSS MUTIARA DAMANSARA","","Standalone","","","30 Jun 2018"
"06/06/2018 13:20","Purchase","'70838153003499751","WXR920","","PRIMAX 95","Billed","13.64","30.00","PSS KLIA 1","","Standalone","","","30 Jun 2018"
"06/06/2018 13:19","Reload","'70838153003499751","WXR920","","","Billed","","-30.00","PSS KLIA 1","","Standalone","","","30 Jun 2018"
"05/06/2018 09:54","Purchase","'70838153003499751","WXR920","","PRIMAX 95","Billed","9.09","20.00","PSS CYBERJAYA","","Standalone","","","30 Jun 2018"
"05/06/2018 09:53","Reload","'70838153003499751","WXR920","","","Billed","","-20.00","PSS CYBERJAYA","","Standalone","","","30 Jun 2018"
"05/06/2018 01:11","Purchase","'70838153003499751","WXR920","","PRIMAX 95","Billed","13.64","30.00","PSS USJ 20","","Standalone","","","30 Jun 2018"
"05/06/2018 01:06","Reload","'70838153003499751","WXR920","","","Billed","","-30.00","PSS USJ 20","","Standalone","","","30 Jun 2018"
"03/06/2018 21:01","Purchase","'70838153003499751","WXR920","","PRIMAX 95","Billed","9.09","20.00","PSS BUKIT JALIL TAMAN TEKNOLOGI MSIA 2","","Standalone","","","30 Jun 2018"
"03/06/2018 21:00","Reload","'70838153003499751","WXR920","","","Billed","","-20.00","PSS BUKIT JALIL TAMAN TEKNOLOGI MSIA 2","","Standalone","","","30 Jun 2018"
"03/06/2018 06:21","Purchase","'70838153003499751","WXR920","","PRIMAX 95","Billed","12.73","28.00","PSS NKVE HIGHWAY","","Standalone","","","30 Jun 2018"
"03/06/2018 06:20","Reload","'70838153003499751","WXR920","","","Billed","","-20.00","PSS NKVE HIGHWAY","","Standalone","","","30 Jun 2018"
"02/06/2018 15:57","Purchase","'70838153003499751","WXR920","","PRIMAX 95","Billed","9.09","20.00","PSS FAS","","Standalone","","","30 Jun 2018"
"02/06/2018 15:56","Reload","'70838153003499751","WXR920","","","Billed","","-20.00","PSS FAS","","Standalone","","","30 Jun 2018"
"01/06/2018 22:00","Purchase","'70838153003499751","WXR920","","PRIMAX 95","Billed","13.64","30.00","PSS USJ 20","","Standalone","","","30 Jun 2018"
"01/06/2018 21:59","Reload","'70838153003499751","WXR920","","","Billed","","-30.00","PSS USJ 20","","Standalone","","","30 Jun 2018"