"Date Time","Transaction Type","Card Number","Vehicle Number","Driver Card Number","Product Type","Billing Type","Transaction Volume (Litres)","Transaction Amount (RM)","Station Name","Odometer","Card Type","Cost Centre","Cost Centre Name","Statement Month"
"29/06/2018 15:55","Purchase","'70838153003498423","WXR876","","PRIMAX 95","Billed","22.73","50.00","PSS MUTIARA DAMANSARA","","Standalone","","","30 Jun 2018"
"29/06/2018 15:53","Reload","'70838153003498423","WXR876","","","Billed","","-50.00","PSS MUTIARA DAMANSARA","","Standalone","","","30 Jun 2018"
"26/06/2018 13:01","Purchase","'70838153003498423","WXR876","","PRIMAX 95","Billed","22.73","50.00","PSS LEBUHRAYA SILK","","Standalone","","","30 Jun 2018"
"26/06/2018 13:00","Reload","'70838153003498423","WXR876","","","Billed","","-50.00","PSS LEBUHRAYA SILK","","Standalone","","","30 Jun 2018"
"22/06/2018 15:00","Purchase","'70838153003498423","WXR876","","PRIMAX 95","Billed","22.73","50.00","PSS GRAND SAGA  KL BOUND","","Standalone","","","30 Jun 2018"
"22/06/2018 14:58","Reload","'70838153003498423","WXR876","","","Billed","","-50.00","PSS GRAND SAGA  KL BOUND","","Standalone","","","30 Jun 2018"
"16/06/2018 22:06","Purchase","'70838153003498423","WXR876","","PRIMAX 95","Billed","45.45","100.00","PSS BANDAR BARU AIR HITAM","","Standalone","","","30 Jun 2018"
"16/06/2018 22:02","Reload","'70838153003498423","WXR876","","","Billed","","-100.00","PSS BANDAR BARU AIR HITAM","","Standalone","","","30 Jun 2018"
"13/06/2018 20:41","Purchase","'70838153003498423","WXR876","","PRIMAX 95","Billed","45.46","100.00","PSS LEBUHRAYA SILK","","Standalone","","","30 Jun 2018"
"13/06/2018 20:39","Reload","'70838153003498423","WXR876","","","Billed","","-100.00","PSS LEBUHRAYA SILK","","Standalone","","","30 Jun 2018"
"07/06/2018 17:42","Purchase","'70838153003498423","WXR876","","PRIMAX 95","Billed","22.73","50.00","PSS LEBUHRAYA SILK","","Standalone","","","30 Jun 2018"
"07/06/2018 17:40","Reload","'70838153003498423","WXR876","","","Billed","","-50.00","PSS LEBUHRAYA SILK","","Standalone","","","30 Jun 2018"