"Date Time","Transaction Type","Card Number","Vehicle Number","Driver Card Number","Product Type","Billing Type","Transaction Volume (Litres)","Transaction Amount (RM)","Station Name","Odometer","Card Type","Cost Centre","Cost Centre Name","Statement Month"
"27/06/2018 10:29","Purchase","'70838153003582135","WXR1137","","PRIMAX 95","Billed","13.21","29.06","PSS JLN RAJA DIHILIR","","Standalone","","","30 Jun 2018"
"23/06/2018 13:16","Purchase","'70838153003582135","WXR1137","","PRIMAX 95","Billed","13.64","30.00","PSS SUNWAY CITY","","Standalone","","","30 Jun 2018"
"19/06/2018 11:47","Purchase","'70838153003582135","WXR1137","","PRIMAX 95","Billed","13.64","30.00","PSS SUNWAY CITY","","Standalone","","","30 Jun 2018"
"19/06/2018 11:46","Reload","'70838153003582135","WXR1137","","","Billed","","-50.00","PSS SUNWAY CITY","","Standalone","","","30 Jun 2018"
"03/06/2018 18:06","Purchase","'70838153003582135","WXR1137","","PRIMAX 95","Billed","13.64","30.00","PSS SUNWAY CITY","","Standalone","","","30 Jun 2018"
"03/06/2018 18:04","Reload","'70838153003582135","WXR1137","","","Billed","","-60.00","PSS SUNWAY CITY","","Standalone","","","30 Jun 2018"