"Date Time","Transaction Type","Card Number","Vehicle Number","Driver Card Number","Product Type","Billing Type","Transaction Volume (Litres)","Transaction Amount (RM)","Station Name","Odometer","Card Type","Cost Centre","Cost Centre Name","Statement Month"
"30/06/2018 10:46","Purchase","'70838153003720727","WXR 4848","","PRIMAX 95","Billed","22.73","50.00","PSS BATU 5 1/2 JLN UTARA","","Standalone","","","30 Jun 2018"
"30/06/2018 10:14","Purchase","'70838153003720727","WXR 4848","","PRIMAX 95","Billed","22.73","50.00","PSS BATU 5 1/2 JLN UTARA","226479","Standalone","","","30 Jun 2018"
"30/06/2018 10:12","Reload","'70838153003720727","WXR 4848","","","Billed","","-100.00","PSS BATU 5 1/2 JLN UTARA","","Standalone","","","30 Jun 2018"
"28/06/2018 13:40","Purchase","'70838153003720727","WXR 4848","","PRIMAX 95","Billed","44.55","98.01","PSS KM7 JALAN APAS","228900","Standalone","","","30 Jun 2018"
"28/06/2018 13:39","Reload","'70838153003720727","WXR 4848","","","Billed","","-100.00","PSS KM7 JALAN APAS","","Standalone","","","30 Jun 2018"
"26/06/2018 08:47","Purchase","'70838153003720727","WXR 4848","","PRIMAX 95","Billed","26.82","59.00","PSS BATU 5 1/2 JLN UTARA","225709","Standalone","","","30 Jun 2018"
"26/06/2018 08:46","Reload","'70838153003720727","WXR 4848","","","Billed","","-100.00","PSS BATU 5 1/2 JLN UTARA","","Standalone","","","30 Jun 2018"
"25/06/2018 18:52","Purchase","'70838153003720727","WXR 4848","","PRIMAX 95","Billed","22.73","50.00","PSS BATU 5 1/2 JLN UTARA","225668","Standalone","","","30 Jun 2018"
"23/06/2018 20:16","Reload","'70838153003720727","WXR 4848","","","Billed","","-100.00","PSS BATU 5 1/2 JLN UTARA","","Standalone","","","30 Jun 2018"
"23/06/2018 20:13","Purchase","'70838153003720727","WXR 4848","","PRIMAX 95","Billed","22.73","50.00","PSS BATU 5 1/2 JLN UTARA","225500","Standalone","","","30 Jun 2018"
"19/06/2018 07:35","Purchase","'70838153003720727","WXR 4848","","PRIMAX 95","Billed","22.73","50.00","PSS BATU 5 1/2 JLN UTARA","225397","Standalone","","","30 Jun 2018"
"17/06/2018 10:54","Purchase","'70838153003720727","WXR 4848","","PRIMAX 95","Billed","22.73","50.00","PSS BATU 5 1/2 JLN UTARA","","Standalone","","","30 Jun 2018"
"17/06/2018 10:51","Reload","'70838153003720727","WXR 4848","","","Billed","","-100.00","PSS BATU 5 1/2 JLN UTARA","","Standalone","","","30 Jun 2018"
"16/06/2018 16:09","Purchase","'70838153003720727","WXR 4848","","PRIMAX 95","Billed","22.73","50.00","PSS BATU 5 1/2 JLN UTARA","4","Standalone","","","30 Jun 2018"
"14/06/2018 09:32","Reload","'70838153003720727","WXR 4848","","","Billed","","-100.00","PSS BATU 3 JALAN LABUK","","Standalone","","","30 Jun 2018"
"14/06/2018 09:31","Purchase","'70838153003720727","WXR 4848","","PRIMAX 95","Billed","22.73","50.00","PSS BATU 3 JALAN LABUK","1","Standalone","","","30 Jun 2018"
"04/06/2018 16:29","Purchase","'70838153003720727","WXR 4848","","PRIMAX 95","Billed","22.73","50.00","PSS BATU 3 JALAN LABUK","","Standalone","","","30 Jun 2018"