"Date Time","Transaction Type","Card Number","Vehicle Number","Driver Card Number","Product Type","Billing Type","Transaction Volume (Litres)","Transaction Amount (RM)","Station Name","Odometer","Card Type","Cost Centre","Cost Centre Name","Statement Month"
"26/06/2018 17:16","Purchase","'70838153003424254","WXR36","","PRIMAX 95","Billed","27.27","60.00","PSS LEBUHRAYA SPRINT","","Standalone","","","30 Jun 2018"
"16/06/2018 19:35","Purchase","'70838153003424254","WXR36","","PRIMAX 95","Billed","24.28","53.41","PSS LEBUHRAYA SPRINT","","Standalone","","","30 Jun 2018"
"16/06/2018 19:31","Reload","'70838153003424254","WXR36","","","Billed","","-100.00","PSS LEBUHRAYA SPRINT","","Standalone","","","30 Jun 2018"
"11/06/2018 21:00","Purchase","'70838153003424254","WXR36","","PRIMAX 95","Billed","34.08","74.97","PSS LEBUHRAYA SPRINT","","Standalone","","","30 Jun 2018"
"11/06/2018 20:56","Reload","'70838153003424254","WXR36","","","Billed","","-100.00","PSS LEBUHRAYA SPRINT","","Standalone","","","30 Jun 2018"
"04/06/2018 18:11","Purchase","'70838153003424254","WXR36","","PRIMAX 95","Billed","21.21","46.66","PSS LEBUHRAYA SPRINT","","Standalone","","","30 Jun 2018"
"01/06/2018 15:07","Purchase","'70838153003424254","WXR36","","PRIMAX 95","Billed","24.92","54.83","PSS SUNGAI PERAK (S)","","Standalone","","","30 Jun 2018"