"Date Time","Transaction Type","Card Number","Vehicle Number","Driver Card Number","Product Type","Billing Type","Transaction Volume (Litres)","Transaction Amount (RM)","Station Name","Odometer","Card Type","Cost Centre","Cost Centre Name","Statement Month"
"27/06/2018 12:00","Purchase","'70838153003728308","WXR 5658","","PRIMAX 95","Billed","22.73","50.00","PSS PEKAN LUKUT","","Standalone","","","30 Jun 2018"
"27/06/2018 11:59","Reload","'70838153003728308","WXR 5658","","","Billed","","-50.00","PSS PEKAN LUKUT","","Standalone","","","30 Jun 2018"
"24/06/2018 20:21","Purchase","'70838153003728308","WXR 5658","","PRIMAX 95","Billed","22.73","50.00","PSS JALAN TUN DR ISMAIL","","Standalone","","","30 Jun 2018"
"24/06/2018 20:20","Reload","'70838153003728308","WXR 5658","","","Billed","","-50.00","PSS JALAN TUN DR ISMAIL","","Standalone","","","30 Jun 2018"
"22/06/2018 16:10","Purchase","'70838153003728308","WXR 5658","","PRIMAX 95","Billed","22.73","50.00","PSS PEKAN LUKUT","","Standalone","","","30 Jun 2018"
"13/06/2018 11:41","Purchase","'70838153003728308","WXR 5658","","PRIMAX 95","Billed","22.73","50.00","PSS PEKAN LUKUT","","Standalone","","","30 Jun 2018"
"13/06/2018 11:39","Reload","'70838153003728308","WXR 5658","","","Billed","","-100.00","PSS PEKAN LUKUT","","Standalone","","","30 Jun 2018"
"09/06/2018 13:33","Purchase","'70838153003728308","WXR 5658","","PRIMAX 95","Billed","22.73","50.00","PSS S2 GARDEN AVENUE","","Standalone","","","30 Jun 2018"
"06/06/2018 13:43","Purchase","'70838153003728308","WXR 5658","","PRIMAX 95","Billed","22.73","50.00","PSS PEKAN LUKUT","","Standalone","","","30 Jun 2018"
"06/06/2018 13:41","Reload","'70838153003728308","WXR 5658","","","Billed","","-100.00","PSS PEKAN LUKUT","","Standalone","","","30 Jun 2018"
"04/06/2018 10:57","Purchase","'70838153003728308","WXR 5658","","PRIMAX 95","Billed","22.73","50.00","PSS PEKAN LUKUT","","Standalone","","","30 Jun 2018"
"03/06/2018 10:05","Purchase","'70838153003728308","WXR 5658","","PRIMAX 95","Billed","22.73","50.00","PSS PEKAN LUKUT","","Standalone","","","30 Jun 2018"
"03/06/2018 10:03","Reload","'70838153003728308","WXR 5658","","","Billed","","-100.00","PSS PEKAN LUKUT","","Standalone","","","30 Jun 2018"