"Date Time","Transaction Type","Card Number","Vehicle Number","Driver Card Number","Product Type","Billing Type","Transaction Volume (Litres)","Transaction Amount (RM)","Station Name","Odometer","Card Type","Cost Centre","Cost Centre Name","Statement Month"
"30/06/2018 07:52","Purchase","'70838153003711353","WXR 4541","","PRIMAX 95","Billed","9.09","20.00","PSS MERGONG (STESEN SERVICES PETRONAS )","20","Standalone","","","30 Jun 2018"
"20/06/2018 10:52","Purchase","'70838153003711353","WXR 4541","","PRIMAX 95","Billed","22.73","50.00","PSS MERGONG (STESEN SERVICES PETRONAS )","50","Standalone","","","30 Jun 2018"
"18/06/2018 11:52","Purchase","'70838153003711353","WXR 4541","","PRIMAX 95","Billed","11.37","25.01","PSS GURUN","2","Standalone","","","30 Jun 2018"
"17/06/2018 13:35","Purchase","'70838153003711353","WXR 4541","","PRIMAX 95","Billed","16.36","36.00","PSS KODIANG","","Standalone","","","30 Jun 2018"
"17/06/2018 13:33","Reload","'70838153003711353","WXR 4541","","","Billed","","-200.00","PSS KODIANG","","Standalone","","","30 Jun 2018"
"15/06/2018 22:43","Purchase","'70838153003711353","WXR 4541","","PRIMAX 95","Billed","13.64","30.00","PSS SIMPANG EMPAT 2","2","Standalone","","","30 Jun 2018"
"08/06/2018 03:21","Purchase","'70838153003711353","WXR 4541","","PRIMAX 95","Billed","15.46","34.00","PSS MERGONG (STESEN SERVICES PETRONAS )","","Standalone","","","30 Jun 2018"
"04/06/2018 10:44","Purchase","'70838153003711353","WXR 4541","","PRIMAX 95","Billed","22.73","50.00","PSS MERGONG (STESEN SERVICES PETRONAS )","50","Standalone","","","30 Jun 2018"
"03/06/2018 21:58","Purchase","'70838153003711353","WXR 4541","","PRIMAX 95","Billed","31.82","70.00","PSS MERGONG (STESEN SERVICES PETRONAS )","","Standalone","","","30 Jun 2018"
"03/06/2018 21:57","Reload","'70838153003711353","WXR 4541","","","Billed","","-70.00","PSS MERGONG (STESEN SERVICES PETRONAS )","","Standalone","","","30 Jun 2018"