"Date Time","Transaction Type","Card Number","Vehicle Number","Driver Card Number","Product Type","Billing Type","Transaction Volume (Litres)","Transaction Amount (RM)","Station Name","Odometer","Card Type","Cost Centre","Cost Centre Name","Statement Month"
"30/06/2018 07:20","Purchase","'70838153003501044","WXR961","","PRIMAX 95","Billed","2.27","5.00","PSS TAMAN SAMUDERA BATU CAVES","5","Standalone","","","30 Jun 2018"
"25/06/2018 13:24","Purchase","'70838153003501044","WXR961","","PRIMAX 95","Billed","2.27","5.00","PSS TAMAN SAMUDERA BATU CAVES","5","Standalone","","","30 Jun 2018"
"25/06/2018 13:22","Reload","'70838153003501044","WXR961","","","Billed","","-20.00","PSS TAMAN SAMUDERA BATU CAVES","","Standalone","","","30 Jun 2018"
"23/06/2018 09:27","Purchase","'70838153003501044","WXR961","","PRIMAX 95","Billed","2.27","5.00","PSS RAWANG INDUSTRIAL PARK 1","5","Standalone","","","30 Jun 2018"
"07/06/2018 17:38","Purchase","'70838153003501044","WXR961","","PRIMAX 95","Billed","2.28","5.00","PSS SENTUL","5","Standalone","","","30 Jun 2018"
"04/06/2018 13:07","Purchase","'70838153003501044","WXR961","","PRIMAX 95","Billed","2.27","5.00","PSS BATU 8 JALAN IPOH","5","Standalone","","","30 Jun 2018"