"Date Time","Transaction Type","Card Number","Vehicle Number","Driver Card Number","Product Type","Billing Type","Transaction Volume (Litres)","Transaction Amount (RM)","Station Name","Odometer","Card Type","Cost Centre","Cost Centre Name","Statement Month"
"23/06/2018 17:38","Purchase","'70838153003423280","WXR182","","PRIMAX 95","Billed","36.36","80.00","PSS LEBUHRAYA SPRINT","","Standalone","","","30 Jun 2018"
"18/06/2018 14:52","Purchase","'70838153003423280","WXR182","","PRIMAX 95","Billed","22.73","50.00","PSS KG MELAYU SUBANG","","Standalone","","","30 Jun 2018"
"18/06/2018 14:50","Reload","'70838153003423280","WXR182","","","Billed","","-50.00","PSS KG MELAYU SUBANG","","Standalone","","","30 Jun 2018"
"14/06/2018 09:32","Reload","'70838153003423280","WXR182","","","Billed","","-50.00","PSS KOTA DAMANSARA","","Standalone","","","30 Jun 2018"
"09/06/2018 16:40","Purchase","'70838153003423280","WXR182","","PRIMAX 95","Billed","22.73","50.00","PSS PEKAN BARU SUBANG","","Standalone","","","30 Jun 2018"