"Date Time","Transaction Type","Card Number","Vehicle Number","Driver Card Number","Product Type","Billing Type","Transaction Volume (Litres)","Transaction Amount (RM)","Station Name","Odometer","Card Type","Cost Centre","Cost Centre Name","Statement Month"
"28/06/2018 14:42","Purchase","'70838153003729629","WXR 5075","","PRIMAX 95","Billed","13.64","30.00","PSS MERBAU INDAH","","Standalone","","","30 Jun 2018"
"28/06/2018 14:41","Reload","'70838153003729629","WXR 5075","","","Billed","","-30.00","PSS MERBAU INDAH","","Standalone","","","30 Jun 2018"
"21/06/2018 18:20","Purchase","'70838153003729629","WXR 5075","","PRIMAX 97","Billed","42.47","110.00","PSS MANJALARA","","Standalone","","","30 Jun 2018"
"21/06/2018 18:19","Reload","'70838153003729629","WXR 5075","","","Billed","","-110.00","PSS MANJALARA","","Standalone","","","30 Jun 2018"
"12/06/2018 11:57","Purchase","'70838153003729629","WXR 5075","","PRIMAX 95","Billed","31.82","70.00","PSS RASAH","","Standalone","","","30 Jun 2018"
"12/06/2018 11:56","Reload","'70838153003729629","WXR 5075","","","Billed","","-60.00","PSS RASAH","","Standalone","","","30 Jun 2018"
"10/06/2018 23:39","Purchase","'70838153003729629","WXR 5075","","PRIMAX 95","Billed","22.73","50.00","PSS SRI DAMANSARA","","Standalone","","","30 Jun 2018"
"10/06/2018 23:38","Reload","'70838153003729629","WXR 5075","","","Billed","","-50.00","PSS SRI DAMANSARA","","Standalone","","","30 Jun 2018"
"08/06/2018 13:23","Purchase","'70838153003729629","WXR 5075","","PRIMAX 95","Billed","40.91","90.00","PSS BUKIT RAHMAN PUTRA","","Standalone","","","30 Jun 2018"
"08/06/2018 13:21","Reload","'70838153003729629","WXR 5075","","","Billed","","-90.00","PSS BUKIT RAHMAN PUTRA","","Standalone","","","30 Jun 2018"
"01/06/2018 12:30","Purchase","'70838153003729629","WXR 5075","","PRIMAX 95","Billed","45.46","100.00","PSS MERBAU INDAH","","Standalone","","","30 Jun 2018"
"01/06/2018 12:29","Reload","'70838153003729629","WXR 5075","","","Billed","","-30.00","PSS MERBAU INDAH","","Standalone","","","30 Jun 2018"