"Date Time","Transaction Type","Card Number","Vehicle Number","Driver Card Number","Product Type","Billing Type","Transaction Volume (Litres)","Transaction Amount (RM)","Station Name","Odometer","Card Type","Cost Centre","Cost Centre Name","Statement Month"
"30/06/2018 07:50","Purchase","'70838153003580600","WXR1057","","PRIMAX 95","Billed","13.64","30.00","PSS SEKSYEN 16 BANDAR BARU BANGI","","Standalone","","","30 Jun 2018"
"27/06/2018 20:29","Purchase","'70838153003580600","WXR1057","","PRIMAX 95","Billed","10.00","22.00","PSS SEKSYEN 16 BANDAR BARU BANGI","","Standalone","","","30 Jun 2018"
"27/06/2018 20:28","Reload","'70838153003580600","WXR1057","","","Billed","","-100.00","PSS SEKSYEN 16 BANDAR BARU BANGI","","Standalone","","","30 Jun 2018"
"20/06/2018 19:44","Purchase","'70838153003580600","WXR1057","","PRIMAX 95","Billed","22.73","50.00","PSS AIR KEROH 1","","Standalone","","","30 Jun 2018"
"17/06/2018 12:04","Purchase","'70838153003580600","WXR1057","","PRIMAX 95","Billed","22.73","50.00","PSS AIR KEROH RSA SOUTH BOUND","","Standalone","","","30 Jun 2018"
"17/06/2018 12:02","Reload","'70838153003580600","WXR1057","","","Billed","","-100.00","PSS AIR KEROH RSA SOUTH BOUND","","Standalone","","","30 Jun 2018"
"17/06/2018 11:59","Purchase","'70838153003580600","WXR1057","","PRIMAX 95","Billed","11.94","26.26","PSS AIR KEROH RSA SOUTH BOUND","","Standalone","","","30 Jun 2018"
"13/06/2018 23:38","Purchase","'70838153003580600","WXR1057","","PRIMAX 95","Billed","36.23","79.70","PSS SECT 15 BB BANGI","","Standalone","","","30 Jun 2018"
"13/06/2018 17:11","Purchase","'70838153003580600","WXR1057","","PRIMAX 95","Billed","13.64","30.00","PSS SEKSYEN 16 BANDAR BARU BANGI","","Standalone","","","30 Jun 2018"
"13/06/2018 17:10","Reload","'70838153003580600","WXR1057","","","Billed","","-100.00","PSS SEKSYEN 16 BANDAR BARU BANGI","","Standalone","","","30 Jun 2018"
"12/06/2018 07:33","Purchase","'70838153003580600","WXR1057","","PRIMAX 95","Billed","1.95","4.29","PSS SEKSYEN 16 BANDAR BARU BANGI","","Standalone","","","30 Jun 2018"
"11/06/2018 12:21","Purchase","'70838153003580600","WXR1057","","PRIMAX 95","Billed","13.64","30.00","PSS SEKSYEN 16 BANDAR BARU BANGI","","Standalone","","","30 Jun 2018"
"11/06/2018 10:24","Purchase","'70838153003580600","WXR1057","","PRIMAX 95","Billed","2.16","4.75","PSS PUTRAJAYA PRECINT 9","","Standalone","","","30 Jun 2018"
"09/06/2018 10:37","Purchase","'70838153003580600","WXR1057","","PRIMAX 95","Billed","13.64","30.00","PSS LEBUHRAYA SILK","","Standalone","","","30 Jun 2018"
"09/06/2018 10:36","Reload","'70838153003580600","WXR1057","","","Billed","","-100.00","PSS LEBUHRAYA SILK","","Standalone","","","30 Jun 2018"
"05/06/2018 23:56","Purchase","'70838153003580600","WXR1057","","PRIMAX 95","Billed","7.43","16.35","PSS SEK 3 BANDAR BARU BANGI","","Standalone","","","30 Jun 2018"
"05/06/2018 10:21","Purchase","'70838153003580600","WXR1057","","PRIMAX 95","Billed","2.03","4.46","PSS PRECINT 9D","","Standalone","","","30 Jun 2018"
"02/06/2018 14:56","Purchase","'70838153003580600","WXR1057","","PRIMAX 95","Billed","27.27","60.00","PSS LUBUK CHINA","","Standalone","","","30 Jun 2018"
"01/06/2018 22:09","Purchase","'70838153003580600","WXR1057","","PRIMAX 95","Billed","10.00","22.00","PSS SEKSYEN 16 BANDAR BARU BANGI","","Standalone","","","30 Jun 2018"
"01/06/2018 22:08","Reload","'70838153003580600","WXR1057","","","Billed","","-100.00","PSS SEKSYEN 16 BANDAR BARU BANGI","","Standalone","","","30 Jun 2018"