"Date Time","Transaction Type","Card Number","Vehicle Number","Driver Card Number","Product Type","Billing Type","Transaction Volume (Litres)","Transaction Amount (RM)","Station Name","Odometer","Card Type","Cost Centre","Cost Centre Name","Statement Month"
"25/06/2018 12:46","Purchase","'70838153003423173","WXR91","","PRIMAX 95","Billed","40.86","89.89","PSS PADANG RENGAS","","Standalone","","","30 Jun 2018"
"23/06/2018 21:51","Reload","'70838153003423173","WXR91","","","Billed","","-100.00","PSS JALAN SIMPANG TAIPING","","Standalone","","","30 Jun 2018"
"23/06/2018 21:49","Purchase","'70838153003423173","WXR91","","PRIMAX 95","Billed","18.18","40.00","PSS JALAN SIMPANG TAIPING","","Standalone","","","30 Jun 2018"
"22/06/2018 16:59","Purchase","'70838153003423173","WXR91","","PRIMAX 95","Billed","22.73","50.00","PSS KUALA KANGSAR 1 (JLN SUL ISKANDAR)","","Standalone","","","30 Jun 2018"
"18/06/2018 11:04","Purchase","'70838153003423173","WXR91","","PRIMAX 95","Billed","22.73","50.00","PSS SERI MANJUNG SETIAWAN","","Standalone","","","30 Jun 2018"
"18/06/2018 11:03","Reload","'70838153003423173","WXR91","","","Billed","","-50.00","PSS SERI MANJUNG SETIAWAN","","Standalone","","","30 Jun 2018"
"16/06/2018 12:43","Purchase","'70838153003423173","WXR91","","PRIMAX 95","Billed","22.73","50.00","PSS KUALA KANGSAR 1 (JLN SUL ISKANDAR)","","Standalone","","","30 Jun 2018"
"16/06/2018 12:42","Reload","'70838153003423173","WXR91","","","Billed","","-100.00","PSS KUALA KANGSAR 1 (JLN SUL ISKANDAR)","","Standalone","","","30 Jun 2018"
"15/06/2018 11:22","Purchase","'70838153003423173","WXR91","","PRIMAX 95","Billed","22.73","50.00","PSS KUALA KANGSAR 1 (JLN SUL ISKANDAR)","","Standalone","","","30 Jun 2018"
"11/06/2018 11:36","Purchase","'70838153003423173","WXR91","","PRIMAX 95","Billed","22.73","50.00","PSS PADANG RENGAS","","Standalone","","","30 Jun 2018"
"11/06/2018 11:35","Reload","'70838153003423173","WXR91","","","Billed","","-100.00","PSS PADANG RENGAS","","Standalone","","","30 Jun 2018"