"Date Time","Transaction Type","Card Number","Vehicle Number","Driver Card Number","Product Type","Billing Type","Transaction Volume (Litres)","Transaction Amount (RM)","Station Name","Odometer","Card Type","Cost Centre","Cost Centre Name","Statement Month"
"28/06/2018 21:12","Purchase","'70838153003495916","WXR334","","PRIMAX 95","Billed","22.73","50.00","PSS BANDAR PUTRA 2","","Standalone","","","30 Jun 2018"
"28/06/2018 21:10","Reload","'70838153003495916","WXR334","","","Billed","","-50.00","PSS BANDAR PUTRA 2","","Standalone","","","30 Jun 2018"
"19/06/2018 22:13","Purchase","'70838153003495916","WXR334","","PRIMAX 95","Billed","13.64","30.00","PSS TAMAN AMAN","","Standalone","","","30 Jun 2018"
"19/06/2018 22:11","Reload","'70838153003495916","WXR334","","","Billed","","-50.00","PSS TAMAN AMAN","","Standalone","","","30 Jun 2018"
"19/06/2018 18:44","Purchase","'70838153003495916","WXR334","","PRIMAX 95","Billed","22.73","50.00","PSS BANDAR PUTRA 3","","Standalone","","","30 Jun 2018"
"17/06/2018 19:52","Purchase","'70838153003495916","WXR334","","PRIMAX 95","Billed","22.73","50.00","PSS JALAN TAR","","Standalone","","","30 Jun 2018"
"17/06/2018 19:49","Reload","'70838153003495916","WXR334","","","Billed","","-50.00","PSS JALAN TAR","","Standalone","","","30 Jun 2018"
"16/06/2018 23:16","Purchase","'70838153003495916","WXR334","","PRIMAX 95","Billed","22.73","50.00","PSS SENAI","","Standalone","","","30 Jun 2018"
"16/06/2018 23:13","Reload","'70838153003495916","WXR334","","","Billed","","-50.00","PSS SENAI","","Standalone","","","30 Jun 2018"
"16/06/2018 17:37","Purchase","'70838153003495916","WXR334","","PRIMAX 95","Billed","22.73","50.00","PSS TEBRAU 1","","Standalone","","","30 Jun 2018"
"16/06/2018 17:35","Reload","'70838153003495916","WXR334","","","Billed","","-50.00","PSS TEBRAU 1","","Standalone","","","30 Jun 2018"
"15/06/2018 18:55","Purchase","'70838153003495916","WXR334","","PRIMAX 95","Billed","22.73","50.00","PSS NUSA PERINTIS","","Standalone","","","30 Jun 2018"
"15/06/2018 18:51","Reload","'70838153003495916","WXR334","","","Billed","","-50.00","PSS NUSA PERINTIS","","Standalone","","","30 Jun 2018"