"Date Time","Transaction Type","Card Number","Vehicle Number","Driver Card Number","Product Type","Billing Type","Transaction Volume (Litres)","Transaction Amount (RM)","Station Name","Odometer","Card Type","Cost Centre","Cost Centre Name","Statement Month"
"20/06/2018 15:33","Purchase","'70838153003719505","WXR 4476","","PRIMAX 95","Billed","5.00","11.00","PSS TONGKANG PECAH","","Standalone","","","30 Jun 2018"
"20/06/2018 15:32","Reload","'70838153003719505","WXR 4476","","","Billed","","-10.00","PSS TONGKANG PECAH","","Standalone","","","30 Jun 2018"
"09/06/2018 20:30","Purchase","'70838153003719505","WXR 4476","","PRIMAX 95","Billed","10.00","22.00","PSS TONGKANG PECAH","","Standalone","","","30 Jun 2018"
"09/06/2018 20:27","Reload","'70838153003719505","WXR 4476","","","Billed","","-20.00","PSS TONGKANG PECAH","","Standalone","","","30 Jun 2018"
"01/06/2018 15:05","Purchase","'70838153003719505","WXR 4476","","PRIMAX 95","Billed","5.00","11.00","PSS TONGKANG PECAH","","Standalone","","","30 Jun 2018"
"01/06/2018 14:53","Reload","'70838153003719505","WXR 4476","","","Billed","","-20.00","PSS TONGKANG PECAH","","Standalone","","","30 Jun 2018"