"Date Time","Transaction Type","Card Number","Vehicle Number","Driver Card Number","Product Type","Billing Type","Transaction Volume (Litres)","Transaction Amount (RM)","Station Name","Odometer","Card Type","Cost Centre","Cost Centre Name","Statement Month"
"29/06/2018 09:09","Purchase","'70838153003497391","WXR847","","PRIMAX 95","Billed","15.91","35.00","PSS LAGUNA MERBUK","3554","Standalone","","","30 Jun 2018"
"29/06/2018 09:08","Reload","'70838153003497391","WXR847","","","Billed","","-30.00","PSS LAGUNA MERBUK","","Standalone","","","30 Jun 2018"
"26/06/2018 09:11","Purchase","'70838153003497391","WXR847","","PRIMAX 95","Billed","13.64","30.00","PSS LAGUNA MERBUK","3554","Standalone","","","30 Jun 2018"
"26/06/2018 09:10","Reload","'70838153003497391","WXR847","","","Billed","","-20.00","PSS LAGUNA MERBUK","","Standalone","","","30 Jun 2018"
"22/06/2018 09:07","Purchase","'70838153003497391","WXR847","","PRIMAX 95","Billed","18.18","40.00","PSS LAGUNA MERBUK","3554","Standalone","","","30 Jun 2018"
"22/06/2018 09:06","Reload","'70838153003497391","WXR847","","","Billed","","-20.00","PSS LAGUNA MERBUK","","Standalone","","","30 Jun 2018"
"19/06/2018 17:18","Purchase","'70838153003497391","WXR847","","PRIMAX 95","Billed","13.64","30.00","PSS GURUN","3554","Standalone","","","30 Jun 2018"
"19/06/2018 17:17","Reload","'70838153003497391","WXR847","","","Billed","","-40.00","PSS GURUN","","Standalone","","","30 Jun 2018"
"17/06/2018 14:45","Purchase","'70838153003497391","WXR847","","PRIMAX 95","Billed","13.64","30.00","PSS GURUN","3554","Standalone","","","30 Jun 2018"
"17/06/2018 14:45","Reload","'70838153003497391","WXR847","","","Billed","","-30.00","PSS GURUN","","Standalone","","","30 Jun 2018"
"14/06/2018 12:26","Purchase","'70838153003497391","WXR847","","PRIMAX 95","Billed","18.18","40.00","PSS GURUN","3554","Standalone","","","30 Jun 2018"
"14/06/2018 12:23","Reload","'70838153003497391","WXR847","","","Billed","","-40.00","PSS GURUN","","Standalone","","","30 Jun 2018"
"11/06/2018 17:49","Purchase","'70838153003497391","WXR847","","PRIMAX 95","Billed","13.64","30.00","PSS GURUN","3554","Standalone","","","30 Jun 2018"
"11/06/2018 17:48","Reload","'70838153003497391","WXR847","","","Billed","","-40.00","PSS GURUN","","Standalone","","","30 Jun 2018"
"09/06/2018 11:07","Purchase","'70838153003497391","WXR847","","PRIMAX 95","Billed","4.55","10.00","PSS GURUN","3554","Standalone","","","30 Jun 2018"
"09/06/2018 11:05","Purchase","'70838153003497391","WXR847","","PRIMAX 95","Billed","13.64","30.00","PSS GURUN","3554","Standalone","","","30 Jun 2018"
"09/06/2018 11:00","Reload","'70838153003497391","WXR847","","","Billed","","-10.00","PSS GURUN","","Standalone","","","30 Jun 2018"
"09/06/2018 10:59","Reload","'70838153003497391","WXR847","","","Billed","","-30.00","PSS GURUN","","Standalone","","","30 Jun 2018"
"05/06/2018 17:48","Purchase","'70838153003497391","WXR847","","PRIMAX 95","Billed","4.55","10.00","PSS GURUN","3554","Standalone","","","30 Jun 2018"
"05/06/2018 17:46","Reload","'70838153003497391","WXR847","","","Billed","","-20.00","PSS GURUN","","Standalone","","","30 Jun 2018"
"04/06/2018 09:17","Purchase","'70838153003497391","WXR847","","PRIMAX 95","Billed","15.91","35.00","PSS LAGUNA MERBUK","3554","Standalone","","","30 Jun 2018"
"04/06/2018 09:15","Reload","'70838153003497391","WXR847","","","Billed","","-35.00","PSS LAGUNA MERBUK","","Standalone","","","30 Jun 2018"
"02/06/2018 13:15","Purchase","'70838153003497391","WXR847","","PRIMAX 95","Billed","17.86","39.29","PSS LAGUNA MERBUK","3554","Standalone","","","30 Jun 2018"
"02/06/2018 13:13","Reload","'70838153003497391","WXR847","","","Billed","","-5.00","PSS LAGUNA MERBUK","","Standalone","","","30 Jun 2018"
"02/06/2018 13:12","Reload","'70838153003497391","WXR847","","","Billed","","-30.00","PSS LAGUNA MERBUK","","Standalone","","","30 Jun 2018"