"Date Time","Transaction Type","Card Number","Vehicle Number","Driver Card Number","Product Type","Billing Type","Transaction Volume (Litres)","Transaction Amount (RM)","Station Name","Odometer","Card Type","Cost Centre","Cost Centre Name","Statement Month"
"15/06/2018 15:25","Purchase","'70838153003727078","WXR 5319","","PRIMAX 95","Billed","24.34","53.55","PSS PERDA BUKIT MERTAJAM","","Standalone","","","30 Jun 2018"
"15/06/2018 15:22","Reload","'70838153003727078","WXR 5319","","","Billed","","-50.00","PSS PERDA BUKIT MERTAJAM","","Standalone","","","30 Jun 2018"
"09/06/2018 10:18","Purchase","'70838153003727078","WXR 5319","","PRIMAX 95","Billed","9.09","20.00","PSS PERMATANG BATU SPT","","Standalone","","","30 Jun 2018"
"09/06/2018 10:16","Reload","'70838153003727078","WXR 5319","","","Billed","","-20.00","PSS PERMATANG BATU SPT","","Standalone","","","30 Jun 2018"
"06/06/2018 06:41","Purchase","'70838153003727078","WXR 5319","","PRIMAX 95","Billed","22.73","50.00","PSS R & R GUNUNG SEMANGGOL","","Standalone","","","30 Jun 2018"
"06/06/2018 06:39","Reload","'70838153003727078","WXR 5319","","","Billed","","-50.00","PSS R & R GUNUNG SEMANGGOL","","Standalone","","","30 Jun 2018"