"Date Time","Transaction Type","Card Number","Vehicle Number","Driver Card Number","Product Type","Billing Type","Transaction Volume (Litres)","Transaction Amount (RM)","Station Name","Odometer","Card Type","Cost Centre","Cost Centre Name","Statement Month"
"14/07/2018 15:42","Purchase","'70838153003586193","WXR1601","","Diesel","Un-billed","6.55","14.28","PSS BANDAR MUTIARA","596506","Standalone","","","Unbilled Transaction"
"11/07/2018 09:40","Purchase","'70838153003586193","WXR1601","","Diesel","Un-billed","140.43","306.14","PSS BANDAR MUTIARA","595865","Standalone","","","Unbilled Transaction"
"07/07/2018 13:19","Purchase","'70838153003586193","WXR1601","","Diesel","Un-billed","152.45","332.34","PSS BANDAR MUTIARA","","Standalone","","","Unbilled Transaction"
"05/07/2018 14:01","Purchase","'70838153003586193","WXR1601","","Diesel","Un-billed","175.61","382.83","PSS BAYAN BARU","","Standalone","","","Unbilled Transaction"
"02/07/2018 14:28","Purchase","'70838153003586193","WXR1601","","Diesel","Un-billed","137.62","300.00","PSS BANDAR TASEK MUTIARA","","Standalone","","","Unbilled Transaction"