"Date Time","Transaction Type","Card Number","Vehicle Number","Driver Card Number","Product Type","Billing Type","Transaction Volume (Litres)","Transaction Amount (RM)","Station Name","Odometer","Card Type","Cost Centre","Cost Centre Name","Statement Month"
"24/06/2018 17:01","Purchase","'70838153003581046","WXR1078","","PRIMAX 95","Billed","10.00","22.00","PSS AMPANG PERMAI","","Standalone","","","30 Jun 2018"
"24/06/2018 16:59","Reload","'70838153003581046","WXR1078","","","Billed","","-22.00","PSS AMPANG PERMAI","","Standalone","","","30 Jun 2018"
"23/06/2018 12:05","Purchase","'70838153003581046","WXR1078","","PRIMAX 95","Billed","10.00","22.00","PSS TAMAN TENAGA","","Standalone","","","30 Jun 2018"
"23/06/2018 12:03","Reload","'70838153003581046","WXR1078","","","Billed","","-20.00","PSS TAMAN TENAGA","","Standalone","","","30 Jun 2018"
"21/06/2018 19:46","Purchase","'70838153003581046","WXR1078","","PRIMAX 95","Billed","10.00","22.00","PSS BUKIT JALIL TAMAN TEKNOLOGI MSIA 2","","Standalone","","","30 Jun 2018"
"21/06/2018 19:44","Reload","'70838153003581046","WXR1078","","","Billed","","-20.00","PSS BUKIT JALIL TAMAN TEKNOLOGI MSIA 2","","Standalone","","","30 Jun 2018"
"18/06/2018 16:39","Purchase","'70838153003581046","WXR1078","","PRIMAX 95","Billed","15.00","33.00","PSS KAMPUNG GAJAH","","Standalone","","","30 Jun 2018"
"18/06/2018 16:37","Reload","'70838153003581046","WXR1078","","","Billed","","-30.00","PSS KAMPUNG GAJAH","","Standalone","","","30 Jun 2018"
"17/06/2018 16:33","Purchase","'70838153003581046","WXR1078","","PRIMAX 95","Billed","15.00","33.00","PSS PADANG RENGAS","","Standalone","","","30 Jun 2018"
"17/06/2018 16:28","Reload","'70838153003581046","WXR1078","","","Billed","","-40.00","PSS PADANG RENGAS","","Standalone","","","30 Jun 2018"
"11/06/2018 23:21","Purchase","'70838153003581046","WXR1078","","PRIMAX 95","Billed","14.85","32.68","PSS BANDAR SRI PERMAISURI","","Standalone","","","30 Jun 2018"
"11/06/2018 23:18","Purchase","'70838153003581046","WXR1078","","PRIMAX 95","Billed","28.00","61.60","PSS BANDAR SRI PERMAISURI","","Standalone","","","30 Jun 2018"
"11/06/2018 23:17","Reload","'70838153003581046","WXR1078","","","Billed","","-90.00","PSS BANDAR SRI PERMAISURI","","Standalone","","","30 Jun 2018"
"11/06/2018 11:39","Purchase","'70838153003581046","WXR1078","","PRIMAX 95","Billed","29.02","63.84","PSS AIR KEROH RSA SOUTH BOUND","","Standalone","","","30 Jun 2018"
"11/06/2018 11:37","Reload","'70838153003581046","WXR1078","","","Billed","","-60.00","PSS AIR KEROH RSA SOUTH BOUND","","Standalone","","","30 Jun 2018"
"08/06/2018 17:30","Purchase","'70838153003581046","WXR1078","","PRIMAX 95","Billed","15.00","33.00","PSS BANDAR PUNCAK JALIL","","Standalone","","","30 Jun 2018"
"08/06/2018 17:28","Reload","'70838153003581046","WXR1078","","","Billed","","-33.00","PSS BANDAR PUNCAK JALIL","","Standalone","","","30 Jun 2018"
"01/06/2018 23:37","Purchase","'70838153003581046","WXR1078","","PRIMAX 95","Billed","10.00","22.00","PSS BUKIT JALIL TAMAN TEKNOLOGI MSIA 2","","Standalone","","","30 Jun 2018"
"01/06/2018 23:35","Reload","'70838153003581046","WXR1078","","","Billed","","-22.00","PSS BUKIT JALIL TAMAN TEKNOLOGI MSIA 2","","Standalone","","","30 Jun 2018"