"Date Time","Transaction Type","Card Number","Vehicle Number","Driver Card Number","Product Type","Billing Type","Transaction Volume (Litres)","Transaction Amount (RM)","Station Name","Odometer","Card Type","Cost Centre","Cost Centre Name","Statement Month"
"27/06/2018 07:49","Purchase","'70838153003720446","WXR 5430","","PRIMAX 95","Billed","27.29","60.03","PSS TANJUNG SEPAT","","Standalone","","","30 Jun 2018"
"27/06/2018 07:48","Reload","'70838153003720446","WXR 5430","","","Billed","","-50.00","PSS TANJUNG SEPAT","","Standalone","","","30 Jun 2018"
"21/06/2018 19:38","Purchase","'70838153003720446","WXR 5430","","PRIMAX 95","Billed","28.64","63.01","PSS TANJUNG SEPAT","","Standalone","","","30 Jun 2018"
"18/06/2018 17:48","Purchase","'70838153003720446","WXR 5430","","PRIMAX 95","Billed","25.78","56.71","PSS JALAN SABAK ROMPIN","","Standalone","","","30 Jun 2018"
"17/06/2018 19:28","Purchase","'70838153003720446","WXR 5430","","PRIMAX 95","Billed","30.06","66.13","PSS MUADZAM SHAH 2 (KM 78)","","Standalone","","","30 Jun 2018"
"17/06/2018 09:19","Purchase","'70838153003720446","WXR 5430","","PRIMAX 95","Billed","22.88","50.34","PSS KAMPUNG GAJAH","","Standalone","","","30 Jun 2018"
"17/06/2018 09:18","Reload","'70838153003720446","WXR 5430","","","Billed","","-300.00","PSS KAMPUNG GAJAH","","Standalone","","","30 Jun 2018"
"15/06/2018 11:28","Purchase","'70838153003720446","WXR 5430","","PRIMAX 95","Billed","26.21","57.65","PSS TANJUNG SEPAT","","Standalone","","","30 Jun 2018"
"13/06/2018 13:04","Purchase","'70838153003720446","WXR 5430","","PRIMAX 95","Billed","31.83","70.03","PSS TANJUNG SEPAT","","Standalone","","","30 Jun 2018"
"13/06/2018 13:03","Reload","'70838153003720446","WXR 5430","","","Billed","","-100.00","PSS TANJUNG SEPAT","","Standalone","","","30 Jun 2018"
"07/06/2018 18:46","Purchase","'70838153003720446","WXR 5430","","PRIMAX 95","Billed","27.98","61.56","PSS KANCHONG DARAT","","Standalone","","","30 Jun 2018"
"05/06/2018 07:38","Purchase","'70838153003720446","WXR 5430","","PRIMAX 95","Billed","2.76","6.06","PSS TANJUNG SEPAT","","Standalone","","","30 Jun 2018"
"03/06/2018 12:52","Purchase","'70838153003720446","WXR 5430","","PRIMAX 95","Billed","20.04","44.08","PSS JALAN SABAK ROMPIN","","Standalone","","","30 Jun 2018"
"02/06/2018 11:22","Purchase","'70838153003720446","WXR 5430","","PRIMAX 95","Billed","20.83","45.83","PSS TANJUNG SEPAT","","Standalone","","","30 Jun 2018"