"Date Time","Transaction Type","Card Number","Vehicle Number","Driver Card Number","Product Type","Billing Type","Transaction Volume (Litres)","Transaction Amount (RM)","Station Name","Odometer","Card Type","Cost Centre","Cost Centre Name","Statement Month"
"29/06/2018 07:13","Purchase","'70838153003501036","WXR962","","PRIMAX 95","Billed","1.37","3.00","PSS JALAN COCHRANE","","Standalone","","","30 Jun 2018"
"26/06/2018 07:28","Reload","'70838153003501036","WXR962","","","Billed","","-10.00","PSS JALAN TUN RAZAK","","Standalone","","","30 Jun 2018"
"26/06/2018 07:24","Purchase","'70838153003501036","WXR962","","PRIMAX 95","Billed","0.91","2.00","PSS JALAN TUN RAZAK","","Standalone","","","30 Jun 2018"
"24/06/2018 11:09","Purchase","'70838153003501036","WXR962","","PRIMAX 97","Billed","3.86","10.00","PSS JALAN TUN RAZAK","","Standalone","","","30 Jun 2018"
"20/06/2018 11:29","Purchase","'70838153003501036","WXR962","","PRIMAX 97","Billed","3.44","8.94","PSS JALAN TUN RAZAK","","Standalone","","","30 Jun 2018"
"09/06/2018 07:46","Purchase","'70838153003501036","WXR962","","PRIMAX 95","Billed","3.28","7.21","PSS JALAN COCHRANE","","Standalone","","","30 Jun 2018"
"04/06/2018 18:23","Purchase","'70838153003501036","WXR962","","PRIMAX 95","Billed","3.14","6.91","PSS JALAN TUN RAZAK","","Standalone","","","30 Jun 2018"
"02/06/2018 13:07","Purchase","'70838153003501036","WXR962","","PRIMAX 97","Billed","4.05","10.00","PSS TAMAN TENAGA","","Standalone","","","30 Jun 2018"