"Date Time","Transaction Type","Card Number","Vehicle Number","Driver Card Number","Product Type","Billing Type","Transaction Volume (Litres)","Transaction Amount (RM)","Station Name","Odometer","Card Type","Cost Centre","Cost Centre Name","Statement Month"
"28/06/2018 14:08","Purchase","'70838153003425285","WXR73","","PRIMAX 95","Billed","9.09","20.00","PSS BUKIT KANGKAR","","Standalone","","","30 Jun 2018"
"28/06/2018 11:45","Reload","'70838153003425285","WXR73","","","Billed","","-20.00","PSS BUKIT GAMBIR","","Standalone","","","30 Jun 2018"
"28/06/2018 07:22","Purchase","'70838153003425285","WXR73","","PRIMAX 95","Billed","13.64","30.00","PSS BUKIT KANGKAR","","Standalone","","","30 Jun 2018"
"28/06/2018 07:20","Reload","'70838153003425285","WXR73","","","Billed","","-30.00","PSS BUKIT KANGKAR","","Standalone","","","30 Jun 2018"
"27/06/2018 07:14","Purchase","'70838153003425285","WXR73","","PRIMAX 95","Billed","13.64","30.00","PSS BUKIT KANGKAR","","Standalone","","","30 Jun 2018"
"27/06/2018 07:12","Reload","'70838153003425285","WXR73","","","Billed","","-30.00","PSS BUKIT KANGKAR","","Standalone","","","30 Jun 2018"
"25/06/2018 12:04","Purchase","'70838153003425285","WXR73","","PRIMAX 95","Billed","18.18","40.00","PSS SKUDAI RSA","","Standalone","","","30 Jun 2018"
"25/06/2018 12:02","Reload","'70838153003425285","WXR73","","","Billed","","-40.00","PSS SKUDAI RSA","","Standalone","","","30 Jun 2018"
"24/06/2018 21:05","Purchase","'70838153003425285","WXR73","","PRIMAX 95","Billed","13.64","30.00","PSS BUKIT KANGKAR","","Standalone","","","30 Jun 2018"
"24/06/2018 21:02","Reload","'70838153003425285","WXR73","","","Billed","","-30.00","PSS BUKIT KANGKAR","","Standalone","","","30 Jun 2018"
"24/06/2018 16:44","Purchase","'70838153003425285","WXR73","","PRIMAX 95","Billed","15.91","35.00","PSS BUKIT KANGKAR","","Standalone","","","30 Jun 2018"
"24/06/2018 16:42","Reload","'70838153003425285","WXR73","","","Billed","","-20.00","PSS BUKIT KANGKAR","","Standalone","","","30 Jun 2018"
"21/06/2018 19:15","Purchase","'70838153003425285","WXR73","","PRIMAX 95","Billed","15.91","35.00","PSS PARIT SULONG","","Standalone","","","30 Jun 2018"
"21/06/2018 19:13","Reload","'70838153003425285","WXR73","","","Billed","","-50.00","PSS PARIT SULONG","","Standalone","","","30 Jun 2018"
"17/06/2018 15:54","Purchase","'70838153003425285","WXR73","","PRIMAX 95","Billed","22.73","50.00","PSS BUKIT GAMBIR","","Standalone","","","30 Jun 2018"
"17/06/2018 15:52","Reload","'70838153003425285","WXR73","","","Billed","","-50.00","PSS BUKIT GAMBIR","","Standalone","","","30 Jun 2018"
"17/06/2018 09:53","Purchase","'70838153003425285","WXR73","","PRIMAX 95","Billed","10.91","24.00","PSS BUKIT KANGKAR","","Standalone","","","30 Jun 2018"
"16/06/2018 08:15","Purchase","'70838153003425285","WXR73","","PRIMAX 95","Billed","11.82","26.00","PSS BUKIT KANGKAR","","Standalone","","","30 Jun 2018"
"16/06/2018 08:14","Reload","'70838153003425285","WXR73","","","Billed","","-50.00","PSS BUKIT KANGKAR","","Standalone","","","30 Jun 2018"
"16/06/2018 08:11","Purchase","'70838153003425285","WXR73","","PRIMAX 95","Billed","2.58","5.67","PSS BUKIT KANGKAR","","Standalone","","","30 Jun 2018"
"15/06/2018 09:24","Purchase","'70838153003425285","WXR73","","PRIMAX 95","Billed","29.24","64.33","PSS BUKIT KANGKAR","","Standalone","","","30 Jun 2018"
"15/06/2018 09:22","Reload","'70838153003425285","WXR73","","","Billed","","-50.00","PSS BUKIT KANGKAR","","Standalone","","","30 Jun 2018"
"12/06/2018 18:22","Purchase","'70838153003425285","WXR73","","PRIMAX 95","Billed","18.18","40.00","PSS MACHAP ARAH UTARA","","Standalone","","","30 Jun 2018"
"12/06/2018 18:20","Reload","'70838153003425285","WXR73","","","Billed","","-30.00","PSS MACHAP ARAH UTARA","","Standalone","","","30 Jun 2018"
"11/06/2018 20:37","Purchase","'70838153003425285","WXR73","","PRIMAX 95","Billed","20.45","45.00","PSS BUKIT KANGKAR","","Standalone","","","30 Jun 2018"
"11/06/2018 20:36","Reload","'70838153003425285","WXR73","","","Billed","","-70.00","PSS BUKIT KANGKAR","","Standalone","","","30 Jun 2018"
"07/06/2018 21:00","Purchase","'70838153003425285","WXR73","","PRIMAX 95","Billed","22.73","50.00","PSS BUKIT KANGKAR","","Standalone","","","30 Jun 2018"
"07/06/2018 20:58","Reload","'70838153003425285","WXR73","","","Billed","","-50.00","PSS BUKIT KANGKAR","","Standalone","","","30 Jun 2018"
"05/06/2018 21:44","Purchase","'70838153003425285","WXR73","","PRIMAX 95","Billed","22.73","50.00","PSS BUKIT KANGKAR","","Standalone","","","30 Jun 2018"
"05/06/2018 21:43","Reload","'70838153003425285","WXR73","","","Billed","","-50.00","PSS BUKIT KANGKAR","","Standalone","","","30 Jun 2018"
"04/06/2018 12:02","Purchase","'70838153003425285","WXR73","","PRIMAX 95","Billed","13.64","30.00","PSS BUKIT KANGKAR","","Standalone","","","30 Jun 2018"
"04/06/2018 12:01","Reload","'70838153003425285","WXR73","","","Billed","","-30.00","PSS BUKIT KANGKAR","","Standalone","","","30 Jun 2018"
"02/06/2018 19:14","Purchase","'70838153003425285","WXR73","","PRIMAX 95","Billed","13.64","30.00","PSS PARIT SULONG","","Standalone","","","30 Jun 2018"
"02/06/2018 19:10","Reload","'70838153003425285","WXR73","","","Billed","","-30.00","PSS PARIT SULONG","","Standalone","","","30 Jun 2018"
"01/06/2018 21:41","Purchase","'70838153003425285","WXR73","","PRIMAX 95","Billed","6.96","15.32","PSS BUKIT KANGKAR","","Standalone","","","30 Jun 2018"
"01/06/2018 11:02","Purchase","'70838153003425285","WXR73","","PRIMAX 95","Billed","10.00","22.00","PSS BUKIT KANGKAR","","Standalone","","","30 Jun 2018"
"01/06/2018 10:59","Reload","'70838153003425285","WXR73","","","Billed","","-30.00","PSS BUKIT KANGKAR","","Standalone","","","30 Jun 2018"