"Date Time","Transaction Type","Card Number","Vehicle Number","Driver Card Number","Product Type","Billing Type","Transaction Volume (Litres)","Transaction Amount (RM)","Station Name","Odometer","Card Type","Cost Centre","Cost Centre Name","Statement Month"
"30/06/2018 23:11","Reload","'70838153003724471","WXR 5553","","","Un-billed","","-10.00","PSS BATU 3 FEDERAL HIGHWAY","","Standalone","","","Unbilled Transaction"
"30/06/2018 23:07","Purchase","'70838153003724471","WXR 5553","","PRIMAX 95","Un-billed","19.08","41.97","PSS BATU 3 FEDERAL HIGHWAY","51662","Standalone","","","Unbilled Transaction"
"30/06/2018 23:05","Reload","'70838153003724471","WXR 5553","","","Un-billed","","-20.00","PSS BATU 3 FEDERAL HIGHWAY","","Standalone","","","Unbilled Transaction"
"29/06/2018 19:48","Purchase","'70838153003724471","WXR 5553","","PRIMAX 95","Billed","22.73","50.00","PSS BATU 3 FEDERAL HIGHWAY","51456","Standalone","","","30 Jun 2018"
"29/06/2018 19:46","Reload","'70838153003724471","WXR 5553","","","Billed","","-40.00","PSS BATU 3 FEDERAL HIGHWAY","","Standalone","","","30 Jun 2018"
"23/06/2018 16:20","Purchase","'70838153003724471","WXR 5553","","PRIMAX 95","Billed","13.64","30.00","PSS NPE PANTAI DALAM","51180","Standalone","","","30 Jun 2018"
"23/06/2018 16:17","Reload","'70838153003724471","WXR 5553","","","Billed","","-70.00","PSS NPE PANTAI DALAM","","Standalone","","","30 Jun 2018"
"20/06/2018 14:50","Purchase","'70838153003724471","WXR 5553","","PRIMAX 95","Billed","22.73","50.00","PSS KM 12.3 LEBUHRAYA PERSEKUTUAN","51180","Standalone","","","30 Jun 2018"
"20/06/2018 14:47","Reload","'70838153003724471","WXR 5553","","","Billed","","-80.00","PSS KM 12.3 LEBUHRAYA PERSEKUTUAN","","Standalone","","","30 Jun 2018"
"18/06/2018 21:44","Purchase","'70838153003724471","WXR 5553","","PRIMAX 95","Billed","22.73","50.00","PSS BUKIT KANGKAR","50848","Standalone","","","30 Jun 2018"
"15/06/2018 16:00","Purchase","'70838153003724471","WXR 5553","","PRIMAX 95","Billed","4.55","10.00","PSS KM 305 PLUS ARAH SELATAN","50595","Standalone","","","30 Jun 2018"
"15/06/2018 15:49","Reload","'70838153003724471","WXR 5553","","","Billed","","-30.00","PSS KM 305 PLUS ARAH SELATAN","","Standalone","","","30 Jun 2018"
"14/06/2018 17:37","Purchase","'70838153003724471","WXR 5553","","PRIMAX 95","Billed","10.89","23.96","PSS NPE PANTAI DALAM","50530","Standalone","","","30 Jun 2018"
"14/06/2018 17:35","Reload","'70838153003724471","WXR 5553","","","Billed","","-50.00","PSS NPE PANTAI DALAM","","Standalone","","","30 Jun 2018"
"11/06/2018 09:48","Purchase","'70838153003724471","WXR 5553","","PRIMAX 95","Billed","13.64","30.00","PSS NPE PANTAI DALAM","50446","Standalone","","","30 Jun 2018"
"11/06/2018 09:45","Reload","'70838153003724471","WXR 5553","","","Billed","","-80.00","PSS NPE PANTAI DALAM","","Standalone","","","30 Jun 2018"
"09/06/2018 00:11","Purchase","'70838153003724471","WXR 5553","","PRIMAX 95","Billed","22.73","50.00","PSS BATU 3 FEDERAL HIGHWAY","50330","Standalone","","","30 Jun 2018"
"09/06/2018 00:09","Reload","'70838153003724471","WXR 5553","","","Billed","","-40.00","PSS BATU 3 FEDERAL HIGHWAY","","Standalone","","","30 Jun 2018"