"Date Time","Transaction Type","Card Number","Vehicle Number","Driver Card Number","Product Type","Billing Type","Transaction Volume (Litres)","Transaction Amount (RM)","Station Name","Odometer","Card Type","Cost Centre","Cost Centre Name","Statement Month"
"29/06/2018 18:20","Purchase","'70838153003727185","WXR 5328","","PRIMAX 95","Billed","22.73","50.00","PSS PERDA BUKIT MERTAJAM","","Standalone","","","30 Jun 2018"
"29/06/2018 18:18","Reload","'70838153003727185","WXR 5328","","","Billed","","-100.00","PSS PERDA BUKIT MERTAJAM","","Standalone","","","30 Jun 2018"
"22/06/2018 15:07","Purchase","'70838153003727185","WXR 5328","","PRIMAX 95","Billed","14.03","30.87","PSS TAPAH ARAH UTARA","","Standalone","","","30 Jun 2018"
"22/06/2018 10:55","Purchase","'70838153003727185","WXR 5328","","PRIMAX 95","Billed","22.73","50.00","PSS REMBIA","","Standalone","","","30 Jun 2018"
"19/06/2018 16:31","Purchase","'70838153003727185","WXR 5328","","PRIMAX 95","Billed","18.18","40.00","PSS JALAN GAMBANG","","Standalone","","","30 Jun 2018"
"18/06/2018 22:18","Purchase","'70838153003727185","WXR 5328","","PRIMAX 95","Billed","27.27","60.00","PSS PEKAN BANDAR DIRAJA","","Standalone","","","30 Jun 2018"
"16/06/2018 22:55","Purchase","'70838153003727185","WXR 5328","","PRIMAX 95","Billed","27.27","60.00","PSS PETRONAS KARAK REST","","Standalone","","","30 Jun 2018"
"16/06/2018 22:51","Reload","'70838153003727185","WXR 5328","","","Billed","","-200.00","PSS PETRONAS KARAK REST","","Standalone","","","30 Jun 2018"
"13/06/2018 21:49","Purchase","'70838153003727185","WXR 5328","","PRIMAX 95","Billed","13.64","30.00","PSS PERDA BUKIT MERTAJAM","","Standalone","","","30 Jun 2018"
"08/06/2018 18:49","Purchase","'70838153003727185","WXR 5328","","PRIMAX 95","Billed","22.73","50.00","PSS BUKIT TENGAH SPT","","Standalone","","","30 Jun 2018"
"08/06/2018 18:48","Reload","'70838153003727185","WXR 5328","","","Billed","","-100.00","PSS BUKIT TENGAH SPT","","Standalone","","","30 Jun 2018"
"05/06/2018 11:49","Purchase","'70838153003727185","WXR 5328","","PRIMAX 97","Billed","20.25","50.00","PSS BUKIT TENGAH SPT","","Standalone","","","30 Jun 2018"