"Date Time","Transaction Type","Card Number","Vehicle Number","Driver Card Number","Product Type","Billing Type","Transaction Volume (Litres)","Transaction Amount (RM)","Station Name","Odometer","Card Type","Cost Centre","Cost Centre Name","Statement Month"
"30/06/2018 12:23","Purchase","'70838153003579156","WXR1004","","PRIMAX 95","Billed","2.21","4.85","PSS JLN AHMAD BADAWI","8779","Standalone","","","30 Jun 2018"
"29/06/2018 21:51","Purchase","'70838153003579156","WXR1004","","PRIMAX 95","Billed","3.35","7.37","PSS JLN AHMAD BADAWI","8779","Standalone","","","30 Jun 2018"
"27/06/2018 19:50","Reload","'70838153003579156","WXR1004","","","Billed","","-150.00","PSS JLN AHMAD BADAWI","","Standalone","","","30 Jun 2018"
"27/06/2018 19:46","Purchase","'70838153003579156","WXR1004","","PRIMAX 95","Billed","2.73","6.00","PSS JLN AHMAD BADAWI","8779","Standalone","","","30 Jun 2018"
"25/06/2018 20:13","Purchase","'70838153003579156","WXR1004","","PRIMAX 95","Billed","3.13","6.88","PSS JLN AHMAD BADAWI","8779","Standalone","","","30 Jun 2018"
"23/06/2018 19:34","Purchase","'70838153003579156","WXR1004","","PRIMAX 95","Billed","29.00","63.80","PSS SUNGAI LOKAN","8779","Standalone","","","30 Jun 2018"
"23/06/2018 19:32","Reload","'70838153003579156","WXR1004","","","Billed","","-90.00","PSS SUNGAI LOKAN","","Standalone","","","30 Jun 2018"
"21/06/2018 19:27","Purchase","'70838153003579156","WXR1004","","PRIMAX 95","Billed","2.53","5.56","PSS JLN AHMAD BADAWI","8779","Standalone","","","30 Jun 2018"
"20/06/2018 19:25","Purchase","'70838153003579156","WXR1004","","PRIMAX 95","Billed","2.61","5.75","PSS JLN AHMAD BADAWI","8779","Standalone","","","30 Jun 2018"
"18/06/2018 19:18","Purchase","'70838153003579156","WXR1004","","PRIMAX 95","Billed","3.03","6.66","PSS JLN AHMAD BADAWI","879","Standalone","","","30 Jun 2018"
"15/06/2018 17:30","Purchase","'70838153003579156","WXR1004","","PRIMAX 95","Billed","34.07","74.96","PSS SUNGAI LOKAN","8779","Standalone","","","30 Jun 2018"
"15/06/2018 17:29","Reload","'70838153003579156","WXR1004","","","Billed","","-100.00","PSS SUNGAI LOKAN","","Standalone","","","30 Jun 2018"
"14/06/2018 08:39","Purchase","'70838153003579156","WXR1004","","PRIMAX 95","Billed","16.24","35.73","PSS L/RAYA BWORTH-KULIM","8779","Standalone","","","30 Jun 2018"
"12/06/2018 18:58","Purchase","'70838153003579156","WXR1004","","PRIMAX 95","Billed","3.74","8.22","PSS JLN AHMAD BADAWI","879","Standalone","","","30 Jun 2018"
"09/06/2018 18:26","Purchase","'70838153003579156","WXR1004","","PRIMAX 95","Billed","2.29","5.03","PSS JLN AHMAD BADAWI","8779","Standalone","","","30 Jun 2018"
"07/06/2018 19:10","Purchase","'70838153003579156","WXR1004","","PRIMAX 95","Billed","2.74","6.02","PSS JLN AHMAD BADAWI","8779","Standalone","","","30 Jun 2018"
"06/06/2018 19:13","Reload","'70838153003579156","WXR1004","","","Billed","","-50.00","PSS JLN AHMAD BADAWI","","Standalone","","","30 Jun 2018"
"06/06/2018 19:08","Purchase","'70838153003579156","WXR1004","","PRIMAX 95","Billed","1.27","2.80","PSS JLN AHMAD BADAWI","8779","Standalone","","","30 Jun 2018"
"05/06/2018 19:02","Purchase","'70838153003579156","WXR1004","","PRIMAX 95","Billed","3.00","6.60","PSS JLN AHMAD BADAWI","8779","Standalone","","","30 Jun 2018"
"03/06/2018 06:40","Purchase","'70838153003579156","WXR1004","","PRIMAX 95","Billed","3.00","6.60","PSS BAYAN BARU","8779","Standalone","","","30 Jun 2018"