"Date Time","Transaction Type","Card Number","Vehicle Number","Driver Card Number","Product Type","Billing Type","Transaction Volume (Litres)","Transaction Amount (RM)","Station Name","Odometer","Card Type","Cost Centre","Cost Centre Name","Statement Month"
"19/06/2018 15:04","Purchase","'70838153003424387","WXR120","","PRIMAX 95","Billed","12.72","27.98","PSS KM 12.3 LEBUHRAYA PERSEKUTUAN","","Standalone","","","30 Jun 2018"
"18/06/2018 12:56","Purchase","'70838153003424387","WXR120","","PRIMAX 95","Billed","20.01","44.02","PSS JALAN 222 PETALING JAYA","","Standalone","","","30 Jun 2018"
"18/06/2018 12:55","Reload","'70838153003424387","WXR120","","","Billed","","-50.00","PSS JALAN 222 PETALING JAYA","","Standalone","","","30 Jun 2018"
"14/06/2018 11:06","Purchase","'70838153003424387","WXR120","","PRIMAX 95","Billed","8.18","18.00","PSS KESAS ARAH KELANG","","Standalone","","","30 Jun 2018"
"14/06/2018 11:03","Purchase","'70838153003424387","WXR120","","PRIMAX 95","Billed","6.82","15.00","PSS KESAS ARAH KELANG","","Standalone","","","30 Jun 2018"
"14/06/2018 11:01","Reload","'70838153003424387","WXR120","","","Billed","","-50.00","PSS KESAS ARAH KELANG","","Standalone","","","30 Jun 2018"
"05/06/2018 10:57","Purchase","'70838153003424387","WXR120","","PRIMAX 97","Billed","6.87","16.98","PSS GLENMARIE TTDI JAYA","","Standalone","","","30 Jun 2018"
"05/06/2018 10:53","Purchase","'70838153003424387","WXR120","","PRIMAX 95","Billed","15.01","33.02","PSS GLENMARIE TTDI JAYA","","Standalone","","","30 Jun 2018"
"05/06/2018 10:51","Reload","'70838153003424387","WXR120","","","Billed","","-50.00","PSS GLENMARIE TTDI JAYA","","Standalone","","","30 Jun 2018"
"01/06/2018 18:09","Purchase","'70838153003424387","WXR120","","PRIMAX 95","Billed","12.67","27.88","PSS BANDAR KELANG","","Standalone","","","30 Jun 2018"