"Date Time","Transaction Type","Card Number","Vehicle Number","Driver Card Number","Product Type","Billing Type","Transaction Volume (Litres)","Transaction Amount (RM)","Station Name","Odometer","Card Type","Cost Centre","Cost Centre Name","Statement Month"
"26/06/2018 14:25","Purchase","'70838153003498043","WXR613","","PRIMAX 95","Billed","11.21","24.66","PSS SENTUL","","Standalone","","","30 Jun 2018"
"22/06/2018 18:57","Purchase","'70838153003498043","WXR613","","PRIMAX 95","Billed","24.08","52.98","PSS MUKIM GALI","","Standalone","","","30 Jun 2018"
"22/06/2018 12:03","Purchase","'70838153003498043","WXR613","","PRIMAX 95","Billed","18.36","40.39","PSS MACHANG BYPASS","","Standalone","","","30 Jun 2018"
"21/06/2018 18:52","Purchase","'70838153003498043","WXR613","","PRIMAX 95","Billed","29.55","65.00","PSS PENGKALAN KUBOR","","Standalone","","","30 Jun 2018"
"17/06/2018 00:02","Purchase","'70838153003498043","WXR613","","PRIMAX 95","Billed","13.64","30.00","PSS KUSIAL","","Standalone","","","30 Jun 2018"
"16/06/2018 17:06","Purchase","'70838153003498043","WXR613","","PRIMAX 95","Billed","11.37","25.00","PSS GAMBANG RSA EAST","","Standalone","","","30 Jun 2018"
"16/06/2018 12:39","Purchase","'70838153003498043","WXR613","","PRIMAX 97","Billed","13.46","35.00","PSS TAMAN SAMUDERA BATU CAVES","","Standalone","","","30 Jun 2018"
"13/06/2018 16:31","Purchase","'70838153003498043","WXR613","","PRIMAX 95","Billed","31.82","70.00","PSS TAMAN SAMUDERA BATU CAVES","","Standalone","","","30 Jun 2018"
"13/06/2018 16:29","Reload","'70838153003498043","WXR613","","","Billed","","-350.00","PSS TAMAN SAMUDERA BATU CAVES","","Standalone","","","30 Jun 2018"
"08/06/2018 17:36","Purchase","'70838153003498043","WXR613","","PRIMAX 97","Billed","11.28","30.00","PSS TAMAN SAMUDERA BATU CAVES","","Standalone","","","30 Jun 2018"
"08/06/2018 17:34","Reload","'70838153003498043","WXR613","","","Billed","","-30.00","PSS TAMAN SAMUDERA BATU CAVES","","Standalone","","","30 Jun 2018"