"Date Time","Transaction Type","Card Number","Vehicle Number","Driver Card Number","Product Type","Billing Type","Transaction Volume (Litres)","Transaction Amount (RM)","Station Name","Odometer","Card Type","Cost Centre","Cost Centre Name","Statement Month"
"30/06/2018 12:19","Purchase","'70838153003423983","WXR21","","PRIMAX 95","Billed","22.74","50.03","PSS REMBAU","","Standalone","","","30 Jun 2018"
"27/06/2018 07:26","Purchase","'70838153003423983","WXR21","","PRIMAX 95","Billed","33.65","74.04","PSS REMBAU","","Standalone","","","30 Jun 2018"
"27/06/2018 07:24","Reload","'70838153003423983","WXR21","","","Billed","","-100.00","PSS REMBAU","","Standalone","","","30 Jun 2018"
"21/06/2018 21:22","Purchase","'70838153003423983","WXR21","","PRIMAX 95","Billed","33.19","73.01","PSS REMBAU","","Standalone","","","30 Jun 2018"
"17/06/2018 13:01","Purchase","'70838153003423983","WXR21","","PRIMAX 95","Billed","34.55","76.00","PSS REMBAU","","Standalone","","","30 Jun 2018"
"10/06/2018 13:15","Purchase","'70838153003423983","WXR21","","PRIMAX 95","Billed","34.09","75.00","PSS REMBAU","","Standalone","","","30 Jun 2018"
"09/06/2018 22:40","Reload","'70838153003423983","WXR21","","","Billed","","-200.00","PSS REMBAU","","Standalone","","","30 Jun 2018"
"07/06/2018 07:16","Purchase","'70838153003423983","WXR21","","PRIMAX 95","Billed","22.73","50.00","PSS REMBAU","","Standalone","","","30 Jun 2018"
"03/06/2018 18:09","Purchase","'70838153003423983","WXR21","","PRIMAX 95","Billed","31.84","70.04","PSS REMBAU","","Standalone","","","30 Jun 2018"