"Date Time","Transaction Type","Card Number","Vehicle Number","Driver Card Number","Product Type","Billing Type","Transaction Volume (Litres)","Transaction Amount (RM)","Station Name","Odometer","Card Type","Cost Centre","Cost Centre Name","Statement Month"
"30/06/2018 10:30","Purchase","'70838153003424189","WXR297","","PRIMAX 95","Un-billed","11.36","25.00","PSS TAMAN KLANG UTAMA","","Standalone","","","Unbilled Transaction"
"30/06/2018 10:29","Reload","'70838153003424189","WXR297","","","Billed","","-50.00","PSS TAMAN KLANG UTAMA","","Standalone","","","30 Jun 2018"
"29/06/2018 10:14","Purchase","'70838153003424189","WXR297","","PRIMAX 95","Billed","9.09","20.00","PSS TAMAN KLANG UTAMA","","Standalone","","","30 Jun 2018"
"27/06/2018 08:17","Purchase","'70838153003424189","WXR297","","PRIMAX 95","Billed","45.46","100.00","PSS TAMAN SUNGAI KAPAR INDAH","","Standalone","","","30 Jun 2018"
"27/06/2018 08:15","Reload","'70838153003424189","WXR297","","","Billed","","-100.00","PSS TAMAN SUNGAI KAPAR INDAH","","Standalone","","","30 Jun 2018"
"26/06/2018 22:04","Purchase","'70838153003424189","WXR297","","PRIMAX 95","Billed","9.09","20.00","PSS TAMAN KLANG UTAMA","","Standalone","","","30 Jun 2018"
"24/06/2018 21:16","Purchase","'70838153003424189","WXR297","","PRIMAX 95","Billed","57.43","126.35","PSS BT 2 1/2 JALAN KAPAR","","Standalone","","","30 Jun 2018"
"24/06/2018 21:14","Reload","'70838153003424189","WXR297","","","Billed","","-150.00","PSS BT 2 1/2 JALAN KAPAR","","Standalone","","","30 Jun 2018"
"21/06/2018 14:25","Purchase","'70838153003424189","WXR297","","PRIMAX 95","Billed","6.82","15.00","PSS AIR KEROH RSA NORTH BOUND","","Standalone","","","30 Jun 2018"
"21/06/2018 14:23","Purchase","'70838153003424189","WXR297","","PRIMAX 95","Billed","13.64","30.00","PSS AIR KEROH RSA NORTH BOUND","","Standalone","","","30 Jun 2018"
"21/06/2018 14:22","Reload","'70838153003424189","WXR297","","","Billed","","-50.00","PSS AIR KEROH RSA NORTH BOUND","","Standalone","","","30 Jun 2018"
"20/06/2018 13:31","Purchase","'70838153003424189","WXR297","","PRIMAX 95","Billed","15.91","35.00","PSS PEKAN NENAS","","Standalone","","","30 Jun 2018"
"17/06/2018 16:53","Purchase","'70838153003424189","WXR297","","PRIMAX 95","Billed","22.04","48.50","PSS TAMAN KLANG UTAMA","","Standalone","","","30 Jun 2018"
"12/06/2018 11:52","Purchase","'70838153003424189","WXR297","","PRIMAX 95","Billed","4.55","10.00","PSS TAMAN SUNGAI KAPAR INDAH","","Standalone","","","30 Jun 2018"
"12/06/2018 11:51","Reload","'70838153003424189","WXR297","","","Billed","","-100.00","PSS TAMAN SUNGAI KAPAR INDAH","","Standalone","","","30 Jun 2018"
"09/06/2018 12:01","Purchase","'70838153003424189","WXR297","","PRIMAX 95","Billed","9.09","20.00","PSS TAMAN KLANG UTAMA","","Standalone","","","30 Jun 2018"
"06/06/2018 08:21","Purchase","'70838153003424189","WXR297","","PRIMAX 95","Billed","54.55","120.00","PSS TAMAN SUNGAI KAPAR INDAH","","Standalone","","","30 Jun 2018"
"06/06/2018 08:16","Reload","'70838153003424189","WXR297","","","Billed","","-130.00","PSS TAMAN SUNGAI KAPAR INDAH","","Standalone","","","30 Jun 2018"