"Date Time","Transaction Type","Card Number","Vehicle Number","Driver Card Number","Product Type","Billing Type","Transaction Volume (Litres)","Transaction Amount (RM)","Station Name","Odometer","Card Type","Cost Centre","Cost Centre Name","Statement Month"
"16/06/2018 22:37","Reload","'70838153003500244","WXR930","","","Billed","","-600.00","PSS KOTA DAMANSARA","","Standalone","","","30 Jun 2018"
"16/06/2018 22:36","Purchase","'70838153003500244","WXR930","","PRIMAX 97","Billed","37.31","97.00","PSS KOTA DAMANSARA","","Standalone","","","30 Jun 2018"
"13/06/2018 17:47","Purchase","'70838153003500244","WXR930","","PRIMAX 97","Billed","32.71","87.00","PSS SRI DAMANSARA","9","Standalone","","","30 Jun 2018"
"09/06/2018 22:42","Purchase","'70838153003500244","WXR930","","PRIMAX 95","Billed","16.86","37.09","PSS JALAN JELATEK 2","","Standalone","","","30 Jun 2018"
"09/06/2018 06:26","Reload","'70838153003500244","WXR930","","","Billed","","-500.00","PSS KOTA DAMANSARA 2","","Standalone","","","30 Jun 2018"
"09/06/2018 06:25","Purchase","'70838153003500244","WXR930","","PRIMAX 97","Billed","50.79","135.09","PSS KOTA DAMANSARA 2","","Standalone","","","30 Jun 2018"
"01/06/2018 17:24","Purchase","'70838153003500244","WXR930","","PRIMAX 97","Billed","21.23","52.44","PSS KOTA DAMANSARA","9","Standalone","","","30 Jun 2018"