"Date Time","Transaction Type","Card Number","Vehicle Number","Driver Card Number","Product Type","Billing Type","Transaction Volume (Litres)","Transaction Amount (RM)","Station Name","Odometer","Card Type","Cost Centre","Cost Centre Name","Statement Month"
"30/06/2018 12:50","Purchase","'70838153003497276","WXR586","","PRIMAX 95","Billed","31.82","70.00","PSS BATU FERINGGI","","Standalone","","","30 Jun 2018"
"30/06/2018 12:49","Reload","'70838153003497276","WXR586","","","Billed","","-70.00","PSS BATU FERINGGI","","Standalone","","","30 Jun 2018"
"28/06/2018 09:50","Purchase","'70838153003497276","WXR586","","PRIMAX 95","Billed","31.82","70.00","PSS BAYAN BARU","","Standalone","","","30 Jun 2018"
"28/06/2018 09:49","Reload","'70838153003497276","WXR586","","","Billed","","-70.00","PSS BAYAN BARU","","Standalone","","","30 Jun 2018"
"26/06/2018 19:05","Purchase","'70838153003497276","WXR586","","PRIMAX 95","Billed","31.82","70.00","PSS TANJONG TOKONG","","Standalone","","","30 Jun 2018"
"26/06/2018 19:03","Reload","'70838153003497276","WXR586","","","Billed","","-70.00","PSS TANJONG TOKONG","","Standalone","","","30 Jun 2018"
"25/06/2018 09:23","Purchase","'70838153003497276","WXR586","","PRIMAX 95","Billed","31.82","70.00","PSS BAYAN BARU","","Standalone","","","30 Jun 2018"
"25/06/2018 09:22","Reload","'70838153003497276","WXR586","","","Billed","","-70.00","PSS BAYAN BARU","","Standalone","","","30 Jun 2018"
"23/06/2018 20:32","Purchase","'70838153003497276","WXR586","","PRIMAX 95","Billed","31.82","70.00","PSS BATU FERINGGI","","Standalone","","","30 Jun 2018"
"23/06/2018 20:31","Reload","'70838153003497276","WXR586","","","Billed","","-70.00","PSS BATU FERINGGI","","Standalone","","","30 Jun 2018"
"22/06/2018 17:59","Purchase","'70838153003497276","WXR586","","PRIMAX 95","Billed","27.27","60.00","PSS BATU FERINGGI","","Standalone","","","30 Jun 2018"
"22/06/2018 17:58","Reload","'70838153003497276","WXR586","","","Billed","","-60.00","PSS BATU FERINGGI","","Standalone","","","30 Jun 2018"
"21/06/2018 12:21","Purchase","'70838153003497276","WXR586","","PRIMAX 95","Billed","27.27","60.00","PSS BATU FERINGGI","","Standalone","","","30 Jun 2018"
"21/06/2018 12:20","Reload","'70838153003497276","WXR586","","","Billed","","-60.00","PSS BATU FERINGGI","","Standalone","","","30 Jun 2018"
"19/06/2018 22:37","Purchase","'70838153003497276","WXR586","","PRIMAX 95","Billed","27.27","60.00","PSS BAYAN BARU","","Standalone","","","30 Jun 2018"
"19/06/2018 22:36","Reload","'70838153003497276","WXR586","","","Billed","","-60.00","PSS BAYAN BARU","","Standalone","","","30 Jun 2018"
"19/06/2018 00:25","Purchase","'70838153003497276","WXR586","","PRIMAX 95","Billed","31.26","68.77","PSS TAMAN RIA SG PETANI","","Standalone","","","30 Jun 2018"
"19/06/2018 00:24","Reload","'70838153003497276","WXR586","","","Billed","","-60.00","PSS TAMAN RIA SG PETANI","","Standalone","","","30 Jun 2018"
"17/06/2018 15:37","Purchase","'70838153003497276","WXR586","","PRIMAX 95","Billed","22.73","50.00","PSS SUNGAI BAKAP SPS","","Standalone","","","30 Jun 2018"
"17/06/2018 15:34","Reload","'70838153003497276","WXR586","","","Billed","","-50.00","PSS SUNGAI BAKAP SPS","","Standalone","","","30 Jun 2018"
"17/06/2018 08:43","Purchase","'70838153003497276","WXR586","","PRIMAX 95","Billed","31.82","70.00","PSS BAYAN BARU","","Standalone","","","30 Jun 2018"
"17/06/2018 08:41","Reload","'70838153003497276","WXR586","","","Billed","","-60.00","PSS BAYAN BARU","","Standalone","","","30 Jun 2018"
"15/06/2018 15:32","Purchase","'70838153003497276","WXR586","","PRIMAX 95","Billed","31.82","70.00","PSS BAYAN BARU","","Standalone","","","30 Jun 2018"
"15/06/2018 15:30","Reload","'70838153003497276","WXR586","","","Billed","","-70.00","PSS BAYAN BARU","","Standalone","","","30 Jun 2018"
"13/06/2018 12:33","Purchase","'70838153003497276","WXR586","","PRIMAX 95","Billed","31.82","70.00","PSS BATU FERINGGI","","Standalone","","","30 Jun 2018"
"13/06/2018 12:32","Reload","'70838153003497276","WXR586","","","Billed","","-70.00","PSS BATU FERINGGI","","Standalone","","","30 Jun 2018"
"11/06/2018 11:01","Purchase","'70838153003497276","WXR586","","PRIMAX 95","Billed","31.83","70.02","PSS SIMPANG PULAI LOJING","","Standalone","","","30 Jun 2018"
"10/06/2018 15:40","Purchase","'70838153003497276","WXR586","","PRIMAX 95","Billed","31.82","70.00","PSS BAYAN BARU","","Standalone","","","30 Jun 2018"
"10/06/2018 15:38","Reload","'70838153003497276","WXR586","","","Billed","","-150.00","PSS BAYAN BARU","","Standalone","","","30 Jun 2018"
"08/06/2018 17:55","Purchase","'70838153003497276","WXR586","","PRIMAX 95","Billed","27.27","60.00","PSS BALIK PULAU 2 (LOT 106)","","Standalone","","","30 Jun 2018"
"08/06/2018 17:54","Reload","'70838153003497276","WXR586","","","Billed","","-50.00","PSS BALIK PULAU 2 (LOT 106)","","Standalone","","","30 Jun 2018"
"06/06/2018 21:30","Purchase","'70838153003497276","WXR586","","PRIMAX 95","Billed","27.27","60.00","PSS TANJONG TOKONG","","Standalone","","","30 Jun 2018"
"06/06/2018 21:28","Reload","'70838153003497276","WXR586","","","Billed","","-50.00","PSS TANJONG TOKONG","","Standalone","","","30 Jun 2018"
"05/06/2018 09:45","Purchase","'70838153003497276","WXR586","","PRIMAX 95","Billed","22.73","50.00","PSS SIMPANG PULAI LOJING","","Standalone","","","30 Jun 2018"
"05/06/2018 09:43","Reload","'70838153003497276","WXR586","","","Billed","","-50.00","PSS SIMPANG PULAI LOJING","","Standalone","","","30 Jun 2018"
"04/06/2018 16:38","Purchase","'70838153003497276","WXR586","","PRIMAX 95","Billed","41.33","90.93","PSS Lot 7159 Sungai Dua","","Standalone","","","30 Jun 2018"
"04/06/2018 16:35","Reload","'70838153003497276","WXR586","","","Billed","","-100.00","PSS Lot 7159 Sungai Dua","","Standalone","","","30 Jun 2018"
"02/06/2018 15:35","Purchase","'70838153003497276","WXR586","","PRIMAX 95","Billed","31.82","70.00","PSS BAYAN BARU","","Standalone","","","30 Jun 2018"
"02/06/2018 15:34","Reload","'70838153003497276","WXR586","","","Billed","","-70.00","PSS BAYAN BARU","","Standalone","","","30 Jun 2018"
"02/06/2018 11:31","Purchase","'70838153003497276","WXR586","","PRIMAX 95","Billed","22.73","50.00","PSS BAYAN BARU","","Standalone","","","30 Jun 2018"
"02/06/2018 11:29","Reload","'70838153003497276","WXR586","","","Billed","","-50.00","PSS BAYAN BARU","","Standalone","","","30 Jun 2018"