"Date Time","Transaction Type","Card Number","Vehicle Number","Driver Card Number","Product Type","Billing Type","Transaction Volume (Litres)","Transaction Amount (RM)","Station Name","Odometer","Card Type","Cost Centre","Cost Centre Name","Statement Month"
"29/06/2018 20:21","Purchase","'70838153003498498","WXR870","","PRIMAX 97","Billed","20.00","50.00","PSS TAMAN DAYA","","Standalone","","","30 Jun 2018"
"29/06/2018 20:20","Reload","'70838153003498498","WXR870","","","Billed","","-100.00","PSS TAMAN DAYA","","Standalone","","","30 Jun 2018"
"25/06/2018 07:08","Purchase","'70838153003498498","WXR870","","PRIMAX 97","Billed","19.31","50.00","PSS TAMAN DAYA","","Standalone","","","30 Jun 2018"
"25/06/2018 07:06","Reload","'70838153003498498","WXR870","","","Billed","","-50.00","PSS TAMAN DAYA","","Standalone","","","30 Jun 2018"
"20/06/2018 08:33","Purchase","'70838153003498498","WXR870","","PRIMAX 97","Billed","43.03","111.87","PSS TASEK","","Standalone","","","30 Jun 2018"
"20/06/2018 08:31","Reload","'70838153003498498","WXR870","","","Billed","","-100.00","PSS TASEK","","Standalone","","","30 Jun 2018"
"16/06/2018 17:04","Purchase","'70838153003498498","WXR870","","PRIMAX 97","Billed","19.23","50.00","PSS TASEK","","Standalone","","","30 Jun 2018"
"16/06/2018 17:02","Reload","'70838153003498498","WXR870","","","Billed","","-50.00","PSS TASEK","","Standalone","","","30 Jun 2018"
"13/06/2018 20:34","Purchase","'70838153003498498","WXR870","","PRIMAX 97","Billed","45.14","120.06","PSS TAMAN DAYA","","Standalone","","","30 Jun 2018"
"13/06/2018 20:31","Reload","'70838153003498498","WXR870","","","Billed","","-150.00","PSS TAMAN DAYA","","Standalone","","","30 Jun 2018"