"Date Time","Transaction Type","Card Number","Vehicle Number","Driver Card Number","Product Type","Billing Type","Transaction Volume (Litres)","Transaction Amount (RM)","Station Name","Odometer","Card Type","Cost Centre","Cost Centre Name","Statement Month"
"30/06/2018 20:23","Purchase","'70838153003501234","WXR985","","PRIMAX 95","Billed","20.00","44.00","PSS TAMAN DAYA KEPONG","","Standalone","","","30 Jun 2018"
"30/06/2018 20:22","Reload","'70838153003501234","WXR985","","","Billed","","-100.00","PSS TAMAN DAYA KEPONG","","Standalone","","","30 Jun 2018"
"29/06/2018 12:02","Purchase","'70838153003501234","WXR985","","PRIMAX 95","Billed","25.00","55.00","PSS JALAN MAAROF","","Standalone","","","30 Jun 2018"
"27/06/2018 18:18","Purchase","'70838153003501234","WXR985","","PRIMAX 95","Billed","20.00","44.00","PSS JALAN MAAROF","","Standalone","","","30 Jun 2018"
"27/06/2018 18:16","Reload","'70838153003501234","WXR985","","","Billed","","-100.00","PSS JALAN MAAROF","","Standalone","","","30 Jun 2018"
"25/06/2018 23:03","Purchase","'70838153003501234","WXR985","","PRIMAX 95","Billed","20.00","44.00","PSS JALAN JAMBU JERTEH","","Standalone","","","30 Jun 2018"
"25/06/2018 14:16","Purchase","'70838153003501234","WXR985","","PRIMAX 95","Billed","20.00","44.00","PSS JALAN JAMBU JERTEH","","Standalone","","","30 Jun 2018"
"25/06/2018 14:14","Reload","'70838153003501234","WXR985","","","Billed","","-50.00","PSS JALAN JAMBU JERTEH","","Standalone","","","30 Jun 2018"
"24/06/2018 16:52","Reload","'70838153003501234","WXR985","","","Billed","","-50.00","PSS JALAN JAMBU JERTEH","","Standalone","","","30 Jun 2018"
"24/06/2018 01:02","Purchase","'70838153003501234","WXR985","","PRIMAX 95","Billed","22.01","48.42","PSS BATU 6 JALAN IPOH","","Standalone","","","30 Jun 2018"
"22/06/2018 19:50","Purchase","'70838153003501234","WXR985","","PRIMAX 95","Billed","30.00","66.00","PSS SRI HARTAMAS","","Standalone","","","30 Jun 2018"
"21/06/2018 17:43","Purchase","'70838153003501234","WXR985","","PRIMAX 95","Billed","20.00","44.00","PSS KLIA 1","","Standalone","","","30 Jun 2018"
"20/06/2018 11:26","Purchase","'70838153003501234","WXR985","","PRIMAX 95","Billed","20.00","44.00","PSS JINJANG","","Standalone","","","30 Jun 2018"
"18/06/2018 18:31","Purchase","'70838153003501234","WXR985","","PRIMAX 95","Billed","18.18","40.00","PSS TAMAN SRI GOMBAK","","Standalone","","","30 Jun 2018"
"18/06/2018 18:28","Reload","'70838153003501234","WXR985","","","Billed","","-200.00","PSS TAMAN SRI GOMBAK","","Standalone","","","30 Jun 2018"
"17/06/2018 15:43","Purchase","'70838153003501234","WXR985","","PRIMAX 95","Billed","25.00","55.00","PSS BATU 6 JALAN IPOH","","Standalone","","","30 Jun 2018"
"17/06/2018 10:30","Purchase","'70838153003501234","WXR985","","PRIMAX 95","Billed","25.00","55.00","PSS JLN KUCHING","","Standalone","","","30 Jun 2018"
"17/06/2018 10:25","Reload","'70838153003501234","WXR985","","","Billed","","-100.00","PSS JLN KUCHING","","Standalone","","","30 Jun 2018"
"16/06/2018 08:56","Purchase","'70838153003501234","WXR985","","PRIMAX 95","Billed","25.00","55.00","PSS JLN KUCHING","","Standalone","","","30 Jun 2018"
"16/06/2018 08:53","Reload","'70838153003501234","WXR985","","","Billed","","-100.00","PSS JLN KUCHING","","Standalone","","","30 Jun 2018"
"14/06/2018 16:25","Purchase","'70838153003501234","WXR985","","PRIMAX 95","Billed","25.00","55.00","PSS BATU 6 JALAN IPOH","","Standalone","","","30 Jun 2018"
"14/06/2018 06:45","Purchase","'70838153003501234","WXR985","","PRIMAX 95","Billed","15.00","33.00","PSS JLN KUCHING","","Standalone","","","30 Jun 2018"
"13/06/2018 19:09","Purchase","'70838153003501234","WXR985","","PRIMAX 95","Billed","20.00","44.00","PSS KLIA 1","","Standalone","","","30 Jun 2018"
"13/06/2018 19:07","Reload","'70838153003501234","WXR985","","","Billed","","-100.00","PSS KLIA 1","","Standalone","","","30 Jun 2018"
"12/06/2018 19:44","Purchase","'70838153003501234","WXR985","","PRIMAX 95","Billed","25.00","55.00","PSS JALAN MAAROF","","Standalone","","","30 Jun 2018"
"10/06/2018 22:41","Purchase","'70838153003501234","WXR985","","PRIMAX 95","Billed","25.00","55.00","PSS JALAN JAMBU JERTEH","","Standalone","","","30 Jun 2018"
"10/06/2018 22:39","Reload","'70838153003501234","WXR985","","","Billed","","-100.00","PSS JALAN JAMBU JERTEH","","Standalone","","","30 Jun 2018"
"09/06/2018 23:09","Purchase","'70838153003501234","WXR985","","PRIMAX 95","Billed","25.00","55.00","PSS JALAN JAMBU JERTEH","","Standalone","","","30 Jun 2018"
"07/06/2018 23:42","Purchase","'70838153003501234","WXR985","","PRIMAX 95","Billed","25.00","55.00","PSS BATU 5 1/2 JALAN CHERAS","","Standalone","","","30 Jun 2018"
"07/06/2018 23:38","Reload","'70838153003501234","WXR985","","","Billed","","-100.00","PSS BATU 5 1/2 JALAN CHERAS","","Standalone","","","30 Jun 2018"
"06/06/2018 20:51","Purchase","'70838153003501234","WXR985","","PRIMAX 95","Billed","20.00","44.00","PSS JALAN GENTING KLANG 2","","Standalone","","","30 Jun 2018"
"02/06/2018 22:23","Purchase","'70838153003501234","WXR985","","PRIMAX 95","Billed","30.00","66.00","PSS LT911 ULU KLANG MRR2","","Standalone","","","30 Jun 2018"
"01/06/2018 17:11","Purchase","'70838153003501234","WXR985","","PRIMAX 95","Billed","25.00","55.00","PSS JINJANG","","Standalone","","","30 Jun 2018"
"01/06/2018 17:10","Reload","'70838153003501234","WXR985","","","Billed","","-200.00","PSS JINJANG","","Standalone","","","30 Jun 2018"