"Date Time","Transaction Type","Card Number","Vehicle Number","Driver Card Number","Product Type","Billing Type","Transaction Volume (Litres)","Transaction Amount (RM)","Station Name","Odometer","Card Type","Cost Centre","Cost Centre Name","Statement Month"
"24/06/2018 20:58","Purchase","'70838153003721816","WXR 5455","","PRIMAX 95","Billed","54.57","120.04","PSS WANGSA MELAWATI","","Standalone","","","30 Jun 2018"
"24/06/2018 20:57","Reload","'70838153003721816","WXR 5455","","","Billed","","-100.00","PSS WANGSA MELAWATI","","Standalone","","","30 Jun 2018"
"22/06/2018 15:59","Purchase","'70838153003721816","WXR 5455","","PRIMAX 95","Billed","45.00","99.00","PSS BANDAR PERMAISURI","","Standalone","","","30 Jun 2018"
"22/06/2018 15:58","Reload","'70838153003721816","WXR 5455","","","Billed","","-150.00","PSS BANDAR PERMAISURI","","Standalone","","","30 Jun 2018"
"20/06/2018 10:33","Purchase","'70838153003721816","WXR 5455","","PRIMAX 95","Billed","46.83","103.03","PSS BANDAR JERTEH","","Standalone","","","30 Jun 2018"
"17/06/2018 14:40","Purchase","'70838153003721816","WXR 5455","","PRIMAX 95","Billed","45.45","100.00","PSS BANDAR JERTEH","","Standalone","","","30 Jun 2018"
"17/06/2018 14:33","Reload","'70838153003721816","WXR 5455","","","Billed","","-200.00","PSS BANDAR JERTEH","","Standalone","","","30 Jun 2018"
"08/06/2018 22:46","Purchase","'70838153003721816","WXR 5455","","PRIMAX 97","Billed","33.84","90.00","PSS MRR2 ARAH KEPONG","","Standalone","","","30 Jun 2018"
"08/06/2018 22:43","Reload","'70838153003721816","WXR 5455","","","Billed","","-100.00","PSS MRR2 ARAH KEPONG","","Standalone","","","30 Jun 2018"