"Date Time","Transaction Type","Card Number","Vehicle Number","Driver Card Number","Product Type","Billing Type","Transaction Volume (Litres)","Transaction Amount (RM)","Station Name","Odometer","Card Type","Cost Centre","Cost Centre Name","Statement Month"
"26/06/2018 17:24","Purchase","'70838153003497417","WXR845","","PRIMAX 95","Billed","27.00","59.40","PSS KANGAR","12355","Standalone","","","30 Jun 2018"
"26/06/2018 17:23","Reload","'70838153003497417","WXR845","","","Billed","","-50.00","PSS KANGAR","","Standalone","","","30 Jun 2018"
"22/06/2018 13:46","Purchase","'70838153003497417","WXR845","","PRIMAX 95","Billed","40.73","89.60","PSS RAWANG RSA","125560","Standalone","","","30 Jun 2018"
"19/06/2018 11:29","Purchase","'70838153003497417","WXR845","","PRIMAX 95","Billed","45.46","100.01","PSS KARAK","21100","Standalone","","","30 Jun 2018"
"16/06/2018 08:41","Purchase","'70838153003497417","WXR845","","PRIMAX 95","Billed","45.46","100.00","PSS MUKIM ARAU","","Standalone","","","30 Jun 2018"
"14/06/2018 13:13","Reload","'70838153003497417","WXR845","","","Billed","","-300.00","PSS KANGAR","","Standalone","","","30 Jun 2018"