"Date Time","Transaction Type","Card Number","Vehicle Number","Driver Card Number","Product Type","Billing Type","Transaction Volume (Litres)","Transaction Amount (RM)","Station Name","Odometer","Card Type","Cost Centre","Cost Centre Name","Statement Month"
"26/06/2018 08:39","Purchase","'70838153003499744","WXR921","","PRIMAX 95","Billed","6.82","15.00","PSS NILAI PAJAM","","Standalone","","","30 Jun 2018"
"26/06/2018 08:38","Reload","'70838153003499744","WXR921","","","Billed","","-15.00","PSS NILAI PAJAM","","Standalone","","","30 Jun 2018"
"21/06/2018 08:34","Purchase","'70838153003499744","WXR921","","PRIMAX 95","Billed","9.09","20.00","PSS NILAI PAJAM","","Standalone","","","30 Jun 2018"
"21/06/2018 08:32","Reload","'70838153003499744","WXR921","","","Billed","","-20.00","PSS NILAI PAJAM","","Standalone","","","30 Jun 2018"
"10/06/2018 08:30","Purchase","'70838153003499744","WXR921","","PRIMAX 95","Billed","11.82","26.00","PSS NILAI PAJAM","","Standalone","","","30 Jun 2018"
"10/06/2018 08:29","Reload","'70838153003499744","WXR921","","","Billed","","-20.00","PSS NILAI PAJAM","","Standalone","","","30 Jun 2018"
"09/06/2018 11:52","Purchase","'70838153003499744","WXR921","","PRIMAX 95","Billed","13.64","30.00","PSS NILAI PAJAM","","Standalone","","","30 Jun 2018"
"09/06/2018 11:50","Reload","'70838153003499744","WXR921","","","Billed","","-30.00","PSS NILAI PAJAM","","Standalone","","","30 Jun 2018"
"07/06/2018 08:54","Purchase","'70838153003499744","WXR921","","PRIMAX 95","Billed","9.09","20.00","PSS NILAI PAJAM","","Standalone","","","30 Jun 2018"
"07/06/2018 08:53","Reload","'70838153003499744","WXR921","","","Billed","","-20.00","PSS NILAI PAJAM","","Standalone","","","30 Jun 2018"
"02/06/2018 12:12","Purchase","'70838153003499744","WXR921","","PRIMAX 95","Billed","9.09","20.00","PSS NILAI PAJAM","","Standalone","","","30 Jun 2018"
"02/06/2018 12:11","Reload","'70838153003499744","WXR921","","","Billed","","-20.00","PSS NILAI PAJAM","","Standalone","","","30 Jun 2018"
"01/06/2018 17:05","Purchase","'70838153003499744","WXR921","","PRIMAX 95","Billed","13.64","30.00","PSS RAWAT & REHAT (U) SBAN-KL","","Standalone","","","30 Jun 2018"
"01/06/2018 17:04","Reload","'70838153003499744","WXR921","","","Billed","","-30.00","PSS RAWAT & REHAT (U) SBAN-KL","","Standalone","","","30 Jun 2018"
"01/06/2018 10:46","Purchase","'70838153003499744","WXR921","","PRIMAX 95","Billed","22.73","50.00","PSS RAWAT & REHAT(S) KL- SEREMBAN","","Standalone","","","30 Jun 2018"
"01/06/2018 10:45","Reload","'70838153003499744","WXR921","","","Billed","","-50.00","PSS RAWAT & REHAT(S) KL- SEREMBAN","","Standalone","","","30 Jun 2018"