"Date Time","Transaction Type","Card Number","Vehicle Number","Driver Card Number","Product Type","Billing Type","Transaction Volume (Litres)","Transaction Amount (RM)","Station Name","Odometer","Card Type","Cost Centre","Cost Centre Name","Statement Month"
"27/06/2018 11:40","Purchase","'70838153003500681","WXR512","","PRIMAX 95","Billed","22.73","50.00","PSS KUAH LANGKAWI","","Standalone","","","30 Jun 2018"
"27/06/2018 11:37","Reload","'70838153003500681","WXR512","","","Billed","","-200.00","PSS KUAH LANGKAWI","","Standalone","","","30 Jun 2018"
"26/06/2018 08:58","Purchase","'70838153003500681","WXR512","","Diesel","Billed","56.00","122.09","PSS KELEBANG LANGKAWI","","Standalone","","","30 Jun 2018"
"25/06/2018 10:07","Reload","'70838153003500681","WXR512","","","Billed","","-100.00","PSS TOK SENIK","","Standalone","","","30 Jun 2018"
"25/06/2018 10:04","Purchase","'70838153003500681","WXR512","","PRIMAX 95","Billed","32.89","72.35","PSS TOK SENIK","","Standalone","","","30 Jun 2018"
"18/06/2018 09:37","Purchase","'70838153003500681","WXR512","","PRIMAX 95","Billed","40.58","89.27","PSS TAMAN BERTAM","","Standalone","","","30 Jun 2018"
"17/06/2018 12:06","Purchase","'70838153003500681","WXR512","","PRIMAX 95","Billed","29.44","64.76","PSS SIMPANG EMPAT","","Standalone","","","30 Jun 2018"
"15/06/2018 11:21","Purchase","'70838153003500681","WXR512","","PRIMAX 95","Billed","48.05","105.70","PSS TAMPIN","","Standalone","","","30 Jun 2018"
"14/06/2018 10:21","Purchase","'70838153003500681","WXR512","","PRIMAX 95","Billed","26.59","58.48","PSS TAMAN BERTAM","","Standalone","","","30 Jun 2018"
"09/06/2018 09:01","Reload","'70838153003500681","WXR512","","","Billed","","-200.00","PSS KELEBANG LANGKAWI","","Standalone","","","30 Jun 2018"