"Date Time","Transaction Type","Card Number","Vehicle Number","Driver Card Number","Product Type","Billing Type","Transaction Volume (Litres)","Transaction Amount (RM)","Station Name","Odometer","Card Type","Cost Centre","Cost Centre Name","Statement Month"
"29/06/2018 02:51","Purchase","'70838153003677281","WXR 2238","","PRIMAX 95","Billed","38.39","84.47","PSS TUN PERAK","189804","Standalone","","","30 Jun 2018"
"29/06/2018 02:51","Reload","'70838153003677281","WXR 2238","","","Billed","","-300.00","PSS TUN PERAK","","Standalone","","","30 Jun 2018"
"25/06/2018 07:32","Purchase","'70838153003677281","WXR 2238","","PRIMAX 95","Billed","42.36","93.19","PSS MUKIM BACHANG","189460","Standalone","","","30 Jun 2018"
"20/06/2018 14:54","Purchase","'70838153003677281","WXR 2238","","PRIMAX 95","Billed","24.68","54.29","PSS BUKIT BARU 2","189057","Standalone","","","30 Jun 2018"
"16/06/2018 13:52","Purchase","'70838153003677281","WXR 2238","","PRIMAX 95","Billed","27.01","59.43","PSS AYER KEROH 3","188841","Standalone","","","30 Jun 2018"
"14/06/2018 20:34","Purchase","'70838153003677281","WXR 2238","","PRIMAX 95","Billed","40.05","88.12","PSS LEBUH AMJ BALAI PANJANG","188568","Standalone","","","30 Jun 2018"
"14/06/2018 20:32","Reload","'70838153003677281","WXR 2238","","","Billed","","-300.00","PSS LEBUH AMJ BALAI PANJANG","","Standalone","","","30 Jun 2018"
"06/06/2018 07:39","Purchase","'70838153003677281","WXR 2238","","PRIMAX 95","Billed","31.70","69.73","PSS DURIAN TUNGGAL","187541","Standalone","","","30 Jun 2018"
"02/06/2018 22:19","Purchase","'70838153003677281","WXR 2238","","PRIMAX 95","Billed","33.03","72.66","PSS LAKSAMANA CHENG HO","187167","Standalone","","","30 Jun 2018"
"02/06/2018 22:18","Reload","'70838153003677281","WXR 2238","","","Billed","","-100.00","PSS LAKSAMANA CHENG HO","","Standalone","","","30 Jun 2018"