"Date Time","Transaction Type","Card Number","Vehicle Number","Driver Card Number","Product Type","Billing Type","Transaction Volume (Litres)","Transaction Amount (RM)","Station Name","Odometer","Card Type","Cost Centre","Cost Centre Name","Statement Month"
"16/06/2018 12:10","Purchase","'70838153003728381","WXR 5660","","PRIMAX 97","Billed","11.54","30.00","PSS JERAM","","Standalone","","","30 Jun 2018"
"16/06/2018 12:09","Reload","'70838153003728381","WXR 5660","","","Billed","","-30.00","PSS JERAM","","Standalone","","","30 Jun 2018"
"14/06/2018 21:13","Purchase","'70838153003728381","WXR 5660","","PRIMAX 95","Billed","9.09","20.00","PSS ELITE HIGHWAY","","Standalone","","","30 Jun 2018"
"14/06/2018 21:11","Reload","'70838153003728381","WXR 5660","","","Billed","","-20.00","PSS ELITE HIGHWAY","","Standalone","","","30 Jun 2018"
"10/06/2018 22:24","Purchase","'70838153003728381","WXR 5660","","PRIMAX 95","Billed","9.09","20.00","PSS D  AMBANG KOTA LUKUT","","Standalone","","","30 Jun 2018"
"10/06/2018 22:22","Reload","'70838153003728381","WXR 5660","","","Billed","","-20.00","PSS D  AMBANG KOTA LUKUT","","Standalone","","","30 Jun 2018"
"05/06/2018 13:37","Purchase","'70838153003728381","WXR 5660","","PRIMAX 95","Billed","22.73","50.00","PSS KL-KARAK","","Standalone","","","30 Jun 2018"
"05/06/2018 13:35","Reload","'70838153003728381","WXR 5660","","","Billed","","-50.00","PSS KL-KARAK","","Standalone","","","30 Jun 2018"
"04/06/2018 18:35","Purchase","'70838153003728381","WXR 5660","","PRIMAX 95","Billed","7.82","17.20","PSS RAWAT & REHAT(S) KL- SEREMBAN","","Standalone","","","30 Jun 2018"
"04/06/2018 09:23","Purchase","'70838153003728381","WXR 5660","","PRIMAX 95","Billed","9.09","20.00","PSS BANDAR BARU SALAK TINGGI","","Standalone","","","30 Jun 2018"
"04/06/2018 09:18","Reload","'70838153003728381","WXR 5660","","","Billed","","-20.00","PSS BANDAR BARU SALAK TINGGI","","Standalone","","","30 Jun 2018"