"Date Time","Transaction Type","Card Number","Vehicle Number","Driver Card Number","Product Type","Billing Type","Transaction Volume (Litres)","Transaction Amount (RM)","Station Name","Odometer","Card Type","Cost Centre","Cost Centre Name","Statement Month"
"21/06/2018 20:53","Purchase","'70838153003717582","WXR 4379","","PRIMAX 95","Billed","1.27","2.80","PSS SIMPANG CHINI PEKAN","","Standalone","","","30 Jun 2018"
"16/06/2018 20:59","Purchase","'70838153003717582","WXR 4379","","PRIMAX 95","Billed","26.00","57.20","PSS MUADZAM SHAH 1 (LOT PT 1198)","","Standalone","","","30 Jun 2018"
"16/06/2018 09:56","Purchase","'70838153003717582","WXR 4379","","PRIMAX 95","Billed","20.46","45.00","PSS MUADZAM SHAH 2 (KM 78)","","Standalone","","","30 Jun 2018"
"12/06/2018 17:35","Reload","'70838153003717582","WXR 4379","","","Billed","","-100.00","PSS MUADZAM SHAH 2 (KM 78)","","Standalone","","","30 Jun 2018"
"02/06/2018 11:50","Purchase","'70838153003717582","WXR 4379","","PRIMAX 95","Billed","14.25","31.34","PSS MUADZAM SHAH 2 (KM 78)","","Standalone","","","30 Jun 2018"
"01/06/2018 22:35","Purchase","'70838153003717582","WXR 4379","","PRIMAX 95","Billed","11.36","25.00","PSS TAMAN YAYASAN SEGAMAT","","Standalone","","","30 Jun 2018"