"Date Time","Transaction Type","Card Number","Vehicle Number","Driver Card Number","Product Type","Billing Type","Transaction Volume (Litres)","Transaction Amount (RM)","Station Name","Odometer","Card Type","Cost Centre","Cost Centre Name","Statement Month"
"29/06/2018 15:08","Purchase","'70838153003584248","WXR1500","","PRIMAX 95","Billed","32.73","72.00","PSS BAKUT","91180","Standalone","","","30 Jun 2018"
"29/06/2018 15:06","Reload","'70838153003584248","WXR1500","","","Billed","","-100.00","PSS BAKUT","","Standalone","","","30 Jun 2018"
"27/06/2018 15:09","Purchase","'70838153003584248","WXR1500","","PRIMAX 95","Billed","15.00","33.00","PSS LIKAS","91100","Standalone","","","30 Jun 2018"
"27/06/2018 15:08","Reload","'70838153003584248","WXR1500","","","Billed","","-30.00","PSS LIKAS","","Standalone","","","30 Jun 2018"
"22/06/2018 20:31","Purchase","'70838153003584248","WXR1500","","PRIMAX 95","Billed","13.64","30.00","PSS PENAMPANG 2","90500","Standalone","","","30 Jun 2018"
"22/06/2018 20:29","Reload","'70838153003584248","WXR1500","","","Billed","","-50.00","PSS PENAMPANG 2","","Standalone","","","30 Jun 2018"
"19/06/2018 20:40","Purchase","'70838153003584248","WXR1500","","PRIMAX 95","Billed","22.73","50.00","PSS LINTAS KEPAYAN","50","Standalone","","","30 Jun 2018"
"19/06/2018 20:39","Reload","'70838153003584248","WXR1500","","","Billed","","-50.00","PSS LINTAS KEPAYAN","","Standalone","","","30 Jun 2018"
"17/06/2018 05:27","Purchase","'70838153003584248","WXR1500","","PRIMAX 95","Billed","22.28","49.02","PSS MILE 32 JALAN LABUK","51871","Standalone","","","30 Jun 2018"
"13/06/2018 17:00","Purchase","'70838153003584248","WXR1500","","PRIMAX 95","Billed","11.83","26.03","PSS PITAS","31581","Standalone","","","30 Jun 2018"
"12/06/2018 14:06","Purchase","'70838153003584248","WXR1500","","PRIMAX 97","Billed","21.82","58.03","PSS LINTAS KEPAYAN","51192","Standalone","","","30 Jun 2018"
"12/06/2018 14:04","Reload","'70838153003584248","WXR1500","","","Billed","","-100.00","PSS LINTAS KEPAYAN","","Standalone","","","30 Jun 2018"
"04/06/2018 15:59","Purchase","'70838153003584248","WXR1500","","PRIMAX 95","Billed","10.00","22.00","PSS JALAN LINTAS","22","Standalone","","","30 Jun 2018"
"04/06/2018 15:58","Reload","'70838153003584248","WXR1500","","","Billed","","-50.00","PSS JALAN LINTAS","","Standalone","","","30 Jun 2018"
"04/06/2018 09:18","Purchase","'70838153003584248","WXR1500","","PRIMAX 95","Billed","4.55","10.00","PSS JALAN MAT SALLEH","10","Standalone","","","30 Jun 2018"