"Date Time","Transaction Type","Card Number","Vehicle Number","Driver Card Number","Product Type","Billing Type","Transaction Volume (Litres)","Transaction Amount (RM)","Station Name","Odometer","Card Type","Cost Centre","Cost Centre Name","Statement Month"
"14/06/2018 04:41","Purchase","'70838153003583109","WXR1213","","PRIMAX 95","Billed","18.18","40.00","PSS GAMBANG RSA EAST","708381","Standalone","","","30 Jun 2018"
"13/06/2018 22:53","Purchase","'70838153003583109","WXR1213","","PRIMAX 95","Billed","13.64","30.00","PSS PUNCAK ALAM 2","708381","Standalone","","","30 Jun 2018"
"13/06/2018 22:52","Reload","'70838153003583109","WXR1213","","","Billed","","-70.00","PSS PUNCAK ALAM 2","","Standalone","","","30 Jun 2018"
"05/06/2018 01:57","Purchase","'70838153003583109","WXR1213","","PRIMAX 95","Billed","4.55","10.00","PSS PUNCAK ALAM 2","708381","Standalone","","","30 Jun 2018"
"02/06/2018 00:33","Purchase","'70838153003583109","WXR1213","","PRIMAX 95","Billed","9.09","20.00","PSS PUNCAK ALAM 2","708381","Standalone","","","30 Jun 2018"