"Date Time","Transaction Type","Card Number","Vehicle Number","Driver Card Number","Product Type","Billing Type","Transaction Volume (Litres)","Transaction Amount (RM)","Station Name","Odometer","Card Type","Cost Centre","Cost Centre Name","Statement Month"
"28/06/2018 16:00","Purchase","'70838153003422944","WXR171","","PRIMAX 95","Billed","9.09","20.00","PSS R & R GUNUNG SEMANGGOL","","Standalone","","","30 Jun 2018"
"23/06/2018 11:39","Purchase","'70838153003422944","WXR171","","Diesel","Billed","36.70","80.00","PSS BAGAN SERAI II","","Standalone","","","30 Jun 2018"
"17/06/2018 12:30","Purchase","'70838153003422944","WXR171","","PRIMAX 95","Billed","2.92","6.42","PSS BAGAN SERAI","","Standalone","","","30 Jun 2018"
"05/06/2018 19:22","Purchase","'70838153003422944","WXR171","","PRIMAX 95","Billed","9.09","20.00","PSS BAGAN SERAI","","Standalone","","","30 Jun 2018"
"02/06/2018 20:57","Reload","'70838153003422944","WXR171","","","Billed","","-150.00","PSS KESAS ARAH KELANG","","Standalone","","","30 Jun 2018"
"01/06/2018 14:37","Reload","'70838153003422944","WXR171","","","Billed","","-100.00","PSS SUNGAI PERAK (S)","","Standalone","","","30 Jun 2018"