"Date Time","Transaction Type","Card Number","Vehicle Number","Driver Card Number","Product Type","Billing Type","Transaction Volume (Litres)","Transaction Amount (RM)","Station Name","Odometer","Card Type","Cost Centre","Cost Centre Name","Statement Month"
"29/06/2018 15:47","Purchase","'70838153003497706","WXR407","","PRIMAX 95","Billed","13.64","30.00","PSS BANDAR MERU RAYA","","Standalone","","","30 Jun 2018"
"29/06/2018 15:45","Reload","'70838153003497706","WXR407","","","Billed","","-20.00","PSS BANDAR MERU RAYA","","Standalone","","","30 Jun 2018"
"23/06/2018 16:15","Purchase","'70838153003497706","WXR407","","PRIMAX 95","Billed","18.18","40.00","PSS TAMAN PUTRA INDAH","","Standalone","","","30 Jun 2018"
"23/06/2018 16:13","Reload","'70838153003497706","WXR407","","","Billed","","-50.00","PSS TAMAN PUTRA INDAH","","Standalone","","","30 Jun 2018"
"19/06/2018 15:42","Purchase","'70838153003497706","WXR407","","PRIMAX 95","Billed","13.64","30.00","PSS TAMAN PUTRA INDAH","","Standalone","","","30 Jun 2018"
"19/06/2018 15:35","Reload","'70838153003497706","WXR407","","","Billed","","-30.00","PSS TAMAN PUTRA INDAH","","Standalone","","","30 Jun 2018"