"Date Time","Transaction Type","Card Number","Vehicle Number","Driver Card Number","Product Type","Billing Type","Transaction Volume (Litres)","Transaction Amount (RM)","Station Name","Odometer","Card Type","Cost Centre","Cost Centre Name","Statement Month"
"29/06/2018 16:04","Purchase","'70838153003425004","WXR141","","PRIMAX 95","Billed","22.73","50.00","PSS LEBUHRAYA SPRINT","","Standalone","","","30 Jun 2018"
"29/06/2018 16:03","Reload","'70838153003425004","WXR141","","","Billed","","-50.00","PSS LEBUHRAYA SPRINT","","Standalone","","","30 Jun 2018"
"28/06/2018 19:36","Purchase","'70838153003425004","WXR141","","PRIMAX 95","Billed","13.64","30.00","PSS BUKIT BANDAR RAYA","","Standalone","","","30 Jun 2018"
"28/06/2018 19:33","Reload","'70838153003425004","WXR141","","","Billed","","-30.00","PSS BUKIT BANDAR RAYA","","Standalone","","","30 Jun 2018"
"28/06/2018 11:36","Purchase","'70838153003425004","WXR141","","PRIMAX 95","Billed","13.64","30.00","PSS USJ 2 SUBANG JAYA","","Standalone","","","30 Jun 2018"
"28/06/2018 11:35","Reload","'70838153003425004","WXR141","","","Billed","","-30.00","PSS USJ 2 SUBANG JAYA","","Standalone","","","30 Jun 2018"
"27/06/2018 14:47","Purchase","'70838153003425004","WXR141","","PRIMAX 95","Billed","13.90","30.59","PSS JINJANG","","Standalone","","","30 Jun 2018"
"27/06/2018 14:46","Reload","'70838153003425004","WXR141","","","Billed","","-30.00","PSS JINJANG","","Standalone","","","30 Jun 2018"
"25/06/2018 14:32","Purchase","'70838153003425004","WXR141","","PRIMAX 95","Billed","22.73","50.00","PSS USJ 4 UEP SUBANG JAYA","","Standalone","","","30 Jun 2018"
"25/06/2018 14:30","Reload","'70838153003425004","WXR141","","","Billed","","-50.00","PSS USJ 4 UEP SUBANG JAYA","","Standalone","","","30 Jun 2018"
"23/06/2018 17:34","Purchase","'70838153003425004","WXR141","","PRIMAX 95","Billed","15.91","35.00","PSS KG MELAYU SUBANG","","Standalone","","","30 Jun 2018"
"23/06/2018 17:33","Reload","'70838153003425004","WXR141","","","Billed","","-20.00","PSS KG MELAYU SUBANG","","Standalone","","","30 Jun 2018"
"19/06/2018 10:24","Purchase","'70838153003425004","WXR141","","PRIMAX 95","Billed","22.73","50.00","PSS SUNGAI BESI - PUCHONG BYPASS","","Standalone","","","30 Jun 2018"
"19/06/2018 10:23","Reload","'70838153003425004","WXR141","","","Billed","","-50.00","PSS SUNGAI BESI - PUCHONG BYPASS","","Standalone","","","30 Jun 2018"
"17/06/2018 03:13","Purchase","'70838153003425004","WXR141","","PRIMAX 95","Billed","22.73","50.00","PSS GRAND SAGA 2","","Standalone","","","30 Jun 2018"
"17/06/2018 03:12","Reload","'70838153003425004","WXR141","","","Billed","","-50.00","PSS GRAND SAGA 2","","Standalone","","","30 Jun 2018"
"12/06/2018 13:16","Purchase","'70838153003425004","WXR141","","PRIMAX 95","Billed","22.73","50.00","PSS BANDAR PUNCAK JALIL","","Standalone","","","30 Jun 2018"
"12/06/2018 13:13","Reload","'70838153003425004","WXR141","","","Billed","","-50.00","PSS BANDAR PUNCAK JALIL","","Standalone","","","30 Jun 2018"
"11/06/2018 07:21","Purchase","'70838153003425004","WXR141","","PRIMAX 95","Billed","22.83","50.23","PSS JINJANG","","Standalone","","","30 Jun 2018"
"11/06/2018 07:19","Reload","'70838153003425004","WXR141","","","Billed","","-50.00","PSS JINJANG","","Standalone","","","30 Jun 2018"
"09/06/2018 11:46","Purchase","'70838153003425004","WXR141","","PRIMAX 95","Billed","13.64","30.00","PSS PUCHONG JAYA","","Standalone","","","30 Jun 2018"
"08/06/2018 14:40","Purchase","'70838153003425004","WXR141","","PRIMAX 95","Billed","9.09","20.00","PSS USJ 1 (SUBANG MEWAH)","","Standalone","","","30 Jun 2018"
"08/06/2018 14:39","Reload","'70838153003425004","WXR141","","","Billed","","-50.00","PSS USJ 1 (SUBANG MEWAH)","","Standalone","","","30 Jun 2018"
"07/06/2018 11:32","Purchase","'70838153003425004","WXR141","","PRIMAX 95","Billed","22.75","50.05","PSS SUNGAI BESI - PUCHONG BYPASS","","Standalone","","","30 Jun 2018"
"07/06/2018 11:31","Reload","'70838153003425004","WXR141","","","Billed","","-50.00","PSS SUNGAI BESI - PUCHONG BYPASS","","Standalone","","","30 Jun 2018"
"05/06/2018 07:13","Purchase","'70838153003425004","WXR141","","PRIMAX 95","Billed","22.81","50.17","PSS JINJANG","","Standalone","","","30 Jun 2018"
"05/06/2018 07:11","Reload","'70838153003425004","WXR141","","","Billed","","-50.00","PSS JINJANG","","Standalone","","","30 Jun 2018"
"01/06/2018 15:08","Purchase","'70838153003425004","WXR141","","PRIMAX 95","Billed","22.80","50.15","PSS JALAN SELANGOR","","Standalone","","","30 Jun 2018"
"01/06/2018 15:07","Reload","'70838153003425004","WXR141","","","Billed","","-50.00","PSS JALAN SELANGOR","","Standalone","","","30 Jun 2018"