"Date Time","Transaction Type","Card Number","Vehicle Number","Driver Card Number","Product Type","Billing Type","Transaction Volume (Litres)","Transaction Amount (RM)","Station Name","Odometer","Card Type","Cost Centre","Cost Centre Name","Statement Month"
"28/06/2018 06:31","Purchase","'70838153003424973","WXR138","","Diesel","Billed","22.94","50.00","PSS TELUK INTAN I (JLN SULTAN ABDULLAH)","","Standalone","","","30 Jun 2018"
"28/06/2018 06:29","Reload","'70838153003424973","WXR138","'70838153003424973","","Billed","","-50.00","PSS TELUK INTAN I (JLN SULTAN ABDULLAH)","","Standalone","","","30 Jun 2018"
"13/06/2018 10:55","Purchase","'70838153003424973","WXR138","","Diesel","Billed","22.94","50.00","PSS TELUK INTAN I (JLN SULTAN ABDULLAH)","","Standalone","","","30 Jun 2018"
"13/06/2018 10:54","Reload","'70838153003424973","WXR138","'70838153003424973","","Billed","","-50.00","PSS TELUK INTAN I (JLN SULTAN ABDULLAH)","","Standalone","","","30 Jun 2018"
"03/06/2018 10:11","Purchase","'70838153003424973","WXR138","","PRIMAX 95","Billed","6.82","15.00","PSS TELUK INTAN I (JLN SULTAN ABDULLAH)","","Standalone","","","30 Jun 2018"
"03/06/2018 10:08","Purchase","'70838153003424973","WXR138","","Diesel","Billed","22.94","50.00","PSS TELUK INTAN I (JLN SULTAN ABDULLAH)","","Standalone","","","30 Jun 2018"
"03/06/2018 10:05","Reload","'70838153003424973","WXR138","'70838153003424973","","Billed","","-70.00","PSS TELUK INTAN I (JLN SULTAN ABDULLAH)","","Standalone","","","30 Jun 2018"