"Date Time","Transaction Type","Card Number","Vehicle Number","Driver Card Number","Product Type","Billing Type","Transaction Volume (Litres)","Transaction Amount (RM)","Station Name","Odometer","Card Type","Cost Centre","Cost Centre Name","Statement Month"
"26/06/2018 14:54","Purchase","'70838153003500848","WXR525","","PRIMAX 95","Billed","11.26","24.78","PSS KUAH LANGKAWI","","Standalone","","","30 Jun 2018"
"23/06/2018 12:16","Purchase","'70838153003500848","WXR525","","PRIMAX 95","Billed","20.00","44.00","PSS KUAH LANGKAWI","","Standalone","","","30 Jun 2018"
"16/06/2018 09:23","Purchase","'70838153003500848","WXR525","","PRIMAX 97","Billed","20.00","52.00","PSS TAMAN PKNK (ALOR MALAI)","","Standalone","","","30 Jun 2018"
"13/06/2018 21:00","Purchase","'70838153003500848","WXR525","","PRIMAX 97","Billed","10.15","27.00","PSS TAMAN PKNK (ALOR MALAI)","","Standalone","","","30 Jun 2018"
"10/06/2018 22:31","Purchase","'70838153003500848","WXR525","","PRIMAX 95","Billed","20.00","44.00","PSS TOK SENIK","","Standalone","","","30 Jun 2018"