"Date Time","Transaction Type","Card Number","Vehicle Number","Driver Card Number","Product Type","Billing Type","Transaction Volume (Litres)","Transaction Amount (RM)","Station Name","Odometer","Card Type","Cost Centre","Cost Centre Name","Statement Month"
"29/06/2018 12:22","Purchase","'70838153003500236","WXR931","","PRIMAX 95","Billed","22.73","50.00","PSS SALAK SOUTH","193700","Standalone","","","30 Jun 2018"
"28/06/2018 22:51","Purchase","'70838153003500236","WXR931","","PRIMAX 97","Billed","20.00","50.00","PSS KL-KARAK","193700","Standalone","","","30 Jun 2018"
"28/06/2018 12:37","Purchase","'70838153003500236","WXR931","","PRIMAX 95","Billed","22.73","50.00","PSS KLIA 1","193500","Standalone","","","30 Jun 2018"
"27/06/2018 22:50","Purchase","'70838153003500236","WXR931","","PRIMAX 95","Billed","22.73","50.00","PSS KM 305 PLUS ARAH SELATAN","193600","Standalone","","","30 Jun 2018"
"27/06/2018 00:45","Purchase","'70838153003500236","WXR931","","PRIMAX 95","Billed","22.74","50.02","PSS KL-KARAK","193000","Standalone","","","30 Jun 2018"
"27/06/2018 00:44","Reload","'70838153003500236","WXR931","","","Billed","","-300.00","PSS KL-KARAK","","Standalone","","","30 Jun 2018"
"26/06/2018 17:35","Purchase","'70838153003500236","WXR931","","PRIMAX 97","Billed","19.31","50.00","PSS SUNWAY BATU CAVES","193000","Standalone","","","30 Jun 2018"
"24/06/2018 15:01","Purchase","'70838153003500236","WXR931","","PRIMAX 97","Billed","19.31","50.00","PSS KL-KARAK","192500","Standalone","","","30 Jun 2018"
"24/06/2018 14:59","Reload","'70838153003500236","WXR931","","","Billed","","-100.00","PSS KL-KARAK","","Standalone","","","30 Jun 2018"
"23/06/2018 23:02","Purchase","'70838153003500236","WXR931","","PRIMAX 95","Billed","22.73","50.00","PSS KL-KARAK","191900","Standalone","","","30 Jun 2018"
"22/06/2018 19:32","Purchase","'70838153003500236","WXR931","","PRIMAX 95","Billed","22.73","50.00","PSS TAMAN MELATI","191299","Standalone","","","30 Jun 2018"
"22/06/2018 19:30","Reload","'70838153003500236","WXR931","","","Billed","","-100.00","PSS TAMAN MELATI","","Standalone","","","30 Jun 2018"
"21/06/2018 20:31","Purchase","'70838153003500236","WXR931","","PRIMAX 97","Billed","21.89","56.68","PSS KL-KARAK","191505","Standalone","","","30 Jun 2018"
"20/06/2018 14:02","Purchase","'70838153003500236","WXR931","","PRIMAX 95","Billed","19.69","43.32","PSS JALAN GENTING KLANG 2","190000","Standalone","","","30 Jun 2018"
"20/06/2018 14:01","Reload","'70838153003500236","WXR931","","","Billed","","-100.00","PSS JALAN GENTING KLANG 2","","Standalone","","","30 Jun 2018"
"18/06/2018 10:19","Purchase","'70838153003500236","WXR931","","PRIMAX 95","Billed","23.97","52.73","PSS RAWANG RSA","190000","Standalone","","","30 Jun 2018"
"17/06/2018 10:41","Purchase","'70838153003500236","WXR931","","PRIMAX 95","Billed","21.49","47.27","PSS KG. HJ. DORANI","190000","Standalone","","","30 Jun 2018"
"17/06/2018 10:37","Reload","'70838153003500236","WXR931","","","Billed","","-100.00","PSS KG. HJ. DORANI","","Standalone","","","30 Jun 2018"
"15/06/2018 15:55","Purchase","'70838153003500236","WXR931","","PRIMAX 95","Billed","24.09","52.99","PSS TAMAN SRI GOMBAK","190000","Standalone","","","30 Jun 2018"
"13/06/2018 10:43","Purchase","'70838153003500236","WXR931","","PRIMAX 95","Billed","21.37","47.01","PSS KLIA 1","190000","Standalone","","","30 Jun 2018"
"13/06/2018 10:41","Reload","'70838153003500236","WXR931","","","Billed","","-100.00","PSS KLIA 1","","Standalone","","","30 Jun 2018"
"13/06/2018 06:25","Purchase","'70838153003500236","WXR931","","PRIMAX 95","Billed","22.70","49.94","PSS MACHAP ARAH UTARA","179000","Standalone","","","30 Jun 2018"
"12/06/2018 21:01","Purchase","'70838153003500236","WXR931","","PRIMAX 95","Billed","22.76","50.06","PSS KL-KARAK","178000","Standalone","","","30 Jun 2018"
"12/06/2018 21:00","Reload","'70838153003500236","WXR931","","","Billed","","-100.00","PSS KL-KARAK","","Standalone","","","30 Jun 2018"
"11/06/2018 15:42","Purchase","'70838153003500236","WXR931","","PRIMAX 97","Billed","34.50","91.78","PSS BANDAR BARU RAWANG","178000","Standalone","","","30 Jun 2018"
"11/06/2018 00:09","Purchase","'70838153003500236","WXR931","","PRIMAX 97","Billed","21.89","58.22","PSS KL-KARAK","180000","Standalone","","","30 Jun 2018"
"11/06/2018 00:08","Reload","'70838153003500236","WXR931","","","Billed","","-150.00","PSS KL-KARAK","","Standalone","","","30 Jun 2018"
"08/06/2018 16:38","Purchase","'70838153003500236","WXR931","","PRIMAX 95","Billed","31.25","68.75","PSS KLIA 1","188411","Standalone","","","30 Jun 2018"
"07/06/2018 13:35","Purchase","'70838153003500236","WXR931","","PRIMAX 97","Billed","27.54","73.26","PSS SUNWAY BATU CAVES","187000","Standalone","","","30 Jun 2018"
"07/06/2018 13:33","Reload","'70838153003500236","WXR931","","","Billed","","-100.00","PSS SUNWAY BATU CAVES","","Standalone","","","30 Jun 2018"
"06/06/2018 20:29","Purchase","'70838153003500236","WXR931","","PRIMAX 97","Billed","25.50","62.99","PSS ELITE HIGHWAY","187000","Standalone","","","30 Jun 2018"
"06/06/2018 20:28","Reload","'70838153003500236","WXR931","","","Billed","","-100.00","PSS ELITE HIGHWAY","","Standalone","","","30 Jun 2018"
"05/06/2018 17:35","Purchase","'70838153003500236","WXR931","","PRIMAX 95","Billed","32.66","71.85","PSS TAMAN SAMUDERA BATU CAVES","186000","Standalone","","","30 Jun 2018"
"04/06/2018 21:44","Purchase","'70838153003500236","WXR931","","PRIMAX 95","Billed","13.64","30.00","PSS KL-KARAK","186000","Standalone","","","30 Jun 2018"
"04/06/2018 21:43","Reload","'70838153003500236","WXR931","","","Billed","","-100.00","PSS KL-KARAK","","Standalone","","","30 Jun 2018"
"03/06/2018 05:00","Purchase","'70838153003500236","WXR931","","PRIMAX 95","Billed","32.09","70.60","PSS TAMAN SRI GOMBAK","18600","Standalone","","","30 Jun 2018"