"Date Time","Transaction Type","Card Number","Vehicle Number","Driver Card Number","Product Type","Billing Type","Transaction Volume (Litres)","Transaction Amount (RM)","Station Name","Odometer","Card Type","Cost Centre","Cost Centre Name","Statement Month"
"24/06/2018 12:48","Purchase","'70838153003581103","WXR1084","","PRIMAX 95","Billed","19.90","43.78","PSS LUBUK CHINA","","Standalone","","","30 Jun 2018"
"20/06/2018 22:17","Purchase","'70838153003581103","WXR1084","","PRIMAX 97","Billed","35.68","92.76","PSS JLN TANJONG BENDAHARA","","Standalone","","","30 Jun 2018"
"18/06/2018 15:48","Purchase","'70838153003581103","WXR1084","","PRIMAX 95","Billed","28.85","63.46","PSS LUBUK CHINA","","Standalone","","","30 Jun 2018"
"18/06/2018 15:46","Reload","'70838153003581103","WXR1084","","","Billed","","-200.00","PSS LUBUK CHINA","","Standalone","","","30 Jun 2018"
"10/06/2018 21:43","Purchase","'70838153003581103","WXR1084","","PRIMAX 95","Billed","5.32","11.71","PSS LUBUK CHINA","","Standalone","","","30 Jun 2018"