"Date Time","Transaction Type","Card Number","Vehicle Number","Driver Card Number","Product Type","Billing Type","Transaction Volume (Litres)","Transaction Amount (RM)","Station Name","Odometer","Card Type","Cost Centre","Cost Centre Name","Statement Month"
"30/06/2018 15:51","Purchase","'70838153003498696","WXR437","","PRIMAX 95","Un-billed","18.18","40.00","PSS GLENMARIE TTDI JAYA","","Standalone","","","Unbilled Transaction"
"30/06/2018 15:49","Reload","'70838153003498696","WXR437","","","Un-billed","","-50.00","PSS GLENMARIE TTDI JAYA","","Standalone","","","Unbilled Transaction"
"30/06/2018 07:57","Purchase","'70838153003498696","WXR437","","PRIMAX 95","Billed","18.18","40.00","PSS PUTRA HEIGHT 2","","Standalone","","","30 Jun 2018"
"30/06/2018 07:57","Reload","'70838153003498696","WXR437","","","Billed","","-40.00","PSS PUTRA HEIGHT 2","","Standalone","","","30 Jun 2018"
"29/06/2018 08:12","Purchase","'70838153003498696","WXR437","","PRIMAX 95","Billed","18.18","40.00","PSS BUKIT JELUTONG RESIDENTIAL","","Standalone","","","30 Jun 2018"
"29/06/2018 08:11","Reload","'70838153003498696","WXR437","","","Billed","","-50.00","PSS BUKIT JELUTONG RESIDENTIAL","","Standalone","","","30 Jun 2018"
"28/06/2018 10:01","Purchase","'70838153003498696","WXR437","","PRIMAX 95","Billed","18.18","40.00","PSS FAS","","Standalone","","","30 Jun 2018"
"28/06/2018 10:00","Reload","'70838153003498696","WXR437","","","Billed","","-40.00","PSS FAS","","Standalone","","","30 Jun 2018"
"26/06/2018 16:38","Purchase","'70838153003498696","WXR437","","PRIMAX 95","Billed","18.18","40.00","PSS BUKIT JELUTONG RESIDENTIAL","","Standalone","","","30 Jun 2018"
"26/06/2018 16:37","Reload","'70838153003498696","WXR437","","","Billed","","-40.00","PSS BUKIT JELUTONG RESIDENTIAL","","Standalone","","","30 Jun 2018"
"25/06/2018 14:31","Purchase","'70838153003498696","WXR437","","PRIMAX 95","Billed","18.18","40.00","PSS JALAN 20/1 SEKSYEN 20","","Standalone","","","30 Jun 2018"
"25/06/2018 14:30","Reload","'70838153003498696","WXR437","","","Billed","","-40.00","PSS JALAN 20/1 SEKSYEN 20","","Standalone","","","30 Jun 2018"
"23/06/2018 11:56","Purchase","'70838153003498696","WXR437","","PRIMAX 95","Billed","18.18","40.00","PSS FAS","","Standalone","","","30 Jun 2018"
"23/06/2018 11:55","Reload","'70838153003498696","WXR437","","","Billed","","-50.00","PSS FAS","","Standalone","","","30 Jun 2018"
"21/06/2018 14:15","Purchase","'70838153003498696","WXR437","","PRIMAX 95","Billed","18.18","40.00","PSS TAMAN MARIDA","","Standalone","","","30 Jun 2018"
"21/06/2018 14:14","Reload","'70838153003498696","WXR437","","","Billed","","-50.00","PSS TAMAN MARIDA","","Standalone","","","30 Jun 2018"
"20/06/2018 18:02","Purchase","'70838153003498696","WXR437","","PRIMAX 95","Billed","18.18","40.00","PSS YONG PENG","","Standalone","","","30 Jun 2018"
"20/06/2018 18:00","Reload","'70838153003498696","WXR437","","","Billed","","-50.00","PSS YONG PENG","","Standalone","","","30 Jun 2018"
"20/06/2018 08:26","Purchase","'70838153003498696","WXR437","","PRIMAX 95","Billed","18.18","40.00","PSS ROMPIN BAHAU","","Standalone","","","30 Jun 2018"
"20/06/2018 08:25","Reload","'70838153003498696","WXR437","","","Billed","","-50.00","PSS ROMPIN BAHAU","","Standalone","","","30 Jun 2018"
"19/06/2018 11:23","Purchase","'70838153003498696","WXR437","","PRIMAX 95","Billed","18.18","40.00","PSS ROMPIN BAHAU","","Standalone","","","30 Jun 2018"
"17/06/2018 10:58","Purchase","'70838153003498696","WXR437","","PRIMAX 95","Billed","18.18","40.00","PSS HICOM SEK B SEK 27","","Standalone","","","30 Jun 2018"
"17/06/2018 10:57","Reload","'70838153003498696","WXR437","","","Billed","","-40.00","PSS HICOM SEK B SEK 27","","Standalone","","","30 Jun 2018"
"14/06/2018 11:53","Purchase","'70838153003498696","WXR437","","PRIMAX 95","Billed","18.18","40.00","PSS JALAN 20/1 SEKSYEN 20","","Standalone","","","30 Jun 2018"
"14/06/2018 11:52","Reload","'70838153003498696","WXR437","","","Billed","","-40.00","PSS JALAN 20/1 SEKSYEN 20","","Standalone","","","30 Jun 2018"
"13/06/2018 11:14","Purchase","'70838153003498696","WXR437","","PRIMAX 95","Billed","18.18","40.00","PSS JALAN 20/1 SEKSYEN 20","","Standalone","","","30 Jun 2018"
"13/06/2018 11:12","Reload","'70838153003498696","WXR437","","","Billed","","-40.00","PSS JALAN 20/1 SEKSYEN 20","","Standalone","","","30 Jun 2018"
"12/06/2018 12:02","Purchase","'70838153003498696","WXR437","","PRIMAX 95","Billed","18.18","40.00","PSS NKVE HIGHWAY","","Standalone","","","30 Jun 2018"
"12/06/2018 12:00","Reload","'70838153003498696","WXR437","","","Billed","","-40.00","PSS NKVE HIGHWAY","","Standalone","","","30 Jun 2018"
"11/06/2018 13:26","Purchase","'70838153003498696","WXR437","","PRIMAX 95","Billed","18.18","40.00","PSS TTDI","","Standalone","","","30 Jun 2018"
"11/06/2018 13:25","Reload","'70838153003498696","WXR437","","","Billed","","-40.00","PSS TTDI","","Standalone","","","30 Jun 2018"
"09/06/2018 09:04","Purchase","'70838153003498696","WXR437","","PRIMAX 95","Billed","27.27","60.00","PSS KESAS ARAH SUBANG","","Standalone","","","30 Jun 2018"
"09/06/2018 09:00","Reload","'70838153003498696","WXR437","","","Billed","","-60.00","PSS KESAS ARAH SUBANG","","Standalone","","","30 Jun 2018"
"08/06/2018 10:14","Purchase","'70838153003498696","WXR437","","PRIMAX 95","Billed","13.64","30.00","PSS CYBERJAYA","","Standalone","","","30 Jun 2018"
"08/06/2018 10:12","Reload","'70838153003498696","WXR437","","","Billed","","-30.00","PSS CYBERJAYA","","Standalone","","","30 Jun 2018"
"07/06/2018 15:12","Purchase","'70838153003498696","WXR437","","PRIMAX 95","Billed","13.64","30.00","PSS JALAN 20/1 SEKSYEN 20","","Standalone","","","30 Jun 2018"
"07/06/2018 15:11","Reload","'70838153003498696","WXR437","","","Billed","","-30.00","PSS JALAN 20/1 SEKSYEN 20","","Standalone","","","30 Jun 2018"
"07/06/2018 08:10","Purchase","'70838153003498696","WXR437","","PRIMAX 95","Billed","13.64","30.00","PSS GLENMARIE TTDI JAYA","","Standalone","","","30 Jun 2018"
"07/06/2018 08:09","Reload","'70838153003498696","WXR437","","","Billed","","-30.00","PSS GLENMARIE TTDI JAYA","","Standalone","","","30 Jun 2018"
"06/06/2018 09:26","Purchase","'70838153003498696","WXR437","","PRIMAX 95","Billed","13.64","30.00","PSS SEK 26 SHAH ALAM","","Standalone","","","30 Jun 2018"
"06/06/2018 09:25","Reload","'70838153003498696","WXR437","","","Billed","","-50.00","PSS SEK 26 SHAH ALAM","","Standalone","","","30 Jun 2018"
"05/06/2018 13:05","Purchase","'70838153003498696","WXR437","","PRIMAX 95","Billed","13.64","30.00","PSS GLENMARIE TTDI JAYA","","Standalone","","","30 Jun 2018"
"05/06/2018 13:03","Reload","'70838153003498696","WXR437","","","Billed","","-30.00","PSS GLENMARIE TTDI JAYA","","Standalone","","","30 Jun 2018"
"04/06/2018 15:27","Purchase","'70838153003498696","WXR437","","PRIMAX 95","Billed","18.18","40.00","PSS JALAN 20/1 SEKSYEN 20","","Standalone","","","30 Jun 2018"
"03/06/2018 15:55","Purchase","'70838153003498696","WXR437","","PRIMAX 95","Billed","13.64","30.00","PSS KM 12.3 LEBUHRAYA PERSEKUTUAN","","Standalone","","","30 Jun 2018"
"02/06/2018 12:02","Purchase","'70838153003498696","WXR437","","PRIMAX 95","Billed","13.64","30.00","PSS TEMASYA FEDERAL HIGHWAY","","Standalone","","","30 Jun 2018"
"02/06/2018 12:01","Reload","'70838153003498696","WXR437","","","Billed","","-30.00","PSS TEMASYA FEDERAL HIGHWAY","","Standalone","","","30 Jun 2018"
"01/06/2018 11:12","Purchase","'70838153003498696","WXR437","","PRIMAX 95","Billed","13.64","30.00","PSS KG MELAYU SUBANG","","Standalone","","","30 Jun 2018"
"01/06/2018 11:11","Reload","'70838153003498696","WXR437","","","Billed","","-30.00","PSS KG MELAYU SUBANG","","Standalone","","","30 Jun 2018"