"Date Time","Transaction Type","Card Number","Vehicle Number","Driver Card Number","Product Type","Billing Type","Transaction Volume (Litres)","Transaction Amount (RM)","Station Name","Odometer","Card Type","Cost Centre","Cost Centre Name","Statement Month"
"23/06/2018 19:17","Purchase","'70838153003499231","WXR451","","PRIMAX 95","Billed","53.64","118.00","PSS ANY JALAN KIM CHUAN","","Standalone","","","30 Jun 2018"
"20/06/2018 19:57","Purchase","'70838153003499231","WXR451","","PRIMAX 95","Billed","31.82","70.00","PSS BUKIT TINGGI 2","","Standalone","","","30 Jun 2018"
"18/06/2018 19:01","Reload","'70838153003499231","WXR451","","","Billed","","-500.00","PSS SG JATI","","Standalone","","","30 Jun 2018"
"18/06/2018 18:58","Purchase","'70838153003499231","WXR451","","PRIMAX 95","Billed","42.75","94.04","PSS SG JATI","","Standalone","","","30 Jun 2018"
"11/06/2018 13:32","Purchase","'70838153003499231","WXR451","","PRIMAX 95","Billed","45.46","100.01","PSS AIR KEROH 2","","Standalone","","","30 Jun 2018"
"08/06/2018 21:24","Purchase","'70838153003499231","WXR451","","PRIMAX 95","Billed","54.55","120.00","PSS ANY JALAN KIM CHUAN","","Standalone","","","30 Jun 2018"
"07/06/2018 08:32","Purchase","'70838153003499231","WXR451","","PRIMAX 95","Billed","31.82","70.00","PSS SUNGAI JATI ARAH KLANG","","Standalone","","","30 Jun 2018"
"02/06/2018 21:30","Purchase","'70838153003499231","WXR451","","PRIMAX 95","Billed","22.73","50.00","PSS ANY JALAN KIM CHUAN","","Standalone","","","30 Jun 2018"
"01/06/2018 08:39","Purchase","'70838153003499231","WXR451","","PRIMAX 95","Billed","50.00","110.00","PSS SUNGAI JATI ARAH KLANG","","Standalone","","","30 Jun 2018"
"01/06/2018 08:37","Reload","'70838153003499231","WXR451","","","Billed","","-300.00","PSS SUNGAI JATI ARAH KLANG","","Standalone","","","30 Jun 2018"