"Date Time","Transaction Type","Card Number","Vehicle Number","Driver Card Number","Product Type","Billing Type","Transaction Volume (Litres)","Transaction Amount (RM)","Station Name","Odometer","Card Type","Cost Centre","Cost Centre Name","Statement Month"
"25/06/2018 13:02","Purchase","'70838153003581558","WXR1104","","PRIMAX 95","Billed","9.09","20.00","PSS BANDAR BARU UDA 2","","Standalone","","","30 Jun 2018"
"25/06/2018 13:00","Reload","'70838153003581558","WXR1104","","","Billed","","-20.00","PSS BANDAR BARU UDA 2","","Standalone","","","30 Jun 2018"
"17/06/2018 06:31","Purchase","'70838153003581558","WXR1104","","PRIMAX 95","Billed","9.09","20.00","PSS BANDAR BARU UDA 2","","Standalone","","","30 Jun 2018"
"17/06/2018 06:28","Reload","'70838153003581558","WXR1104","","","Billed","","-20.00","PSS BANDAR BARU UDA 2","","Standalone","","","30 Jun 2018"
"01/06/2018 22:45","Purchase","'70838153003581558","WXR1104","","PRIMAX 95","Billed","4.55","10.00","PSS BANDAR BARU UDA 2","","Standalone","","","30 Jun 2018"
"01/06/2018 22:41","Purchase","'70838153003581558","WXR1104","","PRIMAX 95","Billed","4.55","10.00","PSS BANDAR BARU UDA 2","","Standalone","","","30 Jun 2018"
"01/06/2018 22:39","Reload","'70838153003581558","WXR1104","","","Billed","","-20.00","PSS BANDAR BARU UDA 2","","Standalone","","","30 Jun 2018"