"Date Time","Transaction Type","Card Number","Vehicle Number","Driver Card Number","Product Type","Billing Type","Transaction Volume (Litres)","Transaction Amount (RM)","Station Name","Odometer","Card Type","Cost Centre","Cost Centre Name","Statement Month"
"18/06/2018 23:00","Purchase","'70838153003501978","WXR739","","PRIMAX 95","Billed","17.92","39.43","PSS RAWAT & REHAT (U) SBAN-KL","","Standalone","","","30 Jun 2018"
"17/06/2018 14:09","Purchase","'70838153003501978","WXR739","","PRIMAX 95","Billed","21.16","46.55","PSS PARIT RAJA","","Standalone","","","30 Jun 2018"
"17/06/2018 14:08","Purchase","'70838153003501978","WXR739","","PRIMAX 95","Billed","20.00","44.00","PSS PARIT RAJA","","Standalone","","","30 Jun 2018"
"17/06/2018 14:05","Reload","'70838153003501978","WXR739","","","Billed","","-100.00","PSS PARIT RAJA","","Standalone","","","30 Jun 2018"
"16/06/2018 17:05","Purchase","'70838153003501978","WXR739","","PRIMAX 95","Billed","20.00","44.01","PSS JALAN GENUANG SEGAMAT","","Standalone","","","30 Jun 2018"
"16/06/2018 10:24","Purchase","'70838153003501978","WXR739","","PRIMAX 95","Billed","20.00","44.00","PSS BANDAR SERI PUTRA","","Standalone","","","30 Jun 2018"
"16/06/2018 10:22","Reload","'70838153003501978","WXR739","","","Billed","","-100.00","PSS BANDAR SERI PUTRA","","Standalone","","","30 Jun 2018"
"14/06/2018 10:21","Purchase","'70838153003501978","WXR739","","PRIMAX 95","Billed","40.00","88.00","PSS SECT 15 BB BANGI","","Standalone","","","30 Jun 2018"
"14/06/2018 10:14","Reload","'70838153003501978","WXR739","","","Billed","","-100.00","PSS SECT 15 BB BANGI","","Standalone","","","30 Jun 2018"
"12/06/2018 10:08","Purchase","'70838153003501978","WXR739","","PRIMAX 95","Billed","20.00","44.01","PSS LEBUHRAYA SILK","","Standalone","","","30 Jun 2018"
"12/06/2018 10:06","Reload","'70838153003501978","WXR739","","","Billed","","-50.00","PSS LEBUHRAYA SILK","","Standalone","","","30 Jun 2018"
"11/06/2018 11:29","Purchase","'70838153003501978","WXR739","","PRIMAX 95","Billed","10.91","24.00","PSS BANDAR SERI PUTRA","","Standalone","","","30 Jun 2018"
"10/06/2018 14:19","Purchase","'70838153003501978","WXR739","","PRIMAX 95","Billed","20.91","46.00","PSS SEK 3 BANDAR BARU BANGI","","Standalone","","","30 Jun 2018"
"10/06/2018 14:17","Reload","'70838153003501978","WXR739","","","Billed","","-70.00","PSS SEK 3 BANDAR BARU BANGI","","Standalone","","","30 Jun 2018"
"08/06/2018 12:55","Purchase","'70838153003501978","WXR739","","PRIMAX 95","Billed","10.75","23.64","PSS SEKSYEN 9-BANGI","","Standalone","","","30 Jun 2018"
"08/06/2018 09:42","Purchase","'70838153003501978","WXR739","","PRIMAX 97","Billed","20.06","53.35","PSS SEKSYEN 9-BANGI","","Standalone","","","30 Jun 2018"
"08/06/2018 09:40","Reload","'70838153003501978","WXR739","","","Billed","","-50.00","PSS SEKSYEN 9-BANGI","","Standalone","","","30 Jun 2018"
"06/06/2018 22:40","Purchase","'70838153003501978","WXR739","","PRIMAX 97","Billed","31.58","78.01","PSS TAMAN DESA KLUANG","","Standalone","","","30 Jun 2018"
"06/06/2018 22:34","Reload","'70838153003501978","WXR739","","","Billed","","-100.00","PSS TAMAN DESA KLUANG","","Standalone","","","30 Jun 2018"
"04/06/2018 10:34","Purchase","'70838153003501978","WXR739","","PRIMAX 95","Billed","7.76","17.06","PSS SKVE","","Standalone","","","30 Jun 2018"
"03/06/2018 14:14","Purchase","'70838153003501978","WXR739","","PRIMAX 95","Billed","20.00","44.00","PSS TMN EQUINE SERI KEMBANGAN","","Standalone","","","30 Jun 2018"
"03/06/2018 14:12","Reload","'70838153003501978","WXR739","","","Billed","","-50.00","PSS TMN EQUINE SERI KEMBANGAN","","Standalone","","","30 Jun 2018"
"01/06/2018 16:31","Purchase","'70838153003501978","WXR739","","PRIMAX 97","Billed","29.96","74.00","PSS GRAND SAGA 3","","Standalone","","","30 Jun 2018"
"01/06/2018 16:29","Reload","'70838153003501978","WXR739","","","Billed","","-70.00","PSS GRAND SAGA 3","","Standalone","","","30 Jun 2018"