"Date Time","Transaction Type","Card Number","Vehicle Number","Driver Card Number","Product Type","Billing Type","Transaction Volume (Litres)","Transaction Amount (RM)","Station Name","Odometer","Card Type","Cost Centre","Cost Centre Name","Statement Month"
"29/06/2018 12:27","Purchase","'70838153003497763","WXR600","","PRIMAX 95","Billed","22.73","50.00","PSS KELEBANG LANGKAWI","","Standalone","","","30 Jun 2018"
"28/06/2018 15:25","Purchase","'70838153003497763","WXR600","","PRIMAX 95","Billed","22.73","50.00","PSS KELEBANG LANGKAWI","","Standalone","","","30 Jun 2018"
"19/06/2018 12:05","Purchase","'70838153003497763","WXR600","","PRIMAX 95","Billed","22.73","50.00","PSS JITRA 160","","Standalone","","","30 Jun 2018"
"16/06/2018 10:44","Purchase","'70838153003497763","WXR600","","PRIMAX 95","Billed","22.73","50.00","PSS MATA AIR","","Standalone","","","30 Jun 2018"
"13/06/2018 11:15","Purchase","'70838153003497763","WXR600","","PRIMAX 95","Billed","22.73","50.00","PSS KUALA KEDAH","","Standalone","","","30 Jun 2018"
"13/06/2018 11:14","Reload","'70838153003497763","WXR600","","","Billed","","-300.00","PSS KUALA KEDAH","","Standalone","","","30 Jun 2018"