"Date Time","Transaction Type","Card Number","Vehicle Number","Driver Card Number","Product Type","Billing Type","Transaction Volume (Litres)","Transaction Amount (RM)","Station Name","Odometer","Card Type","Cost Centre","Cost Centre Name","Statement Month"
"30/06/2018 10:24","Purchase","'70838153003496468","WXR360","","PRIMAX 95","Billed","22.73","50.00","PSS JALAN SIMPANG TAIPING","","Standalone","","","30 Jun 2018"
"29/06/2018 12:37","Purchase","'70838153003496468","WXR360","","PRIMAX 95","Billed","22.73","50.00","PSS SEKSYEN 9-BANGI","","Standalone","","","30 Jun 2018"
"29/06/2018 12:36","Reload","'70838153003496468","WXR360","","","Billed","","-200.00","PSS SEKSYEN 9-BANGI","","Standalone","","","30 Jun 2018"
"28/06/2018 15:42","Purchase","'70838153003496468","WXR360","","PRIMAX 97","Billed","5.06","12.66","PSS RAWAT & REHAT (U) SBAN-KL","","Standalone","","","30 Jun 2018"
"27/06/2018 15:37","Purchase","'70838153003496468","WXR360","","PRIMAX 95","Billed","2.95","6.49","PSS NPE PANTAI DALAM","","Standalone","","","30 Jun 2018"
"26/06/2018 15:28","Purchase","'70838153003496468","WXR360","","PRIMAX 95","Billed","2.43","5.34","PSS NPE PANTAI DALAM","","Standalone","","","30 Jun 2018"
"25/06/2018 08:17","Purchase","'70838153003496468","WXR360","","PRIMAX 95","Billed","21.84","48.05","PSS PADANG RENGAS","","Standalone","","","30 Jun 2018"
"21/06/2018 14:54","Purchase","'70838153003496468","WXR360","","PRIMAX 95","Billed","24.79","54.54","PSS JALAN TRAS BENTONG","","Standalone","","","30 Jun 2018"
"21/06/2018 11:49","Purchase","'70838153003496468","WXR360","","PRIMAX 95","Billed","22.82","50.20","PSS PRIMA SAUJANA 2","","Standalone","","","30 Jun 2018"
"17/06/2018 19:47","Purchase","'70838153003496468","WXR360","","PRIMAX 95","Billed","22.73","50.00","PSS PADANG RENGAS","","Standalone","","","30 Jun 2018"
"13/06/2018 21:47","Purchase","'70838153003496468","WXR360","","PRIMAX 95","Billed","33.65","74.02","PSS PEKAN SIMPANG TAIPING","","Standalone","","","30 Jun 2018"
"13/06/2018 21:45","Reload","'70838153003496468","WXR360","","","Billed","","-200.00","PSS PEKAN SIMPANG TAIPING","","Standalone","","","30 Jun 2018"
"12/06/2018 10:06","Purchase","'70838153003496468","WXR360","","PRIMAX 95","Billed","2.97","6.53","PSS PRECINT 16 PUTRAJAYA","","Standalone","","","30 Jun 2018"
"11/06/2018 11:36","Purchase","'70838153003496468","WXR360","","PRIMAX 95","Billed","2.97","6.54","PSS KM5.5 JALAN CHERAS","","Standalone","","","30 Jun 2018"
"08/06/2018 14:56","Purchase","'70838153003496468","WXR360","","PRIMAX 95","Billed","2.77","6.09","PSS NPE PANTAI DALAM","","Standalone","","","30 Jun 2018"
"07/06/2018 14:43","Purchase","'70838153003496468","WXR360","","PRIMAX 95","Billed","3.00","6.59","PSS NPE PANTAI DALAM","","Standalone","","","30 Jun 2018"
"06/06/2018 15:41","Purchase","'70838153003496468","WXR360","","PRIMAX 95","Billed","11.37","25.00","PSS EAST-WEST LINK","","Standalone","","","30 Jun 2018"
"01/06/2018 22:08","Purchase","'70838153003496468","WXR360","","PRIMAX 95","Billed","3.10","6.81","PSS TAMAN SEGAR","","Standalone","","","30 Jun 2018"