"Date Time","Transaction Type","Card Number","Vehicle Number","Driver Card Number","Product Type","Billing Type","Transaction Volume (Litres)","Transaction Amount (RM)","Station Name","Odometer","Card Type","Cost Centre","Cost Centre Name","Statement Month"
"25/06/2018 18:19","Purchase","'70838153003423652","WXR11","","PRIMAX 95","Billed","9.09","20.00","PSS SIMPANG PULAI ARAH SELATAN","","Standalone","","","30 Jun 2018"
"25/06/2018 18:18","Reload","'70838153003423652","WXR11","","","Billed","","-20.00","PSS SIMPANG PULAI ARAH SELATAN","","Standalone","","","30 Jun 2018"
"23/06/2018 16:01","Purchase","'70838153003423652","WXR11","","PRIMAX 95","Billed","9.09","20.00","PSS SUNGKAI","","Standalone","","","30 Jun 2018"
"23/06/2018 16:00","Reload","'70838153003423652","WXR11","","","Billed","","-20.00","PSS SUNGKAI","","Standalone","","","30 Jun 2018"
"22/06/2018 10:12","Purchase","'70838153003423652","WXR11","","PRIMAX 95","Billed","13.64","30.00","PSS BIDOR TAPAH","","Standalone","","","30 Jun 2018"
"22/06/2018 10:10","Reload","'70838153003423652","WXR11","","","Billed","","-30.00","PSS BIDOR TAPAH","","Standalone","","","30 Jun 2018"
"18/06/2018 14:29","Purchase","'70838153003423652","WXR11","","PRIMAX 95","Billed","13.64","30.00","PSS BIDOR TAPAH","","Standalone","","","30 Jun 2018"
"18/06/2018 14:25","Reload","'70838153003423652","WXR11","","","Billed","","-30.00","PSS BIDOR TAPAH","","Standalone","","","30 Jun 2018"
"09/06/2018 18:27","Purchase","'70838153003423652","WXR11","","PRIMAX 95","Billed","9.55","21.00","PSS SIMPANG PULAI ARAH UTARA","","Standalone","","","30 Jun 2018"
"09/06/2018 18:25","Reload","'70838153003423652","WXR11","","","Billed","","-20.00","PSS SIMPANG PULAI ARAH UTARA","","Standalone","","","30 Jun 2018"
"04/06/2018 15:44","Purchase","'70838153003423652","WXR11","","PRIMAX 95","Billed","13.64","30.00","PSS BDR SRI MANJUNG 2","","Standalone","","","30 Jun 2018"
"04/06/2018 15:43","Reload","'70838153003423652","WXR11","","","Billed","","-30.00","PSS BDR SRI MANJUNG 2","","Standalone","","","30 Jun 2018"
"02/06/2018 18:31","Purchase","'70838153003423652","WXR11","","PRIMAX 95","Billed","13.64","30.00","PSS SIMPANG PULAI ARAH UTARA","","Standalone","","","30 Jun 2018"
"02/06/2018 18:29","Reload","'70838153003423652","WXR11","","","Billed","","-30.00","PSS SIMPANG PULAI ARAH UTARA","","Standalone","","","30 Jun 2018"