"Date Time","Transaction Type","Card Number","Vehicle Number","Driver Card Number","Product Type","Billing Type","Transaction Volume (Litres)","Transaction Amount (RM)","Station Name","Odometer","Card Type","Cost Centre","Cost Centre Name","Statement Month"
"26/06/2018 15:47","Purchase","'70838153003498761","WXR443","","PRIMAX 95","Billed","30.14","66.30","PSS BUKIT JELUTONG RESIDENTIAL","","Standalone","","","30 Jun 2018"
"26/06/2018 15:44","Reload","'70838153003498761","WXR443","","","Billed","","-500.00","PSS BUKIT JELUTONG RESIDENTIAL","","Standalone","","","30 Jun 2018"
"22/06/2018 07:48","Purchase","'70838153003498761","WXR443","","PRIMAX 95","Billed","18.14","39.90","PSS PUTRA PERDANA","","Standalone","","","30 Jun 2018"
"19/06/2018 13:54","Purchase","'70838153003498761","WXR443","","PRIMAX 95","Billed","45.46","100.00","PSS BANDAR MERU RAYA","","Standalone","","","30 Jun 2018"
"16/06/2018 17:19","Purchase","'70838153003498761","WXR443","","PRIMAX 95","Billed","51.57","113.45","PSS LDP PUCHONG UTAMA","","Standalone","","","30 Jun 2018"
"12/06/2018 14:31","Purchase","'70838153003498761","WXR443","","PRIMAX 95","Billed","30.78","67.72","PSS TAMAN MERANTI JAYA","","Standalone","","","30 Jun 2018"
"07/06/2018 14:09","Purchase","'70838153003498761","WXR443","","PRIMAX 95","Billed","30.73","67.60","PSS BUKIT JELUTONG RESIDENTIAL","","Standalone","","","30 Jun 2018"
"03/06/2018 14:11","Purchase","'70838153003498761","WXR443","","PRIMAX 95","Billed","31.18","68.60","PSS PUCHONG GATEWAY","","Standalone","","","30 Jun 2018"