"Date Time","Transaction Type","Card Number","Vehicle Number","Driver Card Number","Product Type","Billing Type","Transaction Volume (Litres)","Transaction Amount (RM)","Station Name","Odometer","Card Type","Cost Centre","Cost Centre Name","Statement Month"
"29/06/2018 16:03","Purchase","'70838153003498704","WXR438","","PRIMAX 95","Billed","22.73","50.00","PSS SG MAS2","","Standalone","","","30 Jun 2018"
"28/06/2018 22:50","Reload","'70838153003498704","WXR438","","","Billed","","-50.00","PSS PUTRI WANGSA","","Standalone","","","30 Jun 2018"
"19/06/2018 14:09","Purchase","'70838153003498704","WXR438","","PRIMAX 95","Billed","22.73","50.00","PSS SG MAS2","","Standalone","","","30 Jun 2018"
"19/06/2018 10:55","Reload","'70838153003498704","WXR438","","","Billed","","-50.00","PSS SG MAS2","","Standalone","","","30 Jun 2018"
"01/06/2018 09:17","Purchase","'70838153003498704","WXR438","","PRIMAX 95","Billed","22.73","50.00","PSS JALAN DATIN HALIMAH","","Standalone","","","30 Jun 2018"
"01/06/2018 09:15","Reload","'70838153003498704","WXR438","","","Billed","","-50.00","PSS JALAN DATIN HALIMAH","","Standalone","","","30 Jun 2018"