"Date Time","Transaction Type","Card Number","Vehicle Number","Driver Card Number","Product Type","Billing Type","Transaction Volume (Litres)","Transaction Amount (RM)","Station Name","Odometer","Card Type","Cost Centre","Cost Centre Name","Statement Month"
"29/06/2018 20:26","Reload","'70838153003729504","WXR 5063","","","Billed","","-50.00","PSS PETALING UTAMA","","Standalone","","","30 Jun 2018"
"23/06/2018 16:02","Purchase","'70838153003729504","WXR 5063","","PRIMAX 95","Billed","9.09","20.00","PSS SUNWAY BATU CAVES","20","Standalone","","","30 Jun 2018"
"20/06/2018 16:38","Purchase","'70838153003729504","WXR 5063","","PRIMAX 95","Billed","15.91","35.00","PSS ULU BERNAM","35","Standalone","","","30 Jun 2018"
"20/06/2018 16:37","Reload","'70838153003729504","WXR 5063","","","Billed","","-30.00","PSS ULU BERNAM","","Standalone","","","30 Jun 2018"
"07/06/2018 20:44","Purchase","'70838153003729504","WXR 5063","","PRIMAX 97","Billed","13.16","35.00","PSS PEKAN BARU SUBANG","35","Standalone","","","30 Jun 2018"
"07/06/2018 20:42","Reload","'70838153003729504","WXR 5063","","","Billed","","-50.00","PSS PEKAN BARU SUBANG","","Standalone","","","30 Jun 2018"