"Date Time","Transaction Type","Card Number","Vehicle Number","Driver Card Number","Product Type","Billing Type","Transaction Volume (Litres)","Transaction Amount (RM)","Station Name","Odometer","Card Type","Cost Centre","Cost Centre Name","Statement Month"
"24/06/2018 10:03","Purchase","'70838153003501952","WXR737","","PRIMAX 95","Billed","22.70","49.93","PSS AMPANGAN UTAMA JALAN KUALA PILAH","737","Standalone","","","30 Jun 2018"
"15/06/2018 20:37","Purchase","'70838153003501952","WXR737","","PRIMAX 95","Billed","13.64","30.00","PSS TAMAN SEMARAK","737","Standalone","","","30 Jun 2018"
"15/06/2018 20:35","Reload","'70838153003501952","WXR737","","","Billed","","-50.00","PSS TAMAN SEMARAK","","Standalone","","","30 Jun 2018"
"13/06/2018 13:39","Purchase","'70838153003501952","WXR737","","PRIMAX 95","Billed","13.64","30.00","PSS JLN SEREMBAN-JELEBU","737","Standalone","","","30 Jun 2018"
"13/06/2018 13:37","Reload","'70838153003501952","WXR737","","","Billed","","-50.00","PSS JLN SEREMBAN-JELEBU","","Standalone","","","30 Jun 2018"
"12/06/2018 15:28","Purchase","'70838153003501952","WXR737","","Diesel","Billed","9.17","20.00","PSS AMPANGAN UTAMA JALAN KUALA PILAH","737","Standalone","","","30 Jun 2018"
"10/06/2018 15:54","Purchase","'70838153003501952","WXR737","","PRIMAX 95","Billed","13.64","30.00","PSS SENAWANG - PAROI","737","Standalone","","","30 Jun 2018"
"10/06/2018 15:51","Reload","'70838153003501952","WXR737","","","Billed","","-50.00","PSS SENAWANG - PAROI","","Standalone","","","30 Jun 2018"
"06/06/2018 09:35","Purchase","'70838153003501952","WXR737","","PRIMAX 95","Billed","9.09","20.00","PSS SENAWANG - PAROI","737","Standalone","","","30 Jun 2018"