"Date Time","Transaction Type","Card Number","Vehicle Number","Driver Card Number","Product Type","Billing Type","Transaction Volume (Litres)","Transaction Amount (RM)","Station Name","Odometer","Card Type","Cost Centre","Cost Centre Name","Statement Month"
"30/06/2018 23:07","Purchase","'70838153003498258","WXR425","","PRIMAX 95","Un-billed","10.00","22.00","PSS KUALA SELANGOR","95","Standalone","","","Unbilled Transaction"
"28/06/2018 13:44","Purchase","'70838153003498258","WXR425","","PRIMAX 95","Billed","7.73","17.00","PSS LATAR 1 (KLS ARAH KUALA SEL)","95","Standalone","","","30 Jun 2018"
"27/06/2018 20:37","Reload","'70838153003498258","WXR425","","","Billed","","-15.00","PSS KUALA SELANGOR","","Standalone","","","30 Jun 2018"
"24/06/2018 10:32","Purchase","'70838153003498258","WXR425","","PRIMAX 95","Billed","13.64","30.00","PSS TANJUNG KARANG 2","95","Standalone","","","30 Jun 2018"
"24/06/2018 10:30","Reload","'70838153003498258","WXR425","","","Billed","","-35.00","PSS TANJUNG KARANG 2","","Standalone","","","30 Jun 2018"
"23/06/2018 10:55","Purchase","'70838153003498258","WXR425","","PRIMAX 95","Billed","13.64","30.00","PSS KUALA SELANGOR","95","Standalone","","","30 Jun 2018"
"23/06/2018 10:54","Reload","'70838153003498258","WXR425","","","Billed","","-25.00","PSS KUALA SELANGOR","","Standalone","","","30 Jun 2018"
"16/06/2018 18:53","Purchase","'70838153003498258","WXR425","","PRIMAX 95","Billed","13.64","30.00","PSS NKVE KLANG BOUND","95","Standalone","","","30 Jun 2018"
"16/06/2018 18:52","Reload","'70838153003498258","WXR425","","","Billed","","-20.00","PSS NKVE KLANG BOUND","","Standalone","","","30 Jun 2018"
"15/06/2018 15:35","Purchase","'70838153003498258","WXR425","","PRIMAX 95","Billed","12.27","27.00","PSS KUALA SELANGOR","95","Standalone","","","30 Jun 2018"
"15/06/2018 01:53","Reload","'70838153003498258","WXR425","","","Billed","","-50.00","PSS KUALA SELANGOR","","Standalone","","","30 Jun 2018"
"11/06/2018 21:08","Purchase","'70838153003498258","WXR425","","PRIMAX 95","Billed","7.27","16.00","PSS KUALA SELANGOR","95","Standalone","","","30 Jun 2018"
"11/06/2018 21:06","Reload","'70838153003498258","WXR425","","","Billed","","-15.00","PSS KUALA SELANGOR","","Standalone","","","30 Jun 2018"
"08/06/2018 17:25","Purchase","'70838153003498258","WXR425","","PRIMAX 95","Billed","6.82","15.00","PSS KUALA SELANGOR","95","Standalone","","","30 Jun 2018"
"08/06/2018 17:24","Reload","'70838153003498258","WXR425","","","Billed","","-15.00","PSS KUALA SELANGOR","","Standalone","","","30 Jun 2018"
"05/06/2018 10:57","Purchase","'70838153003498258","WXR425","","PRIMAX 95","Billed","4.55","10.00","PSS KUALA SELANGOR","95","Standalone","","","30 Jun 2018"
"05/06/2018 10:56","Reload","'70838153003498258","WXR425","","","Billed","","-10.00","PSS KUALA SELANGOR","","Standalone","","","30 Jun 2018"
"02/06/2018 16:27","Purchase","'70838153003498258","WXR425","","PRIMAX 95","Billed","11.36","25.00","PSS TANJUNG KARANG 2","95","Standalone","","","30 Jun 2018"
"02/06/2018 16:25","Reload","'70838153003498258","WXR425","","","Billed","","-23.00","PSS TANJUNG KARANG 2","","Standalone","","","30 Jun 2018"