"Date Time","Transaction Type","Card Number","Vehicle Number","Driver Card Number","Product Type","Billing Type","Transaction Volume (Litres)","Transaction Amount (RM)","Station Name","Odometer","Card Type","Cost Centre","Cost Centre Name","Statement Month"
"30/06/2018 19:22","Purchase","'70838153003666615","WXR2001","","Diesel","Billed","65.95","143.78","PSS PEDAS LINGGI LAYBY","","Standalone","","","30 Jun 2018"
"30/06/2018 05:21","Purchase","'70838153003666615","WXR2001","","Diesel","Billed","73.39","160.00","PSS PARIT YAANI","17310","Standalone","","","30 Jun 2018"
"30/06/2018 02:29","Reload","'70838153003666615","WXR2001","","","Billed","","-500.00","PSS RAWAT & REHAT(S) KL- SEREMBAN","","Standalone","","","30 Jun 2018"
"29/06/2018 13:30","Purchase","'70838153003666615","WXR2001","","Diesel","Billed","65.14","142.00","PSS LEBUH AMJ BALAI PANJANG","","Standalone","","","30 Jun 2018"
"28/06/2018 09:37","Purchase","'70838153003666615","WXR2001","","Diesel","Billed","70.98","154.74","PSS SEKSYEN 18","173342","Standalone","","","30 Jun 2018"
"27/06/2018 13:36","Purchase","'70838153003666615","WXR2001","","Diesel","Billed","55.05","120.01","PSS BANDAR SERI ALAM (2)","172941","Standalone","","","30 Jun 2018"
"27/06/2018 03:29","Purchase","'70838153003666615","WXR2001","","Diesel","Billed","71.60","156.09","PSS RAWAT & REHAT(S) KL- SEREMBAN","172554","Standalone","","","30 Jun 2018"
"25/06/2018 15:04","Purchase","'70838153003666615","WXR2001","","Diesel","Billed","61.52","134.10","PSS MASJID TANAH","172128","Standalone","","","30 Jun 2018"
"22/06/2018 21:07","Purchase","'70838153003666615","WXR2001","","Diesel","Billed","63.65","138.76","PSS AIR KEROH RSA NORTH BOUND","171709","Standalone","","","30 Jun 2018"
"22/06/2018 21:04","Reload","'70838153003666615","WXR2001","","","Billed","","-1,000.00","PSS AIR KEROH RSA NORTH BOUND","","Standalone","","","30 Jun 2018"
"22/06/2018 20:45","Purchase","'70838153003666615","WXR2001","","Diesel","Billed","7.21","15.71","PSS AIR KEROH RSA NORTH BOUND","171709","Standalone","","","30 Jun 2018"
"22/06/2018 07:26","Purchase","'70838153003666615","WXR2001","","Diesel","Billed","71.03","154.85","PSS MACHAP ARAH SELATAN","171317","Standalone","","","30 Jun 2018"
"21/06/2018 19:16","Purchase","'70838153003666615","WXR2001","","Diesel","Billed","72.45","157.95","PSS SEK 22 SHAH ALAM","170383","Standalone","","","30 Jun 2018"
"21/06/2018 08:00","Purchase","'70838153003666615","WXR2001","","Diesel","Billed","54.28","118.32","PSS MACHAP ARAH SELATAN","170380","Standalone","","","30 Jun 2018"
"21/06/2018 01:16","Purchase","'70838153003666615","WXR2001","","Diesel","Billed","58.72","128.00","PSS JALAN PLUMBUM","170013","Standalone","","","30 Jun 2018"
"13/06/2018 01:44","Purchase","'70838153003666615","WXR2001","","Diesel","Billed","70.94","154.65","PSS AIR KEROH RSA NORTH BOUND","","Standalone","","","30 Jun 2018"
"12/06/2018 09:11","Purchase","'70838153003666615","WXR2001","","Diesel","Billed","46.00","100.28","PSS PARIT SULONG","","Standalone","","","30 Jun 2018"
"11/06/2018 20:42","Purchase","'70838153003666615","WXR2001","","Diesel","Billed","39.45","86.00","PSS JALAN PLUMBUM","","Standalone","","","30 Jun 2018"
"06/06/2018 02:04","Purchase","'70838153003666615","WXR2001","","Diesel","Billed","55.19","120.32","PSS BAKRI 2 MUAR","","Standalone","","","30 Jun 2018"
"05/06/2018 11:02","Purchase","'70838153003666615","WXR2001","","Diesel","Billed","76.96","167.77","PSS NUSA PERINTIS","","Standalone","","","30 Jun 2018"
"04/06/2018 20:53","Purchase","'70838153003666615","WXR2001","","Diesel","Billed","40.29","87.84","PSS JALAN PLUMBUM","","Standalone","","","30 Jun 2018"