"Date Time","Transaction Type","Card Number","Vehicle Number","Driver Card Number","Product Type","Billing Type","Transaction Volume (Litres)","Transaction Amount (RM)","Station Name","Odometer","Card Type","Cost Centre","Cost Centre Name","Statement Month"
"30/06/2018 12:04","Purchase","'70838153003423553","WXR101","","PRIMAX 95","Billed","46.36","102.00","PSS LEBOH AMJ SEMABOK","","Standalone","","","30 Jun 2018"
"30/06/2018 12:03","Reload","'70838153003423553","WXR101","","","Billed","","-100.00","PSS LEBOH AMJ SEMABOK","","Standalone","","","30 Jun 2018"
"25/06/2018 17:43","Purchase","'70838153003423553","WXR101","","PRIMAX 95","Billed","21.64","47.60","PSS SETAPAK INDAH","","Standalone","","","30 Jun 2018"
"25/06/2018 17:42","Reload","'70838153003423553","WXR101","","","Billed","","-50.00","PSS SETAPAK INDAH","","Standalone","","","30 Jun 2018"
"25/06/2018 17:39","Purchase","'70838153003423553","WXR101","","PRIMAX 95","Billed","19.07","41.96","PSS SETAPAK INDAH","","Standalone","","","30 Jun 2018"
"24/06/2018 20:31","Purchase","'70838153003423553","WXR101","","PRIMAX 95","Billed","42.73","94.00","PSS LEBOH AMJ SEMABOK","","Standalone","","","30 Jun 2018"
"22/06/2018 10:52","Purchase","'70838153003423553","WXR101","","PRIMAX 95","Billed","44.09","97.00","PSS PEDAS LINGGI LAYBY","","Standalone","","","30 Jun 2018"
"20/06/2018 16:51","Purchase","'70838153003423553","WXR101","","PRIMAX 95","Billed","31.38","69.03","PSS LALUAN KEDUA (ARAH UTARA)","","Standalone","","","30 Jun 2018"
"20/06/2018 16:50","Reload","'70838153003423553","WXR101","","","Billed","","-200.00","PSS LALUAN KEDUA (ARAH UTARA)","","Standalone","","","30 Jun 2018"
"18/06/2018 03:12","Purchase","'70838153003423553","WXR101","","PRIMAX 95","Billed","22.73","50.01","PSS LALUAN KEDUA (ARAH SELATAN)","","Standalone","","","30 Jun 2018"
"17/06/2018 19:41","Purchase","'70838153003423553","WXR101","","PRIMAX 95","Billed","21.82","48.00","PSS BUKIT GAMBIR","","Standalone","","","30 Jun 2018"
"17/06/2018 19:40","Reload","'70838153003423553","WXR101","","","Billed","","-200.00","PSS BUKIT GAMBIR","","Standalone","","","30 Jun 2018"
"17/06/2018 19:36","Purchase","'70838153003423553","WXR101","","PRIMAX 95","Billed","11.33","24.92","PSS BUKIT GAMBIR","","Standalone","","","30 Jun 2018"
"13/06/2018 16:22","Purchase","'70838153003423553","WXR101","","PRIMAX 95","Billed","50.92","112.03","PSS PEKAN AIR MOLEK","","Standalone","","","30 Jun 2018"
"10/06/2018 14:17","Purchase","'70838153003423553","WXR101","","PRIMAX 95","Billed","20.92","46.02","PSS LEBOH AMJ SEMABOK","","Standalone","","","30 Jun 2018"
"09/06/2018 21:54","Purchase","'70838153003423553","WXR101","","PRIMAX 95","Billed","50.92","112.03","PSS PEKAN AIR MOLEK","","Standalone","","","30 Jun 2018"
"09/06/2018 21:54","Purchase","'70838153003423553","WXR101","","PRIMAX 95","Un-billed","50.92","112.03","PSS PEKAN AIR MOLEK","","Standalone","","","Unbilled Transaction"
"09/06/2018 21:53","Reload","'70838153003423553","WXR101","","","Billed","","-200.00","PSS PEKAN AIR MOLEK","","Standalone","","","30 Jun 2018"
"06/06/2018 08:51","Purchase","'70838153003423553","WXR101","","PRIMAX 95","Billed","50.00","110.00","PSS PEKAN AIR MOLEK","","Standalone","","","30 Jun 2018"
"06/06/2018 08:50","Reload","'70838153003423553","WXR101","","","Billed","","-200.00","PSS PEKAN AIR MOLEK","","Standalone","","","30 Jun 2018"
"03/06/2018 16:11","Purchase","'70838153003423553","WXR101","","PRIMAX 95","Billed","24.65","54.22","PSS KLUANG AIR HITAM","","Standalone","","","30 Jun 2018"
"03/06/2018 16:10","Reload","'70838153003423553","WXR101","","","Billed","","-50.00","PSS KLUANG AIR HITAM","","Standalone","","","30 Jun 2018"
"01/06/2018 20:43","Purchase","'70838153003423553","WXR101","","PRIMAX 95","Billed","47.73","105.00","PSS LEBOH AMJ SEMABOK","","Standalone","","","30 Jun 2018"
"01/06/2018 20:42","Reload","'70838153003423553","WXR101","","","Billed","","-100.00","PSS LEBOH AMJ SEMABOK","","Standalone","","","30 Jun 2018"