"Date Time","Transaction Type","Card Number","Vehicle Number","Driver Card Number","Product Type","Billing Type","Transaction Volume (Litres)","Transaction Amount (RM)","Station Name","Odometer","Card Type","Cost Centre","Cost Centre Name","Statement Month"
"30/06/2018 19:00","Purchase","'70838153003500079","WXR666","","PRIMAX 95","Billed","22.73","50.00","PSS TAMAN SETIA INDAH","","Standalone","","","30 Jun 2018"
"30/06/2018 18:59","Reload","'70838153003500079","WXR666","","","Billed","","-50.00","PSS TAMAN SETIA INDAH","","Standalone","","","30 Jun 2018"
"28/06/2018 17:10","Purchase","'70838153003500079","WXR666","","PRIMAX 95","Billed","27.27","60.00","PSS TAMAN SETIA INDAH","","Standalone","","","30 Jun 2018"
"28/06/2018 17:08","Reload","'70838153003500079","WXR666","","","Billed","","-50.00","PSS TAMAN SETIA INDAH","","Standalone","","","30 Jun 2018"
"25/06/2018 07:48","Purchase","'70838153003500079","WXR666","","PRIMAX 95","Billed","27.27","60.00","PSS TAMAN DAYA","","Standalone","","","30 Jun 2018"
"21/06/2018 20:56","Purchase","'70838153003500079","WXR666","","PRIMAX 95","Billed","31.82","70.00","PSS JALAN MENGKIBOL KLUANG","","Standalone","","","30 Jun 2018"
"19/06/2018 11:33","Purchase","'70838153003500079","WXR666","","PRIMAX 95","Billed","40.91","90.00","PSS GRAND SAGA  KL BOUND","","Standalone","","","30 Jun 2018"
"16/06/2018 17:24","Purchase","'70838153003500079","WXR666","","PRIMAX 95","Billed","22.73","50.00","PSS BANDAR BARU AIR HITAM","","Standalone","","","30 Jun 2018"
"16/06/2018 17:21","Reload","'70838153003500079","WXR666","","","Billed","","-300.00","PSS BANDAR BARU AIR HITAM","","Standalone","","","30 Jun 2018"
"13/06/2018 22:14","Purchase","'70838153003500079","WXR666","","PRIMAX 95","Billed","31.82","70.00","PSS TAMAN SETIA INDAH","","Standalone","","","30 Jun 2018"
"13/06/2018 22:13","Reload","'70838153003500079","WXR666","","","Billed","","-70.00","PSS TAMAN SETIA INDAH","","Standalone","","","30 Jun 2018"
"11/06/2018 15:12","Purchase","'70838153003500079","WXR666","","PRIMAX 95","Billed","22.73","50.00","PSS TAMAN DAYA","","Standalone","","","30 Jun 2018"
"11/06/2018 15:11","Reload","'70838153003500079","WXR666","","","Billed","","-50.00","PSS TAMAN DAYA","","Standalone","","","30 Jun 2018"
"08/06/2018 18:02","Purchase","'70838153003500079","WXR666","","PRIMAX 95","Billed","22.73","50.00","PSS JALAN MENGKIBOL KLUANG","","Standalone","","","30 Jun 2018"
"05/06/2018 15:24","Purchase","'70838153003500079","WXR666","","PRIMAX 95","Billed","22.73","50.00","PSS TAMAN DAYA","","Standalone","","","30 Jun 2018"
"05/06/2018 15:23","Reload","'70838153003500079","WXR666","","","Billed","","-100.00","PSS TAMAN DAYA","","Standalone","","","30 Jun 2018"
"04/06/2018 22:21","Purchase","'70838153003500079","WXR666","","PRIMAX 95","Billed","22.73","50.00","PSS TAMAN SETIA INDAH","","Standalone","","","30 Jun 2018"
"04/06/2018 22:20","Reload","'70838153003500079","WXR666","","","Billed","","-50.00","PSS TAMAN SETIA INDAH","","Standalone","","","30 Jun 2018"
"02/06/2018 18:30","Purchase","'70838153003500079","WXR666","","PRIMAX 95","Billed","22.73","50.00","PSS JALAN MENGKIBOL KLUANG","","Standalone","","","30 Jun 2018"
"02/06/2018 18:29","Reload","'70838153003500079","WXR666","","","Billed","","-50.00","PSS JALAN MENGKIBOL KLUANG","","Standalone","","","30 Jun 2018"
"01/06/2018 18:43","Purchase","'70838153003500079","WXR666","","PRIMAX 95","Billed","45.46","100.00","PSS JALAN MENGKIBOL KLUANG","","Standalone","","","30 Jun 2018"
"01/06/2018 18:42","Reload","'70838153003500079","WXR666","","","Billed","","-100.00","PSS JALAN MENGKIBOL KLUANG","","Standalone","","","30 Jun 2018"