"Date Time","Transaction Type","Card Number","Vehicle Number","Driver Card Number","Product Type","Billing Type","Transaction Volume (Litres)","Transaction Amount (RM)","Station Name","Odometer","Card Type","Cost Centre","Cost Centre Name","Statement Month"
"31/05/2018 11:07","Purchase","'70838153003581509","WXR1099","","Diesel","Un-billed","26.14","56.98","PSS JLN USJ 14/1L UEP","","Standalone","","","Unbilled Transaction"
"22/05/2018 12:17","Purchase","'70838153003581509","WXR1099","","Diesel","Billed","31.66","69.01","PSS TAMAN CEMPAKA","","Standalone","","","31 May 2018"
"22/05/2018 12:16","Reload","'70838153003581509","WXR1099","","","Billed","","-100.00","PSS TAMAN CEMPAKA","","Standalone","","","31 May 2018"
"02/05/2018 15:48","Purchase","'70838153003581509","WXR1099","","Diesel","Billed","56.88","124.01","PSS PUCHONG GATEWAY","","Standalone","","","31 May 2018"
"02/05/2018 15:47","Reload","'70838153003581509","WXR1099","","","Billed","","-150.00","PSS PUCHONG GATEWAY","","Standalone","","","31 May 2018"
"02/05/2018 15:26","Purchase","'70838153003581509","WXR1099","","Diesel","Billed","45.87","100.00","PSS PUCHONG GATEWAY","","Standalone","","","31 May 2018"
"02/05/2018 15:20","Reload","'70838153003581509","WXR1099","","","Billed","","-100.00","PSS PUCHONG GATEWAY","","Standalone","","","31 May 2018"