"Date Time","Transaction Type","Card Number","Vehicle Number","Driver Card Number","Product Type","Billing Type","Transaction Volume (Litres)","Transaction Amount (RM)","Station Name","Odometer","Card Type","Cost Centre","Cost Centre Name","Statement Month"
"31/05/2018 19:09","Purchase","'70838153003495403","WXR540","","PRIMAX 95","Billed","9.09","20.00","PSS KUAH LANGKAWI","","Standalone","","","31 May 2018"
"30/05/2018 09:04","Purchase","'70838153003495403","WXR540","","PRIMAX 95","Billed","13.64","30.00","PSS KUAH LANGKAWI","","Standalone","","","31 May 2018"
"30/05/2018 09:04","Reload","'70838153003495403","WXR540","","","Billed","","-50.00","PSS KUAH LANGKAWI","","Standalone","","","31 May 2018"
"29/05/2018 08:59","Purchase","'70838153003495403","WXR540","","Diesel","Billed","17.43","38.00","PSS KUAH LANGKAWI","","Standalone","","","31 May 2018"
"27/05/2018 19:10","Purchase","'70838153003495403","WXR540","","PRIMAX 95","Billed","13.64","30.00","PSS KELEBANG LANGKAWI","","Standalone","","","31 May 2018"
"27/05/2018 19:09","Reload","'70838153003495403","WXR540","","","Billed","","-50.00","PSS KELEBANG LANGKAWI","","Standalone","","","31 May 2018"
"17/05/2018 20:29","Purchase","'70838153003495403","WXR540","","PRIMAX 95","Billed","20.00","44.00","PSS TOK SENIK","","Standalone","","","31 May 2018"
"17/05/2018 20:27","Reload","'70838153003495403","WXR540","","","Billed","","-50.00","PSS TOK SENIK","","Standalone","","","31 May 2018"
"16/05/2018 14:51","Purchase","'70838153003495403","WXR540","","PRIMAX 95","Billed","20.00","44.00","PSS TOK SENIK","","Standalone","","","31 May 2018"
"16/05/2018 14:50","Reload","'70838153003495403","WXR540","","","Billed","","-30.00","PSS TOK SENIK","","Standalone","","","31 May 2018"
"16/05/2018 10:57","Purchase","'70838153003495403","WXR540","","Diesel","Billed","9.17","20.00","PSS KUAH LANGKAWI","","Standalone","","","31 May 2018"
"11/05/2018 18:22","Purchase","'70838153003495403","WXR540","","PRIMAX 95","Billed","18.18","40.00","PSS TOK SENIK","","Standalone","","","31 May 2018"
"11/05/2018 18:21","Reload","'70838153003495403","WXR540","","","Billed","","-50.00","PSS TOK SENIK","","Standalone","","","31 May 2018"
"09/05/2018 20:01","Purchase","'70838153003495403","WXR540","","PRIMAX 95","Billed","18.18","40.00","PSS TOK SENIK","","Standalone","","","31 May 2018"
"09/05/2018 20:01","Reload","'70838153003495403","WXR540","","","Billed","","-50.00","PSS TOK SENIK","","Standalone","","","31 May 2018"
"07/05/2018 11:59","Purchase","'70838153003495403","WXR540","","PRIMAX 95","Billed","22.73","50.00","PSS TOK SENIK","","Standalone","","","31 May 2018"
"07/05/2018 11:58","Reload","'70838153003495403","WXR540","","","Billed","","-50.00","PSS TOK SENIK","","Standalone","","","31 May 2018"
"06/05/2018 07:59","Purchase","'70838153003495403","WXR540","","PRIMAX 95","Billed","22.73","50.00","PSS KUAH LANGKAWI","","Standalone","","","31 May 2018"
"05/05/2018 17:03","Reload","'70838153003495403","WXR540","","","Billed","","-50.00","PSS TOK SENIK","","Standalone","","","31 May 2018"