"Date Time","Transaction Type","Card Number","Vehicle Number","Driver Card Number","Product Type","Billing Type","Transaction Volume (Litres)","Transaction Amount (RM)","Station Name","Odometer","Card Type","Cost Centre","Cost Centre Name","Statement Month"
"30/05/2018 09:39","Purchase","'70838153003732938","WXR 5837","","PRIMAX 95","Billed","22.73","50.00","PSS KAMPUNG AWAH","","Standalone","","","31 May 2018"
"30/05/2018 09:39","Reload","'70838153003732938","WXR 5837","","","Billed","","-50.00","PSS KAMPUNG AWAH","","Standalone","","","31 May 2018"
"21/05/2018 11:36","Purchase","'70838153003732938","WXR 5837","","PRIMAX 95","Billed","13.64","30.00","PSS BANDAR JENGKA","","Standalone","","","31 May 2018"
"21/05/2018 11:35","Reload","'70838153003732938","WXR 5837","","","Billed","","-30.00","PSS BANDAR JENGKA","","Standalone","","","31 May 2018"
"13/05/2018 19:01","Purchase","'70838153003732938","WXR 5837","","PRIMAX 95","Billed","13.64","30.00","PSS BANDAR JENGKA","","Standalone","","","31 May 2018"
"13/05/2018 18:59","Reload","'70838153003732938","WXR 5837","","","Billed","","-50.00","PSS BANDAR JENGKA","","Standalone","","","31 May 2018"