"Date Time","Transaction Type","Card Number","Vehicle Number","Driver Card Number","Product Type","Billing Type","Transaction Volume (Litres)","Transaction Amount (RM)","Station Name","Odometer","Card Type","Cost Centre","Cost Centre Name","Statement Month"
"31/05/2018 11:33","Purchase","'70838153003498852","WXR894","","PRIMAX 95","Billed","27.27","60.00","PSS PADANG RENGAS","1153","Standalone","","","31 May 2018"
"31/05/2018 11:31","Reload","'70838153003498852","WXR894","","","Billed","","-100.00","PSS PADANG RENGAS","","Standalone","","","31 May 2018"
"29/05/2018 10:27","Purchase","'70838153003498852","WXR894","","PRIMAX 95","Billed","22.73","50.00","PSS BAGAN SERAI","67906","Standalone","","","31 May 2018"
"29/05/2018 10:23","Reload","'70838153003498852","WXR894","","","Billed","","-50.00","PSS BAGAN SERAI","","Standalone","","","31 May 2018"
"23/05/2018 12:01","Purchase","'70838153003498852","WXR894","","PRIMAX 95","Billed","6.82","15.00","PSS BAGAN SERAI","1153","Standalone","","","31 May 2018"
"21/05/2018 11:31","Purchase","'70838153003498852","WXR894","","PRIMAX 95","Billed","13.64","30.00","PSS BAGAN SERAI","1153","Standalone","","","31 May 2018"
"21/05/2018 11:29","Reload","'70838153003498852","WXR894","","","Billed","","-40.00","PSS BAGAN SERAI","","Standalone","","","31 May 2018"
"21/05/2018 11:28","Reload","'70838153003498852","WXR894","","","Billed","","-10.00","PSS BAGAN SERAI","","Standalone","","","31 May 2018"
"18/05/2018 09:59","Purchase","'70838153003498852","WXR894","","PRIMAX 95","Billed","24.33","53.53","PSS BAGAN SERAI","1153","Standalone","","","31 May 2018"
"11/05/2018 15:28","Purchase","'70838153003498852","WXR894","","PRIMAX 95","Billed","25.01","55.02","PSS CHANGKAT JONG","1153","Standalone","","","31 May 2018"
"10/05/2018 13:16","Purchase","'70838153003498852","WXR894","","PRIMAX 95","Billed","18.18","40.00","PSS BAGAN SERAI","1153","Standalone","","","31 May 2018"
"10/05/2018 13:14","Reload","'70838153003498852","WXR894","","","Billed","","-100.00","PSS BAGAN SERAI","","Standalone","","","31 May 2018"
"08/05/2018 21:50","Purchase","'70838153003498852","WXR894","","PRIMAX 97","Billed","30.38","75.03","PSS BAGAN SERAI","1153","Standalone","","","31 May 2018"
"08/05/2018 21:48","Reload","'70838153003498852","WXR894","","","Billed","","-100.00","PSS BAGAN SERAI","","Standalone","","","31 May 2018"