"Date Time","Transaction Type","Card Number","Vehicle Number","Driver Card Number","Product Type","Billing Type","Transaction Volume (Litres)","Transaction Amount (RM)","Station Name","Odometer","Card Type","Cost Centre","Cost Centre Name","Statement Month"
"24/05/2018 22:20","Purchase","'70838153003423082","WXR177","","PRIMAX 97","Billed","0.59","1.46","PSS FAS","","Standalone","","","31 May 2018"
"19/05/2018 13:10","Purchase","'70838153003423082","WXR177","","PRIMAX 97","Billed","2.02","5.00","PSS PERSIARAN RAJA MUDA MUSA","","Standalone","","","31 May 2018"
"18/05/2018 11:02","Purchase","'70838153003423082","WXR177","","PRIMAX 97","Billed","2.84","7.02","PSS BUKIT TINGGI","","Standalone","","","31 May 2018"
"17/05/2018 16:26","Purchase","'70838153003423082","WXR177","","PRIMAX 97","Billed","1.62","4.00","PSS JALAN LANGAT","","Standalone","","","31 May 2018"
"16/05/2018 17:51","Purchase","'70838153003423082","WXR177","","PRIMAX 97","Billed","2.02","5.00","PSS KM 12.3 LEBUHRAYA PERSEKUTUAN","","Standalone","","","31 May 2018"
"16/05/2018 14:38","Purchase","'70838153003423082","WXR177","","PRIMAX 97","Billed","2.43","6.00","PSS BUKIT TINGGI","","Standalone","","","31 May 2018"
"14/05/2018 23:02","Purchase","'70838153003423082","WXR177","","PRIMAX 97","Billed","2.02","5.00","PSS FAS","","Standalone","","","31 May 2018"
"12/05/2018 15:37","Purchase","'70838153003423082","WXR177","","PRIMAX 97","Billed","2.43","6.00","PSS BATU 3 FEDERAL HIGHWAY","","Standalone","","","31 May 2018"
"11/05/2018 15:19","Purchase","'70838153003423082","WXR177","","PRIMAX 97","Billed","2.43","6.00","PSS FAS","","Standalone","","","31 May 2018"
"08/05/2018 14:19","Purchase","'70838153003423082","WXR177","","PRIMAX 97","Billed","2.03","5.00","PSS JOHAN SETIA","","Standalone","","","31 May 2018"
"07/05/2018 16:14","Purchase","'70838153003423082","WXR177","","PRIMAX 97","Billed","2.84","7.00","PSS BATU 3 FEDERAL HIGHWAY","","Standalone","","","31 May 2018"
"05/05/2018 14:47","Purchase","'70838153003423082","WXR177","","PRIMAX 97","Billed","2.84","7.00","PSS AXIS INDUSTRIAL PARK","","Standalone","","","31 May 2018"
"05/05/2018 12:31","Reload","'70838153003423082","WXR177","","","Billed","","-50.00","PSS JALAN LANGAT","","Standalone","","","31 May 2018"