"Date Time","Transaction Type","Card Number","Vehicle Number","Driver Card Number","Product Type","Billing Type","Transaction Volume (Litres)","Transaction Amount (RM)","Station Name","Odometer","Card Type","Cost Centre","Cost Centre Name","Statement Month"
"31/05/2018 17:02","Purchase","'70838153003581095","WXR1083","","PRIMAX 95","Billed","9.09","20.00","PSS MASJID TANAH","","Standalone","","","31 May 2018"
"30/05/2018 23:12","Reload","'70838153003581095","WXR1083","","","Billed","","-50.00","PSS MASJID TANAH","","Standalone","","","31 May 2018"
"28/05/2018 16:06","Purchase","'70838153003581095","WXR1083","","PRIMAX 95","Billed","13.64","30.00","PSS SIMPANG EMPAT","","Standalone","","","31 May 2018"
"25/05/2018 14:54","Purchase","'70838153003581095","WXR1083","","PRIMAX 95","Billed","18.18","40.00","PSS MASJID TANAH","","Standalone","","","31 May 2018"
"25/05/2018 14:53","Reload","'70838153003581095","WXR1083","","","Billed","","-50.00","PSS MASJID TANAH","","Standalone","","","31 May 2018"
"21/05/2018 15:12","Purchase","'70838153003581095","WXR1083","","PRIMAX 95","Billed","13.64","30.00","PSS LUBUK CHINA","","Standalone","","","31 May 2018"
"17/05/2018 22:19","Purchase","'70838153003581095","WXR1083","","PRIMAX 95","Billed","13.64","30.00","PSS MASJID TANAH","","Standalone","","","31 May 2018"
"17/05/2018 22:16","Reload","'70838153003581095","WXR1083","","","Billed","","-50.00","PSS MASJID TANAH","","Standalone","","","31 May 2018"
"13/05/2018 20:38","Purchase","'70838153003581095","WXR1083","","PRIMAX 95","Billed","13.64","30.00","PSS MASJID TANAH","","Standalone","","","31 May 2018"
"10/05/2018 19:37","Reload","'70838153003581095","WXR1083","","","Billed","","-50.00","PSS MASJID TANAH","","Standalone","","","31 May 2018"
"09/05/2018 14:19","Purchase","'70838153003581095","WXR1083","","PRIMAX 95","Billed","13.64","30.00","PSS MASJID TANAH","","Standalone","","","31 May 2018"
"08/05/2018 11:27","Purchase","'70838153003581095","WXR1083","","PRIMAX 95","Billed","22.73","50.00","PSS BANDAR SERI PUTRA","","Standalone","","","31 May 2018"
"05/05/2018 02:18","Reload","'70838153003581095","WXR1083","","","Billed","","-50.00","PSS MASJID TANAH","","Standalone","","","31 May 2018"
"04/05/2018 02:45","Purchase","'70838153003581095","WXR1083","","PRIMAX 95","Billed","11.36","25.00","PSS MASJID TANAH","","Standalone","","","31 May 2018"
"02/05/2018 16:48","Purchase","'70838153003581095","WXR1083","","PRIMAX 95","Billed","13.64","30.00","PSS MASJID TANAH","","Standalone","","","31 May 2018"