"Date Time","Transaction Type","Card Number","Vehicle Number","Driver Card Number","Product Type","Billing Type","Transaction Volume (Litres)","Transaction Amount (RM)","Station Name","Odometer","Card Type","Cost Centre","Cost Centre Name","Statement Month"
"28/05/2018 07:25","Purchase","'70838153003501143","WXR700","","PRIMAX 95","Billed","30.00","66.00","PSS BANDAR BARU NILAI","180045","Standalone","","","31 May 2018"
"28/05/2018 07:22","Reload","'70838153003501143","WXR700","","","Billed","","-250.00","PSS BANDAR BARU NILAI","","Standalone","","","31 May 2018"
"17/05/2018 17:33","Purchase","'70838153003501143","WXR700","","PRIMAX 95","Billed","29.01","63.82","PSS BANDAR BARU NILAI","5000","Standalone","","","31 May 2018"
"10/05/2018 07:27","Purchase","'70838153003501143","WXR700","","PRIMAX 95","Billed","22.73","50.00","PSS PRECINT 16 PUTRAJAYA","500","Standalone","","","31 May 2018"
"03/05/2018 07:24","Purchase","'70838153003501143","WXR700","","PRIMAX 95","Billed","27.27","60.00","PSS BANDAR BARU NILAI","178000","Standalone","","","31 May 2018"