"Date Time","Transaction Type","Card Number","Vehicle Number","Driver Card Number","Product Type","Billing Type","Transaction Volume (Litres)","Transaction Amount (RM)","Station Name","Odometer","Card Type","Cost Centre","Cost Centre Name","Statement Month"
"29/05/2018 21:27","Purchase","'70838153003734090","WXR 5916","","PRIMAX 95","Billed","6.82","15.00","PSS JALAN HJ SAID","","Standalone","","","31 May 2018"
"29/05/2018 15:34","Reload","'70838153003734090","WXR 5916","","","Billed","","-10.00","PSS JLN SEREMBAN-JELEBU","","Standalone","","","31 May 2018"
"22/05/2018 14:04","Purchase","'70838153003734090","WXR 5916","","PRIMAX 95","Billed","9.09","20.00","PSS JLN SEREMBAN-JELEBU","20","Standalone","","","31 May 2018"
"18/05/2018 11:10","Purchase","'70838153003734090","WXR 5916","","PRIMAX 95","Billed","6.82","15.00","PSS JALAN HJ SAID","15","Standalone","","","31 May 2018"
"15/05/2018 13:13","Purchase","'70838153003734090","WXR 5916","","PRIMAX 95","Billed","18.18","40.00","PSS JLN SEREMBAN-JELEBU","40","Standalone","","","31 May 2018"
"10/05/2018 14:41","Purchase","'70838153003734090","WXR 5916","","PRIMAX 95","Billed","9.09","20.00","PSS JALAN HJ SAID","20","Standalone","","","31 May 2018"
"10/05/2018 14:40","Reload","'70838153003734090","WXR 5916","","","Billed","","-100.00","PSS JALAN HJ SAID","","Standalone","","","31 May 2018"
"08/05/2018 08:53","Purchase","'70838153003734090","WXR 5916","","PRIMAX 95","Billed","6.82","15.00","PSS JALAN HJ SAID","15","Standalone","","","31 May 2018"