"Date Time","Transaction Type","Card Number","Vehicle Number","Driver Card Number","Product Type","Billing Type","Transaction Volume (Litres)","Transaction Amount (RM)","Station Name","Odometer","Card Type","Cost Centre","Cost Centre Name","Statement Month"
"31/05/2018 16:28","Purchase","'70838153003496773","WXR571","","PRIMAX 95","Un-billed","22.73","50.00","PSS BATU FERINGGI","6893","Standalone","","","Unbilled Transaction"
"31/05/2018 16:25","Reload","'70838153003496773","WXR571","","","Billed","","-50.00","PSS BATU FERINGGI","","Standalone","","","31 May 2018"
"29/05/2018 08:39","Purchase","'70838153003496773","WXR571","","PRIMAX 95","Billed","18.18","40.00","PSS BATU FERINGGI","","Standalone","","","31 May 2018"
"29/05/2018 08:37","Reload","'70838153003496773","WXR571","","","Billed","","-40.00","PSS BATU FERINGGI","","Standalone","","","31 May 2018"
"27/05/2018 08:59","Purchase","'70838153003496773","WXR571","","PRIMAX 95","Billed","22.73","50.00","PSS BATU FERINGGI","","Standalone","","","31 May 2018"
"27/05/2018 08:57","Reload","'70838153003496773","WXR571","","","Billed","","-30.00","PSS BATU FERINGGI","","Standalone","","","31 May 2018"
"27/05/2018 08:53","Reload","'70838153003496773","WXR571","","","Billed","","-20.00","PSS BATU FERINGGI","","Standalone","","","31 May 2018"
"22/05/2018 11:49","Purchase","'70838153003496773","WXR571","","PRIMAX 95","Billed","26.82","59.00","PSS BATU FERINGGI","","Standalone","","","31 May 2018"
"22/05/2018 11:44","Reload","'70838153003496773","WXR571","","","Billed","","-50.00","PSS BATU FERINGGI","","Standalone","","","31 May 2018"
"19/05/2018 08:32","Purchase","'70838153003496773","WXR571","","PRIMAX 95","Billed","22.73","50.00","PSS BATU FERINGGI","","Standalone","","","31 May 2018"
"19/05/2018 08:30","Reload","'70838153003496773","WXR571","","","Billed","","-50.00","PSS BATU FERINGGI","","Standalone","","","31 May 2018"