"Date Time","Transaction Type","Card Number","Vehicle Number","Driver Card Number","Product Type","Billing Type","Transaction Volume (Litres)","Transaction Amount (RM)","Station Name","Odometer","Card Type","Cost Centre","Cost Centre Name","Statement Month"
"30/05/2018 13:02","Purchase","'70838153003727185","WXR 5328","","PRIMAX 95","Billed","22.73","50.00","PSS BANDAR TASEK MUTIARA","","Standalone","","","31 May 2018"
"30/05/2018 12:59","Reload","'70838153003727185","WXR 5328","","","Billed","","-100.00","PSS BANDAR TASEK MUTIARA","","Standalone","","","31 May 2018"
"25/05/2018 08:16","Purchase","'70838153003727185","WXR 5328","","PRIMAX 95","Billed","22.73","50.00","PSS PERDA BUKIT MERTAJAM","","Standalone","","","31 May 2018"
"18/05/2018 18:06","Purchase","'70838153003727185","WXR 5328","","PRIMAX 95","Billed","22.73","50.00","PSS PERDA BUKIT MERTAJAM","","Standalone","","","31 May 2018"
"18/05/2018 18:05","Reload","'70838153003727185","WXR 5328","","","Billed","","-100.00","PSS PERDA BUKIT MERTAJAM","","Standalone","","","31 May 2018"
"12/05/2018 16:16","Purchase","'70838153003727185","WXR 5328","","PRIMAX 95","Billed","22.73","50.00","PSS MERGONG (STESEN SERVICES PETRONAS )","","Standalone","","","31 May 2018"
"10/05/2018 20:28","Reload","'70838153003727185","WXR 5328","","","Billed","","-50.00","PSS BUKIT TENGAH SPT","","Standalone","","","31 May 2018"
"10/05/2018 20:26","Purchase","'70838153003727185","WXR 5328","","PRIMAX 95","Billed","22.73","50.00","PSS BUKIT TENGAH SPT","","Standalone","","","31 May 2018"
"03/05/2018 18:36","Purchase","'70838153003727185","WXR 5328","","PRIMAX 95","Billed","22.73","50.00","PSS PERDA BUKIT MERTAJAM","","Standalone","","","31 May 2018"
"03/05/2018 18:35","Reload","'70838153003727185","WXR 5328","","","Billed","","-100.00","PSS PERDA BUKIT MERTAJAM","","Standalone","","","31 May 2018"