"Date Time","Transaction Type","Card Number","Vehicle Number","Driver Card Number","Product Type","Billing Type","Transaction Volume (Litres)","Transaction Amount (RM)","Station Name","Odometer","Card Type","Cost Centre","Cost Centre Name","Statement Month"
"26/05/2018 10:46","Purchase","'70838153003727078","WXR 5319","","PRIMAX 95","Billed","6.82","15.00","PSS PERDA BUKIT MERTAJAM","","Standalone","","","31 May 2018"
"26/05/2018 10:45","Reload","'70838153003727078","WXR 5319","","","Billed","","-10.00","PSS PERDA BUKIT MERTAJAM","","Standalone","","","31 May 2018"
"23/05/2018 07:31","Purchase","'70838153003727078","WXR 5319","","PRIMAX 95","Billed","9.09","20.00","PSS PERDA BUKIT MERTAJAM","","Standalone","","","31 May 2018"
"23/05/2018 07:29","Reload","'70838153003727078","WXR 5319","","","Billed","","-20.00","PSS PERDA BUKIT MERTAJAM","","Standalone","","","31 May 2018"
"20/05/2018 21:10","Purchase","'70838153003727078","WXR 5319","","PRIMAX 95","Billed","9.09","20.00","PSS PERDA BUKIT MERTAJAM","","Standalone","","","31 May 2018"
"20/05/2018 21:08","Reload","'70838153003727078","WXR 5319","","","Billed","","-20.00","PSS PERDA BUKIT MERTAJAM","","Standalone","","","31 May 2018"
"19/05/2018 11:15","Purchase","'70838153003727078","WXR 5319","","PRIMAX 95","Billed","9.09","20.00","PSS PERDA BUKIT MERTAJAM","","Standalone","","","31 May 2018"
"19/05/2018 11:13","Reload","'70838153003727078","WXR 5319","","","Billed","","-20.00","PSS PERDA BUKIT MERTAJAM","","Standalone","","","31 May 2018"
"16/05/2018 20:00","Purchase","'70838153003727078","WXR 5319","","PRIMAX 95","Billed","9.09","20.00","PSS PERDA BUKIT MERTAJAM","","Standalone","","","31 May 2018"
"16/05/2018 19:59","Reload","'70838153003727078","WXR 5319","","","Billed","","-20.00","PSS PERDA BUKIT MERTAJAM","","Standalone","","","31 May 2018"
"05/05/2018 21:37","Purchase","'70838153003727078","WXR 5319","","PRIMAX 95","Billed","13.64","30.00","PSS PERDA BUKIT MERTAJAM","","Standalone","","","31 May 2018"
"05/05/2018 21:35","Reload","'70838153003727078","WXR 5319","","","Billed","","-30.00","PSS PERDA BUKIT MERTAJAM","","Standalone","","","31 May 2018"
"04/05/2018 07:23","Purchase","'70838153003727078","WXR 5319","","PRIMAX 95","Billed","9.09","20.00","PSS PERDA BUKIT MERTAJAM","","Standalone","","","31 May 2018"
"01/05/2018 18:10","Purchase","'70838153003727078","WXR 5319","","PRIMAX 95","Billed","9.09","20.00","PSS MUKIM ARAU","","Standalone","","","31 May 2018"
"01/05/2018 18:09","Reload","'70838153003727078","WXR 5319","","","Billed","","-30.00","PSS MUKIM ARAU","","Standalone","","","31 May 2018"