"Date Time","Transaction Type","Card Number","Vehicle Number","Driver Card Number","Product Type","Billing Type","Transaction Volume (Litres)","Transaction Amount (RM)","Station Name","Odometer","Card Type","Cost Centre","Cost Centre Name","Statement Month"
"23/05/2018 11:05","Purchase","'70838153003582721","WXR1185","","PRIMAX 95","Billed","1.26","2.77","PSS NKVE (SUBANG TOLL)","210265","Standalone","","","31 May 2018"
"21/05/2018 16:25","Purchase","'70838153003582721","WXR1185","","PRIMAX 95","Billed","3.18","7.00","PSS KOTA DAMANSARA","208742","Standalone","","","31 May 2018"
"18/05/2018 11:24","Purchase","'70838153003582721","WXR1185","","PRIMAX 95","Billed","3.64","8.00","PSS KOTA DAMANSARA 2","205641","Standalone","","","31 May 2018"
"16/05/2018 18:53","Purchase","'70838153003582721","WXR1185","","PRIMAX 95","Billed","3.64","8.00","PSS KOTA DAMANSARA 2","203605","Standalone","","","31 May 2018"
"15/05/2018 13:05","Purchase","'70838153003582721","WXR1185","","PRIMAX 95","Billed","2.27","5.00","PSS LEBUHRAYA SPRINT","201793","Standalone","","","31 May 2018"
"14/05/2018 10:37","Purchase","'70838153003582721","WXR1185","","PRIMAX 95","Billed","3.18","7.00","PSS KOTA DAMANSARA","200312","Standalone","","","31 May 2018"
"12/05/2018 08:20","Purchase","'70838153003582721","WXR1185","","PRIMAX 95","Billed","2.73","6.00","PSS KOTA DAMANSARA","198633","Standalone","","","31 May 2018"
"10/05/2018 19:22","Purchase","'70838153003582721","WXR1185","","PRIMAX 95","Billed","2.73","6.00","PSS KOTA DAMANSARA 2","197343","Standalone","","","31 May 2018"
"08/05/2018 12:14","Purchase","'70838153003582721","WXR1185","","PRIMAX 95","Billed","2.73","6.00","PSS LEBUHRAYA SPRINT","195713","Standalone","","","31 May 2018"
"07/05/2018 09:42","Purchase","'70838153003582721","WXR1185","","PRIMAX 95","Billed","2.73","6.00","PSS NKVE (SUBANG TOLL)","193855","Standalone","","","31 May 2018"
"04/05/2018 09:26","Purchase","'70838153003582721","WXR1185","","PRIMAX 95","Billed","3.18","7.00","PSS LEBUHRAYA SPRINT","192395","Standalone","","","31 May 2018"
"02/05/2018 09:28","Purchase","'70838153003582721","WXR1185","","PRIMAX 95","Billed","2.27","5.00","PSS BUKIT BANDAR RAYA","190445","Standalone","","","31 May 2018"