"Date Time","Transaction Type","Card Number","Vehicle Number","Driver Card Number","Product Type","Billing Type","Transaction Volume (Litres)","Transaction Amount (RM)","Station Name","Odometer","Card Type","Cost Centre","Cost Centre Name","Statement Month"
"26/05/2018 12:24","Purchase","'70838153003500418","WXR955","","PRIMAX 95","Billed","22.73","50.00","PSS USJ 6 UEP SUBANG JAYA","","Standalone","","","31 May 2018"
"26/05/2018 09:32","Purchase","'70838153003500418","WXR955","","PRIMAX 95","Billed","31.82","70.00","PSS USJ 6 UEP SUBANG JAYA","","Standalone","","","31 May 2018"
"26/05/2018 09:31","Reload","'70838153003500418","WXR955","","","Billed","","-120.00","PSS USJ 6 UEP SUBANG JAYA","","Standalone","","","31 May 2018"
"20/05/2018 10:14","Purchase","'70838153003500418","WXR955","","PRIMAX 95","Billed","27.27","60.00","PSS JALAN 20/1 SEKSYEN 20","","Standalone","","","31 May 2018"
"19/05/2018 09:49","Purchase","'70838153003500418","WXR955","","PRIMAX 95","Billed","18.18","40.00","PSS USJ 4 UEP SUBANG JAYA","","Standalone","","","31 May 2018"
"19/05/2018 09:47","Reload","'70838153003500418","WXR955","","","Billed","","-100.00","PSS USJ 4 UEP SUBANG JAYA","","Standalone","","","31 May 2018"
"13/05/2018 21:22","Purchase","'70838153003500418","WXR955","","PRIMAX 95","Billed","19.48","42.86","PSS SEK 6 SHAH ALAM","","Standalone","","","31 May 2018"
"12/05/2018 17:05","Purchase","'70838153003500418","WXR955","","PRIMAX 95","Billed","22.73","50.00","PSS BUKIT JELUTONG RESIDENTIAL","","Standalone","","","31 May 2018"
"12/05/2018 17:03","Reload","'70838153003500418","WXR955","","","Billed","","-90.00","PSS BUKIT JELUTONG RESIDENTIAL","","Standalone","","","31 May 2018"
"09/05/2018 13:02","Purchase","'70838153003500418","WXR955","","PRIMAX 95","Billed","15.91","35.00","PSS SEKSYEN 13","","Standalone","","","31 May 2018"
"07/05/2018 08:47","Purchase","'70838153003500418","WXR955","","PRIMAX 95","Billed","13.64","30.00","PSS SEK 15 SHAH ALAM","","Standalone","","","31 May 2018"
"05/05/2018 13:49","Purchase","'70838153003500418","WXR955","","PRIMAX 95","Billed","18.18","40.00","PSS JALAN 20/1 SEKSYEN 20","","Standalone","","","31 May 2018"
"05/05/2018 13:48","Reload","'70838153003500418","WXR955","","","Billed","","-100.00","PSS JALAN 20/1 SEKSYEN 20","","Standalone","","","31 May 2018"