"Date Time","Transaction Type","Card Number","Vehicle Number","Driver Card Number","Product Type","Billing Type","Transaction Volume (Litres)","Transaction Amount (RM)","Station Name","Odometer","Card Type","Cost Centre","Cost Centre Name","Statement Month"
"31/05/2018 09:59","Purchase","'70838153003579669","WXR1030","","PRIMAX 97","Billed","21.18","52.31","PSS BIDOR TAPAH","","Standalone","","","31 May 2018"
"22/05/2018 21:07","Purchase","'70838153003579669","WXR1030","","PRIMAX 95","Billed","15.02","33.03","PSS BIDOR TAPAH","","Standalone","","","31 May 2018"
"17/05/2018 20:33","Purchase","'70838153003579669","WXR1030","","PRIMAX 95","Billed","2.55","5.61","PSS BIDOR TAPAH","","Standalone","","","31 May 2018"
"16/05/2018 09:40","Purchase","'70838153003579669","WXR1030","","PRIMAX 95","Billed","15.05","33.11","PSS BIDOR TAPAH","","Standalone","","","31 May 2018"
"15/05/2018 14:31","Reload","'70838153003579669","WXR1030","","","Billed","","-50.00","PSS SUNGAI PERAK (U)","","Standalone","","","31 May 2018"
"15/05/2018 14:26","Purchase","'70838153003579669","WXR1030","","PRIMAX 95","Billed","22.73","50.00","PSS SUNGAI PERAK (U)","","Standalone","","","31 May 2018"
"14/05/2018 14:34","Purchase","'70838153003579669","WXR1030","","PRIMAX 95","Billed","16.05","35.30","PSS ULU BERNAM","","Standalone","","","31 May 2018"
"07/05/2018 18:21","Reload","'70838153003579669","WXR1030","","","Billed","","-50.00","PSS NKVE HIGHWAY","","Standalone","","","31 May 2018"
"07/05/2018 17:20","Purchase","'70838153003579669","WXR1030","","PRIMAX 95","Billed","12.56","27.63","PSS BUKIT KEMUNING 2","","Standalone","","","31 May 2018"
"07/05/2018 17:17","Reload","'70838153003579669","WXR1030","","","Billed","","-250.00","PSS BUKIT KEMUNING 2","","Standalone","","","31 May 2018"