"Date Time","Transaction Type","Card Number","Vehicle Number","Driver Card Number","Product Type","Billing Type","Transaction Volume (Litres)","Transaction Amount (RM)","Station Name","Odometer","Card Type","Cost Centre","Cost Centre Name","Statement Month"
"25/05/2018 11:11","Purchase","'70838153003498027","WXR611","","Diesel","Billed","30.00","65.40","PSS BDR SRI MANJUNG 2","","Standalone","","","31 May 2018"
"25/05/2018 11:10","Reload","'70838153003498027","WXR611","","","Billed","","-50.00","PSS BDR SRI MANJUNG 2","","Standalone","","","31 May 2018"
"22/05/2018 12:06","Purchase","'70838153003498027","WXR611","","Diesel","Billed","20.00","43.60","PSS BDR SRI MANJUNG 2","","Standalone","","","31 May 2018"
"22/05/2018 12:05","Reload","'70838153003498027","WXR611","","","Billed","","-50.00","PSS BDR SRI MANJUNG 2","","Standalone","","","31 May 2018"
"03/05/2018 08:03","Purchase","'70838153003498027","WXR611","","Diesel","Billed","40.00","87.20","PSS BDR SRI MANJUNG 2","","Standalone","","","31 May 2018"
"03/05/2018 08:02","Reload","'70838153003498027","WXR611","","","Billed","","-90.00","PSS BDR SRI MANJUNG 2","","Standalone","","","31 May 2018"