"Date Time","Transaction Type","Card Number","Vehicle Number","Driver Card Number","Product Type","Billing Type","Transaction Volume (Litres)","Transaction Amount (RM)","Station Name","Odometer","Card Type","Cost Centre","Cost Centre Name","Statement Month"
"30/05/2018 08:23","Purchase","'70838153003717582","WXR 4379","","PRIMAX 95","Billed","25.00","55.00","PSS MUADZAM SHAH 2 (KM 78)","","Standalone","","","31 May 2018"
"30/05/2018 08:22","Reload","'70838153003717582","WXR 4379","","","Billed","","-100.00","PSS MUADZAM SHAH 2 (KM 78)","","Standalone","","","31 May 2018"
"27/05/2018 17:58","Purchase","'70838153003717582","WXR 4379","","PRIMAX 95","Billed","25.00","55.00","PSS AMPANGAN 2","","Standalone","","","31 May 2018"
"27/05/2018 10:09","Purchase","'70838153003717582","WXR 4379","","PRIMAX 95","Billed","25.00","55.00","PSS PALONG 16","","Standalone","","","31 May 2018"
"25/05/2018 22:37","Purchase","'70838153003717582","WXR 4379","","PRIMAX 95","Billed","11.36","25.00","PSS TAMAN YAYASAN SEGAMAT","","Standalone","","","31 May 2018"
"25/05/2018 18:21","Reload","'70838153003717582","WXR 4379","","","Billed","","-100.00","PSS MUADZAM SHAH 2 (KM 78)","","Standalone","","","31 May 2018"
"19/05/2018 22:14","Purchase","'70838153003717582","WXR 4379","","PRIMAX 95","Billed","6.82","15.00","PSS TAMAN YAYASAN SEGAMAT","","Standalone","","","31 May 2018"
"19/05/2018 14:04","Purchase","'70838153003717582","WXR 4379","","PRIMAX 95","Billed","20.01","44.02","PSS TAMAN YAYASAN SEGAMAT","","Standalone","","","31 May 2018"
"19/05/2018 14:02","Reload","'70838153003717582","WXR 4379","","","Billed","","-100.00","PSS TAMAN YAYASAN SEGAMAT","","Standalone","","","31 May 2018"
"19/05/2018 09:53","Purchase","'70838153003717582","WXR 4379","","PRIMAX 95","Billed","6.81","14.99","PSS MUADZAM SHAH 2 (KM 78)","","Standalone","","","31 May 2018"
"15/05/2018 20:44","Purchase","'70838153003717582","WXR 4379","","PRIMAX 97","Billed","22.27","55.01","PSS KLIA 1","","Standalone","","","31 May 2018"
"15/05/2018 20:43","Reload","'70838153003717582","WXR 4379","","","Billed","","-50.00","PSS KLIA 1","","Standalone","","","31 May 2018"
"14/05/2018 18:09","Purchase","'70838153003717582","WXR 4379","","PRIMAX 95","Billed","18.18","40.00","PSS MUADZAM SHAH 2 (KM 78)","","Standalone","","","31 May 2018"
"11/05/2018 20:30","Purchase","'70838153003717582","WXR 4379","","PRIMAX 95","Billed","18.18","40.00","PSS MUADZAM SHAH 2 (KM 78)","","Standalone","","","31 May 2018"
"10/05/2018 21:10","Reload","'70838153003717582","WXR 4379","","","Billed","","-100.00","PSS KM 16 JALAN GAMBANG","","Standalone","","","31 May 2018"