"Date Time","Transaction Type","Card Number","Vehicle Number","Driver Card Number","Product Type","Billing Type","Transaction Volume (Litres)","Transaction Amount (RM)","Station Name","Odometer","Card Type","Cost Centre","Cost Centre Name","Statement Month"
"26/05/2018 12:46","Purchase","'70838153003721345","WXR 5439","","PRIMAX 95","Billed","22.73","50.00","PSS BANDAR BARU AIR HITAM","","Standalone","","","31 May 2018"
"26/05/2018 12:45","Reload","'70838153003721345","WXR 5439","","","Billed","","-50.00","PSS BANDAR BARU AIR HITAM","","Standalone","","","31 May 2018"
"25/05/2018 16:13","Purchase","'70838153003721345","WXR 5439","","PRIMAX 95","Billed","22.73","50.00","PSS CYBERJAYA","","Standalone","","","31 May 2018"
"25/05/2018 16:11","Reload","'70838153003721345","WXR 5439","","","Billed","","-50.00","PSS CYBERJAYA","","Standalone","","","31 May 2018"
"24/05/2018 12:56","Purchase","'70838153003721345","WXR 5439","","PRIMAX 95","Billed","9.09","20.00","PSS BANDAR BARU SALAK TINGGI","","Standalone","","","31 May 2018"
"24/05/2018 12:54","Reload","'70838153003721345","WXR 5439","","","Billed","","-30.00","PSS BANDAR BARU SALAK TINGGI","","Standalone","","","31 May 2018"
"22/05/2018 11:58","Purchase","'70838153003721345","WXR 5439","","PRIMAX 95","Billed","13.64","30.00","PSS BUKIT CHANGGANG","","Standalone","","","31 May 2018"
"22/05/2018 11:56","Reload","'70838153003721345","WXR 5439","","","Billed","","-30.00","PSS BUKIT CHANGGANG","","Standalone","","","31 May 2018"
"20/05/2018 16:45","Purchase","'70838153003721345","WXR 5439","","PRIMAX 95","Billed","9.09","20.00","PSS ULU BERNAM","","Standalone","","","31 May 2018"
"19/05/2018 16:45","Purchase","'70838153003721345","WXR 5439","","PRIMAX 95","Billed","13.64","30.00","PSS KODIANG","","Standalone","","","31 May 2018"
"19/05/2018 16:45","Reload","'70838153003721345","WXR 5439","","","Billed","","-50.00","PSS KODIANG","","Standalone","","","31 May 2018"
"18/05/2018 19:17","Purchase","'70838153003721345","WXR 5439","","PRIMAX 95","Billed","13.64","30.00","PSS TAMAN BERTAM","","Standalone","","","31 May 2018"
"18/05/2018 14:02","Purchase","'70838153003721345","WXR 5439","","PRIMAX 95","Billed","22.73","50.00","PSS NKVE HIGHWAY","","Standalone","","","31 May 2018"
"18/05/2018 14:02","Purchase","'70838153003721345","WXR 5439","","PRIMAX 95","Un-billed","22.73","50.00","PSS NKVE HIGHWAY","","Standalone","","","Unbilled Transaction"
"18/05/2018 14:01","Reload","'70838153003721345","WXR 5439","","","Billed","","-50.00","PSS NKVE HIGHWAY","","Standalone","","","31 May 2018"
"17/05/2018 00:59","Purchase","'70838153003721345","WXR 5439","","PRIMAX 95","Billed","22.73","50.00","PSS ULU BERNAM","","Standalone","","","31 May 2018"
"16/05/2018 20:37","Purchase","'70838153003721345","WXR 5439","","PRIMAX 95","Billed","20.46","45.00","PSS KODIANG","","Standalone","","","31 May 2018"
"16/05/2018 20:36","Reload","'70838153003721345","WXR 5439","","","Billed","","-100.00","PSS KODIANG","","Standalone","","","31 May 2018"
"16/05/2018 01:01","Purchase","'70838153003721345","WXR 5439","","PRIMAX 95","Billed","22.73","50.00","PSS NKVE HIGHWAY","","Standalone","","","31 May 2018"
"16/05/2018 01:00","Reload","'70838153003721345","WXR 5439","","","Billed","","-50.00","PSS NKVE HIGHWAY","","Standalone","","","31 May 2018"
"15/05/2018 15:57","Purchase","'70838153003721345","WXR 5439","","PRIMAX 95","Billed","13.64","30.00","PSS BANDAR BARU NILAI","","Standalone","","","31 May 2018"
"15/05/2018 15:56","Reload","'70838153003721345","WXR 5439","","","Billed","","-50.00","PSS BANDAR BARU NILAI","","Standalone","","","31 May 2018"
"13/05/2018 16:10","Purchase","'70838153003721345","WXR 5439","","PRIMAX 95","Billed","9.09","20.00","PSS AIR KEROH RSA NORTH BOUND","","Standalone","","","31 May 2018"