"Date Time","Transaction Type","Card Number","Vehicle Number","Driver Card Number","Product Type","Billing Type","Transaction Volume (Litres)","Transaction Amount (RM)","Station Name","Odometer","Card Type","Cost Centre","Cost Centre Name","Statement Month"
"14/05/2018 16:53","Purchase","'70838153003721816","WXR 5455","","PRIMAX 95","Billed","30.00","66.00","PSS TAMAN DAYA KEPONG","","Standalone","","","31 May 2018"
"14/05/2018 16:52","Reload","'70838153003721816","WXR 5455","","","Billed","","-60.00","PSS TAMAN DAYA KEPONG","","Standalone","","","31 May 2018"
"07/05/2018 01:36","Purchase","'70838153003721816","WXR 5455","","PRIMAX 95","Billed","10.00","22.00","PSS JINJANG","","Standalone","","","31 May 2018"
"06/05/2018 01:55","Purchase","'70838153003721816","WXR 5455","","PRIMAX 95","Billed","10.00","22.00","PSS MRR2 BATU CAVES","","Standalone","","","31 May 2018"
"06/05/2018 01:54","Reload","'70838153003721816","WXR 5455","","","Billed","","-50.00","PSS MRR2 BATU CAVES","","Standalone","","","31 May 2018"
"03/05/2018 18:31","Purchase","'70838153003721816","WXR 5455","","PRIMAX 95","Billed","30.00","66.00","PSS TAMAN DAYA KEPONG","","Standalone","","","31 May 2018"
"03/05/2018 18:29","Reload","'70838153003721816","WXR 5455","","","Billed","","-70.00","PSS TAMAN DAYA KEPONG","","Standalone","","","31 May 2018"