"Date Time","Transaction Type","Card Number","Vehicle Number","Driver Card Number","Product Type","Billing Type","Transaction Volume (Litres)","Transaction Amount (RM)","Station Name","Odometer","Card Type","Cost Centre","Cost Centre Name","Statement Month"
"31/05/2018 14:35","Purchase","'70838153003425004","WXR141","","PRIMAX 95","Billed","9.09","20.00","PSS JALAN RHU AMPANG","","Standalone","","","31 May 2018"
"31/05/2018 14:32","Reload","'70838153003425004","WXR141","","","Billed","","-20.00","PSS JALAN RHU AMPANG","","Standalone","","","31 May 2018"
"31/05/2018 09:31","Purchase","'70838153003425004","WXR141","","PRIMAX 95","Billed","6.82","15.00","PSS SETIA ALAM","","Standalone","","","31 May 2018"
"27/05/2018 10:40","Purchase","'70838153003425004","WXR141","","PRIMAX 95","Billed","22.73","50.01","PSS JINJANG","","Standalone","","","31 May 2018"
"27/05/2018 10:39","Reload","'70838153003425004","WXR141","","","Billed","","-50.00","PSS JINJANG","","Standalone","","","31 May 2018"
"24/05/2018 12:35","Purchase","'70838153003425004","WXR141","","PRIMAX 95","Billed","22.73","50.00","PSS JALAN JAMBU JERTEH","","Standalone","","","31 May 2018"
"24/05/2018 12:34","Reload","'70838153003425004","WXR141","","","Billed","","-50.00","PSS JALAN JAMBU JERTEH","","Standalone","","","31 May 2018"
"23/05/2018 11:29","Purchase","'70838153003425004","WXR141","","PRIMAX 95","Billed","22.73","50.00","PSS SUNWAY BATU CAVES","","Standalone","","","31 May 2018"
"23/05/2018 11:27","Reload","'70838153003425004","WXR141","","","Billed","","-50.00","PSS SUNWAY BATU CAVES","","Standalone","","","31 May 2018"
"21/05/2018 14:31","Purchase","'70838153003425004","WXR141","","PRIMAX 95","Billed","22.73","50.01","PSS KM 0.7 BESRAYA ARAH UTARA","","Standalone","","","31 May 2018"
"21/05/2018 14:29","Reload","'70838153003425004","WXR141","","","Billed","","-50.00","PSS KM 0.7 BESRAYA ARAH UTARA","","Standalone","","","31 May 2018"
"19/05/2018 13:41","Purchase","'70838153003425004","WXR141","","PRIMAX 95","Billed","22.73","50.00","PSS TAMAN MALURI","","Standalone","","","31 May 2018"
"18/05/2018 12:26","Purchase","'70838153003425004","WXR141","","PRIMAX 95","Billed","22.73","50.00","PSS JALAN JELATEK 2","","Standalone","","","31 May 2018"
"18/05/2018 12:24","Reload","'70838153003425004","WXR141","","","Billed","","-50.00","PSS JALAN JELATEK 2","","Standalone","","","31 May 2018"
"17/05/2018 13:49","Purchase","'70838153003425004","WXR141","","PRIMAX 95","Billed","18.18","40.00","PSS MRR2 ARAH KEPONG","","Standalone","","","31 May 2018"
"17/05/2018 13:47","Reload","'70838153003425004","WXR141","","","Billed","","-50.00","PSS MRR2 ARAH KEPONG","","Standalone","","","31 May 2018"
"17/05/2018 12:51","Purchase","'70838153003425004","WXR141","","PRIMAX 95","Billed","4.55","10.00","PSS SUNGAI BESI - PUCHONG BYPASS","","Standalone","","","31 May 2018"
"16/05/2018 14:18","Purchase","'70838153003425004","WXR141","","PRIMAX 95","Billed","23.19","51.01","PSS HULU KELANG","","Standalone","","","31 May 2018"
"16/05/2018 14:17","Reload","'70838153003425004","WXR141","","","Billed","","-100.00","PSS HULU KELANG","","Standalone","","","31 May 2018"
"15/05/2018 12:02","Purchase","'70838153003425004","WXR141","","PRIMAX 95","Billed","22.73","50.00","PSS MRR2 AMPANG","","Standalone","","","31 May 2018"
"14/05/2018 11:26","Purchase","'70838153003425004","WXR141","","PRIMAX 95","Billed","22.73","50.00","PSS MRR2 ARAH KEPONG","","Standalone","","","31 May 2018"
"14/05/2018 11:24","Reload","'70838153003425004","WXR141","","","Billed","","-100.00","PSS MRR2 ARAH KEPONG","","Standalone","","","31 May 2018"
"13/05/2018 08:38","Purchase","'70838153003425004","WXR141","","PRIMAX 95","Billed","22.97","50.52","PSS JINJANG","","Standalone","","","31 May 2018"
"12/05/2018 09:49","Purchase","'70838153003425004","WXR141","","PRIMAX 95","Billed","22.73","50.00","PSS SRI DAMANSARA","","Standalone","","","31 May 2018"
"12/05/2018 09:48","Reload","'70838153003425004","WXR141","","","Billed","","-50.00","PSS SRI DAMANSARA","","Standalone","","","31 May 2018"
"08/05/2018 09:04","Purchase","'70838153003425004","WXR141","","PRIMAX 95","Billed","13.71","30.16","PSS BUKIT BANDAR RAYA","","Standalone","","","31 May 2018"
"08/05/2018 09:03","Reload","'70838153003425004","WXR141","","","Billed","","-50.00","PSS BUKIT BANDAR RAYA","","Standalone","","","31 May 2018"
"07/05/2018 13:47","Purchase","'70838153003425004","WXR141","","PRIMAX 95","Billed","9.09","20.00","PSS JALAN SELANGOR","","Standalone","","","31 May 2018"
"04/05/2018 15:33","Purchase","'70838153003425004","WXR141","","PRIMAX 95","Billed","22.73","50.00","PSS KOTA DAMANSARA","","Standalone","","","31 May 2018"
"04/05/2018 15:32","Reload","'70838153003425004","WXR141","","","Billed","","-50.00","PSS KOTA DAMANSARA","","Standalone","","","31 May 2018"
"02/05/2018 17:53","Purchase","'70838153003425004","WXR141","","PRIMAX 95","Billed","22.73","50.00","PSS JINJANG","","Standalone","","","31 May 2018"
"02/05/2018 17:52","Reload","'70838153003425004","WXR141","","","Billed","","-100.00","PSS JINJANG","","Standalone","","","31 May 2018"