"Date Time","Transaction Type","Card Number","Vehicle Number","Driver Card Number","Product Type","Billing Type","Transaction Volume (Litres)","Transaction Amount (RM)","Station Name","Odometer","Card Type","Cost Centre","Cost Centre Name","Statement Month"
"31/05/2018 17:47","Purchase","'70838153003495387","WXR320","","PRIMAX 95","Billed","20.00","44.00","PSS MK1 BANDAR SUNWAY","99","Standalone","","","31 May 2018"
"31/05/2018 17:46","Reload","'70838153003495387","WXR320","","","Billed","","-100.00","PSS MK1 BANDAR SUNWAY","","Standalone","","","31 May 2018"
"28/05/2018 13:46","Purchase","'70838153003495387","WXR320","","PRIMAX 95","Billed","30.00","66.00","PSS ALMA BUKIT MERTAJAM","99","Standalone","","","31 May 2018"
"28/05/2018 13:45","Reload","'70838153003495387","WXR320","","","Billed","","-100.00","PSS ALMA BUKIT MERTAJAM","","Standalone","","","31 May 2018"
"25/05/2018 15:25","Purchase","'70838153003495387","WXR320","","PRIMAX 95","Billed","13.64","30.00","PSS KULIM SQUARE","99","Standalone","","","31 May 2018"
"11/05/2018 22:08","Purchase","'70838153003495387","WXR320","","PRIMAX 95","Billed","11.37","25.00","PSS L/RAYA BWORTH-KULIM","99","Standalone","","","31 May 2018"
"03/05/2018 16:29","Purchase","'70838153003495387","WXR320","","PRIMAX 97","Billed","30.00","74.10","PSS L/RAYA BWORTH-KULIM","99","Standalone","","","31 May 2018"
"03/05/2018 16:27","Reload","'70838153003495387","WXR320","","","Billed","","-100.00","PSS L/RAYA BWORTH-KULIM","","Standalone","","","31 May 2018"