"Date Time","Transaction Type","Card Number","Vehicle Number","Driver Card Number","Product Type","Billing Type","Transaction Volume (Litres)","Transaction Amount (RM)","Station Name","Odometer","Card Type","Cost Centre","Cost Centre Name","Statement Month"
"31/05/2018 17:45","Purchase","'70838153003424700","WXR131","","PRIMAX 95","Billed","9.09","20.00","PSS KOTA DAMANSARA","","Standalone","","","31 May 2018"
"29/05/2018 21:18","Purchase","'70838153003424700","WXR131","","PRIMAX 95","Billed","19.83","43.62","PSS TAMAN AUSTIN PERDANA","","Standalone","","","31 May 2018"
"29/05/2018 21:17","Reload","'70838153003424700","WXR131","","","Billed","","-100.00","PSS TAMAN AUSTIN PERDANA","","Standalone","","","31 May 2018"
"20/05/2018 18:16","Purchase","'70838153003424700","WXR131","","PRIMAX 95","Billed","28.64","63.00","PSS TAMAN AUSTIN PERDANA","","Standalone","","","31 May 2018"
"20/05/2018 18:14","Reload","'70838153003424700","WXR131","","","Billed","","-100.00","PSS TAMAN AUSTIN PERDANA","","Standalone","","","31 May 2018"
"08/05/2018 22:13","Purchase","'70838153003424700","WXR131","","PRIMAX 95","Billed","24.50","53.89","PSS TAMAN AUSTIN PERDANA","","Standalone","","","31 May 2018"
"06/05/2018 08:32","Purchase","'70838153003424700","WXR131","","PRIMAX 95","Billed","30.61","67.34","PSS KOTA DAMANSARA","","Standalone","","","31 May 2018"
"06/05/2018 08:30","Reload","'70838153003424700","WXR131","","","Billed","","-100.00","PSS KOTA DAMANSARA","","Standalone","","","31 May 2018"
"03/05/2018 08:48","Purchase","'70838153003424700","WXR131","","PRIMAX 95","Billed","21.46","47.21","PSS SKUDAI RSA","","Standalone","","","31 May 2018"
"03/05/2018 08:42","Reload","'70838153003424700","WXR131","","","Billed","","-50.00","PSS SKUDAI RSA","","Standalone","","","31 May 2018"