"Date Time","Transaction Type","Card Number","Vehicle Number","Driver Card Number","Product Type","Billing Type","Transaction Volume (Litres)","Transaction Amount (RM)","Station Name","Odometer","Card Type","Cost Centre","Cost Centre Name","Statement Month"
"29/05/2018 12:00","Purchase","'70838153003500897","WXR690","","PRIMAX 97","Billed","53.30","131.64","PSS GAMBANG RSA WEST","1122","Standalone","","","31 May 2018"
"29/05/2018 11:59","Reload","'70838153003500897","WXR690","","","Billed","","-300.00","PSS GAMBANG RSA WEST","","Standalone","","","31 May 2018"
"25/05/2018 17:40","Purchase","'70838153003500897","WXR690","","PRIMAX 97","Billed","25.85","63.84","PSS BINJAI","1122","Standalone","","","31 May 2018"
"25/05/2018 10:07","Purchase","'70838153003500897","WXR690","","PRIMAX 97","Billed","29.81","73.62","PSS GAMBANG RSA WEST","1122","Standalone","","","31 May 2018"
"25/05/2018 10:04","Purchase","'70838153003500897","WXR690","","PRIMAX 97","Billed","42.06","103.88","PSS GAMBANG RSA WEST","1122","Standalone","","","31 May 2018"
"14/05/2018 20:55","Purchase","'70838153003500897","WXR690","","Diesel","Billed","45.87","100.00","PSS RANTAU PETRONAS","1122","Standalone","","","31 May 2018"
"14/05/2018 20:52","Reload","'70838153003500897","WXR690","","","Billed","","-200.00","PSS RANTAU PETRONAS","","Standalone","","","31 May 2018"