"Date Time","Transaction Type","Card Number","Vehicle Number","Driver Card Number","Product Type","Billing Type","Transaction Volume (Litres)","Transaction Amount (RM)","Station Name","Odometer","Card Type","Cost Centre","Cost Centre Name","Statement Month"
"31/05/2018 21:01","Purchase","'70838153003500079","WXR666","","PRIMAX 95","Billed","22.73","50.00","PSS TAMAN SETIA INDAH","","Standalone","","","31 May 2018"
"28/05/2018 20:33","Purchase","'70838153003500079","WXR666","","PRIMAX 95","Billed","22.73","50.00","PSS TAMAN DAYA","","Standalone","","","31 May 2018"
"28/05/2018 20:32","Reload","'70838153003500079","WXR666","","","Billed","","-100.00","PSS TAMAN DAYA","","Standalone","","","31 May 2018"
"26/05/2018 17:29","Purchase","'70838153003500079","WXR666","","PRIMAX 95","Billed","22.73","50.00","PSS JALAN MENGKIBOL KLUANG","","Standalone","","","31 May 2018"
"26/05/2018 17:28","Reload","'70838153003500079","WXR666","","","Billed","","-50.00","PSS JALAN MENGKIBOL KLUANG","","Standalone","","","31 May 2018"
"24/05/2018 21:17","Purchase","'70838153003500079","WXR666","","PRIMAX 95","Billed","22.73","50.00","PSS TAMAN SETIA INDAH","","Standalone","","","31 May 2018"
"24/05/2018 21:14","Reload","'70838153003500079","WXR666","","","Billed","","-50.00","PSS TAMAN SETIA INDAH","","Standalone","","","31 May 2018"
"22/05/2018 11:37","Purchase","'70838153003500079","WXR666","","PRIMAX 95","Billed","22.73","50.00","PSS TAMAN SETIA INDAH","","Standalone","","","31 May 2018"
"22/05/2018 11:36","Reload","'70838153003500079","WXR666","","","Billed","","-50.00","PSS TAMAN SETIA INDAH","","Standalone","","","31 May 2018"
"19/05/2018 10:40","Purchase","'70838153003500079","WXR666","","PRIMAX 95","Billed","22.73","50.00","PSS JALAN BATU PAHAT KLUANG","","Standalone","","","31 May 2018"
"19/05/2018 10:38","Reload","'70838153003500079","WXR666","","","Billed","","-50.00","PSS JALAN BATU PAHAT KLUANG","","Standalone","","","31 May 2018"
"17/05/2018 09:25","Purchase","'70838153003500079","WXR666","","PRIMAX 95","Billed","22.73","50.00","PSS JALAN BATU PAHAT KLUANG","","Standalone","","","31 May 2018"
"17/05/2018 09:23","Reload","'70838153003500079","WXR666","","","Billed","","-50.00","PSS JALAN BATU PAHAT KLUANG","","Standalone","","","31 May 2018"
"16/05/2018 11:34","Purchase","'70838153003500079","WXR666","","PRIMAX 95","Billed","22.73","50.00","PSS JALAN MENGKIBOL KLUANG","","Standalone","","","31 May 2018"
"16/05/2018 11:32","Reload","'70838153003500079","WXR666","","","Billed","","-50.00","PSS JALAN MENGKIBOL KLUANG","","Standalone","","","31 May 2018"
"14/05/2018 09:35","Purchase","'70838153003500079","WXR666","","PRIMAX 95","Billed","22.73","50.00","PSS TAMAN SETIA INDAH","","Standalone","","","31 May 2018"
"14/05/2018 09:31","Reload","'70838153003500079","WXR666","","","Billed","","-50.00","PSS TAMAN SETIA INDAH","","Standalone","","","31 May 2018"
"10/05/2018 11:26","Purchase","'70838153003500079","WXR666","","PRIMAX 95","Billed","22.73","50.00","PSS TAMAN SETIA INDAH","","Standalone","","","31 May 2018"
"10/05/2018 11:24","Reload","'70838153003500079","WXR666","","","Billed","","-50.00","PSS TAMAN SETIA INDAH","","Standalone","","","31 May 2018"
"09/05/2018 10:46","Purchase","'70838153003500079","WXR666","","PRIMAX 95","Billed","22.73","50.00","PSS TAMAN SETIA INDAH","","Standalone","","","31 May 2018"
"09/05/2018 10:44","Reload","'70838153003500079","WXR666","","","Billed","","-50.00","PSS TAMAN SETIA INDAH","","Standalone","","","31 May 2018"
"07/05/2018 15:50","Purchase","'70838153003500079","WXR666","","PRIMAX 95","Billed","22.73","50.00","PSS JALAN MENGKIBOL KLUANG","","Standalone","","","31 May 2018"
"07/05/2018 15:48","Reload","'70838153003500079","WXR666","","","Billed","","-50.00","PSS JALAN MENGKIBOL KLUANG","","Standalone","","","31 May 2018"
"05/05/2018 16:03","Purchase","'70838153003500079","WXR666","","PRIMAX 95","Billed","22.73","50.00","PSS JALAN MENGKIBOL KLUANG","","Standalone","","","31 May 2018"
"03/05/2018 20:11","Purchase","'70838153003500079","WXR666","","PRIMAX 95","Billed","22.73","50.00","PSS TAMAN SETIA INDAH","","Standalone","","","31 May 2018"
"03/05/2018 20:09","Reload","'70838153003500079","WXR666","","","Billed","","-100.00","PSS TAMAN SETIA INDAH","","Standalone","","","31 May 2018"
"02/05/2018 10:47","Purchase","'70838153003500079","WXR666","","PRIMAX 95","Billed","15.17","33.38","PSS TAMAN DAYA","","Standalone","","","31 May 2018"