"Date Time","Transaction Type","Card Number","Vehicle Number","Driver Card Number","Product Type","Billing Type","Transaction Volume (Litres)","Transaction Amount (RM)","Station Name","Odometer","Card Type","Cost Centre","Cost Centre Name","Statement Month"
"31/05/2018 07:28","Reload","'70838153003496104","WXR350","","","Billed","","-50.00","PSS JAYA GADING","","Standalone","","","31 May 2018"
"31/05/2018 07:17","Purchase","'70838153003496104","WXR350","","PRIMAX 95","Billed","9.09","20.00","PSS JAYA GADING","","Standalone","","","31 May 2018"
"28/05/2018 18:12","Purchase","'70838153003496104","WXR350","","PRIMAX 95","Billed","22.73","50.00","PSS JALAN LIM HOE LEK","","Standalone","","","31 May 2018"
"28/05/2018 18:10","Reload","'70838153003496104","WXR350","","","Billed","","-50.00","PSS JALAN LIM HOE LEK","","Standalone","","","31 May 2018"
"23/05/2018 18:14","Purchase","'70838153003496104","WXR350","","PRIMAX 95","Billed","22.73","50.00","PSS JALAN LIM HOE LEK","","Standalone","","","31 May 2018"
"23/05/2018 18:12","Reload","'70838153003496104","WXR350","","","Billed","","-50.00","PSS JALAN LIM HOE LEK","","Standalone","","","31 May 2018"
"21/05/2018 15:17","Purchase","'70838153003496104","WXR350","","PRIMAX 95","Billed","13.64","30.00","PSS JAYA GADING","","Standalone","","","31 May 2018"
"21/05/2018 15:00","Reload","'70838153003496104","WXR350","","","Billed","","-50.00","PSS JAYA GADING","","Standalone","","","31 May 2018"
"18/05/2018 17:26","Purchase","'70838153003496104","WXR350","","PRIMAX 95","Billed","22.73","50.00","PSS JALAN LIM HOE LEK","","Standalone","","","31 May 2018"
"18/05/2018 17:25","Reload","'70838153003496104","WXR350","","","Billed","","-50.00","PSS JALAN LIM HOE LEK","","Standalone","","","31 May 2018"
"16/05/2018 14:34","Purchase","'70838153003496104","WXR350","","PRIMAX 95","Billed","22.73","50.00","PSS KM 16 JALAN GAMBANG","","Standalone","","","31 May 2018"
"16/05/2018 14:33","Reload","'70838153003496104","WXR350","","","Billed","","-50.00","PSS KM 16 JALAN GAMBANG","","Standalone","","","31 May 2018"
"14/05/2018 01:48","Purchase","'70838153003496104","WXR350","","PRIMAX 95","Billed","33.30","73.26","PSS GENTING SEMPAH","","Standalone","","","31 May 2018"
"13/05/2018 12:17","Purchase","'70838153003496104","WXR350","","PRIMAX 95","Billed","45.52","100.15","PSS JAYA GADING","","Standalone","","","31 May 2018"
"13/05/2018 12:11","Reload","'70838153003496104","WXR350","","","Billed","","-150.00","PSS JAYA GADING","","Standalone","","","31 May 2018"
"11/05/2018 18:46","Purchase","'70838153003496104","WXR350","","PRIMAX 95","Billed","12.09","26.59","PSS JAYA GADING","","Standalone","","","31 May 2018"
"11/05/2018 18:44","Reload","'70838153003496104","WXR350","","","Billed","","-50.00","PSS JAYA GADING","","Standalone","","","31 May 2018"
"09/05/2018 18:58","Purchase","'70838153003496104","WXR350","","PRIMAX 95","Billed","35.19","77.41","PSS GENTING SEMPAH","","Standalone","","","31 May 2018"
"08/05/2018 14:50","Purchase","'70838153003496104","WXR350","","PRIMAX 95","Billed","45.55","100.20","PSS KM 4 JALAN GAMBANG","","Standalone","","","31 May 2018"
"08/05/2018 14:47","Reload","'70838153003496104","WXR350","","","Billed","","-100.00","PSS KM 4 JALAN GAMBANG","","Standalone","","","31 May 2018"
"06/05/2018 08:21","Purchase","'70838153003496104","WXR350","","PRIMAX 95","Billed","23.23","51.10","PSS JAYA GADING","","Standalone","","","31 May 2018"
"05/05/2018 11:53","Reload","'70838153003496104","WXR350","","","Billed","","-100.00","PSS JAYA GADING","","Standalone","","","31 May 2018"