"Date Time","Transaction Type","Card Number","Vehicle Number","Driver Card Number","Product Type","Billing Type","Transaction Volume (Litres)","Transaction Amount (RM)","Station Name","Odometer","Card Type","Cost Centre","Cost Centre Name","Statement Month"
"07/05/2018 19:34","Purchase","'70838153003496096","WXR349","","PRIMAX 95","Billed","13.64","30.00","PSS PETRONAS KARAK REST","1122","Standalone","","","31 May 2018"
"04/05/2018 17:49","Purchase","'70838153003496096","WXR349","","PRIMAX 95","Billed","31.82","70.00","PSS MAMBANG DI AWAN","1122","Standalone","","","31 May 2018"
"04/05/2018 17:47","Reload","'70838153003496096","WXR349","","","Billed","","-100.00","PSS MAMBANG DI AWAN","","Standalone","","","31 May 2018"
"02/05/2018 19:31","Purchase","'70838153003496096","WXR349","","PRIMAX 95","Billed","45.46","100.00","PSS ULU BERNAM","1122","Standalone","","","31 May 2018"
"02/05/2018 19:29","Reload","'70838153003496096","WXR349","","","Billed","","-100.00","PSS ULU BERNAM","","Standalone","","","31 May 2018"