"Date Time","Transaction Type","Card Number","Vehicle Number","Driver Card Number","Product Type","Billing Type","Transaction Volume (Litres)","Transaction Amount (RM)","Station Name","Odometer","Card Type","Cost Centre","Cost Centre Name","Statement Month"
"31/05/2018 18:23","Purchase","'70838153003496468","WXR360","","PRIMAX 95","Billed","3.07","6.76","PSS PERSIARAN MAHKOTA CHERAS","","Standalone","","","31 May 2018"
"30/05/2018 21:25","Purchase","'70838153003496468","WXR360","","PRIMAX 95","Billed","2.99","6.57","PSS BANGSAR","","Standalone","","","31 May 2018"
"28/05/2018 21:04","Purchase","'70838153003496468","WXR360","","PRIMAX 95","Billed","2.95","6.49","PSS BANGSAR","","Standalone","","","31 May 2018"
"27/05/2018 12:58","Purchase","'70838153003496468","WXR360","","PRIMAX 95","Billed","11.36","25.00","PSS PRIMA SAUJANA 2","","Standalone","","","31 May 2018"
"26/05/2018 13:27","Purchase","'70838153003496468","WXR360","","PRIMAX 95","Billed","36.36","80.00","PSS GENTING SEMPAH","","Standalone","","","31 May 2018"
"25/05/2018 09:56","Purchase","'70838153003496468","WXR360","","PRIMAX 95","Billed","2.82","6.20","PSS LEBUHRAYA SILK","","Standalone","","","31 May 2018"
"24/05/2018 11:30","Purchase","'70838153003496468","WXR360","","PRIMAX 95","Billed","2.81","6.18","PSS KM5.5 JALAN CHERAS","","Standalone","","","31 May 2018"
"24/05/2018 11:29","Reload","'70838153003496468","WXR360","","","Billed","","-150.00","PSS KM5.5 JALAN CHERAS","","Standalone","","","31 May 2018"
"23/05/2018 11:20","Purchase","'70838153003496468","WXR360","","PRIMAX 95","Billed","2.78","6.12","PSS KM5.5 JALAN CHERAS","","Standalone","","","31 May 2018"
"20/05/2018 11:40","Purchase","'70838153003496468","WXR360","","PRIMAX 95","Billed","3.05","6.72","PSS BATU 1 JALAN SEMENYIH","","Standalone","","","31 May 2018"
"18/05/2018 10:47","Purchase","'70838153003496468","WXR360","","PRIMAX 95","Billed","2.49","5.48","PSS PERSIARAN MAHKOTA CHERAS","","Standalone","","","31 May 2018"
"16/05/2018 17:08","Purchase","'70838153003496468","WXR360","","PRIMAX 95","Billed","3.09","6.80","PSS KM5.5 JALAN CHERAS","","Standalone","","","31 May 2018"
"15/05/2018 14:20","Purchase","'70838153003496468","WXR360","","PRIMAX 95","Billed","3.02","6.65","PSS KM5.5 JALAN CHERAS","","Standalone","","","31 May 2018"
"13/05/2018 22:26","Purchase","'70838153003496468","WXR360","","PRIMAX 95","Billed","11.36","25.00","PSS JALAN TUN RAZAK","","Standalone","","","31 May 2018"
"11/05/2018 18:31","Purchase","'70838153003496468","WXR360","","PRIMAX 95","Billed","9.09","20.00","PSS TAMAN SRI ANDALAS","","Standalone","","","31 May 2018"
"09/05/2018 19:25","Purchase","'70838153003496468","WXR360","","PRIMAX 95","Billed","11.36","25.00","PSS LEBUHRAYA SILK","","Standalone","","","31 May 2018"
"08/05/2018 15:16","Purchase","'70838153003496468","WXR360","","PRIMAX 95","Billed","2.99","6.57","PSS NPE PANTAI DALAM","","Standalone","","","31 May 2018"
"07/05/2018 08:46","Purchase","'70838153003496468","WXR360","","PRIMAX 95","Billed","2.28","5.02","PSS NPE PANTAI DALAM","","Standalone","","","31 May 2018"
"05/05/2018 09:30","Reload","'70838153003496468","WXR360","","","Billed","","-250.00","PSS BIDOR TAPAH","","Standalone","","","31 May 2018"
"05/05/2018 09:03","Purchase","'70838153003496468","WXR360","","PRIMAX 95","Billed","27.45","60.38","PSS SUNGKAI","","Standalone","","","31 May 2018"
"03/05/2018 16:59","Purchase","'70838153003496468","WXR360","","PRIMAX 95","Billed","2.89","6.36","PSS PRIMA SAUJANA 2","","Standalone","","","31 May 2018"
"02/05/2018 15:02","Purchase","'70838153003496468","WXR360","","PRIMAX 95","Billed","3.10","6.82","PSS NPE PANTAI DALAM","","Standalone","","","31 May 2018"