"Date Time","Transaction Type","Card Number","Vehicle Number","Driver Card Number","Product Type","Billing Type","Transaction Volume (Litres)","Transaction Amount (RM)","Station Name","Odometer","Card Type","Cost Centre","Cost Centre Name","Statement Month"
"31/05/2018 08:19","Purchase","'70838153003495940","WXR337","","PRIMAX 97","Un-billed","12.15","30.00","PSS JALAN LARKIN","","Standalone","","","Unbilled Transaction"
"31/05/2018 08:13","Reload","'70838153003495940","WXR337","'70838153003495940","","Billed","","-50.00","PSS JALAN LARKIN","","Standalone","","","31 May 2018"
"30/05/2018 13:38","Purchase","'70838153003495940","WXR337","","PRIMAX 95","Billed","18.18","40.00","PSS TAMAN DELIMA","","Standalone","","","31 May 2018"
"30/05/2018 13:37","Reload","'70838153003495940","WXR337","","","Billed","","-40.00","PSS TAMAN DELIMA","","Standalone","","","31 May 2018"
"29/05/2018 07:26","Purchase","'70838153003495940","WXR337","","PRIMAX 95","Billed","13.64","30.00","PSS TAMAN DELIMA","","Standalone","","","31 May 2018"
"29/05/2018 07:25","Reload","'70838153003495940","WXR337","","","Billed","","-30.00","PSS TAMAN DELIMA","","Standalone","","","31 May 2018"
"27/05/2018 19:55","Purchase","'70838153003495940","WXR337","","PRIMAX 95","Billed","18.18","40.00","PSS TAMAN DELIMA","","Standalone","","","31 May 2018"
"27/05/2018 19:54","Reload","'70838153003495940","WXR337","","","Billed","","-40.00","PSS TAMAN DELIMA","","Standalone","","","31 May 2018"
"26/05/2018 20:59","Purchase","'70838153003495940","WXR337","","PRIMAX 95","Billed","18.18","40.00","PSS TAMAN DELIMA","","Standalone","","","31 May 2018"
"26/05/2018 20:57","Reload","'70838153003495940","WXR337","","","Billed","","-40.00","PSS TAMAN DELIMA","","Standalone","","","31 May 2018"
"26/05/2018 08:02","Purchase","'70838153003495940","WXR337","","PRIMAX 95","Billed","18.18","40.00","PSS TAMAN DELIMA","","Standalone","","","31 May 2018"
"26/05/2018 08:01","Reload","'70838153003495940","WXR337","","","Billed","","-40.00","PSS TAMAN DELIMA","","Standalone","","","31 May 2018"
"24/05/2018 11:19","Purchase","'70838153003495940","WXR337","","PRIMAX 95","Billed","18.18","40.00","PSS TAMAN PERLING","","Standalone","","","31 May 2018"
"24/05/2018 11:18","Reload","'70838153003495940","WXR337","","","Billed","","-40.00","PSS TAMAN PERLING","","Standalone","","","31 May 2018"
"22/05/2018 20:09","Purchase","'70838153003495940","WXR337","","PRIMAX 95","Billed","13.64","30.00","PSS LEBUHRAYA PASIR GUDANG 3","","Standalone","","","31 May 2018"
"22/05/2018 20:07","Reload","'70838153003495940","WXR337","","","Billed","","-30.00","PSS LEBUHRAYA PASIR GUDANG 3","","Standalone","","","31 May 2018"
"22/05/2018 08:36","Purchase","'70838153003495940","WXR337","","PRIMAX 95","Billed","18.18","40.00","PSS ROSMERAH","","Standalone","","","31 May 2018"
"22/05/2018 08:35","Reload","'70838153003495940","WXR337","","","Billed","","-40.00","PSS ROSMERAH","","Standalone","","","31 May 2018"
"21/05/2018 06:13","Purchase","'70838153003495940","WXR337","","PRIMAX 97","Billed","20.24","50.00","PSS LEBUHRAYA PASIR GUDANG 3","","Standalone","","","31 May 2018"
"21/05/2018 06:11","Reload","'70838153003495940","WXR337","","","Billed","","-50.00","PSS LEBUHRAYA PASIR GUDANG 3","","Standalone","","","31 May 2018"
"20/05/2018 07:44","Purchase","'70838153003495940","WXR337","","PRIMAX 97","Billed","16.19","40.00","PSS JALAN LANGKASUKA","","Standalone","","","31 May 2018"
"20/05/2018 07:41","Reload","'70838153003495940","WXR337","","","Billed","","-40.00","PSS JALAN LANGKASUKA","","Standalone","","","31 May 2018"
"19/05/2018 07:51","Purchase","'70838153003495940","WXR337","","PRIMAX 95","Billed","18.18","40.00","PSS TAMAN DELIMA","","Standalone","","","31 May 2018"
"18/05/2018 22:19","Purchase","'70838153003495940","WXR337","","PRIMAX 97","Billed","16.19","40.00","PSS TAMAN AUSTIN PERDANA","","Standalone","","","31 May 2018"
"18/05/2018 22:16","Reload","'70838153003495940","WXR337","","","Billed","","-30.00","PSS TAMAN AUSTIN PERDANA","","Standalone","","","31 May 2018"
"16/05/2018 11:58","Purchase","'70838153003495940","WXR337","","PRIMAX 95","Billed","22.73","50.00","PSS JALAN DATIN HALIMAH","","Standalone","","","31 May 2018"
"16/05/2018 11:52","Reload","'70838153003495940","WXR337","","","Billed","","-50.00","PSS JALAN DATIN HALIMAH","","Standalone","","","31 May 2018"
"12/05/2018 20:12","Purchase","'70838153003495940","WXR337","","PRIMAX 95","Billed","13.64","30.00","PSS SENAI","","Standalone","","","31 May 2018"
"12/05/2018 20:10","Reload","'70838153003495940","WXR337","","","Billed","","-30.00","PSS SENAI","","Standalone","","","31 May 2018"
"07/05/2018 18:36","Purchase","'70838153003495940","WXR337","","PRIMAX 97","Billed","27.94","69.00","PSS NUSA PERINTIS","","Standalone","","","31 May 2018"
"07/05/2018 18:36","Purchase","'70838153003495940","WXR337","","PRIMAX 97","Un-billed","27.94","69.00","PSS NUSA PERINTIS","","Standalone","","","Unbilled Transaction"
"07/05/2018 18:35","Reload","'70838153003495940","WXR337","","","Billed","","-50.00","PSS NUSA PERINTIS","","Standalone","","","31 May 2018"