"Date Time","Transaction Type","Card Number","Vehicle Number","Driver Card Number","Product Type","Billing Type","Transaction Volume (Litres)","Transaction Amount (RM)","Station Name","Odometer","Card Type","Cost Centre","Cost Centre Name","Statement Month"
"29/05/2018 17:25","Purchase","'70838153003425301","WXR75","","PRIMAX 95","Billed","13.64","30.00","PSS PANDAN INDAH","1500","Standalone","","","31 May 2018"
"29/05/2018 17:24","Reload","'70838153003425301","WXR75","","","Billed","","-300.00","PSS PANDAN INDAH","","Standalone","","","31 May 2018"
"24/05/2018 18:00","Purchase","'70838153003425301","WXR75","","PRIMAX 95","Billed","13.64","30.00","PSS JALAN KUARI","1510","Standalone","","","31 May 2018"
"19/05/2018 07:53","Purchase","'70838153003425301","WXR75","","PRIMAX 95","Billed","13.64","30.00","PSS PANDAN INDAH","1500","Standalone","","","31 May 2018"
"14/05/2018 16:53","Purchase","'70838153003425301","WXR75","","PRIMAX 95","Billed","13.64","30.00","PSS JALAN KUARI","1500","Standalone","","","31 May 2018"
"11/05/2018 19:04","Purchase","'70838153003425301","WXR75","","PRIMAX 95","Billed","13.64","30.00","PSS JALAN KUARI","1400","Standalone","","","31 May 2018"
"08/05/2018 11:51","Purchase","'70838153003425301","WXR75","","PRIMAX 95","Billed","22.73","50.00","PSS SERI ISKANDAR","1350","Standalone","","","31 May 2018"
"07/05/2018 21:27","Purchase","'70838153003425301","WXR75","","PRIMAX 95","Billed","31.82","70.00","PSS JALAN KUARI","1350","Standalone","","","31 May 2018"
"05/05/2018 16:12","Purchase","'70838153003425301","WXR75","","PRIMAX 95","Billed","13.64","30.00","PSS TAMAN DAGANG","1300","Standalone","","","31 May 2018"
"01/05/2018 20:15","Purchase","'70838153003425301","WXR75","","PRIMAX 95","Billed","13.64","30.00","PSS JALAN KUARI","1300","Standalone","","","31 May 2018"