"Date Time","Transaction Type","Card Number","Vehicle Number","Driver Card Number","Product Type","Billing Type","Transaction Volume (Litres)","Transaction Amount (RM)","Station Name","Odometer","Card Type","Cost Centre","Cost Centre Name","Statement Month"
"27/05/2018 17:29","Purchase","'70838153003579156","WXR1004","","PRIMAX 95","Billed","36.13","79.49","PSS JLN AHMAD BADAWI","8779","Standalone","","","31 May 2018"
"27/05/2018 15:15","Purchase","'70838153003579156","WXR1004","","PRIMAX 95","Billed","3.50","7.70","PSS JLN AHMAD BADAWI","8779","Standalone","","","31 May 2018"
"26/05/2018 13:38","Purchase","'70838153003579156","WXR1004","","PRIMAX 95","Billed","3.76","8.27","PSS JALAN MESJID NEGERI","8779","Standalone","","","31 May 2018"
"24/05/2018 18:57","Purchase","'70838153003579156","WXR1004","","PRIMAX 95","Billed","3.51","7.73","PSS JLN AHMAD BADAWI","8779","Standalone","","","31 May 2018"
"22/05/2018 18:55","Purchase","'70838153003579156","WXR1004","","PRIMAX 95","Billed","2.08","4.58","PSS JLN AHMAD BADAWI","8779","Standalone","","","31 May 2018"
"22/05/2018 09:24","Purchase","'70838153003579156","WXR1004","","PRIMAX 95","Billed","2.63","5.78","PSS BAYAN BARU","8779","Standalone","","","31 May 2018"
"17/05/2018 18:58","Reload","'70838153003579156","WXR1004","","","Billed","","-100.00","PSS JLN AHMAD BADAWI","","Standalone","","","31 May 2018"
"17/05/2018 18:53","Purchase","'70838153003579156","WXR1004","","PRIMAX 95","Billed","2.59","5.70","PSS JLN AHMAD BADAWI","8779","Standalone","","","31 May 2018"
"14/05/2018 10:40","Purchase","'70838153003579156","WXR1004","","PRIMAX 95","Billed","3.01","6.62","PSS BAYAN BARU","8779","Standalone","","","31 May 2018"
"12/05/2018 20:07","Purchase","'70838153003579156","WXR1004","","PRIMAX 95","Billed","30.02","66.05","PSS TAMAN BERTAM","8779","Standalone","","","31 May 2018"
"09/05/2018 08:11","Purchase","'70838153003579156","WXR1004","","PRIMAX 95","Billed","2.36","5.19","PSS BAYAN BARU","8779","Standalone","","","31 May 2018"
"09/05/2018 08:09","Reload","'70838153003579156","WXR1004","","","Billed","","-100.00","PSS BAYAN BARU","","Standalone","","","31 May 2018"
"06/05/2018 11:25","Purchase","'70838153003579156","WXR1004","","PRIMAX 95","Billed","18.63","40.98","PSS JLN AHMAD BADAWI","8779","Standalone","","","31 May 2018"
"06/05/2018 11:17","Reload","'70838153003579156","WXR1004","","","Billed","","-50.00","PSS JLN AHMAD BADAWI","","Standalone","","","31 May 2018"
"05/05/2018 09:05","Purchase","'70838153003579156","WXR1004","","PRIMAX 95","Billed","25.07","55.15","PSS JLN AHMAD BADAWI","8779","Standalone","","","31 May 2018"
"03/05/2018 15:11","Purchase","'70838153003579156","WXR1004","","PRIMAX 95","Billed","3.00","6.60","PSS BAYAN BARU","8779","Standalone","","","31 May 2018"