"Date Time","Transaction Type","Card Number","Vehicle Number","Driver Card Number","Product Type","Billing Type","Transaction Volume (Litres)","Transaction Amount (RM)","Station Name","Odometer","Card Type","Cost Centre","Cost Centre Name","Statement Month"
"30/05/2018 17:24","Purchase","'70838153003501556","WXR989","","PRIMAX 95","Billed","22.73","50.00","PSS LUBUK CHINA","","Standalone","","","31 May 2018"
"27/05/2018 09:59","Purchase","'70838153003501556","WXR989","","PRIMAX 95","Billed","31.82","70.00","PSS MACHAP ARAH UTARA","","Standalone","","","31 May 2018"
"27/05/2018 09:57","Reload","'70838153003501556","WXR989","","","Billed","","-100.00","PSS MACHAP ARAH UTARA","","Standalone","","","31 May 2018"
"25/05/2018 14:35","Purchase","'70838153003501556","WXR989","","PRIMAX 95","Billed","13.64","30.00","PSS LUBUK CHINA","","Standalone","","","31 May 2018"
"25/05/2018 14:34","Reload","'70838153003501556","WXR989","","","Billed","","-100.00","PSS LUBUK CHINA","","Standalone","","","31 May 2018"
"24/05/2018 12:41","Purchase","'70838153003501556","WXR989","","PRIMAX 95","Billed","31.82","70.00","PSS MASJID TANAH","","Standalone","","","31 May 2018"
"15/05/2018 15:26","Reload","'70838153003501556","WXR989","","","Billed","","-100.00","PSS LUBUK CHINA","","Standalone","","","31 May 2018"
"15/05/2018 15:25","Purchase","'70838153003501556","WXR989","","PRIMAX 95","Billed","22.73","50.00","PSS LUBUK CHINA","","Standalone","","","31 May 2018"
"11/05/2018 21:03","Purchase","'70838153003501556","WXR989","","PRIMAX 95","Billed","22.73","50.00","PSS LUBUK CHINA","","Standalone","","","31 May 2018"
"08/05/2018 16:33","Purchase","'70838153003501556","WXR989","","PRIMAX 95","Billed","22.73","50.00","PSS LUBUK CHINA","","Standalone","","","31 May 2018"
"08/05/2018 16:31","Reload","'70838153003501556","WXR989","","","Billed","","-100.00","PSS LUBUK CHINA","","Standalone","","","31 May 2018"
"03/05/2018 17:39","Purchase","'70838153003501556","WXR989","","PRIMAX 95","Billed","22.73","50.00","PSS LUBUK CHINA","","Standalone","","","31 May 2018"