"Date Time","Transaction Type","Card Number","Vehicle Number","Driver Card Number","Product Type","Billing Type","Transaction Volume (Litres)","Transaction Amount (RM)","Station Name","Odometer","Card Type","Cost Centre","Cost Centre Name","Statement Month"
"25/05/2018 09:42","Purchase","'70838153003423991","WXR22","","PRIMAX 95","Billed","45.45","100.00","PSS BATU 8 JALAN IPOH","","Standalone","","","31 May 2018"
"25/05/2018 09:41","Reload","'70838153003423991","WXR22","","","Billed","","-200.00","PSS BATU 8 JALAN IPOH","","Standalone","","","31 May 2018"
"11/05/2018 16:10","Purchase","'70838153003423991","WXR22","","PRIMAX 95","Billed","22.73","50.00","PSS BUKIT JELUTONG RESIDENTIAL","","Standalone","","","31 May 2018"
"11/05/2018 16:09","Reload","'70838153003423991","WXR22","","","Billed","","-50.00","PSS BUKIT JELUTONG RESIDENTIAL","","Standalone","","","31 May 2018"
"06/05/2018 11:05","Purchase","'70838153003423991","WXR22","","PRIMAX 95","Billed","12.03","26.46","PSS TAMAN BERSATU RAWANG","","Standalone","","","31 May 2018"
"02/05/2018 08:51","Purchase","'70838153003423991","WXR22","","PRIMAX 95","Billed","22.73","50.00","PSS BATU 8 JALAN IPOH","","Standalone","","","31 May 2018"