"Date Time","Transaction Type","Card Number","Vehicle Number","Driver Card Number","Product Type","Billing Type","Transaction Volume (Litres)","Transaction Amount (RM)","Station Name","Odometer","Card Type","Cost Centre","Cost Centre Name","Statement Month"
"27/05/2018 18:08","Purchase","'70838153003711353","WXR 4541","","PRIMAX 95","Billed","22.73","50.00","PSS JALAN SULTANAH SAMBONGAN","50","Standalone","","","31 May 2018"
"27/05/2018 18:06","Reload","'70838153003711353","WXR 4541","","","Billed","","-100.00","PSS JALAN SULTANAH SAMBONGAN","","Standalone","","","31 May 2018"
"25/05/2018 08:23","Purchase","'70838153003711353","WXR 4541","","PRIMAX 95","Billed","9.09","20.00","PSS KUALA KEDAH","20","Standalone","","","31 May 2018"
"24/05/2018 09:44","Purchase","'70838153003711353","WXR 4541","","PRIMAX 95","Billed","13.64","30.00","PSS MERGONG (STESEN SERVICES PETRONAS )","30","Standalone","","","31 May 2018"
"19/05/2018 09:55","Purchase","'70838153003711353","WXR 4541","","PRIMAX 95","Billed","22.73","50.00","PSS MERGONG (STESEN SERVICES PETRONAS )","","Standalone","","","31 May 2018"
"18/05/2018 11:26","Purchase","'70838153003711353","WXR 4541","","PRIMAX 95","Billed","22.73","50.00","PSS TANDOP","","Standalone","","","31 May 2018"
"13/05/2018 18:48","Purchase","'70838153003711353","WXR 4541","","PRIMAX 95","Billed","22.73","50.00","PSS JALAN SULTANAH SAMBONGAN","50","Standalone","","","31 May 2018"
"12/05/2018 09:53","Purchase","'70838153003711353","WXR 4541","","PRIMAX 95","Billed","22.73","50.00","PSS JALAN SULTANAH SAMBONGAN","50","Standalone","","","31 May 2018"
"12/05/2018 09:50","Reload","'70838153003711353","WXR 4541","","","Billed","","-50.00","PSS JALAN SULTANAH SAMBONGAN","","Standalone","","","31 May 2018"
"08/05/2018 19:58","Purchase","'70838153003711353","WXR 4541","","PRIMAX 95","Billed","18.88","41.52","PSS JALAN SULTANAH SAMBONGAN","50","Standalone","","","31 May 2018"
"06/05/2018 19:56","Purchase","'70838153003711353","WXR 4541","","PRIMAX 95","Billed","22.73","50.00","PSS JALAN SULTANAH SAMBONGAN","50","Standalone","","","31 May 2018"
"06/05/2018 19:53","Reload","'70838153003711353","WXR 4541","","","Billed","","-300.00","PSS JALAN SULTANAH SAMBONGAN","","Standalone","","","31 May 2018"
"03/05/2018 19:24","Purchase","'70838153003711353","WXR 4541","","PRIMAX 95","Billed","22.73","50.00","PSS MERGONG (STESEN SERVICES PETRONAS )","50","Standalone","","","31 May 2018"
"03/05/2018 19:21","Reload","'70838153003711353","WXR 4541","","","Billed","","-100.00","PSS MERGONG (STESEN SERVICES PETRONAS )","","Standalone","","","31 May 2018"