"Date Time","Transaction Type","Card Number","Vehicle Number","Driver Card Number","Product Type","Billing Type","Transaction Volume (Litres)","Transaction Amount (RM)","Station Name","Odometer","Card Type","Cost Centre","Cost Centre Name","Statement Month"
"30/05/2018 10:23","Purchase","'70838153003424973","WXR138","","Diesel","Billed","22.94","50.00","PSS TELUK INTAN I (JLN SULTAN ABDULLAH)","","Standalone","","","31 May 2018"
"30/05/2018 10:20","Reload","'70838153003424973","WXR138","'70838153003424973","","Billed","","-50.00","PSS TELUK INTAN I (JLN SULTAN ABDULLAH)","","Standalone","","","31 May 2018"
"23/05/2018 18:22","Purchase","'70838153003424973","WXR138","","Diesel","Billed","22.94","50.00","PSS TELUK INTAN I (JLN SULTAN ABDULLAH)","","Standalone","","","31 May 2018"
"23/05/2018 18:21","Reload","'70838153003424973","WXR138","'70838153003424973","","Billed","","-50.00","PSS TELUK INTAN I (JLN SULTAN ABDULLAH)","","Standalone","","","31 May 2018"
"20/05/2018 06:36","Purchase","'70838153003424973","WXR138","","Diesel","Billed","22.94","50.00","PSS TELUK INTAN I (JLN SULTAN ABDULLAH)","","Standalone","","","31 May 2018"
"20/05/2018 06:34","Reload","'70838153003424973","WXR138","'70838153003424973","","Billed","","-50.00","PSS TELUK INTAN I (JLN SULTAN ABDULLAH)","","Standalone","","","31 May 2018"
"17/05/2018 06:37","Purchase","'70838153003424973","WXR138","","Diesel","Billed","22.94","50.00","PSS TELUK INTAN I (JLN SULTAN ABDULLAH)","","Standalone","","","31 May 2018"
"17/05/2018 06:33","Reload","'70838153003424973","WXR138","'70838153003424973","","Billed","","-50.00","PSS TELUK INTAN I (JLN SULTAN ABDULLAH)","","Standalone","","","31 May 2018"
"13/05/2018 14:27","Purchase","'70838153003424973","WXR138","","Diesel","Billed","22.94","50.00","PSS TELUK INTAN I (JLN SULTAN ABDULLAH)","","Standalone","","","31 May 2018"
"13/05/2018 14:26","Reload","'70838153003424973","WXR138","'70838153003424973","","Billed","","-50.00","PSS TELUK INTAN I (JLN SULTAN ABDULLAH)","","Standalone","","","31 May 2018"
"11/05/2018 10:56","Purchase","'70838153003424973","WXR138","","Diesel","Billed","22.94","50.00","PSS TELUK INTAN I (JLN SULTAN ABDULLAH)","","Standalone","","","31 May 2018"
"11/05/2018 10:49","Reload","'70838153003424973","WXR138","'70838153003424973","","Billed","","-50.00","PSS TELUK INTAN I (JLN SULTAN ABDULLAH)","","Standalone","","","31 May 2018"
"07/05/2018 22:47","Purchase","'70838153003424973","WXR138","","Diesel","Billed","22.94","50.00","PSS TELUK INTAN I (JLN SULTAN ABDULLAH)","","Standalone","","","31 May 2018"
"07/05/2018 22:45","Reload","'70838153003424973","WXR138","'70838153003424973","","Billed","","-50.00","PSS TELUK INTAN I (JLN SULTAN ABDULLAH)","","Standalone","","","31 May 2018"
"05/05/2018 23:08","Purchase","'70838153003424973","WXR138","","Diesel","Billed","22.94","50.00","PSS CHANGKAT JONG","","Standalone","","","31 May 2018"
"05/05/2018 23:06","Reload","'70838153003424973","WXR138","","","Billed","","-50.00","PSS CHANGKAT JONG","","Standalone","","","31 May 2018"