"Date Time","Transaction Type","Card Number","Vehicle Number","Driver Card Number","Product Type","Billing Type","Transaction Volume (Litres)","Transaction Amount (RM)","Station Name","Odometer","Card Type","Cost Centre","Cost Centre Name","Statement Month"
"25/05/2018 08:05","Purchase","'70838153003499223","WXR910","","PRIMAX 95","Billed","0.60","1.32","PSS KANGAR","","Standalone","","","31 May 2018"
"17/05/2018 07:46","Purchase","'70838153003499223","WXR910","","PRIMAX 95","Billed","22.73","50.00","PSS BEHOR TEMAK","","Standalone","","","31 May 2018"
"09/05/2018 16:50","Purchase","'70838153003499223","WXR910","","PRIMAX 95","Billed","18.18","40.00","PSS CHANGLOON","","Standalone","","","31 May 2018"
"09/05/2018 13:02","Purchase","'70838153003499223","WXR910","","PRIMAX 95","Billed","22.73","50.00","PSS SUNGAI PERAK (U)","","Standalone","","","31 May 2018"
"09/05/2018 10:32","Purchase","'70838153003499223","WXR910","","PRIMAX 95","Billed","36.36","80.00","PSS RAWAT & REHAT (U) SBAN-KL","","Standalone","","","31 May 2018"
"09/05/2018 10:31","Reload","'70838153003499223","WXR910","","","Billed","","-200.00","PSS RAWAT & REHAT (U) SBAN-KL","","Standalone","","","31 May 2018"
"08/05/2018 02:25","Purchase","'70838153003499223","WXR910","","PRIMAX 95","Billed","27.27","60.00","PSS ULU BERNAM","","Standalone","","","31 May 2018"
"08/05/2018 00:17","Purchase","'70838153003499223","WXR910","","PRIMAX 95","Billed","27.27","60.00","PSS R & R GUNUNG SEMANGGOL","","Standalone","","","31 May 2018"
"07/05/2018 20:24","Purchase","'70838153003499223","WXR910","","PRIMAX 95","Billed","36.37","80.00","PSS BEHOR TEMAK","","Standalone","","","31 May 2018"
"07/05/2018 20:23","Reload","'70838153003499223","WXR910","","","Billed","","-200.00","PSS BEHOR TEMAK","","Standalone","","","31 May 2018"