"Date Time","Transaction Type","Card Number","Vehicle Number","Driver Card Number","Product Type","Billing Type","Transaction Volume (Litres)","Transaction Amount (RM)","Station Name","Odometer","Card Type","Cost Centre","Cost Centre Name","Statement Month"
"08/05/2018 21:27","Purchase","'70838153003720453","WXR 5431","","PRIMAX 95","Billed","18.18","40.00","PSS SUNGAI MANGGIS","1","Standalone","","","31 May 2018"
"08/05/2018 21:26","Reload","'70838153003720453","WXR 5431","","","Billed","","-40.00","PSS SUNGAI MANGGIS","","Standalone","","","31 May 2018"
"06/05/2018 11:04","Purchase","'70838153003720453","WXR 5431","","PRIMAX 95","Billed","27.95","61.49","PSS KLIA 2","1","Standalone","","","31 May 2018"
"06/05/2018 11:01","Reload","'70838153003720453","WXR 5431","","","Billed","","-60.00","PSS KLIA 2","","Standalone","","","31 May 2018"
"05/05/2018 16:41","Purchase","'70838153003720453","WXR 5431","","PRIMAX 95","Billed","22.73","50.01","PSS KLIA 2","1","Standalone","","","31 May 2018"
"05/05/2018 16:39","Reload","'70838153003720453","WXR 5431","","","Billed","","-50.00","PSS KLIA 2","","Standalone","","","31 May 2018"