"Date Time","Transaction Type","Card Number","Vehicle Number","Driver Card Number","Product Type","Billing Type","Transaction Volume (Litres)","Transaction Amount (RM)","Station Name","Odometer","Card Type","Cost Centre","Cost Centre Name","Statement Month"
"30/05/2018 17:30","Purchase","'70838153003498423","WXR876","","PRIMAX 95","Billed","22.73","50.00","PSS LEBUHRAYA SILK","","Standalone","","","31 May 2018"
"30/05/2018 17:28","Reload","'70838153003498423","WXR876","","","Billed","","-50.00","PSS LEBUHRAYA SILK","","Standalone","","","31 May 2018"
"22/05/2018 18:52","Purchase","'70838153003498423","WXR876","","PRIMAX 95","Billed","22.73","50.00","PSS LEBUHRAYA SILK","","Standalone","","","31 May 2018"
"22/05/2018 18:51","Reload","'70838153003498423","WXR876","","","Billed","","-50.00","PSS LEBUHRAYA SILK","","Standalone","","","31 May 2018"
"21/05/2018 15:31","Purchase","'70838153003498423","WXR876","","PRIMAX 95","Billed","22.73","50.00","PSS BALAKONG 1","","Standalone","","","31 May 2018"
"21/05/2018 15:29","Reload","'70838153003498423","WXR876","","","Billed","","-50.00","PSS BALAKONG 1","","Standalone","","","31 May 2018"
"17/05/2018 15:59","Purchase","'70838153003498423","WXR876","","PRIMAX 95","Billed","45.46","100.00","PSS AIR KEROH RSA SOUTH BOUND","","Standalone","","","31 May 2018"
"17/05/2018 15:57","Reload","'70838153003498423","WXR876","","","Billed","","-100.00","PSS AIR KEROH RSA SOUTH BOUND","","Standalone","","","31 May 2018"
"01/05/2018 13:26","Purchase","'70838153003498423","WXR876","","PRIMAX 95","Billed","22.73","50.00","PSS LEBUHRAYA SILK","","Standalone","","","31 May 2018"
"01/05/2018 13:24","Reload","'70838153003498423","WXR876","","","Billed","","-50.00","PSS LEBUHRAYA SILK","","Standalone","","","31 May 2018"