"Date Time","Transaction Type","Card Number","Vehicle Number","Driver Card Number","Product Type","Billing Type","Transaction Volume (Litres)","Transaction Amount (RM)","Station Name","Odometer","Card Type","Cost Centre","Cost Centre Name","Statement Month"
"11/05/2018 09:22","Purchase","'70838153003501184","WXR532","","PRIMAX 95","Billed","8.18","18.00","PSS KUAH LANGKAWI","","Standalone","","","31 May 2018"
"08/05/2018 09:35","Purchase","'70838153003501184","WXR532","","PRIMAX 95","Billed","18.18","40.00","PSS KUAH LANGKAWI","","Standalone","","","31 May 2018"
"08/05/2018 09:34","Reload","'70838153003501184","WXR532","","","Billed","","-50.00","PSS KUAH LANGKAWI","","Standalone","","","31 May 2018"
"01/05/2018 21:25","Purchase","'70838153003501184","WXR532","","PRIMAX 95","Billed","9.09","20.00","PSS KUAH LANGKAWI","","Standalone","","","31 May 2018"
"01/05/2018 21:25","Reload","'70838153003501184","WXR532","","","Billed","","-20.00","PSS KUAH LANGKAWI","","Standalone","","","31 May 2018"