"Date Time","Transaction Type","Card Number","Vehicle Number","Driver Card Number","Product Type","Billing Type","Transaction Volume (Litres)","Transaction Amount (RM)","Station Name","Odometer","Card Type","Cost Centre","Cost Centre Name","Statement Month"
"31/05/2018 17:56","Purchase","'70838153003422878","WXR80","","PRIMAX 97","Billed","36.44","90.00","PSS JALAN REKO2","","Standalone","","","31 May 2018"
"26/05/2018 17:13","Purchase","'70838153003422878","WXR80","","PRIMAX 95","Billed","22.73","50.00","PSS SEKSYEN 7 BANGI","","Standalone","","","31 May 2018"
"22/05/2018 17:12","Purchase","'70838153003422878","WXR80","","PRIMAX 97","Billed","24.29","60.00","PSS SEKSYEN 7 BANGI","","Standalone","","","31 May 2018"
"22/05/2018 17:10","Reload","'70838153003422878","WXR80","","","Billed","","-200.00","PSS SEKSYEN 7 BANGI","","Standalone","","","31 May 2018"
"02/05/2018 06:23","Purchase","'70838153003422878","WXR80","","PRIMAX 95","Billed","33.62","73.96","PSS LOT 4783 BUKIT JALIL","","Standalone","","","31 May 2018"