"Date Time","Transaction Type","Card Number","Vehicle Number","Driver Card Number","Product Type","Billing Type","Transaction Volume (Litres)","Transaction Amount (RM)","Station Name","Odometer","Card Type","Cost Centre","Cost Centre Name","Statement Month"
"15/05/2018 09:21","Purchase","'70838153003499744","WXR921","","PRIMAX 95","Billed","9.09","20.00","PSS NILAI PAJAM","","Standalone","","","31 May 2018"
"15/05/2018 09:20","Reload","'70838153003499744","WXR921","","","Billed","","-20.00","PSS NILAI PAJAM","","Standalone","","","31 May 2018"
"14/05/2018 08:50","Purchase","'70838153003499744","WXR921","","PRIMAX 95","Billed","9.09","20.00","PSS NILAI PAJAM","","Standalone","","","31 May 2018"
"14/05/2018 08:49","Reload","'70838153003499744","WXR921","","","Billed","","-20.00","PSS NILAI PAJAM","","Standalone","","","31 May 2018"
"12/05/2018 09:09","Purchase","'70838153003499744","WXR921","","PRIMAX 95","Billed","9.09","20.00","PSS NILAI PAJAM","","Standalone","","","31 May 2018"
"12/05/2018 09:08","Reload","'70838153003499744","WXR921","","","Billed","","-15.00","PSS NILAI PAJAM","","Standalone","","","31 May 2018"
"11/05/2018 09:02","Purchase","'70838153003499744","WXR921","","PRIMAX 95","Billed","8.18","18.00","PSS NILAI PAJAM","","Standalone","","","31 May 2018"
"11/05/2018 09:00","Reload","'70838153003499744","WXR921","","","Billed","","-20.00","PSS NILAI PAJAM","","Standalone","","","31 May 2018"