"Date Time","Transaction Type","Card Number","Vehicle Number","Driver Card Number","Product Type","Billing Type","Transaction Volume (Litres)","Transaction Amount (RM)","Station Name","Odometer","Card Type","Cost Centre","Cost Centre Name","Statement Month"
"26/05/2018 16:23","Purchase","'70838153003423553","WXR101","","PRIMAX 95","Billed","45.45","100.00","PSS PEKAN AIR MOLEK","","Standalone","","","31 May 2018"
"26/05/2018 15:28","Reload","'70838153003423553","WXR101","","","Billed","","-100.00","PSS LEBOH AMJ SEMABOK","","Standalone","","","31 May 2018"
"26/05/2018 00:09","Purchase","'70838153003423553","WXR101","","PRIMAX 95","Billed","20.45","45.00","PSS LEBOH AMJ SEMABOK","","Standalone","","","31 May 2018"
"25/05/2018 14:36","Purchase","'70838153003423553","WXR101","","PRIMAX 95","Billed","25.00","55.00","PSS PEKAN AIR MOLEK","","Standalone","","","31 May 2018"
"25/05/2018 14:35","Reload","'70838153003423553","WXR101","","","Billed","","-100.00","PSS PEKAN AIR MOLEK","","Standalone","","","31 May 2018"
"23/05/2018 07:37","Purchase","'70838153003423553","WXR101","","PRIMAX 95","Billed","25.45","56.00","PSS LEBOH AMJ SEMABOK","","Standalone","","","31 May 2018"
"21/05/2018 17:54","Purchase","'70838153003423553","WXR101","","PRIMAX 95","Billed","20.00","44.00","PSS LEBOH AMJ SEMABOK","","Standalone","","","31 May 2018"
"21/05/2018 17:53","Reload","'70838153003423553","WXR101","","","Billed","","-100.00","PSS LEBOH AMJ SEMABOK","","Standalone","","","31 May 2018"
"20/05/2018 10:48","Purchase","'70838153003423553","WXR101","","PRIMAX 95","Billed","48.64","107.00","PSS PEKAN AIR MOLEK","","Standalone","","","31 May 2018"
"20/05/2018 10:47","Reload","'70838153003423553","WXR101","","","Billed","","-100.00","PSS PEKAN AIR MOLEK","","Standalone","","","31 May 2018"
"16/05/2018 12:52","Purchase","'70838153003423553","WXR101","","PRIMAX 95","Billed","42.27","93.00","PSS KLEBANG BESAR","","Standalone","","","31 May 2018"
"16/05/2018 12:51","Reload","'70838153003423553","WXR101","","","Billed","","-100.00","PSS KLEBANG BESAR","","Standalone","","","31 May 2018"
"10/05/2018 13:30","Purchase","'70838153003423553","WXR101","","PRIMAX 95","Billed","22.73","50.00","PSS PEKAN AIR MOLEK","","Standalone","","","31 May 2018"
"10/05/2018 13:28","Reload","'70838153003423553","WXR101","","","Billed","","-50.00","PSS PEKAN AIR MOLEK","","Standalone","","","31 May 2018"
"10/05/2018 13:27","Purchase","'70838153003423553","WXR101","","PRIMAX 95","Billed","20.90","45.99","PSS PEKAN AIR MOLEK","","Standalone","","","31 May 2018"
"07/05/2018 20:40","Purchase","'70838153003423553","WXR101","","PRIMAX 95","Billed","24.55","54.01","PSS PEKAN AIR MOLEK","","Standalone","","","31 May 2018"
"07/05/2018 20:37","Reload","'70838153003423553","WXR101","","","Billed","","-100.00","PSS PEKAN AIR MOLEK","","Standalone","","","31 May 2018"
"01/05/2018 09:44","Purchase","'70838153003423553","WXR101","","PRIMAX 95","Billed","12.03","26.47","PSS PEKAN AIR MOLEK","","Standalone","","","31 May 2018"