"Date Time","Transaction Type","Card Number","Vehicle Number","Driver Card Number","Product Type","Billing Type","Transaction Volume (Litres)","Transaction Amount (RM)","Station Name","Odometer","Card Type","Cost Centre","Cost Centre Name","Statement Month"
"29/05/2018 09:07","Purchase","'70838153003497540","WXR393","","Diesel","Billed","45.87","100.00","PSS TAMAN DAGANG","","Standalone","","","31 May 2018"
"29/05/2018 09:03","Reload","'70838153003497540","WXR393","","","Billed","","-100.00","PSS TAMAN DAGANG","","Standalone","","","31 May 2018"
"16/05/2018 22:56","Purchase","'70838153003497540","WXR393","","Diesel","Billed","22.88","49.87","PSS KELANA JAYA 2","33653","Standalone","","","31 May 2018"
"16/05/2018 17:18","Purchase","'70838153003497540","WXR393","","Diesel","Billed","58.01","126.45","PSS JALAN TUN RAZAK","36353","Standalone","","","31 May 2018"
"03/05/2018 10:30","Purchase","'70838153003497540","WXR393","","Diesel","Billed","61.93","135.00","PSS MRR2 AMPANG","35526","Standalone","","","31 May 2018"