"Date Time","Transaction Type","Card Number","Vehicle Number","Driver Card Number","Product Type","Billing Type","Transaction Volume (Litres)","Transaction Amount (RM)","Station Name","Odometer","Card Type","Cost Centre","Cost Centre Name","Statement Month"
"28/05/2018 18:14","Purchase","'70838153003425285","WXR73","","PRIMAX 95","Billed","13.64","30.00","PSS BUKIT KANGKAR","","Standalone","","","31 May 2018"
"28/05/2018 18:12","Reload","'70838153003425285","WXR73","","","Billed","","-30.00","PSS BUKIT KANGKAR","","Standalone","","","31 May 2018"
"28/05/2018 12:08","Purchase","'70838153003425285","WXR73","","PRIMAX 95","Billed","18.18","40.00","PSS JASIN","","Standalone","","","31 May 2018"
"28/05/2018 12:05","Reload","'70838153003425285","WXR73","","","Billed","","-40.00","PSS JASIN","","Standalone","","","31 May 2018"
"26/05/2018 18:47","Purchase","'70838153003425285","WXR73","","PRIMAX 95","Billed","13.64","30.00","PSS TANGKAK","","Standalone","","","31 May 2018"
"26/05/2018 18:44","Reload","'70838153003425285","WXR73","","","Billed","","-30.00","PSS TANGKAK","","Standalone","","","31 May 2018"
"25/05/2018 19:51","Purchase","'70838153003425285","WXR73","","PRIMAX 95","Billed","22.73","50.00","PSS RAWAT & REHAT(S) KL- SEREMBAN","","Standalone","","","31 May 2018"
"25/05/2018 19:46","Reload","'70838153003425285","WXR73","","","Billed","","-50.00","PSS RAWAT & REHAT(S) KL- SEREMBAN","","Standalone","","","31 May 2018"
"24/05/2018 20:20","Purchase","'70838153003425285","WXR73","","PRIMAX 95","Billed","9.09","20.00","PSS BUKIT KANGKAR","","Standalone","","","31 May 2018"
"24/05/2018 20:18","Reload","'70838153003425285","WXR73","","","Billed","","-20.00","PSS BUKIT KANGKAR","","Standalone","","","31 May 2018"
"22/05/2018 20:36","Purchase","'70838153003425285","WXR73","","PRIMAX 95","Billed","9.09","20.00","PSS BUKIT KANGKAR","","Standalone","","","31 May 2018"
"22/05/2018 07:25","Purchase","'70838153003425285","WXR73","","PRIMAX 95","Billed","13.64","30.00","PSS BUKIT KANGKAR","","Standalone","","","31 May 2018"
"22/05/2018 07:24","Reload","'70838153003425285","WXR73","","","Billed","","-50.00","PSS BUKIT KANGKAR","","Standalone","","","31 May 2018"
"19/05/2018 12:44","Purchase","'70838153003425285","WXR73","","PRIMAX 95","Billed","13.64","30.00","PSS KM 4 JALAN SALLEH","","Standalone","","","31 May 2018"
"19/05/2018 12:43","Reload","'70838153003425285","WXR73","","","Billed","","-30.00","PSS KM 4 JALAN SALLEH","","Standalone","","","31 May 2018"
"16/05/2018 22:32","Purchase","'70838153003425285","WXR73","","PRIMAX 95","Billed","13.64","30.00","PSS BUKIT GAMBIR","","Standalone","","","31 May 2018"
"16/05/2018 20:36","Purchase","'70838153003425285","WXR73","","PRIMAX 95","Billed","9.09","20.00","PSS BUKIT KANGKAR","","Standalone","","","31 May 2018"
"16/05/2018 20:34","Reload","'70838153003425285","WXR73","","","Billed","","-50.00","PSS BUKIT KANGKAR","","Standalone","","","31 May 2018"
"13/05/2018 20:15","Purchase","'70838153003425285","WXR73","","PRIMAX 95","Billed","13.64","30.00","PSS MUAR BYPASS","","Standalone","","","31 May 2018"
"13/05/2018 20:13","Reload","'70838153003425285","WXR73","","","Billed","","-30.00","PSS MUAR BYPASS","","Standalone","","","31 May 2018"
"12/05/2018 08:06","Purchase","'70838153003425285","WXR73","","PRIMAX 95","Billed","13.64","30.00","PSS BUKIT KANGKAR","","Standalone","","","31 May 2018"
"12/05/2018 08:04","Reload","'70838153003425285","WXR73","","","Billed","","-30.00","PSS BUKIT KANGKAR","","Standalone","","","31 May 2018"
"09/05/2018 21:15","Purchase","'70838153003425285","WXR73","","PRIMAX 95","Billed","13.64","30.00","PSS BUKIT KANGKAR","","Standalone","","","31 May 2018"
"09/05/2018 21:13","Reload","'70838153003425285","WXR73","","","Billed","","-30.00","PSS BUKIT KANGKAR","","Standalone","","","31 May 2018"
"04/05/2018 21:33","Purchase","'70838153003425285","WXR73","","PRIMAX 95","Billed","13.64","30.00","PSS AIR KEROH RSA SOUTH BOUND","","Standalone","","","31 May 2018"
"04/05/2018 21:31","Reload","'70838153003425285","WXR73","","","Billed","","-30.00","PSS AIR KEROH RSA SOUTH BOUND","","Standalone","","","31 May 2018"
"04/05/2018 12:35","Purchase","'70838153003425285","WXR73","","PRIMAX 95","Billed","22.73","50.00","PSS TANGKAK","","Standalone","","","31 May 2018"
"04/05/2018 12:33","Reload","'70838153003425285","WXR73","","","Billed","","-50.00","PSS TANGKAK","","Standalone","","","31 May 2018"
"01/05/2018 17:36","Purchase","'70838153003425285","WXR73","","PRIMAX 95","Billed","30.30","66.65","PSS BUKIT KANGKAR","","Standalone","","","31 May 2018"
"01/05/2018 17:34","Reload","'70838153003425285","WXR73","","","Billed","","-30.00","PSS BUKIT KANGKAR","","Standalone","","","31 May 2018"