"Date Time","Transaction Type","Card Number","Vehicle Number","Driver Card Number","Product Type","Billing Type","Transaction Volume (Litres)","Transaction Amount (RM)","Station Name","Odometer","Card Type","Cost Centre","Cost Centre Name","Statement Month"
"29/05/2018 16:09","Purchase","'70838153003501234","WXR985","","PRIMAX 95","Billed","22.73","50.00","PSS JLN KUCHING","","Standalone","","","31 May 2018"
"26/05/2018 21:58","Purchase","'70838153003501234","WXR985","","PRIMAX 95","Billed","20.00","44.00","PSS SUNWAY BATU CAVES","","Standalone","","","31 May 2018"
"26/05/2018 21:56","Reload","'70838153003501234","WXR985","","","Billed","","-100.00","PSS SUNWAY BATU CAVES","","Standalone","","","31 May 2018"
"25/05/2018 17:21","Purchase","'70838153003501234","WXR985","","PRIMAX 95","Billed","25.00","55.00","PSS JALAN JAMBU JERTEH","","Standalone","","","31 May 2018"
"24/05/2018 08:53","Purchase","'70838153003501234","WXR985","","PRIMAX 95","Billed","20.00","44.00","PSS SRI HARTAMAS","","Standalone","","","31 May 2018"
"24/05/2018 08:53","Reload","'70838153003501234","WXR985","","","Billed","","-100.00","PSS SRI HARTAMAS","","Standalone","","","31 May 2018"
"20/05/2018 18:48","Purchase","'70838153003501234","WXR985","","PRIMAX 95","Billed","25.00","55.00","PSS BT 2 1/2 JALAN KAPAR","","Standalone","","","31 May 2018"
"18/05/2018 21:28","Purchase","'70838153003501234","WXR985","","PRIMAX 95","Billed","20.00","44.00","PSS MRR2 BATU CAVES","","Standalone","","","31 May 2018"
"18/05/2018 21:25","Reload","'70838153003501234","WXR985","","","Billed","","-100.00","PSS MRR2 BATU CAVES","","Standalone","","","31 May 2018"
"18/05/2018 06:18","Purchase","'70838153003501234","WXR985","","PRIMAX 95","Billed","20.63","45.39","PSS JLN KUCHING","","Standalone","","","31 May 2018"
"13/05/2018 20:30","Purchase","'70838153003501234","WXR985","","PRIMAX 95","Billed","25.00","55.00","PSS LDP PUCHONG UTAMA","","Standalone","","","31 May 2018"
"11/05/2018 17:25","Purchase","'70838153003501234","WXR985","","PRIMAX 95","Billed","22.73","50.00","PSS LOT 4783 BUKIT JALIL","","Standalone","","","31 May 2018"
"09/05/2018 19:29","Purchase","'70838153003501234","WXR985","","PRIMAX 95","Billed","22.73","50.00","PSS JLN KUCHING","","Standalone","","","31 May 2018"
"09/05/2018 19:27","Reload","'70838153003501234","WXR985","","","Billed","","-200.00","PSS JLN KUCHING","","Standalone","","","31 May 2018"
"09/05/2018 08:11","Purchase","'70838153003501234","WXR985","","PRIMAX 95","Billed","22.73","50.00","PSS JLN KUCHING","","Standalone","","","31 May 2018"
"06/05/2018 15:58","Purchase","'70838153003501234","WXR985","","PRIMAX 95","Billed","18.18","40.00","PSS KLIA 1","","Standalone","","","31 May 2018"
"05/05/2018 21:06","Purchase","'70838153003501234","WXR985","","PRIMAX 95","Billed","25.00","55.00","PSS KLIA 1","","Standalone","","","31 May 2018"
"05/05/2018 21:02","Reload","'70838153003501234","WXR985","","","Billed","","-100.00","PSS KLIA 1","","Standalone","","","31 May 2018"
"04/05/2018 19:50","Purchase","'70838153003501234","WXR985","","PRIMAX 95","Billed","22.73","50.00","PSS JLN KUCHING","","Standalone","","","31 May 2018"
"03/05/2018 18:46","Purchase","'70838153003501234","WXR985","","PRIMAX 95","Billed","22.73","50.00","PSS LOT 4783 BUKIT JALIL","","Standalone","","","31 May 2018"
"03/05/2018 18:44","Reload","'70838153003501234","WXR985","","","Billed","","-100.00","PSS LOT 4783 BUKIT JALIL","","Standalone","","","31 May 2018"
"02/05/2018 19:21","Purchase","'70838153003501234","WXR985","","PRIMAX 95","Billed","22.73","50.00","PSS JLN KUCHING","","Standalone","","","31 May 2018"
"01/05/2018 16:22","Purchase","'70838153003501234","WXR985","","PRIMAX 95","Billed","22.73","50.00","PSS JLN KUCHING","","Standalone","","","31 May 2018"