"Date Time","Transaction Type","Card Number","Vehicle Number","Driver Card Number","Product Type","Billing Type","Transaction Volume (Litres)","Transaction Amount (RM)","Station Name","Odometer","Card Type","Cost Centre","Cost Centre Name","Statement Month"
"20/05/2018 21:03","Purchase","'70838153003497581","WXR397","","PRIMAX 95","Billed","32.73","72.00","PSS TTDI","","Standalone","","","31 May 2018"
"19/05/2018 17:58","Purchase","'70838153003497581","WXR397","","PRIMAX 95","Billed","29.54","64.99","PSS BANDAR SRI PERMAISURI","","Standalone","","","31 May 2018"
"19/05/2018 17:52","Reload","'70838153003497581","WXR397","","","Billed","","-150.00","PSS BANDAR SRI PERMAISURI","","Standalone","","","31 May 2018"
"06/05/2018 11:22","Purchase","'70838153003497581","WXR397","","PRIMAX 95","Billed","29.10","64.02","PSS EAST-WEST LINK","","Standalone","","","31 May 2018"
"02/05/2018 21:01","Purchase","'70838153003497581","WXR397","","PRIMAX 95","Billed","32.73","72.00","PSS TTDI","","Standalone","","","31 May 2018"
"02/05/2018 21:00","Reload","'70838153003497581","WXR397","","","Billed","","-100.00","PSS TTDI","","Standalone","","","31 May 2018"