"Date Time","Transaction Type","Card Number","Vehicle Number","Driver Card Number","Product Type","Billing Type","Transaction Volume (Litres)","Transaction Amount (RM)","Station Name","Odometer","Card Type","Cost Centre","Cost Centre Name","Statement Month"
"31/05/2018 07:08","Purchase","'70838153003498498","WXR870","","PRIMAX 97","Billed","20.24","50.00","PSS DESARU","","Standalone","","","31 May 2018"
"31/05/2018 07:07","Reload","'70838153003498498","WXR870","","","Billed","","-50.00","PSS DESARU","","Standalone","","","31 May 2018"
"20/05/2018 07:13","Purchase","'70838153003498498","WXR870","","PRIMAX 97","Billed","41.43","102.33","PSS TAMAN DAYA","","Standalone","","","31 May 2018"
"20/05/2018 07:12","Reload","'70838153003498498","WXR870","","","Billed","","-100.00","PSS TAMAN DAYA","","Standalone","","","31 May 2018"
"15/05/2018 07:07","Purchase","'70838153003498498","WXR870","","PRIMAX 97","Billed","20.24","50.00","PSS TAMAN DAYA","","Standalone","","","31 May 2018"
"10/05/2018 09:54","Purchase","'70838153003498498","WXR870","","PRIMAX 97","Billed","20.24","50.00","PSS TAMAN DAYA","","Standalone","","","31 May 2018"
"10/05/2018 09:53","Reload","'70838153003498498","WXR870","","","Billed","","-100.00","PSS TAMAN DAYA","","Standalone","","","31 May 2018"
"05/05/2018 13:41","Purchase","'70838153003498498","WXR870","","PRIMAX 97","Billed","20.24","50.00","PSS TAMAN DAYA","","Standalone","","","31 May 2018"
"05/05/2018 13:40","Reload","'70838153003498498","WXR870","","","Billed","","-50.00","PSS TAMAN DAYA","","Standalone","","","31 May 2018"
"03/05/2018 07:07","Purchase","'70838153003498498","WXR870","","PRIMAX 97","Billed","34.47","85.14","PSS TAMAN DAYA","","Standalone","","","31 May 2018"
"03/05/2018 07:01","Reload","'70838153003498498","WXR870","","","Billed","","-100.00","PSS TAMAN DAYA","","Standalone","","","31 May 2018"