"Date Time","Transaction Type","Card Number","Vehicle Number","Driver Card Number","Product Type","Billing Type","Transaction Volume (Litres)","Transaction Amount (RM)","Station Name","Odometer","Card Type","Cost Centre","Cost Centre Name","Statement Month"
"26/05/2018 13:12","Purchase","'70838153003581046","WXR1078","","PRIMAX 95","Billed","10.00","22.00","PSS KLIA 1","","Standalone","","","31 May 2018"
"26/05/2018 13:11","Reload","'70838153003581046","WXR1078","","","Billed","","-22.00","PSS KLIA 1","","Standalone","","","31 May 2018"
"25/05/2018 15:05","Purchase","'70838153003581046","WXR1078","","PRIMAX 95","Billed","10.00","22.00","PSS TAMAN TENAGA","","Standalone","","","31 May 2018"
"25/05/2018 15:03","Reload","'70838153003581046","WXR1078","","","Billed","","-22.00","PSS TAMAN TENAGA","","Standalone","","","31 May 2018"
"15/05/2018 23:31","Purchase","'70838153003581046","WXR1078","","PRIMAX 95","Billed","10.00","22.00","PSS JALAN TUN RAZAK","","Standalone","","","31 May 2018"
"15/05/2018 23:29","Reload","'70838153003581046","WXR1078","","","Billed","","-22.00","PSS JALAN TUN RAZAK","","Standalone","","","31 May 2018"
"12/05/2018 15:51","Purchase","'70838153003581046","WXR1078","","PRIMAX 95","Billed","15.00","33.00","PSS LOT 4783 BUKIT JALIL","","Standalone","","","31 May 2018"
"12/05/2018 15:49","Reload","'70838153003581046","WXR1078","","","Billed","","-33.00","PSS LOT 4783 BUKIT JALIL","","Standalone","","","31 May 2018"
"11/05/2018 20:12","Purchase","'70838153003581046","WXR1078","","PRIMAX 95","Billed","10.00","22.00","PSS TTDI","","Standalone","","","31 May 2018"
"11/05/2018 20:08","Reload","'70838153003581046","WXR1078","","","Billed","","-22.00","PSS TTDI","","Standalone","","","31 May 2018"
"09/05/2018 11:46","Purchase","'70838153003581046","WXR1078","","PRIMAX 95","Billed","10.24","22.53","PSS TAMAN TENAGA","","Standalone","","","31 May 2018"
"09/05/2018 11:45","Reload","'70838153003581046","WXR1078","","","Billed","","-22.00","PSS TAMAN TENAGA","","Standalone","","","31 May 2018"
"07/05/2018 12:38","Purchase","'70838153003581046","WXR1078","","PRIMAX 95","Billed","10.00","22.00","PSS TAMAN TENAGA","","Standalone","","","31 May 2018"
"07/05/2018 12:37","Reload","'70838153003581046","WXR1078","","","Billed","","-22.00","PSS TAMAN TENAGA","","Standalone","","","31 May 2018"
"04/05/2018 23:34","Purchase","'70838153003581046","WXR1078","","PRIMAX 95","Billed","15.00","33.00","PSS NKVE HIGHWAY","","Standalone","","","31 May 2018"
"04/05/2018 23:32","Reload","'70838153003581046","WXR1078","","","Billed","","-33.00","PSS NKVE HIGHWAY","","Standalone","","","31 May 2018"
"03/05/2018 12:42","Purchase","'70838153003581046","WXR1078","","PRIMAX 95","Billed","13.64","30.00","PSS TAMAN TENAGA","","Standalone","","","31 May 2018"
"03/05/2018 12:40","Reload","'70838153003581046","WXR1078","","","Billed","","-20.00","PSS TAMAN TENAGA","","Standalone","","","31 May 2018"