"Date Time","Transaction Type","Card Number","Vehicle Number","Driver Card Number","Product Type","Billing Type","Transaction Volume (Litres)","Transaction Amount (RM)","Station Name","Odometer","Card Type","Cost Centre","Cost Centre Name","Statement Month"
"19/05/2018 21:47","Purchase","'70838153003495205","WXR307","","PRIMAX 95","Billed","22.73","50.00","PSS FAS","50","Standalone","","","31 May 2018"
"19/05/2018 21:46","Reload","'70838153003495205","WXR307","","","Billed","","-40.00","PSS FAS","","Standalone","","","31 May 2018"
"18/05/2018 00:07","Purchase","'70838153003495205","WXR307","","PRIMAX 95","Billed","27.27","60.00","PSS TMN TENGKU MAHERAN","60","Standalone","","","31 May 2018"
"18/05/2018 00:06","Reload","'70838153003495205","WXR307","","","Billed","","-50.00","PSS TMN TENGKU MAHERAN","","Standalone","","","31 May 2018"
"12/05/2018 23:28","Purchase","'70838153003495205","WXR307","","PRIMAX 95","Billed","27.27","60.00","PSS JURU LAYBAY","50","Standalone","","","31 May 2018"
"01/05/2018 21:29","Purchase","'70838153003495205","WXR307","","PRIMAX 95","Billed","22.73","50.00","PSS HULU KELANG","50","Standalone","","","31 May 2018"
"01/05/2018 21:26","Reload","'70838153003495205","WXR307","","","Billed","","-100.00","PSS HULU KELANG","","Standalone","","","31 May 2018"