"Date Time","Transaction Type","Card Number","Vehicle Number","Driver Card Number","Product Type","Billing Type","Transaction Volume (Litres)","Transaction Amount (RM)","Station Name","Odometer","Card Type","Cost Centre","Cost Centre Name","Statement Month"
"26/05/2018 16:13","Purchase","'70838153003582283","WXR1152","","PRIMAX 97","Billed","16.20","40.00","PSS KELANA JAYA 2","3327","Standalone","","","31 May 2018"
"26/05/2018 16:10","Reload","'70838153003582283","WXR1152","","","Billed","","-100.00","PSS KELANA JAYA 2","","Standalone","","","31 May 2018"
"21/05/2018 16:48","Purchase","'70838153003582283","WXR1152","","PRIMAX 97","Billed","24.29","60.00","PSS KELANA JAYA 2","3327","Standalone","","","31 May 2018"
"14/05/2018 16:52","Purchase","'70838153003582283","WXR1152","","PRIMAX 97","Billed","20.24","50.00","PSS KELANA JAYA 2","3327","Standalone","","","31 May 2018"
"14/05/2018 16:51","Reload","'70838153003582283","WXR1152","'70838153003582283","","Billed","","-100.00","PSS KELANA JAYA 2","","Standalone","","","31 May 2018"
"11/05/2018 13:04","Purchase","'70838153003582283","WXR1152","","PRIMAX 97","Billed","20.24","50.00","PSS KELANA JAYA 2","3327","Standalone","","","31 May 2018"
"09/05/2018 08:06","Purchase","'70838153003582283","WXR1152","","PRIMAX 97","Billed","20.24","50.00","PSS KELANA JAYA 2","3327","Standalone","","","31 May 2018"
"04/05/2018 21:41","Reload","'70838153003582283","WXR1152","'70838153003582283","","Billed","","-100.00","PSS KELANA JAYA 2","","Standalone","","","31 May 2018"
"04/05/2018 21:39","Purchase","'70838153003582283","WXR1152","","PRIMAX 97","Billed","20.24","50.00","PSS KELANA JAYA 2","3327","Standalone","","","31 May 2018"