"Date Time","Transaction Type","Card Number","Vehicle Number","Driver Card Number","Product Type","Billing Type","Transaction Volume (Litres)","Transaction Amount (RM)","Station Name","Odometer","Card Type","Cost Centre","Cost Centre Name","Statement Month"
"23/05/2018 11:40","Purchase","'70838153003581624","WXR1111","","PRIMAX 95","Billed","38.18","84.00","PSS PRECINT 11 PUTRAJAYA","","Standalone","","","31 May 2018"
"18/05/2018 12:52","Purchase","'70838153003581624","WXR1111","","PRIMAX 95","Billed","36.61","80.54","PSS TAMAN SETIAWANGSA","","Standalone","","","31 May 2018"
"07/05/2018 20:08","Purchase","'70838153003581624","WXR1111","","PRIMAX 95","Billed","40.46","89.01","PSS PRECINT 9D","","Standalone","","","31 May 2018"
"05/05/2018 10:48","Purchase","'70838153003581624","WXR1111","","PRIMAX 95","Billed","35.46","78.01","PSS PRECINT 9D","","Standalone","","","31 May 2018"
"05/05/2018 10:47","Reload","'70838153003581624","WXR1111","","","Billed","","-300.00","PSS PRECINT 9D","","Standalone","","","31 May 2018"