"Date Time","Transaction Type","Card Number","Vehicle Number","Driver Card Number","Product Type","Billing Type","Transaction Volume (Litres)","Transaction Amount (RM)","Station Name","Odometer","Card Type","Cost Centre","Cost Centre Name","Statement Month"
"31/05/2018 00:05","Purchase","'70838153003667084","WXR2034","","PRIMAX 95","Billed","9.09","20.00","PSS TAMAN SETIAWANGSA","","Standalone","","","31 May 2018"
"31/05/2018 00:04","Reload","'70838153003667084","WXR2034","","","Billed","","-20.00","PSS TAMAN SETIAWANGSA","","Standalone","","","31 May 2018"
"28/05/2018 16:41","Purchase","'70838153003667084","WXR2034","","PRIMAX 95","Billed","9.09","20.00","PSS TAMAN SETIAWANGSA","","Standalone","","","31 May 2018"
"28/05/2018 16:39","Reload","'70838153003667084","WXR2034","","","Billed","","-20.00","PSS TAMAN SETIAWANGSA","","Standalone","","","31 May 2018"
"26/05/2018 08:53","Purchase","'70838153003667084","WXR2034","","Diesel","Billed","22.94","50.00","PSS TAMAN SETIAWANGSA","","Standalone","","","31 May 2018"
"26/05/2018 08:52","Reload","'70838153003667084","WXR2034","","","Billed","","-50.00","PSS TAMAN SETIAWANGSA","","Standalone","","","31 May 2018"
"18/05/2018 14:15","Purchase","'70838153003667084","WXR2034","","PRIMAX 95","Billed","40.91","90.00","PSS TAMAN SETIAWANGSA","","Standalone","","","31 May 2018"
"18/05/2018 14:14","Reload","'70838153003667084","WXR2034","","","Billed","","-90.00","PSS TAMAN SETIAWANGSA","","Standalone","","","31 May 2018"
"16/05/2018 06:16","Purchase","'70838153003667084","WXR2034","","Diesel","Billed","36.70","80.00","PSS TANJUNG KARANG 2","","Standalone","","","31 May 2018"
"16/05/2018 06:15","Reload","'70838153003667084","WXR2034","","","Billed","","-80.00","PSS TANJUNG KARANG 2","","Standalone","","","31 May 2018"
"15/05/2018 04:18","Purchase","'70838153003667084","WXR2034","","Diesel","Billed","45.87","100.00","PSS KM2.95 PENCHALA LINK ARAH DAMANSARA","","Standalone","","","31 May 2018"
"15/05/2018 04:16","Reload","'70838153003667084","WXR2034","","","Billed","","-100.00","PSS KM2.95 PENCHALA LINK ARAH DAMANSARA","","Standalone","","","31 May 2018"
"14/05/2018 13:03","Purchase","'70838153003667084","WXR2034","","Diesel","Billed","36.70","80.00","PSS KUALA SELANGOR","","Standalone","","","31 May 2018"
"14/05/2018 13:03","Purchase","'70838153003667084","WXR2034","","Diesel","Un-billed","36.70","80.00","PSS KUALA SELANGOR","","Standalone","","","Unbilled Transaction"
"14/05/2018 13:02","Reload","'70838153003667084","WXR2034","","","Billed","","-80.00","PSS KUALA SELANGOR","","Standalone","","","31 May 2018"
"13/05/2018 16:25","Purchase","'70838153003667084","WXR2034","","PRIMAX 95","Billed","4.55","10.00","PSS LOT 59 JALAN AMPANG","","Standalone","","","31 May 2018"
"13/05/2018 16:24","Reload","'70838153003667084","WXR2034","","","Billed","","-10.00","PSS LOT 59 JALAN AMPANG","","Standalone","","","31 May 2018"
"12/05/2018 20:00","Purchase","'70838153003667084","WXR2034","","PRIMAX 95","Billed","9.09","20.00","PSS TAMAN SETIAWANGSA","","Standalone","","","31 May 2018"
"12/05/2018 19:59","Reload","'70838153003667084","WXR2034","","","Billed","","-20.00","PSS TAMAN SETIAWANGSA","","Standalone","","","31 May 2018"
"11/05/2018 18:19","Purchase","'70838153003667084","WXR2034","","PRIMAX 95","Billed","9.09","20.00","PSS KLIA 1","","Standalone","","","31 May 2018"
"11/05/2018 16:54","Purchase","'70838153003667084","WXR2034","","PRIMAX 95","Billed","13.64","30.00","PSS TAMAN SETIAWANGSA","","Standalone","","","31 May 2018"
"11/05/2018 16:53","Reload","'70838153003667084","WXR2034","","","Billed","","-50.00","PSS TAMAN SETIAWANGSA","","Standalone","","","31 May 2018"
"10/05/2018 16:59","Purchase","'70838153003667084","WXR2034","","Diesel","Billed","32.11","70.00","PSS HULU KELANG","","Standalone","","","31 May 2018"
"10/05/2018 16:58","Reload","'70838153003667084","WXR2034","","","Billed","","-70.00","PSS HULU KELANG","","Standalone","","","31 May 2018"
"09/05/2018 15:56","Purchase","'70838153003667084","WXR2034","","PRIMAX 95","Billed","9.09","20.00","PSS SEKSYEN 13","","Standalone","","","31 May 2018"
"09/05/2018 15:55","Reload","'70838153003667084","WXR2034","","","Billed","","-20.00","PSS SEKSYEN 13","","Standalone","","","31 May 2018"
"07/05/2018 18:41","Purchase","'70838153003667084","WXR2034","","PRIMAX 95","Billed","9.09","20.00","PSS TAMAN SETIAWANGSA","","Standalone","","","31 May 2018"
"07/05/2018 18:39","Reload","'70838153003667084","WXR2034","","","Billed","","-20.00","PSS TAMAN SETIAWANGSA","","Standalone","","","31 May 2018"
"07/05/2018 15:46","Purchase","'70838153003667084","WXR2034","","PRIMAX 95","Billed","9.09","20.00","PSS TAMAN SETIAWANGSA","","Standalone","","","31 May 2018"
"07/05/2018 15:45","Reload","'70838153003667084","WXR2034","","","Billed","","-20.00","PSS TAMAN SETIAWANGSA","","Standalone","","","31 May 2018"
"06/05/2018 13:15","Purchase","'70838153003667084","WXR2034","","Diesel","Billed","36.70","80.00","PSS MUTIARA DAMANSARA","","Standalone","","","31 May 2018"
"06/05/2018 13:13","Reload","'70838153003667084","WXR2034","","","Billed","","-80.00","PSS MUTIARA DAMANSARA","","Standalone","","","31 May 2018"
"05/05/2018 15:26","Purchase","'70838153003667084","WXR2034","","Diesel","Billed","22.94","50.00","PSS TAMAN SETIAWANGSA","","Standalone","","","31 May 2018"
"05/05/2018 15:25","Reload","'70838153003667084","WXR2034","","","Billed","","-50.00","PSS TAMAN SETIAWANGSA","","Standalone","","","31 May 2018"
"04/05/2018 17:30","Purchase","'70838153003667084","WXR2034","","PRIMAX 95","Billed","9.09","20.00","PSS TAMAN SETIAWANGSA","","Standalone","","","31 May 2018"
"04/05/2018 17:28","Reload","'70838153003667084","WXR2034","","","Billed","","-20.00","PSS TAMAN SETIAWANGSA","","Standalone","","","31 May 2018"
"03/05/2018 15:53","Purchase","'70838153003667084","WXR2034","","Diesel","Billed","9.17","20.00","PSS TAMAN SETIAWANGSA","","Standalone","","","31 May 2018"
"03/05/2018 15:50","Reload","'70838153003667084","WXR2034","","","Billed","","-20.00","PSS TAMAN SETIAWANGSA","","Standalone","","","31 May 2018"
"03/05/2018 11:16","Purchase","'70838153003667084","WXR2034","","Diesel","Billed","13.76","30.00","PSS MRR2 ARAH KEPONG","","Standalone","","","31 May 2018"
"03/05/2018 11:15","Reload","'70838153003667084","WXR2034","","","Billed","","-30.00","PSS MRR2 ARAH KEPONG","","Standalone","","","31 May 2018"
"02/05/2018 11:05","Purchase","'70838153003667084","WXR2034","","Diesel","Billed","9.17","20.00","PSS TAMAN SETIAWANGSA","","Standalone","","","31 May 2018"