"Date Time","Transaction Type","Card Number","Vehicle Number","Driver Card Number","Product Type","Billing Type","Transaction Volume (Litres)","Transaction Amount (RM)","Station Name","Odometer","Card Type","Cost Centre","Cost Centre Name","Statement Month"
"29/05/2018 12:28","Purchase","'70838153003422860","WXR79","","PRIMAX 95","Billed","22.73","50.00","PSS JAYA GADING","","Standalone","","","31 May 2018"
"29/05/2018 12:26","Reload","'70838153003422860","WXR79","","","Billed","","-50.00","PSS JAYA GADING","","Standalone","","","31 May 2018"
"21/05/2018 11:47","Purchase","'70838153003422860","WXR79","","PRIMAX 95","Billed","18.18","40.00","PSS MARAN","","Standalone","","","31 May 2018"
"21/05/2018 11:46","Reload","'70838153003422860","WXR79","","","Billed","","-50.00","PSS MARAN","","Standalone","","","31 May 2018"
"19/05/2018 07:41","Purchase","'70838153003422860","WXR79","","PRIMAX 95","Billed","13.64","30.00","PSS KM72 L/RAYA KARAK ARAH KL","","Standalone","","","31 May 2018"
"13/05/2018 12:25","Purchase","'70838153003422860","WXR79","","PRIMAX 95","Billed","18.18","40.00","PSS KAMPUNG AWAH","","Standalone","","","31 May 2018"
"13/05/2018 12:24","Reload","'70838153003422860","WXR79","","","Billed","","-50.00","PSS KAMPUNG AWAH","","Standalone","","","31 May 2018"
"09/05/2018 06:26","Purchase","'70838153003422860","WXR79","","PRIMAX 95","Billed","22.73","50.00","PSS KAMPUNG AWAH","","Standalone","","","31 May 2018"
"09/05/2018 06:25","Reload","'70838153003422860","WXR79","","","Billed","","-50.00","PSS KAMPUNG AWAH","","Standalone","","","31 May 2018"
"02/05/2018 13:00","Purchase","'70838153003422860","WXR79","","PRIMAX 95","Billed","22.73","50.00","PSS KAMPUNG AWAH","","Standalone","","","31 May 2018"
"02/05/2018 12:57","Reload","'70838153003422860","WXR79","","","Billed","","-50.00","PSS KAMPUNG AWAH","","Standalone","","","31 May 2018"