"Date Time","Transaction Type","Card Number","Vehicle Number","Driver Card Number","Product Type","Billing Type","Transaction Volume (Litres)","Transaction Amount (RM)","Station Name","Odometer","Card Type","Cost Centre","Cost Centre Name","Statement Month"
"22/05/2018 10:36","Purchase","'70838153003501283","WXR980","","Diesel (EURO 5)","Billed","43.86","100.00","PSS GAMBANG RSA WEST","","Standalone","","","31 May 2018"
"22/05/2018 10:35","Reload","'70838153003501283","WXR980","","","Billed","","-100.00","PSS GAMBANG RSA WEST","","Standalone","","","31 May 2018"
"18/05/2018 09:15","Purchase","'70838153003501283","WXR980","","Diesel","Billed","22.94","50.00","PSS TELOK SISEK","","Standalone","","","31 May 2018"
"18/05/2018 09:14","Reload","'70838153003501283","WXR980","","","Billed","","-100.00","PSS TELOK SISEK","","Standalone","","","31 May 2018"
"15/05/2018 10:00","Purchase","'70838153003501283","WXR980","","Diesel","Billed","45.87","100.00","PSS JALAN KUANTAN SG LEMBING","","Standalone","","","31 May 2018"
"15/05/2018 09:58","Reload","'70838153003501283","WXR980","","","Billed","","-100.00","PSS JALAN KUANTAN SG LEMBING","","Standalone","","","31 May 2018"
"06/05/2018 12:04","Purchase","'70838153003501283","WXR980","","PRIMAX 95","Billed","22.73","50.00","PSS TANJUNG KARANG 2","","Standalone","","","31 May 2018"
"05/05/2018 17:34","Purchase","'70838153003501283","WXR980","","PRIMAX 95","Billed","45.46","100.00","PSS JALAN KUANTAN SG LEMBING","","Standalone","","","31 May 2018"
"05/05/2018 17:33","Reload","'70838153003501283","WXR980","","","Billed","","-150.00","PSS JALAN KUANTAN SG LEMBING","","Standalone","","","31 May 2018"
"01/05/2018 11:04","Purchase","'70838153003501283","WXR980","","PRIMAX 95","Billed","5.46","12.00","PSS CHERATING SG KARANG","","Standalone","","","31 May 2018"