"Date Time","Transaction Type","Card Number","Vehicle Number","Driver Card Number","Product Type","Billing Type","Transaction Volume (Litres)","Transaction Amount (RM)","Station Name","Odometer","Card Type","Cost Centre","Cost Centre Name","Statement Month"
"27/05/2018 11:51","Purchase","'70838153003580600","WXR1057","","PRIMAX 95","Billed","3.21","7.06","PSS SEKSYEN 16 BANDAR BARU BANGI","","Standalone","","","31 May 2018"
"25/05/2018 14:21","Purchase","'70838153003580600","WXR1057","","PRIMAX 95","Billed","2.25","4.94","PSS SEKSYEN 16 BANDAR BARU BANGI","","Standalone","","","31 May 2018"
"24/05/2018 17:44","Purchase","'70838153003580600","WXR1057","","PRIMAX 95","Billed","30.00","66.00","PSS SEKSYEN 16 BANDAR BARU BANGI","","Standalone","","","31 May 2018"
"24/05/2018 15:20","Purchase","'70838153003580600","WXR1057","","PRIMAX 95","Billed","10.00","22.00","PSS PRECINT 9D","","Standalone","","","31 May 2018"
"24/05/2018 15:19","Reload","'70838153003580600","WXR1057","","","Billed","","-100.00","PSS PRECINT 9D","","Standalone","","","31 May 2018"
"20/05/2018 11:25","Purchase","'70838153003580600","WXR1057","","PRIMAX 95","Billed","12.73","28.00","PSS LUBUK CHINA","","Standalone","","","31 May 2018"
"19/05/2018 11:26","Purchase","'70838153003580600","WXR1057","","PRIMAX 95","Billed","10.00","22.00","PSS SEKSYEN 16 BANDAR BARU BANGI","","Standalone","","","31 May 2018"
"19/05/2018 11:25","Reload","'70838153003580600","WXR1057","","","Billed","","-50.00","PSS SEKSYEN 16 BANDAR BARU BANGI","","Standalone","","","31 May 2018"
"01/05/2018 13:11","Purchase","'70838153003580600","WXR1057","","PRIMAX 95","Billed","25.52","56.13","PSS SECT 15 BB BANGI","","Standalone","","","31 May 2018"