"Date Time","Transaction Type","Card Number","Vehicle Number","Driver Card Number","Product Type","Billing Type","Transaction Volume (Litres)","Transaction Amount (RM)","Station Name","Odometer","Card Type","Cost Centre","Cost Centre Name","Statement Month"
"30/05/2018 13:17","Purchase","'70838153003498837","WXR895","","PRIMAX 95","Billed","22.73","50.00","PSS GUNUNG LANG","236554","Standalone","","","31 May 2018"
"29/05/2018 08:09","Purchase","'70838153003498837","WXR895","","PRIMAX 95","Billed","22.73","50.00","PSS TASEK","236446","Standalone","","","31 May 2018"
"25/05/2018 10:36","Purchase","'70838153003498837","WXR895","","PRIMAX 95","Billed","22.73","50.00","PSS GUNUNG LANG","236263","Standalone","","","31 May 2018"
"25/05/2018 10:35","Reload","'70838153003498837","WXR895","","","Billed","","-200.00","PSS GUNUNG LANG","","Standalone","","","31 May 2018"
"21/05/2018 13:08","Purchase","'70838153003498837","WXR895","","PRIMAX 95","Billed","22.73","50.00","PSS SUNGAI PERAK (S)","235939","Standalone","","","31 May 2018"
"19/05/2018 11:25","Purchase","'70838153003498837","WXR895","","PRIMAX 95","Billed","22.73","50.00","PSS TASEK","235760","Standalone","","","31 May 2018"
"19/05/2018 11:23","Reload","'70838153003498837","WXR895","","","Billed","","-100.00","PSS TASEK","","Standalone","","","31 May 2018"
"16/05/2018 11:30","Purchase","'70838153003498837","WXR895","","PRIMAX 95","Billed","22.73","50.00","PSS GUNUNG LANG","235537","Standalone","","","31 May 2018"
"13/05/2018 20:18","Purchase","'70838153003498837","WXR895","","PRIMAX 95","Billed","22.73","50.00","PSS SUNGAI PERAK (S)","235391","Standalone","","","31 May 2018"
"10/05/2018 18:39","Purchase","'70838153003498837","WXR895","","PRIMAX 95","Billed","22.73","50.00","PSS TASEK","235216","Standalone","","","31 May 2018"
"10/05/2018 18:37","Reload","'70838153003498837","WXR895","","","Billed","","-150.00","PSS TASEK","","Standalone","","","31 May 2018"
"09/05/2018 06:34","Purchase","'70838153003498837","WXR895","","PRIMAX 95","Billed","20.32","44.70","PSS GUNUNG LANG","234999","Standalone","","","31 May 2018"
"07/05/2018 00:47","Purchase","'70838153003498837","WXR895","","PRIMAX 95","Billed","22.73","50.00","PSS SUNGAI PERAK (S)","234678","Standalone","","","31 May 2018"
"05/05/2018 20:46","Purchase","'70838153003498837","WXR895","","PRIMAX 95","Billed","22.73","50.00","PSS SUNGAI PERAK (U)","234568","Standalone","","","31 May 2018"
"04/05/2018 17:54","Purchase","'70838153003498837","WXR895","","PRIMAX 95","Billed","22.73","50.00","PSS GUNUNG LANG","234394","Standalone","","","31 May 2018"
"02/05/2018 21:22","Purchase","'70838153003498837","WXR895","","PRIMAX 95","Billed","22.73","50.00","PSS GUNUNG LANG","234210","Standalone","","","31 May 2018"