"Date Time","Transaction Type","Card Number","Vehicle Number","Driver Card Number","Product Type","Billing Type","Transaction Volume (Litres)","Transaction Amount (RM)","Station Name","Odometer","Card Type","Cost Centre","Cost Centre Name","Statement Month"
"27/05/2018 11:48","Purchase","'70838153003500939","WXR970","","PRIMAX 95","Billed","3.71","8.15","PSS BUKIT TINGGI 2","70000","Standalone","","","31 May 2018"
"11/05/2018 17:25","Purchase","'70838153003500939","WXR970","","PRIMAX 95","Billed","41.75","91.85","PSS GUA MUSANG","15000","Standalone","","","31 May 2018"
"11/05/2018 17:24","Reload","'70838153003500939","WXR970","","","Billed","","-100.00","PSS GUA MUSANG","","Standalone","","","31 May 2018"
"11/05/2018 11:35","Purchase","'70838153003500939","WXR970","","PRIMAX 95","Billed","34.27","75.40","PSS BATU BELAH","150000","Standalone","","","31 May 2018"
"09/05/2018 14:37","Purchase","'70838153003500939","WXR970","","PRIMAX 95","Billed","2.57","5.65","PSS BATU BELAH","10000","Standalone","","","31 May 2018"
"02/05/2018 17:56","Purchase","'70838153003500939","WXR970","","PRIMAX 95","Billed","29.36","64.58","PSS ANY JALAN KIM CHUAN","150000","Standalone","","","31 May 2018"