"Date Time","Transaction Type","Card Number","Vehicle Number","Driver Card Number","Product Type","Billing Type","Transaction Volume (Litres)","Transaction Amount (RM)","Station Name","Odometer","Card Type","Cost Centre","Cost Centre Name","Statement Month"
"26/05/2018 17:53","Purchase","'70838153003423306","WXR183","","PRIMAX 95","Billed","31.82","70.00","PSS TELOK PANGLIMA GARANG","","Standalone","","","31 May 2018"
"26/05/2018 17:33","Reload","'70838153003423306","WXR183","","","Billed","","-70.00","PSS TELOK PANGLIMA GARANG","","Standalone","","","31 May 2018"
"20/05/2018 19:59","Purchase","'70838153003423306","WXR183","","PRIMAX 95","Billed","31.82","70.00","PSS JALAN PANDANGAN KLANG","","Standalone","","","31 May 2018"
"20/05/2018 19:54","Reload","'70838153003423306","WXR183","","","Billed","","-70.00","PSS JALAN PANDANGAN KLANG","","Standalone","","","31 May 2018"
"13/05/2018 20:07","Purchase","'70838153003423306","WXR183","","PRIMAX 95","Billed","31.82","70.00","PSS SEK 26 SHAH ALAM","","Standalone","","","31 May 2018"
"13/05/2018 19:48","Reload","'70838153003423306","WXR183","","","Billed","","-60.00","PSS SEKSYEN 18","","Standalone","","","31 May 2018"
"08/05/2018 14:11","Purchase","'70838153003423306","WXR183","","PRIMAX 95","Billed","36.36","80.00","PSS BUKIT TINGGI 2","","Standalone","","","31 May 2018"
"08/05/2018 14:09","Reload","'70838153003423306","WXR183","","","Billed","","-80.00","PSS BUKIT TINGGI 2","","Standalone","","","31 May 2018"