"Date Time","Transaction Type","Card Number","Vehicle Number","Driver Card Number","Product Type","Billing Type","Transaction Volume (Litres)","Transaction Amount (RM)","Station Name","Odometer","Card Type","Cost Centre","Cost Centre Name","Statement Month"
"31/05/2018 09:21","Purchase","'70838153003497391","WXR847","","PRIMAX 95","Billed","9.09","20.00","PSS LAGUNA MERBUK","3554","Standalone","","","31 May 2018"
"31/05/2018 09:20","Reload","'70838153003497391","WXR847","","","Billed","","-20.00","PSS LAGUNA MERBUK","","Standalone","","","31 May 2018"
"29/05/2018 09:33","Purchase","'70838153003497391","WXR847","","PRIMAX 95","Billed","13.64","30.00","PSS LAGUNA MERBUK","3554","Standalone","","","31 May 2018"
"29/05/2018 09:31","Reload","'70838153003497391","WXR847","","","Billed","","-30.00","PSS LAGUNA MERBUK","","Standalone","","","31 May 2018"
"26/05/2018 12:16","Purchase","'70838153003497391","WXR847","","PRIMAX 95","Billed","13.64","30.00","PSS GURUN","3554","Standalone","","","31 May 2018"
"26/05/2018 12:15","Reload","'70838153003497391","WXR847","","","Billed","","-30.00","PSS GURUN","","Standalone","","","31 May 2018"
"22/05/2018 16:17","Purchase","'70838153003497391","WXR847","","PRIMAX 95","Billed","20.13","44.28","PSS LAGUNA MERBUK","3554","Standalone","","","31 May 2018"
"22/05/2018 16:16","Reload","'70838153003497391","WXR847","","","Billed","","-30.00","PSS LAGUNA MERBUK","","Standalone","","","31 May 2018"
"18/05/2018 09:23","Purchase","'70838153003497391","WXR847","","PRIMAX 95","Billed","18.18","40.00","PSS LAGUNA MERBUK","3554","Standalone","","","31 May 2018"
"18/05/2018 09:21","Reload","'70838153003497391","WXR847","","","Billed","","-30.00","PSS LAGUNA MERBUK","","Standalone","","","31 May 2018"
"15/05/2018 08:45","Purchase","'70838153003497391","WXR847","","PRIMAX 95","Billed","13.64","30.00","PSS GURUN","3554","Standalone","","","31 May 2018"
"15/05/2018 08:43","Reload","'70838153003497391","WXR847","","","Billed","","-30.00","PSS GURUN","","Standalone","","","31 May 2018"
"12/05/2018 13:23","Purchase","'70838153003497391","WXR847","","PRIMAX 95","Billed","13.64","30.00","PSS LAGUNA MERBUK","3554","Standalone","","","31 May 2018"
"12/05/2018 13:22","Reload","'70838153003497391","WXR847","","","Billed","","-30.00","PSS LAGUNA MERBUK","","Standalone","","","31 May 2018"
"09/05/2018 09:23","Purchase","'70838153003497391","WXR847","","PRIMAX 95","Billed","13.64","30.00","PSS LAGUNA MERBUK","3554","Standalone","","","31 May 2018"
"09/05/2018 09:21","Reload","'70838153003497391","WXR847","","","Billed","","-30.00","PSS LAGUNA MERBUK","","Standalone","","","31 May 2018"
"06/05/2018 12:30","Purchase","'70838153003497391","WXR847","","PRIMAX 95","Billed","13.64","30.00","PSS BANDAR ANAK BUKIT","3554","Standalone","","","31 May 2018"
"06/05/2018 12:28","Reload","'70838153003497391","WXR847","","","Billed","","-30.00","PSS BANDAR ANAK BUKIT","","Standalone","","","31 May 2018"
"04/05/2018 14:32","Purchase","'70838153003497391","WXR847","","PRIMAX 95","Billed","13.64","30.00","PSS LAGUNA MERBUK","3554","Standalone","","","31 May 2018"
"04/05/2018 14:30","Reload","'70838153003497391","WXR847","","","Billed","","-30.00","PSS LAGUNA MERBUK","","Standalone","","","31 May 2018"