"Date Time","Transaction Type","Card Number","Vehicle Number","Driver Card Number","Product Type","Billing Type","Transaction Volume (Litres)","Transaction Amount (RM)","Station Name","Odometer","Card Type","Cost Centre","Cost Centre Name","Statement Month"
"30/05/2018 10:05","Purchase","'70838153003425079","WXR62","","PRIMAX 95","Billed","13.87","30.51","PSS SUNGAI LALANG 2","","Standalone","","","31 May 2018"
"29/05/2018 14:28","Purchase","'70838153003425079","WXR62","","PRIMAX 95","Billed","9.09","20.00","PSS SUNGAI LALANG 2","","Standalone","","","31 May 2018"
"26/05/2018 22:01","Purchase","'70838153003425079","WXR62","","PRIMAX 95","Billed","9.09","20.00","PSS BANDAR MUTIARA","","Standalone","","","31 May 2018"
"26/05/2018 10:15","Purchase","'70838153003425079","WXR62","","PRIMAX 95","Billed","9.09","20.00","PSS BANDAR MUTIARA","","Standalone","","","31 May 2018"
"26/05/2018 10:14","Reload","'70838153003425079","WXR62","","","Billed","","-100.00","PSS BANDAR MUTIARA","","Standalone","","","31 May 2018"
"23/05/2018 17:53","Purchase","'70838153003425079","WXR62","","PRIMAX 95","Billed","3.71","8.15","PSS SUNGAI LALANG 2","","Standalone","","","31 May 2018"
"15/05/2018 10:58","Purchase","'70838153003425079","WXR62","","PRIMAX 95","Billed","9.09","20.00","PSS JLN KELAB CINTA SAYANG","","Standalone","","","31 May 2018"
"11/05/2018 15:30","Purchase","'70838153003425079","WXR62","","PRIMAX 95","Billed","13.64","30.00","PSS SUNGAI LALANG 2","","Standalone","","","31 May 2018"
"09/05/2018 11:24","Purchase","'70838153003425079","WXR62","","PRIMAX 95","Billed","22.73","50.00","PSS SUNGAI LALANG 2","","Standalone","","","31 May 2018"
"08/05/2018 22:29","Purchase","'70838153003425079","WXR62","","PRIMAX 95","Billed","11.37","25.00","PSS SUNGAI LALANG 2","","Standalone","","","31 May 2018"
"08/05/2018 15:33","Purchase","'70838153003425079","WXR62","","PRIMAX 95","Billed","9.09","20.00","PSS SUNGAI LALANG 2","","Standalone","","","31 May 2018"
"07/05/2018 10:25","Purchase","'70838153003425079","WXR62","","PRIMAX 95","Billed","18.18","40.00","PSS LAGUNA MERBUK","","Standalone","","","31 May 2018"
"07/05/2018 10:24","Reload","'70838153003425079","WXR62","","","Billed","","-100.00","PSS LAGUNA MERBUK","","Standalone","","","31 May 2018"
"06/05/2018 17:29","Purchase","'70838153003425079","WXR62","","PRIMAX 95","Billed","9.09","20.00","PSS SUNGAI LALANG 2","","Standalone","","","31 May 2018"
"06/05/2018 12:01","Purchase","'70838153003425079","WXR62","","PRIMAX 95","Billed","9.09","20.00","PSS BANDAR MUTIARA","","Standalone","","","31 May 2018"
"04/05/2018 09:52","Purchase","'70838153003425079","WXR62","","PRIMAX 95","Billed","13.64","30.00","PSS SUNGAI LALANG 2","","Standalone","","","31 May 2018"