"Date Time","Transaction Type","Card Number","Vehicle Number","Driver Card Number","Product Type","Billing Type","Transaction Volume (Litres)","Transaction Amount (RM)","Station Name","Odometer","Card Type","Cost Centre","Cost Centre Name","Statement Month"
"26/05/2018 12:46","Purchase","'70838153003423280","WXR182","","PRIMAX 95","Billed","22.73","50.00","PSS KG MELAYU SUBANG","","Standalone","","","31 May 2018"
"19/05/2018 12:22","Reload","'70838153003423280","WXR182","","","Billed","","-100.00","PSS KG MELAYU SUBANG","","Standalone","","","31 May 2018"
"19/05/2018 12:21","Purchase","'70838153003423280","WXR182","","PRIMAX 95","Billed","22.73","50.00","PSS KG MELAYU SUBANG","","Standalone","","","31 May 2018"
"09/05/2018 12:48","Purchase","'70838153003423280","WXR182","","PRIMAX 95","Billed","22.73","50.00","PSS KOTA DAMANSARA","","Standalone","","","31 May 2018"
"09/05/2018 12:46","Reload","'70838153003423280","WXR182","","","Billed","","-100.00","PSS KOTA DAMANSARA","","Standalone","","","31 May 2018"
"03/05/2018 16:38","Purchase","'70838153003423280","WXR182","","PRIMAX 95","Billed","36.37","80.00","PSS KG MELAYU SUBANG","","Standalone","","","31 May 2018"
"03/05/2018 16:37","Reload","'70838153003423280","WXR182","","","Billed","","-100.00","PSS KG MELAYU SUBANG","","Standalone","","","31 May 2018"