"Date Time","Transaction Type","Card Number","Vehicle Number","Driver Card Number","Product Type","Billing Type","Transaction Volume (Litres)","Transaction Amount (RM)","Station Name","Odometer","Card Type","Cost Centre","Cost Centre Name","Statement Month"
"31/05/2018 20:03","Purchase","'70838153003424601","WXR47","","PRIMAX 95","Billed","26.97","59.34","PSS BALING KEDAH","","Standalone","","","31 May 2018"
"28/05/2018 15:19","Purchase","'70838153003424601","WXR47","","PRIMAX 95","Billed","18.48","40.66","PSS BANDAR MUTIARA","","Standalone","","","31 May 2018"
"28/05/2018 15:18","Reload","'70838153003424601","WXR47","","","Billed","","-100.00","PSS BANDAR MUTIARA","","Standalone","","","31 May 2018"
"19/05/2018 12:59","Purchase","'70838153003424601","WXR47","","PRIMAX 97","Billed","20.25","50.00","PSS LAGUNA MERBUK","","Standalone","","","31 May 2018"
"11/05/2018 13:55","Purchase","'70838153003424601","WXR47","","PRIMAX 97","Billed","20.24","50.00","PSS BALING KEDAH","","Standalone","","","31 May 2018"
"11/05/2018 13:54","Reload","'70838153003424601","WXR47","","","Billed","","-100.00","PSS BALING KEDAH","","Standalone","","","31 May 2018"
"02/05/2018 18:11","Purchase","'70838153003424601","WXR47","","PRIMAX 97","Billed","17.21","42.50","PSS JLN KELAB CINTA SAYANG","","Standalone","","","31 May 2018"
"01/05/2018 11:33","Purchase","'70838153003424601","WXR47","","PRIMAX 97","Billed","28.34","70.00","PSS BANDAR MUTIARA","","Standalone","","","31 May 2018"
"01/05/2018 11:31","Reload","'70838153003424601","WXR47","","","Billed","","-100.00","PSS BANDAR MUTIARA","","Standalone","","","31 May 2018"