"Date Time","Transaction Type","Card Number","Vehicle Number","Driver Card Number","Product Type","Billing Type","Transaction Volume (Litres)","Transaction Amount (RM)","Station Name","Odometer","Card Type","Cost Centre","Cost Centre Name","Statement Month"
"13/05/2018 04:00","Purchase","'70838153003498738","WXR440","","PRIMAX 97","Billed","35.59","87.92","PSS LATAR 1 (KLS ARAH KUALA SEL)","","Standalone","","","31 May 2018"
"13/05/2018 02:22","Reload","'70838153003498738","WXR440","","","Billed","","-100.00","PSS SIMPANG PULAI ARAH SELATAN","","Standalone","","","31 May 2018"
"09/05/2018 08:54","Purchase","'70838153003498738","WXR440","","PRIMAX 95","Billed","28.23","62.10","PSS PENDANG","","Standalone","","","31 May 2018"
"09/05/2018 08:52","Reload","'70838153003498738","WXR440","","","Billed","","-50.00","PSS PENDANG","","Standalone","","","31 May 2018"
"07/05/2018 23:11","Purchase","'70838153003498738","WXR440","","PRIMAX 95","Billed","17.23","37.90","PSS KOTA MASAI 2","","Standalone","","","31 May 2018"