"Date Time","Transaction Type","Card Number","Vehicle Number","Driver Card Number","Product Type","Billing Type","Transaction Volume (Litres)","Transaction Amount (RM)","Station Name","Odometer","Card Type","Cost Centre","Cost Centre Name","Statement Month"
"28/05/2018 17:51","Purchase","'70838153003581012","WXR1075","","PRIMAX 95","Billed","13.63","30.00","PSS LANGKAP","","Standalone","","","31 May 2018"
"28/05/2018 17:50","Reload","'70838153003581012","WXR1075","","","Billed","","-50.00","PSS LANGKAP","","Standalone","","","31 May 2018"
"14/05/2018 21:58","Purchase","'70838153003581012","WXR1075","","PRIMAX 95","Billed","4.47","9.85","PSS LANGKAP","","Standalone","","","31 May 2018"
"13/05/2018 22:05","Purchase","'70838153003581012","WXR1075","","PRIMAX 95","Billed","4.55","10.00","PSS LANGKAP","","Standalone","","","31 May 2018"
"11/05/2018 22:00","Purchase","'70838153003581012","WXR1075","","PRIMAX 95","Billed","5.46","12.00","PSS LANGKAP","","Standalone","","","31 May 2018"
"11/05/2018 21:58","Reload","'70838153003581012","WXR1075","","","Billed","","-15.00","PSS LANGKAP","","Standalone","","","31 May 2018"