"Date Time","Transaction Type","Card Number","Vehicle Number","Driver Card Number","Product Type","Billing Type","Transaction Volume (Litres)","Transaction Amount (RM)","Station Name","Odometer","Card Type","Cost Centre","Cost Centre Name","Statement Month"
"18/05/2018 16:47","Purchase","'70838153003423116","WXR1","","PRIMAX 95","Billed","13.64","30.00","PSS NPE PANTAI DALAM","","Standalone","","","31 May 2018"
"18/05/2018 16:46","Reload","'70838153003423116","WXR1","","","Billed","","-30.00","PSS NPE PANTAI DALAM","","Standalone","","","31 May 2018"
"13/05/2018 16:37","Purchase","'70838153003423116","WXR1","","PRIMAX 95","Billed","24.63","54.19","PSS SALAK JAYA","","Standalone","","","31 May 2018"
"08/05/2018 11:44","Purchase","'70838153003423116","WXR1","","PRIMAX 95","Billed","22.73","50.00","PSS LEBUHRAYA SILK","","Standalone","","","31 May 2018"
"08/05/2018 11:42","Reload","'70838153003423116","WXR1","","","Billed","","-100.00","PSS LEBUHRAYA SILK","","Standalone","","","31 May 2018"
"04/05/2018 14:12","Purchase","'70838153003423116","WXR1","","PRIMAX 95","Billed","22.73","50.00","PSS LOT 4783 BUKIT JALIL","","Standalone","","","31 May 2018"