"Date Time","Transaction Type","Card Number","Vehicle Number","Driver Card Number","Product Type","Billing Type","Transaction Volume (Litres)","Transaction Amount (RM)","Station Name","Odometer","Card Type","Cost Centre","Cost Centre Name","Statement Month"
"27/05/2018 15:34","Purchase","'70838153003423736","WXR270","","PRIMAX 95","Billed","18.18","40.00","PSS GUCHIL JAYA KUALA KRAI","","Standalone","","","31 May 2018"
"27/05/2018 15:32","Reload","'70838153003423736","WXR270","","","Billed","","-30.00","PSS GUCHIL JAYA KUALA KRAI","","Standalone","","","31 May 2018"
"27/05/2018 09:40","Purchase","'70838153003423736","WXR270","","PRIMAX 95","Billed","37.80","83.16","PSS PENDAMAR INDAH 1","","Standalone","","","31 May 2018"
"27/05/2018 09:38","Reload","'70838153003423736","WXR270","","","Billed","","-100.00","PSS PENDAMAR INDAH 1","","Standalone","","","31 May 2018"
"26/05/2018 16:21","Purchase","'70838153003423736","WXR270","","PRIMAX 95","Billed","18.18","40.00","PSS KESAS ARAH SUBANG","","Standalone","","","31 May 2018"
"26/05/2018 16:19","Reload","'70838153003423736","WXR270","","","Billed","","-40.00","PSS KESAS ARAH SUBANG","","Standalone","","","31 May 2018"
"25/05/2018 20:12","Purchase","'70838153003423736","WXR270","","PRIMAX 95","Billed","18.18","40.00","PSS KESAS ARAH SUBANG","","Standalone","","","31 May 2018"
"25/05/2018 20:10","Reload","'70838153003423736","WXR270","","","Billed","","-30.00","PSS KESAS ARAH SUBANG","","Standalone","","","31 May 2018"
"25/05/2018 11:02","Purchase","'70838153003423736","WXR270","","PRIMAX 95","Billed","9.09","20.00","PSS JALAN PANDANGAN KLANG","","Standalone","","","31 May 2018"
"24/05/2018 19:09","Purchase","'70838153003423736","WXR270","","PRIMAX 95","Billed","13.64","30.00","PSS JALAN PLUMBUM","","Standalone","","","31 May 2018"
"23/05/2018 18:41","Purchase","'70838153003423736","WXR270","","PRIMAX 95","Billed","9.09","20.00","PSS JALAN LANGAT","","Standalone","","","31 May 2018"
"21/05/2018 19:33","Purchase","'70838153003423736","WXR270","","PRIMAX 95","Billed","9.09","20.00","PSS PENDAMAR INDAH 2","","Standalone","","","31 May 2018"
"21/05/2018 19:31","Reload","'70838153003423736","WXR270","","","Billed","","-100.00","PSS PENDAMAR INDAH 2","","Standalone","","","31 May 2018"
"20/05/2018 17:45","Purchase","'70838153003423736","WXR270","","PRIMAX 95","Billed","13.64","30.00","PSS KESAS ARAH SUBANG","","Standalone","","","31 May 2018"
"20/05/2018 17:44","Reload","'70838153003423736","WXR270","","","Billed","","-30.00","PSS KESAS ARAH SUBANG","","Standalone","","","31 May 2018"
"11/05/2018 17:13","Purchase","'70838153003423736","WXR270","","PRIMAX 95","Billed","9.09","20.00","PSS BIDOR","","Standalone","","","31 May 2018"
"11/05/2018 17:10","Reload","'70838153003423736","WXR270","","","Billed","","-20.00","PSS BIDOR","","Standalone","","","31 May 2018"
"09/05/2018 21:19","Purchase","'70838153003423736","WXR270","","PRIMAX 95","Billed","9.09","20.00","PSS BUKIT TINGGI 2","","Standalone","","","31 May 2018"
"09/05/2018 21:17","Reload","'70838153003423736","WXR270","","","Billed","","-20.00","PSS BUKIT TINGGI 2","","Standalone","","","31 May 2018"
"06/05/2018 15:07","Purchase","'70838153003423736","WXR270","","PRIMAX 95","Billed","13.64","30.00","PSS SEK 15 SHAH ALAM","","Standalone","","","31 May 2018"
"06/05/2018 15:05","Reload","'70838153003423736","WXR270","","","Billed","","-30.00","PSS SEK 15 SHAH ALAM","","Standalone","","","31 May 2018"
"05/05/2018 11:40","Purchase","'70838153003423736","WXR270","","PRIMAX 95","Billed","9.09","20.00","PSS PEKAN PANDAMARAN","","Standalone","","","31 May 2018"
"05/05/2018 11:38","Reload","'70838153003423736","WXR270","","","Billed","","-20.00","PSS PEKAN PANDAMARAN","","Standalone","","","31 May 2018"
"01/05/2018 12:50","Purchase","'70838153003423736","WXR270","","PRIMAX 95","Billed","9.09","20.00","PSS PEKAN PANDAMARAN","","Standalone","","","31 May 2018"
"01/05/2018 12:47","Reload","'70838153003423736","WXR270","","","Billed","","-20.00","PSS PEKAN PANDAMARAN","","Standalone","","","31 May 2018"