"Date Time","Transaction Type","Card Number","Vehicle Number","Driver Card Number","Product Type","Billing Type","Transaction Volume (Litres)","Transaction Amount (RM)","Station Name","Odometer","Card Type","Cost Centre","Cost Centre Name","Statement Month"
"25/05/2018 11:45","Purchase","'70838153003666771","WXR2017","","PRIMAX 95","Billed","20.00","44.00","PSS SEKSYEN 7 BANGI","","Standalone","","","31 May 2018"
"25/05/2018 11:44","Reload","'70838153003666771","WXR2017","","","Billed","","-50.00","PSS SEKSYEN 7 BANGI","","Standalone","","","31 May 2018"
"07/05/2018 21:17","Purchase","'70838153003666771","WXR2017","","PRIMAX 95","Billed","20.00","44.00","PSS EQUINE 2","","Standalone","","","31 May 2018"
"07/05/2018 21:15","Reload","'70838153003666771","WXR2017","","","Billed","","-50.00","PSS EQUINE 2","","Standalone","","","31 May 2018"
"04/05/2018 18:42","Purchase","'70838153003666771","WXR2017","","Diesel","Billed","50.00","109.00","PSS R & R GUNUNG SEMANGGOL","","Standalone","","","31 May 2018"
"04/05/2018 06:36","Purchase","'70838153003666771","WXR2017","","Diesel","Billed","50.00","109.00","PSS RAWANG RSA","","Standalone","","","31 May 2018"
"04/05/2018 06:34","Reload","'70838153003666771","WXR2017","","","Billed","","-200.00","PSS RAWANG RSA","","Standalone","","","31 May 2018"
"03/05/2018 11:53","Purchase","'70838153003666771","WXR2017","","PRIMAX 95","Billed","20.00","44.00","PSS TMN EQUINE SERI KEMBANGAN","","Standalone","","","31 May 2018"
"03/05/2018 11:51","Reload","'70838153003666771","WXR2017","","","Billed","","-50.00","PSS TMN EQUINE SERI KEMBANGAN","","Standalone","","","31 May 2018"
"02/05/2018 11:38","Purchase","'70838153003666771","WXR2017","","Diesel","Billed","40.00","87.20","PSS EQUINE 2","","Standalone","","","31 May 2018"
"02/05/2018 11:37","Reload","'70838153003666771","WXR2017","","","Billed","","-70.00","PSS EQUINE 2","","Standalone","","","31 May 2018"
"01/05/2018 12:56","Purchase","'70838153003666771","WXR2017","","Diesel","Billed","60.00","130.80","PSS TMN EQUINE SERI KEMBANGAN","","Standalone","","","31 May 2018"
"01/05/2018 12:53","Reload","'70838153003666771","WXR2017","","","Billed","","-150.00","PSS TMN EQUINE SERI KEMBANGAN","","Standalone","","","31 May 2018"