"Date Time","Transaction Type","Card Number","Vehicle Number","Driver Card Number","Product Type","Billing Type","Transaction Volume (Litres)","Transaction Amount (RM)","Station Name","Odometer","Card Type","Cost Centre","Cost Centre Name","Statement Month"
"31/05/2018 10:31","Purchase","'70838153003424387","WXR120","","PRIMAX 97","Billed","7.00","17.29","PSS SEK 17 SUBANG JAYA","","Standalone","","","31 May 2018"
"31/05/2018 10:29","Purchase","'70838153003424387","WXR120","","PRIMAX 95","Billed","15.01","33.01","PSS SEK 17 SUBANG JAYA","","Standalone","","","31 May 2018"
"31/05/2018 10:28","Reload","'70838153003424387","WXR120","","","Billed","","-50.00","PSS SEK 17 SUBANG JAYA","","Standalone","","","31 May 2018"
"30/05/2018 10:41","Purchase","'70838153003424387","WXR120","","PRIMAX 97","Billed","7.00","17.30","PSS GLENMARIE TTDI JAYA","","Standalone","","","31 May 2018"
"30/05/2018 10:38","Purchase","'70838153003424387","WXR120","","PRIMAX 95","Billed","15.00","33.00","PSS GLENMARIE TTDI JAYA","8","Standalone","","","31 May 2018"
"29/05/2018 08:54","Purchase","'70838153003424387","WXR120","","PRIMAX 95","Billed","15.00","33.00","PSS KM 12.3 LEBUHRAYA PERSEKUTUAN","","Standalone","","","31 May 2018"
"29/05/2018 08:52","Purchase","'70838153003424387","WXR120","","PRIMAX 97","Billed","8.00","19.76","PSS KM 12.3 LEBUHRAYA PERSEKUTUAN","","Standalone","","","31 May 2018"
"29/05/2018 08:51","Reload","'70838153003424387","WXR120","","","Billed","","-100.00","PSS KM 12.3 LEBUHRAYA PERSEKUTUAN","","Standalone","","","31 May 2018"
"28/05/2018 12:55","Purchase","'70838153003424387","WXR120","","PRIMAX 95","Billed","10.00","22.00","PSS SALAK SOUTH","","Standalone","","","31 May 2018"
"26/05/2018 09:40","Purchase","'70838153003424387","WXR120","","PRIMAX 95","Billed","15.00","33.00","PSS KM 12.3 LEBUHRAYA PERSEKUTUAN","","Standalone","","","31 May 2018"
"26/05/2018 09:39","Reload","'70838153003424387","WXR120","","","Billed","","-70.00","PSS KM 12.3 LEBUHRAYA PERSEKUTUAN","","Standalone","","","31 May 2018"
"25/05/2018 06:54","Purchase","'70838153003424387","WXR120","","PRIMAX 95","Billed","23.00","50.60","PSS FAS","","Standalone","","","31 May 2018"
"25/05/2018 06:52","Reload","'70838153003424387","WXR120","","","Billed","","-50.00","PSS FAS","","Standalone","","","31 May 2018"
"24/05/2018 09:48","Purchase","'70838153003424387","WXR120","","PRIMAX 95","Billed","23.00","50.60","PSS JALAN 222 PETALING JAYA","","Standalone","","","31 May 2018"
"24/05/2018 09:47","Reload","'70838153003424387","WXR120","","","Billed","","-50.00","PSS JALAN 222 PETALING JAYA","","Standalone","","","31 May 2018"
"09/05/2018 22:39","Purchase","'70838153003424387","WXR120","","PRIMAX 95","Billed","14.00","30.80","PSS JALAN PANDANGAN KLANG","","Standalone","","","31 May 2018"
"09/05/2018 22:37","Reload","'70838153003424387","WXR120","","","Billed","","-30.00","PSS JALAN PANDANGAN KLANG","","Standalone","","","31 May 2018"