"Date Time","Transaction Type","Card Number","Vehicle Number","Driver Card Number","Product Type","Billing Type","Transaction Volume (Litres)","Transaction Amount (RM)","Station Name","Odometer","Card Type","Cost Centre","Cost Centre Name","Statement Month"
"25/05/2018 17:03","Purchase","'70838153003732722","WXR 5757","","Diesel","Billed","54.59","119.00","PSS POKOK SENA","","Standalone","","","31 May 2018"
"25/05/2018 17:01","Reload","'70838153003732722","WXR 5757","","","Billed","","-100.00","PSS POKOK SENA","","Standalone","","","31 May 2018"
"11/05/2018 20:38","Purchase","'70838153003732722","WXR 5757","","Diesel","Billed","55.07","120.05","PSS POKOK SENA","","Standalone","","","31 May 2018"
"11/05/2018 20:33","Reload","'70838153003732722","WXR 5757","","","Billed","","-100.00","PSS POKOK SENA","","Standalone","","","31 May 2018"
"05/05/2018 13:59","Purchase","'70838153003732722","WXR 5757","","Diesel","Billed","54.82","119.50","PSS POKOK SENA","","Standalone","","","31 May 2018"
"05/05/2018 13:58","Reload","'70838153003732722","WXR 5757","","","Billed","","-200.00","PSS POKOK SENA","","Standalone","","","31 May 2018"