"Date Time","Transaction Type","Card Number","Vehicle Number","Driver Card Number","Product Type","Billing Type","Transaction Volume (Litres)","Transaction Amount (RM)","Station Name","Odometer","Card Type","Cost Centre","Cost Centre Name","Statement Month"
"30/05/2018 16:37","Reload","'70838153003501218","WXR987","","","Billed","","-300.00","PSS PANDAN INDAH","","Standalone","","","31 May 2018"
"30/05/2018 09:02","Purchase","'70838153003501218","WXR987","","PRIMAX 95","Billed","11.11","24.43","PSS SRI HARTAMAS","112","Standalone","","","31 May 2018"
"21/05/2018 11:06","Purchase","'70838153003501218","WXR987","","PRIMAX 95","Billed","40.00","88.00","PSS KM5.75 PENCHALA LINK","112","Standalone","","","31 May 2018"
"18/05/2018 17:30","Purchase","'70838153003501218","WXR987","","PRIMAX 95","Billed","46.37","102.01","PSS KLIA 2","112","Standalone","","","31 May 2018"
"08/05/2018 15:06","Purchase","'70838153003501218","WXR987","","PRIMAX 95","Billed","53.87","118.50","PSS MITC","1111","Standalone","","","31 May 2018"
"08/05/2018 15:05","Reload","'70838153003501218","WXR987","","","Billed","","-300.00","PSS MITC","","Standalone","","","31 May 2018"
"03/05/2018 13:44","Purchase","'70838153003501218","WXR987","","PRIMAX 95","Billed","39.46","86.82","PSS PANDAN INDAH","","Standalone","","","31 May 2018"