"Date Time","Transaction Type","Card Number","Vehicle Number","Driver Card Number","Product Type","Billing Type","Transaction Volume (Litres)","Transaction Amount (RM)","Station Name","Odometer","Card Type","Cost Centre","Cost Centre Name","Statement Month"
"14/05/2018 08:04","Purchase","'70838153003735600","WXR 5824","","PRIMAX 95","Billed","4.29","9.43","PSS BANDAR JENGKA","","Standalone","","","31 May 2018"
"09/05/2018 07:39","Purchase","'70838153003735600","WXR 5824","","PRIMAX 95","Billed","45.46","100.00","PSS BANDAR JENGKA","","Standalone","","","31 May 2018"
"04/05/2018 07:55","Purchase","'70838153003735600","WXR 5824","","PRIMAX 95","Billed","45.46","100.00","PSS BANDAR JENGKA","","Standalone","","","31 May 2018"
"03/05/2018 08:20","Purchase","'70838153003735600","WXR 5824","","PRIMAX 95","Billed","45.46","100.00","PSS BANDAR JENGKA","","Standalone","","","31 May 2018"
"02/05/2018 08:11","Purchase","'70838153003735600","WXR 5824","","PRIMAX 95","Billed","45.46","100.00","PSS BANDAR JENGKA","","Standalone","","","31 May 2018"