"Date Time","Transaction Type","Card Number","Vehicle Number","Driver Card Number","Product Type","Billing Type","Transaction Volume (Litres)","Transaction Amount (RM)","Station Name","Odometer","Card Type","Cost Centre","Cost Centre Name","Statement Month"
"26/05/2018 09:52","Purchase","'70838153003498985","WXR639","","PRIMAX 95","Billed","27.27","60.00","PSS TAMAN WILAYAH","197574","Standalone","","","31 May 2018"
"26/05/2018 09:50","Reload","'70838153003498985","WXR639","","","Billed","","-50.00","PSS TAMAN WILAYAH","","Standalone","","","31 May 2018"
"19/05/2018 10:57","Purchase","'70838153003498985","WXR639","","PRIMAX 95","Billed","22.73","50.00","PSS TAMAN WILAYAH","197448","Standalone","","","31 May 2018"
"19/05/2018 10:55","Reload","'70838153003498985","WXR639","","","Billed","","-50.00","PSS TAMAN WILAYAH","","Standalone","","","31 May 2018"
"12/05/2018 10:50","Purchase","'70838153003498985","WXR639","","PRIMAX 95","Billed","22.76","50.07","PSS BATU 6 JALAN IPOH","197313","Standalone","","","31 May 2018"
"12/05/2018 10:49","Reload","'70838153003498985","WXR639","","","Billed","","-50.00","PSS BATU 6 JALAN IPOH","","Standalone","","","31 May 2018"
"07/05/2018 07:55","Purchase","'70838153003498985","WXR639","","PRIMAX 95","Billed","22.73","50.00","PSS MRR2 BATU CAVES","197146","Standalone","","","31 May 2018"
"07/05/2018 07:54","Reload","'70838153003498985","WXR639","","","Billed","","-50.00","PSS MRR2 BATU CAVES","","Standalone","","","31 May 2018"
"02/05/2018 08:44","Purchase","'70838153003498985","WXR639","","PRIMAX 95","Billed","27.27","60.00","PSS KEPONG INDAH","196979","Standalone","","","31 May 2018"
"02/05/2018 08:42","Reload","'70838153003498985","WXR639","","","Billed","","-50.00","PSS KEPONG INDAH","","Standalone","","","31 May 2018"