"Date Time","Transaction Type","Card Number","Vehicle Number","Driver Card Number","Product Type","Billing Type","Transaction Volume (Litres)","Transaction Amount (RM)","Station Name","Odometer","Card Type","Cost Centre","Cost Centre Name","Statement Month"
"31/05/2018 22:26","Purchase","'70838153003424866","WXR202","","PRIMAX 95","Billed","19.55","43.00","PSS BUKIT ANTARABANGSA","","Standalone","","","31 May 2018"
"31/05/2018 22:23","Reload","'70838153003424866","WXR202","","","Billed","","-100.00","PSS BUKIT ANTARABANGSA","","Standalone","","","31 May 2018"
"29/05/2018 13:41","Purchase","'70838153003424866","WXR202","","PRIMAX 97","Billed","12.55","31.00","PSS JALAN JELATEK 2","","Standalone","","","31 May 2018"
"29/05/2018 13:39","Reload","'70838153003424866","WXR202","","","Billed","","-50.00","PSS JALAN JELATEK 2","","Standalone","","","31 May 2018"
"29/05/2018 01:37","Purchase","'70838153003424866","WXR202","","PRIMAX 95","Billed","24.09","53.00","PSS LT911 ULU KLANG MRR2","","Standalone","","","31 May 2018"
"29/05/2018 01:34","Reload","'70838153003424866","WXR202","","","Billed","","-100.00","PSS LT911 ULU KLANG MRR2","","Standalone","","","31 May 2018"
"28/05/2018 12:54","Purchase","'70838153003424866","WXR202","","PRIMAX 97","Billed","15.11","37.31","PSS BUKIT ANTARABANGSA","","Standalone","","","31 May 2018"
"28/05/2018 12:52","Purchase","'70838153003424866","WXR202","","PRIMAX 97","Billed","14.59","36.03","PSS BUKIT ANTARABANGSA","","Standalone","","","31 May 2018"
"28/05/2018 12:46","Reload","'70838153003424866","WXR202","","","Billed","","-100.00","PSS BUKIT ANTARABANGSA","","Standalone","","","31 May 2018"
"28/05/2018 01:47","Purchase","'70838153003424866","WXR202","","PRIMAX 95","Billed","13.16","28.96","PSS LT911 ULU KLANG MRR2","","Standalone","","","31 May 2018"
"27/05/2018 22:45","Purchase","'70838153003424866","WXR202","","PRIMAX 97","Billed","29.97","74.03","PSS BUKIT ANTARABANGSA","","Standalone","","","31 May 2018"
"27/05/2018 01:59","Reload","'70838153003424866","WXR202","","","Billed","","-100.00","PSS LT911 ULU KLANG MRR2","","Standalone","","","31 May 2018"
"24/05/2018 01:02","Purchase","'70838153003424866","WXR202","","PRIMAX 95","Billed","21.82","48.01","PSS LT911 ULU KLANG MRR2","","Standalone","","","31 May 2018"
"23/05/2018 14:36","Purchase","'70838153003424866","WXR202","","PRIMAX 97","Billed","19.84","49.00","PSS BUKIT ANTARABANGSA","","Standalone","","","31 May 2018"
"23/05/2018 14:34","Reload","'70838153003424866","WXR202","","","Billed","","-100.00","PSS BUKIT ANTARABANGSA","","Standalone","","","31 May 2018"
"23/05/2018 09:37","Purchase","'70838153003424866","WXR202","","PRIMAX 97","Billed","2.83","6.99","PSS WANGSA MELAWATI","","Standalone","","","31 May 2018"
"21/05/2018 11:51","Purchase","'70838153003424866","WXR202","","PRIMAX 97","Billed","37.66","93.01","PSS BUKIT ANTARABANGSA","","Standalone","","","31 May 2018"
"21/05/2018 11:50","Reload","'70838153003424866","WXR202","","","Billed","","-100.00","PSS BUKIT ANTARABANGSA","","Standalone","","","31 May 2018"
"20/05/2018 02:32","Purchase","'70838153003424866","WXR202","","PRIMAX 95","Billed","13.98","30.76","PSS TAMAN MELATI","","Standalone","","","31 May 2018"
"19/05/2018 14:03","Purchase","'70838153003424866","WXR202","","PRIMAX 97","Billed","28.03","69.24","PSS BUKIT ANTARABANGSA","","Standalone","","","31 May 2018"
"19/05/2018 14:01","Reload","'70838153003424866","WXR202","","","Billed","","-100.00","PSS BUKIT ANTARABANGSA","","Standalone","","","31 May 2018"
"18/05/2018 12:58","Purchase","'70838153003424866","WXR202","","PRIMAX 97","Billed","16.19","39.98","PSS BUKIT ANTARABANGSA","","Standalone","","","31 May 2018"
"17/05/2018 04:23","Purchase","'70838153003424866","WXR202","","PRIMAX 95","Billed","23.64","52.01","PSS TAMAN MELATI","","Standalone","","","31 May 2018"
"13/05/2018 23:11","Purchase","'70838153003424866","WXR202","","PRIMAX 97","Billed","27.94","69.01","PSS BUKIT ANTARABANGSA","","Standalone","","","31 May 2018"
"13/05/2018 21:23","Purchase","'70838153003424866","WXR202","","PRIMAX 97","Billed","15.79","39.00","PSS BUKIT ANTARABANGSA","","Standalone","","","31 May 2018"
"13/05/2018 21:22","Reload","'70838153003424866","WXR202","","","Billed","","-100.00","PSS BUKIT ANTARABANGSA","","Standalone","","","31 May 2018"
"12/05/2018 17:09","Reload","'70838153003424866","WXR202","","","Billed","","-100.00","PSS BUKIT ANTARABANGSA","","Standalone","","","31 May 2018"
"08/05/2018 21:34","Purchase","'70838153003424866","WXR202","","PRIMAX 97","Billed","25.10","62.00","PSS BUKIT ANTARABANGSA","","Standalone","","","31 May 2018"
"08/05/2018 21:31","Reload","'70838153003424866","WXR202","","","Billed","","-33.00","PSS BUKIT ANTARABANGSA","","Standalone","","","31 May 2018"
"08/05/2018 06:28","Purchase","'70838153003424866","WXR202","","PRIMAX 97","Billed","28.75","71.00","PSS BUKIT ANTARABANGSA","","Standalone","","","31 May 2018"
"08/05/2018 06:27","Reload","'70838153003424866","WXR202","","","Billed","","-100.00","PSS BUKIT ANTARABANGSA","","Standalone","","","31 May 2018"