"Date Time","Transaction Type","Card Number","Vehicle Number","Driver Card Number","Product Type","Billing Type","Transaction Volume (Litres)","Transaction Amount (RM)","Station Name","Odometer","Card Type","Cost Centre","Cost Centre Name","Statement Month"
"29/05/2018 16:46","Purchase","'70838153003498084","WXR411","","PRIMAX 95","Billed","22.73","50.00","PSS BALOK","","Standalone","","","31 May 2018"
"22/05/2018 08:48","Purchase","'70838153003498084","WXR411","","PRIMAX 95","Billed","22.73","50.00","PSS TAMAN BALOK MAKMUR","","Standalone","","","31 May 2018"
"22/05/2018 08:47","Reload","'70838153003498084","WXR411","","","Billed","","-150.00","PSS TAMAN BALOK MAKMUR","","Standalone","","","31 May 2018"
"08/05/2018 17:06","Purchase","'70838153003498084","WXR411","","PRIMAX 95","Billed","22.73","50.00","PSS PAKA 2","","Standalone","","","31 May 2018"
"03/05/2018 10:59","Purchase","'70838153003498084","WXR411","","PRIMAX 95","Billed","22.73","50.00","PSS GELIGA","","Standalone","","","31 May 2018"
"03/05/2018 10:56","Reload","'70838153003498084","WXR411","","","Billed","","-100.00","PSS GELIGA","","Standalone","","","31 May 2018"
"03/05/2018 10:53","Purchase","'70838153003498084","WXR411","","PRIMAX 95","Billed","4.40","9.68","PSS GELIGA","","Standalone","","","31 May 2018"