"Date Time","Transaction Type","Card Number","Vehicle Number","Driver Card Number","Product Type","Billing Type","Transaction Volume (Litres)","Transaction Amount (RM)","Station Name","Odometer","Card Type","Cost Centre","Cost Centre Name","Statement Month"
"27/05/2018 16:37","Reload","'70838153003581525","WXR1101","","","Billed","","-450.00","PSS CHENG","","Standalone","","","31 May 2018"
"20/05/2018 16:16","Purchase","'70838153003581525","WXR1101","","PRIMAX 95","Billed","27.02","59.45","PSS CHENG","6","Standalone","","","31 May 2018"
"13/05/2018 15:51","Purchase","'70838153003581525","WXR1101","","PRIMAX 95","Billed","22.73","50.00","PSS Lebuh AMJ Cheng","9","Standalone","","","31 May 2018"
"07/05/2018 07:16","Purchase","'70838153003581525","WXR1101","","PRIMAX 95","Billed","24.55","54.01","PSS CHENG","6","Standalone","","","31 May 2018"
"02/05/2018 13:33","Purchase","'70838153003581525","WXR1101","","PRIMAX 95","Billed","22.73","50.00","PSS CHENG","6","Standalone","","","31 May 2018"