"Date Time","Transaction Type","Card Number","Vehicle Number","Driver Card Number","Product Type","Billing Type","Transaction Volume (Litres)","Transaction Amount (RM)","Station Name","Odometer","Card Type","Cost Centre","Cost Centre Name","Statement Month"
"26/05/2018 14:39","Purchase","'70838153003423959","WXR284","","PRIMAX 95","Billed","9.09","20.00","PSS NUSA BESTARI","","Standalone","","","31 May 2018"
"26/05/2018 14:38","Reload","'70838153003423959","WXR284","","","Billed","","-70.00","PSS NUSA BESTARI","","Standalone","","","31 May 2018"
"13/05/2018 11:53","Purchase","'70838153003423959","WXR284","","Diesel","Billed","8.03","17.50","PSS JALAN BATU PAHAT KLUANG","","Standalone","","","31 May 2018"
"11/05/2018 12:15","Purchase","'70838153003423959","WXR284","","Diesel","Billed","27.52","60.00","PSS BANDAR BARU AIR HITAM","","Standalone","","","31 May 2018"
"11/05/2018 12:13","Reload","'70838153003423959","WXR284","","","Billed","","-50.00","PSS BANDAR BARU AIR HITAM","","Standalone","","","31 May 2018"
"10/05/2018 14:34","Purchase","'70838153003423959","WXR284","","PRIMAX 95","Billed","13.64","30.00","PSS SKUDAI RSA","","Standalone","","","31 May 2018"
"10/05/2018 14:32","Reload","'70838153003423959","WXR284","","","Billed","","-50.00","PSS SKUDAI RSA","","Standalone","","","31 May 2018"
"08/05/2018 08:19","Purchase","'70838153003423959","WXR284","","PRIMAX 95","Billed","9.09","20.00","PSS JALAN DATIN HALIMAH","","Standalone","","","31 May 2018"
"03/05/2018 15:29","Purchase","'70838153003423959","WXR284","","PRIMAX 95","Billed","13.64","30.00","PSS TAMAN TAMPOI UTAMA","","Standalone","","","31 May 2018"