"Date Time","Transaction Type","Card Number","Vehicle Number","Driver Card Number","Product Type","Billing Type","Transaction Volume (Litres)","Transaction Amount (RM)","Station Name","Odometer","Card Type","Cost Centre","Cost Centre Name","Statement Month"
"30/05/2018 12:45","Purchase","'70838153003729629","WXR 5075","","PRIMAX 95","Billed","22.73","50.00","PSS MERBAU INDAH","","Standalone","","","31 May 2018"
"30/05/2018 12:43","Reload","'70838153003729629","WXR 5075","","","Billed","","-120.00","PSS MERBAU INDAH","","Standalone","","","31 May 2018"
"26/05/2018 23:10","Purchase","'70838153003729629","WXR 5075","","PRIMAX 95","Billed","22.73","50.00","PSS KOTA DAMANSARA","","Standalone","","","31 May 2018"
"26/05/2018 23:08","Reload","'70838153003729629","WXR 5075","","","Billed","","-50.00","PSS KOTA DAMANSARA","","Standalone","","","31 May 2018"
"26/05/2018 16:28","Purchase","'70838153003729629","WXR 5075","","PRIMAX 97","Billed","4.05","10.00","PSS KM2.95 PENCHALA LINK ARAH DAMANSARA","","Standalone","","","31 May 2018"
"26/05/2018 16:27","Reload","'70838153003729629","WXR 5075","","","Billed","","-10.00","PSS KM2.95 PENCHALA LINK ARAH DAMANSARA","","Standalone","","","31 May 2018"
"25/05/2018 23:37","Purchase","'70838153003729629","WXR 5075","","PRIMAX 95","Billed","4.55","10.00","PSS SUBANG BESTARI","","Standalone","","","31 May 2018"
"25/05/2018 23:35","Reload","'70838153003729629","WXR 5075","","","Billed","","-10.00","PSS SUBANG BESTARI","","Standalone","","","31 May 2018"
"24/05/2018 00:20","Purchase","'70838153003729629","WXR 5075","","PRIMAX 95","Billed","9.09","20.00","PSS SUBANG BESTARI","","Standalone","","","31 May 2018"
"22/05/2018 12:37","Purchase","'70838153003729629","WXR 5075","","PRIMAX 95","Billed","22.73","50.00","PSS MERBAU INDAH","","Standalone","","","31 May 2018"
"22/05/2018 12:34","Reload","'70838153003729629","WXR 5075","","","Billed","","-50.00","PSS MERBAU INDAH","","Standalone","","","31 May 2018"
"17/05/2018 12:51","Purchase","'70838153003729629","WXR 5075","","PRIMAX 95","Billed","22.73","50.00","PSS MERBAU INDAH","","Standalone","","","31 May 2018"
"17/05/2018 12:50","Reload","'70838153003729629","WXR 5075","","","Billed","","-50.00","PSS MERBAU INDAH","","Standalone","","","31 May 2018"
"16/05/2018 19:07","Purchase","'70838153003729629","WXR 5075","","PRIMAX 95","Billed","4.55","10.00","PSS SRI DAMANSARA","","Standalone","","","31 May 2018"
"16/05/2018 19:05","Reload","'70838153003729629","WXR 5075","","","Billed","","-10.00","PSS SRI DAMANSARA","","Standalone","","","31 May 2018"
"14/05/2018 12:39","Purchase","'70838153003729629","WXR 5075","","PRIMAX 95","Billed","22.73","50.00","PSS MERBAU INDAH","","Standalone","","","31 May 2018"
"14/05/2018 12:36","Reload","'70838153003729629","WXR 5075","","","Billed","","-50.00","PSS MERBAU INDAH","","Standalone","","","31 May 2018"
"11/05/2018 06:08","Purchase","'70838153003729629","WXR 5075","","PRIMAX 95","Billed","36.36","80.00","PSS RAWAT & REHAT(S) KL- SEREMBAN","","Standalone","","","31 May 2018"
"11/05/2018 06:05","Reload","'70838153003729629","WXR 5075","","","Billed","","-80.00","PSS RAWAT & REHAT(S) KL- SEREMBAN","","Standalone","","","31 May 2018"
"04/05/2018 14:00","Purchase","'70838153003729629","WXR 5075","","PRIMAX 95","Billed","36.37","80.00","PSS KUANG","","Standalone","","","31 May 2018"