"Date Time","Transaction Type","Card Number","Vehicle Number","Driver Card Number","Product Type","Billing Type","Transaction Volume (Litres)","Transaction Amount (RM)","Station Name","Odometer","Card Type","Cost Centre","Cost Centre Name","Statement Month"
"31/05/2018 13:52","Purchase","'70838153003423462","WXR258","","PRIMAX 95","Billed","10.00","22.00","PSS PUCHONG GATEWAY","","Standalone","","","31 May 2018"
"31/05/2018 13:49","Reload","'70838153003423462","WXR258","","","Billed","","-25.00","PSS PUCHONG GATEWAY","","Standalone","","","31 May 2018"
"29/05/2018 21:06","Purchase","'70838153003423462","WXR258","","PRIMAX 95","Billed","10.00","22.00","PSS MUTIARA DAMANSARA","","Standalone","","","31 May 2018"
"29/05/2018 21:03","Reload","'70838153003423462","WXR258","","","Billed","","-25.00","PSS MUTIARA DAMANSARA","","Standalone","","","31 May 2018"
"27/05/2018 10:14","Purchase","'70838153003423462","WXR258","","PRIMAX 95","Billed","10.00","22.00","PSS LEBUHRAYA SPRINT","","Standalone","","","31 May 2018"
"27/05/2018 10:13","Reload","'70838153003423462","WXR258","","","Billed","","-20.00","PSS LEBUHRAYA SPRINT","","Standalone","","","31 May 2018"
"25/05/2018 07:49","Purchase","'70838153003423462","WXR258","","PRIMAX 95","Billed","10.00","22.00","PSS MUTIARA DAMANSARA","","Standalone","","","31 May 2018"
"25/05/2018 07:46","Reload","'70838153003423462","WXR258","","","Billed","","-25.00","PSS MUTIARA DAMANSARA","","Standalone","","","31 May 2018"
"24/05/2018 07:44","Purchase","'70838153003423462","WXR258","","PRIMAX 95","Billed","10.00","22.00","PSS MUTIARA DAMANSARA","","Standalone","","","31 May 2018"
"24/05/2018 07:41","Reload","'70838153003423462","WXR258","","","Billed","","-20.00","PSS MUTIARA DAMANSARA","","Standalone","","","31 May 2018"
"22/05/2018 07:36","Purchase","'70838153003423462","WXR258","","PRIMAX 95","Billed","10.00","22.00","PSS MUTIARA DAMANSARA","","Standalone","","","31 May 2018"
"22/05/2018 07:33","Reload","'70838153003423462","WXR258","","","Billed","","-20.00","PSS MUTIARA DAMANSARA","","Standalone","","","31 May 2018"
"21/05/2018 00:08","Purchase","'70838153003423462","WXR258","","PRIMAX 95","Billed","10.00","22.00","PSS RAWAT & REHAT (U) SBAN-KL","","Standalone","","","31 May 2018"
"21/05/2018 00:07","Reload","'70838153003423462","WXR258","","","Billed","","-20.00","PSS RAWAT & REHAT (U) SBAN-KL","","Standalone","","","31 May 2018"
"19/05/2018 17:26","Purchase","'70838153003423462","WXR258","","PRIMAX 95","Billed","10.00","22.00","PSS KUALA PILAH 2","","Standalone","","","31 May 2018"
"19/05/2018 17:24","Reload","'70838153003423462","WXR258","","","Billed","","-20.00","PSS KUALA PILAH 2","","Standalone","","","31 May 2018"
"17/05/2018 17:24","Purchase","'70838153003423462","WXR258","","PRIMAX 95","Billed","10.00","22.00","PSS AMPANGAN 2","","Standalone","","","31 May 2018"
"17/05/2018 17:17","Reload","'70838153003423462","WXR258","","","Billed","","-20.00","PSS AMPANGAN 2","","Standalone","","","31 May 2018"
"17/05/2018 07:52","Purchase","'70838153003423462","WXR258","","PRIMAX 95","Billed","10.00","22.00","PSS MUTIARA DAMANSARA","","Standalone","","","31 May 2018"
"17/05/2018 07:48","Reload","'70838153003423462","WXR258","","","Billed","","-20.00","PSS MUTIARA DAMANSARA","","Standalone","","","31 May 2018"
"16/05/2018 07:49","Purchase","'70838153003423462","WXR258","","PRIMAX 95","Billed","10.00","22.00","PSS MUTIARA DAMANSARA","","Standalone","","","31 May 2018"
"16/05/2018 07:41","Reload","'70838153003423462","WXR258","","","Billed","","-20.00","PSS MUTIARA DAMANSARA","","Standalone","","","31 May 2018"
"15/05/2018 07:48","Purchase","'70838153003423462","WXR258","","PRIMAX 95","Billed","10.00","22.00","PSS MUTIARA DAMANSARA","","Standalone","","","31 May 2018"
"15/05/2018 07:47","Reload","'70838153003423462","WXR258","","","Billed","","-20.00","PSS MUTIARA DAMANSARA","","Standalone","","","31 May 2018"
"14/05/2018 07:37","Purchase","'70838153003423462","WXR258","","PRIMAX 95","Billed","10.00","22.00","PSS MUTIARA DAMANSARA","","Standalone","","","31 May 2018"
"14/05/2018 07:35","Reload","'70838153003423462","WXR258","","","Billed","","-25.00","PSS MUTIARA DAMANSARA","","Standalone","","","31 May 2018"
"11/05/2018 19:38","Purchase","'70838153003423462","WXR258","","PRIMAX 95","Billed","10.00","22.00","PSS MUTIARA DAMANSARA","","Standalone","","","31 May 2018"
"11/05/2018 19:36","Reload","'70838153003423462","WXR258","","","Billed","","-22.00","PSS MUTIARA DAMANSARA","","Standalone","","","31 May 2018"
"08/05/2018 07:43","Purchase","'70838153003423462","WXR258","","PRIMAX 95","Billed","10.00","22.00","PSS MUTIARA DAMANSARA","","Standalone","","","31 May 2018"
"08/05/2018 07:42","Reload","'70838153003423462","WXR258","","","Billed","","-23.00","PSS MUTIARA DAMANSARA","","Standalone","","","31 May 2018"
"07/05/2018 07:38","Purchase","'70838153003423462","WXR258","","PRIMAX 95","Billed","10.00","22.00","PSS MUTIARA DAMANSARA","","Standalone","","","31 May 2018"
"07/05/2018 07:36","Reload","'70838153003423462","WXR258","","","Billed","","-20.00","PSS MUTIARA DAMANSARA","","Standalone","","","31 May 2018"