"Date Time","Transaction Type","Card Number","Vehicle Number","Driver Card Number","Product Type","Billing Type","Transaction Volume (Litres)","Transaction Amount (RM)","Station Name","Odometer","Card Type","Cost Centre","Cost Centre Name","Statement Month"
"29/05/2018 13:27","Purchase","'70838153003501945","WXR736","","PRIMAX 95","Billed","13.64","30.00","PSS MUAR BYPASS","","Standalone","","","31 May 2018"
"27/05/2018 16:16","Purchase","'70838153003501945","WXR736","","PRIMAX 95","Billed","18.18","40.00","PSS MUAR BYPASS","","Standalone","","","31 May 2018"
"27/05/2018 16:14","Reload","'70838153003501945","WXR736","","","Billed","","-100.00","PSS MUAR BYPASS","","Standalone","","","31 May 2018"
"25/05/2018 17:01","Purchase","'70838153003501945","WXR736","","PRIMAX 95","Billed","13.64","30.00","PSS SUNGAI RAMBAI","","Standalone","","","31 May 2018"
"24/05/2018 17:58","Purchase","'70838153003501945","WXR736","","PRIMAX 95","Billed","18.18","40.00","PSS SUNGAI RAMBAI","","Standalone","","","31 May 2018"
"23/05/2018 07:56","Reload","'70838153003501945","WXR736","","","Billed","","-100.00","PSS BAKRI 2 MUAR","","Standalone","","","31 May 2018"
"23/05/2018 07:50","Purchase","'70838153003501945","WXR736","","PRIMAX 95","Billed","9.26","20.38","PSS BAKRI 2 MUAR","","Standalone","","","31 May 2018"
"20/05/2018 08:38","Purchase","'70838153003501945","WXR736","","PRIMAX 95","Billed","18.18","40.00","PSS SUNGAI RAMBAI","","Standalone","","","31 May 2018"
"16/05/2018 23:12","Purchase","'70838153003501945","WXR736","","PRIMAX 95","Billed","18.18","40.00","PSS SUNGAI RAMBAI","","Standalone","","","31 May 2018"
"15/05/2018 14:45","Purchase","'70838153003501945","WXR736","","PRIMAX 95","Billed","13.64","30.00","PSS KM 4 JALAN SALLEH","","Standalone","","","31 May 2018"
"15/05/2018 14:43","Reload","'70838153003501945","WXR736","","","Billed","","-100.00","PSS KM 4 JALAN SALLEH","","Standalone","","","31 May 2018"
"13/05/2018 14:30","Purchase","'70838153003501945","WXR736","","PRIMAX 95","Billed","18.18","40.00","PSS JALAN SULAIMAN MUAR","","Standalone","","","31 May 2018"
"12/05/2018 13:12","Purchase","'70838153003501945","WXR736","","PRIMAX 95","Billed","13.64","30.00","PSS KM 4 JALAN SALLEH","","Standalone","","","31 May 2018"
"08/05/2018 12:29","Purchase","'70838153003501945","WXR736","","PRIMAX 95","Billed","18.18","40.00","PSS MUAR BYPASS","","Standalone","","","31 May 2018"
"08/05/2018 12:28","Reload","'70838153003501945","WXR736","","","Billed","","-100.00","PSS MUAR BYPASS","","Standalone","","","31 May 2018"
"05/05/2018 17:00","Purchase","'70838153003501945","WXR736","","PRIMAX 95","Billed","18.18","40.00","PSS SUNGAI RAMBAI","","Standalone","","","31 May 2018"
"02/05/2018 19:51","Purchase","'70838153003501945","WXR736","","PRIMAX 95","Billed","13.64","30.00","PSS SUNGAI RAMBAI","","Standalone","","","31 May 2018"
"02/05/2018 10:21","Purchase","'70838153003501945","WXR736","","PRIMAX 95","Billed","18.18","40.00","PSS JALAN SULAIMAN MUAR","","Standalone","","","31 May 2018"