"Date Time","Transaction Type","Card Number","Vehicle Number","Driver Card Number","Product Type","Billing Type","Transaction Volume (Litres)","Transaction Amount (RM)","Station Name","Odometer","Card Type","Cost Centre","Cost Centre Name","Statement Month"
"25/05/2018 23:28","Purchase","'70838153003498316","WXR621","","PRIMAX 95","Billed","0.91","2.00","PSS JALAN RAJA SYED ALWI","","Standalone","","","31 May 2018"
"24/05/2018 20:50","Purchase","'70838153003498316","WXR621","","PRIMAX 95","Billed","1.82","4.00","PSS JALAN RAJA SYED ALWI","","Standalone","","","31 May 2018"
"23/05/2018 13:06","Purchase","'70838153003498316","WXR621","","PRIMAX 95","Billed","1.82","4.00","PSS JALAN KUALA PERLIS","","Standalone","","","31 May 2018"
"21/05/2018 18:38","Reload","'70838153003498316","WXR621","","","Billed","","-10.00","PSS JALAN KUALA PERLIS","","Standalone","","","31 May 2018"
"21/05/2018 18:36","Purchase","'70838153003498316","WXR621","","PRIMAX 95","Billed","1.87","4.11","PSS JALAN KUALA PERLIS","","Standalone","","","31 May 2018"
"20/05/2018 21:22","Purchase","'70838153003498316","WXR621","","PRIMAX 95","Billed","9.09","20.00","PSS JALAN RAJA SYED ALWI","","Standalone","","","31 May 2018"
"20/05/2018 21:21","Reload","'70838153003498316","WXR621","","","Billed","","-20.00","PSS JALAN RAJA SYED ALWI","","Standalone","","","31 May 2018"
"20/05/2018 15:45","Purchase","'70838153003498316","WXR621","","PRIMAX 95","Billed","0.91","2.00","PSS BEHOR TEMAK","","Standalone","","","31 May 2018"
"17/05/2018 16:47","Purchase","'70838153003498316","WXR621","","PRIMAX 95","Billed","0.91","2.00","PSS JALAN RAJA SYED ALWI","","Standalone","","","31 May 2018"
"17/05/2018 16:43","Reload","'70838153003498316","WXR621","","","Billed","","-10.00","PSS JALAN RAJA SYED ALWI","","Standalone","","","31 May 2018"