"Date Time","Transaction Type","Card Number","Vehicle Number","Driver Card Number","Product Type","Billing Type","Transaction Volume (Litres)","Transaction Amount (RM)","Station Name","Odometer","Card Type","Cost Centre","Cost Centre Name","Statement Month"
"29/05/2018 14:31","Purchase","'70838153003423983","WXR21","","PRIMAX 95","Billed","34.09","75.00","PSS REMBAU","","Standalone","","","31 May 2018"
"29/05/2018 14:30","Reload","'70838153003423983","WXR21","","","Billed","","-200.00","PSS REMBAU","","Standalone","","","31 May 2018"
"23/05/2018 22:24","Purchase","'70838153003423983","WXR21","","PRIMAX 95","Billed","30.47","67.03","PSS REMBAU","","Standalone","","","31 May 2018"
"23/05/2018 22:23","Reload","'70838153003423983","WXR21","","","Billed","","-100.00","PSS REMBAU","","Standalone","","","31 May 2018"
"23/05/2018 06:41","Purchase","'70838153003423983","WXR21","","PRIMAX 95","Billed","18.85","41.48","PSS REMBAU","","Standalone","","","31 May 2018"
"20/05/2018 15:07","Purchase","'70838153003423983","WXR21","","PRIMAX 95","Billed","27.27","60.00","PSS REMBAU","","Standalone","","","31 May 2018"
"13/05/2018 14:07","Purchase","'70838153003423983","WXR21","","PRIMAX 95","Billed","36.45","80.18","PSS REMBAU","","Standalone","","","31 May 2018"
"06/05/2018 20:28","Purchase","'70838153003423983","WXR21","","PRIMAX 95","Billed","24.56","54.03","PSS REMBAU","","Standalone","","","31 May 2018"