"Date Time","Transaction Type","Card Number","Vehicle Number","Driver Card Number","Product Type","Billing Type","Transaction Volume (Litres)","Transaction Amount (RM)","Station Name","Odometer","Card Type","Cost Centre","Cost Centre Name","Statement Month"
"31/05/2018 05:47","Purchase","'70838153003581566","WXR1105","","Diesel","Billed","252.29","550.00","PSS EAST-WEST LINK","","Standalone","","","31 May 2018"
"31/05/2018 05:46","Reload","'70838153003581566","WXR1105","","","Billed","","-550.00","PSS EAST-WEST LINK","","Standalone","","","31 May 2018"
"25/05/2018 10:17","Purchase","'70838153003581566","WXR1105","","Diesel","Billed","252.29","550.00","PSS GRAND SAGA 2","","Standalone","","","31 May 2018"
"25/05/2018 10:15","Reload","'70838153003581566","WXR1105","","","Billed","","-550.00","PSS GRAND SAGA 2","","Standalone","","","31 May 2018"
"24/05/2018 15:28","Purchase","'70838153003581566","WXR1105","","Diesel","Billed","22.94","50.00","PSS PRIMA SAUJANA 1","","Standalone","","","31 May 2018"
"24/05/2018 15:25","Reload","'70838153003581566","WXR1105","","","Billed","","-50.00","PSS PRIMA SAUJANA 1","","Standalone","","","31 May 2018"
"22/05/2018 13:15","Purchase","'70838153003581566","WXR1105","","Diesel","Billed","22.94","50.00","PSS PRIMA SAUJANA 1","","Standalone","","","31 May 2018"
"22/05/2018 13:14","Reload","'70838153003581566","WXR1105","","","Billed","","-50.00","PSS PRIMA SAUJANA 1","","Standalone","","","31 May 2018"
"22/05/2018 11:58","Purchase","'70838153003581566","WXR1105","","Diesel","Billed","45.87","100.00","PSS LOT 4783 BUKIT JALIL","","Standalone","","","31 May 2018"
"22/05/2018 11:54","Reload","'70838153003581566","WXR1105","","","Billed","","-100.00","PSS LOT 4783 BUKIT JALIL","","Standalone","","","31 May 2018"