"Date Time","Transaction Type","Card Number","Vehicle Number","Driver Card Number","Product Type","Billing Type","Transaction Volume (Litres)","Transaction Amount (RM)","Station Name","Odometer","Card Type","Cost Centre","Cost Centre Name","Statement Month"
"27/05/2018 21:47","Purchase","'70838153003424643","WXR50","","PRIMAX 95","Billed","17.00","37.40","PSS MATA AIR","12345","Standalone","","","31 May 2018"
"25/05/2018 18:56","Purchase","'70838153003424643","WXR50","","PRIMAX 95","Billed","20.08","44.18","PSS KODIANG","12345","Standalone","","","31 May 2018"
"22/05/2018 21:18","Purchase","'70838153003424643","WXR50","","PRIMAX 95","Billed","21.47","47.23","PSS MATA AIR","12345","Standalone","","","31 May 2018"
"19/05/2018 16:12","Purchase","'70838153003424643","WXR50","","PRIMAX 95","Billed","20.46","45.01","PSS MUKIM ARAU","12345","Standalone","","","31 May 2018"
"16/05/2018 22:10","Purchase","'70838153003424643","WXR50","","PRIMAX 95","Billed","21.37","47.00","PSS KANGAR","12345","Standalone","","","31 May 2018"
"16/05/2018 12:17","Reload","'70838153003424643","WXR50","","","Billed","","-300.00","PSS PADANG BESAR","","Standalone","","","31 May 2018"