"Date Time","Transaction Type","Card Number","Vehicle Number","Driver Card Number","Product Type","Billing Type","Transaction Volume (Litres)","Transaction Amount (RM)","Station Name","Odometer","Card Type","Cost Centre","Cost Centre Name","Statement Month"
"14/05/2018 14:18","Purchase","'70838153003498043","WXR613","","PRIMAX 97","Billed","8.10","20.00","PSS SENTUL","","Standalone","","","31 May 2018"
"13/05/2018 21:49","Purchase","'70838153003498043","WXR613","","PRIMAX 95","Billed","22.73","50.00","PSS SENTUL","","Standalone","","","31 May 2018"
"13/05/2018 21:48","Reload","'70838153003498043","WXR613","","","Billed","","-50.00","PSS SENTUL","","Standalone","","","31 May 2018"
"09/05/2018 18:17","Purchase","'70838153003498043","WXR613","","PRIMAX 95","Billed","22.73","50.00","PSS JALAN GENTING KLANG 2","","Standalone","","","31 May 2018"
"09/05/2018 18:15","Reload","'70838153003498043","WXR613","","","Billed","","-20.00","PSS JALAN GENTING KLANG 2","","Standalone","","","31 May 2018"
"09/05/2018 18:14","Reload","'70838153003498043","WXR613","","","Billed","","-50.00","PSS JALAN GENTING KLANG 2","","Standalone","","","31 May 2018"