"Date Time","Transaction Type","Card Number","Vehicle Number","Driver Card Number","Product Type","Billing Type","Transaction Volume (Litres)","Transaction Amount (RM)","Station Name","Odometer","Card Type","Cost Centre","Cost Centre Name","Statement Month"
"16/05/2018 17:28","Purchase","'70838153003501762","WXR728","","PRIMAX 95","Billed","13.64","30.00","PSS BEMBAN JASIN","","Standalone","","","31 May 2018"
"16/05/2018 17:27","Reload","'70838153003501762","WXR728","","","Billed","","-50.00","PSS BEMBAN JASIN","","Standalone","","","31 May 2018"
"14/05/2018 09:04","Purchase","'70838153003501762","WXR728","","PRIMAX 95","Billed","3.87","8.52","PSS AIR KEROH RSA NORTH BOUND","","Standalone","","","31 May 2018"
"11/05/2018 10:30","Purchase","'70838153003501762","WXR728","","PRIMAX 95","Billed","9.09","20.00","PSS AIR KEROH RSA NORTH BOUND","","Standalone","","","31 May 2018"
"10/05/2018 13:28","Purchase","'70838153003501762","WXR728","","PRIMAX 95","Billed","15.91","35.00","PSS MITC","","Standalone","","","31 May 2018"
"10/05/2018 13:26","Reload","'70838153003501762","WXR728","","","Billed","","-20.00","PSS MITC","","Standalone","","","31 May 2018"