"Date Time","Transaction Type","Card Number","Vehicle Number","Driver Card Number","Product Type","Billing Type","Transaction Volume (Litres)","Transaction Amount (RM)","Station Name","Odometer","Card Type","Cost Centre","Cost Centre Name","Statement Month"
"18/05/2018 23:19","Purchase","'70838153003583125","WXR1215","","PRIMAX 97","Billed","6.07","15.00","PSS JLN USJ 14/1L UEP","708381","Standalone","","","31 May 2018"
"14/05/2018 23:38","Purchase","'70838153003583125","WXR1215","","PRIMAX 95","Billed","2.27","5.00","PSS USJ 4 UEP SUBANG JAYA","708381","Standalone","","","31 May 2018"
"14/05/2018 00:58","Purchase","'70838153003583125","WXR1215","","PRIMAX 97","Billed","8.10","20.00","PSS JLN USJ 14/1L UEP","708381","Standalone","","","31 May 2018"
"12/05/2018 22:58","Reload","'70838153003583125","WXR1215","","","Billed","","-40.00","PSS ELITE HIGHWAY","","Standalone","","","31 May 2018"
"12/05/2018 22:54","Purchase","'70838153003583125","WXR1215","","PRIMAX 97","Billed","4.05","10.00","PSS ELITE HIGHWAY","708381","Standalone","","","31 May 2018"