"Date Time","Transaction Type","Card Number","Vehicle Number","Driver Card Number","Product Type","Billing Type","Transaction Volume (Litres)","Transaction Amount (RM)","Station Name","Odometer","Card Type","Cost Centre","Cost Centre Name","Statement Month"
"13/05/2018 09:48","Purchase","'70838153003424916","WXR60","","PRIMAX 95","Billed","4.55","10.00","PSS JLN TANJONG BENDAHARA","","Standalone","","","31 May 2018"
"12/05/2018 17:06","Purchase","'70838153003424916","WXR60","","PRIMAX 95","Billed","13.64","30.00","PSS JLN TANJONG BENDAHARA","","Standalone","","","31 May 2018"
"12/05/2018 17:02","Reload","'70838153003424916","WXR60","","","Billed","","-30.00","PSS JLN TANJONG BENDAHARA","","Standalone","","","31 May 2018"
"04/05/2018 22:40","Purchase","'70838153003424916","WXR60","","PRIMAX 95","Billed","18.18","40.00","PSS SIMPANG PULAI ARAH UTARA","","Standalone","","","31 May 2018"
"04/05/2018 22:38","Reload","'70838153003424916","WXR60","","","Billed","","-40.00","PSS SIMPANG PULAI ARAH UTARA","","Standalone","","","31 May 2018"
"04/05/2018 07:45","Purchase","'70838153003424916","WXR60","","PRIMAX 95","Billed","47.57","104.65","PSS JLN TANJONG BENDAHARA","","Standalone","","","31 May 2018"
"04/05/2018 07:41","Reload","'70838153003424916","WXR60","","","Billed","","-100.00","PSS JLN TANJONG BENDAHARA","","Standalone","","","31 May 2018"