"Date Time","Transaction Type","Card Number","Vehicle Number","Driver Card Number","Product Type","Billing Type","Transaction Volume (Litres)","Transaction Amount (RM)","Station Name","Odometer","Card Type","Cost Centre","Cost Centre Name","Statement Month"
"31/05/2018 15:33","Purchase","'70838153003497789","WXR602","","PRIMAX 95","Billed","18.18","40.00","PSS LDP PUCHONG UTAMA","4353","Standalone","","","31 May 2018"
"30/05/2018 17:19","Purchase","'70838153003497789","WXR602","","PRIMAX 95","Billed","18.18","40.00","PSS BATU 6 JALAN IPOH","43120","Standalone","","","31 May 2018"
"30/05/2018 17:16","Reload","'70838153003497789","WXR602","","","Billed","","-50.00","PSS BATU 6 JALAN IPOH","","Standalone","","","31 May 2018"
"28/05/2018 09:18","Purchase","'70838153003497789","WXR602","","PRIMAX 95","Billed","22.73","50.00","PSS SG BULOH LAYBY","","Standalone","","","31 May 2018"
"28/05/2018 09:17","Reload","'70838153003497789","WXR602","","","Billed","","-50.00","PSS SG BULOH LAYBY","","Standalone","","","31 May 2018"