"Date Time","Transaction Type","Card Number","Vehicle Number","Driver Card Number","Product Type","Billing Type","Transaction Volume (Litres)","Transaction Amount (RM)","Station Name","Odometer","Card Type","Cost Centre","Cost Centre Name","Statement Month"
"24/05/2018 20:16","Purchase","'70838153003503305","WXR744","","PRIMAX 95","Billed","13.64","30.00","PSS PASIR GUDANG (JB BOUND)","","Standalone","","","31 May 2018"
"23/05/2018 15:46","Purchase","'70838153003503305","WXR744","","PRIMAX 95","Billed","13.64","30.00","PSS TAMAN DESA KLUANG","","Standalone","","","31 May 2018"
"23/05/2018 15:45","Reload","'70838153003503305","WXR744","","","Billed","","-30.00","PSS TAMAN DESA KLUANG","","Standalone","","","31 May 2018"
"17/05/2018 17:56","Purchase","'70838153003503305","WXR744","","PRIMAX 95","Billed","18.18","40.00","PSS BANDAR BARU AIR HITAM","","Standalone","","","31 May 2018"
"17/05/2018 17:55","Reload","'70838153003503305","WXR744","","","Billed","","-40.00","PSS BANDAR BARU AIR HITAM","","Standalone","","","31 May 2018"
"12/05/2018 19:33","Purchase","'70838153003503305","WXR744","","PRIMAX 95","Billed","18.18","40.00","PSS KLUANG AIR HITAM","","Standalone","","","31 May 2018"
"12/05/2018 19:30","Reload","'70838153003503305","WXR744","","","Billed","","-40.00","PSS KLUANG AIR HITAM","","Standalone","","","31 May 2018"
"09/05/2018 19:03","Purchase","'70838153003503305","WXR744","","PRIMAX 95","Billed","22.73","50.00","PSS PARIT SULONG","","Standalone","","","31 May 2018"
"09/05/2018 18:59","Reload","'70838153003503305","WXR744","","","Billed","","-50.00","PSS PARIT SULONG","","Standalone","","","31 May 2018"
"07/05/2018 23:18","Reload","'70838153003503305","WXR744","","","Billed","","-20.00","PSS JALAN BATU PAHAT KLUANG","","Standalone","","","31 May 2018"
"07/05/2018 23:14","Purchase","'70838153003503305","WXR744","","PRIMAX 95","Billed","22.73","50.00","PSS JALAN BATU PAHAT KLUANG","","Standalone","","","31 May 2018"
"01/05/2018 13:08","Purchase","'70838153003503305","WXR744","","PRIMAX 95","Billed","9.09","20.00","PSS JALAN BATU PAHAT KLUANG","","Standalone","","","31 May 2018"
"01/05/2018 13:06","Reload","'70838153003503305","WXR744","","","Billed","","-100.00","PSS JALAN BATU PAHAT KLUANG","","Standalone","","","31 May 2018"