"Date Time","Transaction Type","Card Number","Vehicle Number","Driver Card Number","Product Type","Billing Type","Transaction Volume (Litres)","Transaction Amount (RM)","Station Name","Odometer","Card Type","Cost Centre","Cost Centre Name","Statement Month"
"29/05/2018 16:02","Purchase","'70838153003580584","WXR1055","","PRIMAX 95","Billed","38.50","84.70","PSS LUBUK CHINA","","Standalone","","","31 May 2018"
"29/05/2018 16:00","Reload","'70838153003580584","WXR1055","","","Billed","","-100.00","PSS LUBUK CHINA","","Standalone","","","31 May 2018"
"26/05/2018 11:54","Purchase","'70838153003580584","WXR1055","","PRIMAX 95","Billed","22.73","50.00","PSS LUBUK CHINA","","Standalone","","","31 May 2018"
"26/05/2018 11:53","Reload","'70838153003580584","WXR1055","","","Billed","","-50.00","PSS LUBUK CHINA","","Standalone","","","31 May 2018"
"20/05/2018 14:02","Purchase","'70838153003580584","WXR1055","","PRIMAX 95","Billed","22.73","50.00","PSS LUBUK CHINA","","Standalone","","","31 May 2018"
"20/05/2018 14:00","Reload","'70838153003580584","WXR1055","","","Billed","","-50.00","PSS LUBUK CHINA","","Standalone","","","31 May 2018"
"14/05/2018 21:53","Purchase","'70838153003580584","WXR1055","","PRIMAX 95","Billed","38.93","85.65","PSS LUBUK CHINA","","Standalone","","","31 May 2018"
"14/05/2018 21:51","Reload","'70838153003580584","WXR1055","","","Billed","","-50.00","PSS LUBUK CHINA","","Standalone","","","31 May 2018"
"08/05/2018 23:07","Purchase","'70838153003580584","WXR1055","","PRIMAX 95","Billed","22.73","50.00","PSS LUBUK CHINA","","Standalone","","","31 May 2018"
"03/05/2018 18:07","Reload","'70838153003580584","WXR1055","","","Billed","","-50.00","PSS LUBUK CHINA","","Standalone","","","31 May 2018"