"Date Time","Transaction Type","Card Number","Vehicle Number","Driver Card Number","Product Type","Billing Type","Transaction Volume (Litres)","Transaction Amount (RM)","Station Name","Odometer","Card Type","Cost Centre","Cost Centre Name","Statement Month"
"28/05/2018 17:33","Purchase","'70838153003498761","WXR443","","PRIMAX 95","Billed","32.50","71.50","PSS TAMAN MERANTI JAYA","","Standalone","","","31 May 2018"
"27/05/2018 16:14","Purchase","'70838153003498761","WXR443","","PRIMAX 95","Billed","64.82","142.60","PSS LDP PUCHONG UTAMA","","Standalone","","","31 May 2018"
"23/05/2018 10:24","Purchase","'70838153003498761","WXR443","","PRIMAX 95","Billed","30.00","66.00","PSS LDP PUCHONG UTAMA","","Standalone","","","31 May 2018"
"22/05/2018 17:55","Reload","'70838153003498761","WXR443","","","Billed","","-700.00","PSS TAMAN MERANTI JAYA","","Standalone","","","31 May 2018"
"16/05/2018 17:21","Purchase","'70838153003498761","WXR443","","PRIMAX 95","Billed","31.55","69.40","PSS TAMAN MERANTI JAYA","","Standalone","","","31 May 2018"
"11/05/2018 15:47","Purchase","'70838153003498761","WXR443","","PRIMAX 95","Billed","32.09","70.60","PSS LDP PUCHONG UTAMA","","Standalone","","","31 May 2018"
"07/05/2018 13:55","Purchase","'70838153003498761","WXR443","","PRIMAX 95","Billed","28.64","63.00","PSS KUALA KANGSAR 1 (JLN SUL ISKANDAR)","","Standalone","","","31 May 2018"
"04/05/2018 18:27","Purchase","'70838153003498761","WXR443","","PRIMAX 95","Billed","62.27","137.00","PSS TAMAN MERANTI JAYA","","Standalone","","","31 May 2018"
"03/05/2018 16:59","Purchase","'70838153003498761","WXR443","","PRIMAX 95","Billed","30.68","67.50","PSS BUKIT JELUTONG RESIDENTIAL","","Standalone","","","31 May 2018"