"Date Time","Transaction Type","Card Number","Vehicle Number","Driver Card Number","Product Type","Billing Type","Transaction Volume (Litres)","Transaction Amount (RM)","Station Name","Odometer","Card Type","Cost Centre","Cost Centre Name","Statement Month"
"29/05/2018 12:38","Purchase","'70838153003732771","WXR 5762","","PRIMAX 95","Billed","28.28","62.21","PSS JLN TANJONG BENDAHARA","","Standalone","","","31 May 2018"
"29/05/2018 12:37","Reload","'70838153003732771","WXR 5762","","","Billed","","-150.00","PSS JLN TANJONG BENDAHARA","","Standalone","","","31 May 2018"
"21/05/2018 08:44","Purchase","'70838153003732771","WXR 5762","","PRIMAX 95","Billed","16.18","35.58","PSS TAMAN PKNK (ALOR MALAI)","","Standalone","","","31 May 2018"
"13/05/2018 09:13","Purchase","'70838153003732771","WXR 5762","","PRIMAX 95","Billed","26.46","58.21","PSS TAMAN PKNK (ALOR MALAI)","","Standalone","","","31 May 2018"
"08/05/2018 10:29","Purchase","'70838153003732771","WXR 5762","","PRIMAX 95","Billed","23.59","51.89","PSS POKOK SENA","","Standalone","","","31 May 2018"
"06/05/2018 13:59","Purchase","'70838153003732771","WXR 5762","","PRIMAX 97","Billed","12.15","30.00","PSS TAMAN PKNK (ALOR MALAI)","","Standalone","","","31 May 2018"
"04/05/2018 15:23","Purchase","'70838153003732771","WXR 5762","","PRIMAX 95","Billed","13.64","30.00","PSS POKOK SENA","","Standalone","","","31 May 2018"
"04/05/2018 15:22","Reload","'70838153003732771","WXR 5762","","","Billed","","-100.00","PSS POKOK SENA","","Standalone","","","31 May 2018"
"02/05/2018 07:13","Purchase","'70838153003732771","WXR 5762","","PRIMAX 97","Billed","20.25","50.00","PSS TAMAN PKNK (ALOR MALAI)","","Standalone","","","31 May 2018"
"02/05/2018 07:10","Reload","'70838153003732771","WXR 5762","","","Billed","","-150.00","PSS TAMAN PKNK (ALOR MALAI)","","Standalone","","","31 May 2018"