"Date Time","Transaction Type","Card Number","Vehicle Number","Driver Card Number","Product Type","Billing Type","Transaction Volume (Litres)","Transaction Amount (RM)","Station Name","Odometer","Card Type","Cost Centre","Cost Centre Name","Statement Month"
"30/05/2018 14:52","Purchase","'70838153003423165","WXR92","","PRIMAX 95","Billed","22.73","50.00","PSS SIMPANG PULAI ARAH SELATAN","","Standalone","","","31 May 2018"
"30/05/2018 14:51","Reload","'70838153003423165","WXR92","","","Billed","","-50.00","PSS SIMPANG PULAI ARAH SELATAN","","Standalone","","","31 May 2018"
"12/05/2018 18:34","Purchase","'70838153003423165","WXR92","","PRIMAX 95","Billed","22.73","50.00","PSS SIMPANG PULAI ARAH UTARA","","Standalone","","","31 May 2018"
"12/05/2018 18:32","Reload","'70838153003423165","WXR92","","","Billed","","-50.00","PSS SIMPANG PULAI ARAH UTARA","","Standalone","","","31 May 2018"
"08/05/2018 12:59","Purchase","'70838153003423165","WXR92","","PRIMAX 95","Billed","22.73","50.00","PSS BIDOR TAPAH","","Standalone","","","31 May 2018"
"08/05/2018 12:56","Reload","'70838153003423165","WXR92","","","Billed","","-50.00","PSS BIDOR TAPAH","","Standalone","","","31 May 2018"