"Date Time","Transaction Type","Card Number","Vehicle Number","Driver Card Number","Product Type","Billing Type","Transaction Volume (Litres)","Transaction Amount (RM)","Station Name","Odometer","Card Type","Cost Centre","Cost Centre Name","Statement Month"
"18/05/2018 17:37","Reload","'70838153003425186","WXR70","","","Billed","","-150.00","PSS LAVENDER HEIGHTS","","Standalone","","","31 May 2018"
"11/05/2018 15:57","Purchase","'70838153003425186","WXR70","","PRIMAX 95","Billed","42.68","93.89","PSS JALAN BESAR SERDANG","3000","Standalone","","","31 May 2018"
"10/05/2018 16:12","Reload","'70838153003425186","WXR70","","","Billed","","-100.00","PSS JALAN BESAR SERDANG","","Standalone","","","31 May 2018"
"07/05/2018 18:59","Purchase","'70838153003425186","WXR70","","PRIMAX 95","Billed","44.02","96.85","PSS JALAN BESAR SERDANG","41800","Standalone","","","31 May 2018"
"05/05/2018 11:27","Purchase","'70838153003425186","WXR70","","PRIMAX 95","Billed","21.72","47.78","PSS AMPANGAN 2","41600","Standalone","","","31 May 2018"
"05/05/2018 11:20","Reload","'70838153003425186","WXR70","","","Billed","","-150.00","PSS AMPANGAN 2","","Standalone","","","31 May 2018"
"05/05/2018 11:17","Purchase","'70838153003425186","WXR70","","PRIMAX 95","Billed","3.22","7.08","PSS AMPANGAN 2","41600","Standalone","","","31 May 2018"
"02/05/2018 16:20","Purchase","'70838153003425186","WXR70","","PRIMAX 95","Billed","41.98","92.35","PSS AMPANGAN 2","40500","Standalone","","","31 May 2018"