"Date Time","Transaction Type","Card Number","Vehicle Number","Driver Card Number","Product Type","Billing Type","Transaction Volume (Litres)","Transaction Amount (RM)","Station Name","Odometer","Card Type","Cost Centre","Cost Centre Name","Statement Month"
"24/05/2018 15:37","Purchase","'70838153003499058","WXR644","","PRIMAX 95","Billed","13.64","30.00","PSS MRR2 BATU CAVES","8030","Standalone","","","31 May 2018"
"24/05/2018 15:35","Reload","'70838153003499058","WXR644","","","Billed","","-100.00","PSS MRR2 BATU CAVES","","Standalone","","","31 May 2018"
"21/05/2018 15:30","Purchase","'70838153003499058","WXR644","","PRIMAX 95","Billed","3.18","7.00","PSS TAMAN SAMUDERA BATU CAVES","8030","Standalone","","","31 May 2018"
"08/05/2018 20:04","Purchase","'70838153003499058","WXR644","","PRIMAX 95","Billed","3.18","7.00","PSS TAMAN WILAYAH","8030","Standalone","","","31 May 2018"
"05/05/2018 10:20","Purchase","'70838153003499058","WXR644","","PRIMAX 95","Billed","33.36","73.40","PSS MRR2 BATU CAVES","8030","Standalone","","","31 May 2018"
"05/05/2018 10:18","Reload","'70838153003499058","WXR644","","","Billed","","-100.00","PSS MRR2 BATU CAVES","","Standalone","","","31 May 2018"