"Date Time","Transaction Type","Card Number","Vehicle Number","Driver Card Number","Product Type","Billing Type","Transaction Volume (Litres)","Transaction Amount (RM)","Station Name","Odometer","Card Type","Cost Centre","Cost Centre Name","Statement Month"
"29/05/2018 06:44","Purchase","'70838153003496393","WXR355","","PRIMAX 95","Billed","22.73","50.00","PSS JALAN KUANTAN SG LEMBING","","Standalone","","","31 May 2018"
"29/05/2018 06:43","Reload","'70838153003496393","WXR355","","","Billed","","-50.00","PSS JALAN KUANTAN SG LEMBING","","Standalone","","","31 May 2018"
"26/05/2018 06:50","Purchase","'70838153003496393","WXR355","","PRIMAX 95","Billed","28.72","63.18","PSS JALAN KUANTAN SG LEMBING","","Standalone","","","31 May 2018"
"26/05/2018 06:48","Reload","'70838153003496393","WXR355","","","Billed","","-50.00","PSS JALAN KUANTAN SG LEMBING","","Standalone","","","31 May 2018"
"21/05/2018 06:48","Purchase","'70838153003496393","WXR355","","PRIMAX 95","Billed","22.73","50.00","PSS JALAN KUANTAN SG LEMBING","","Standalone","","","31 May 2018"
"21/05/2018 06:48","Reload","'70838153003496393","WXR355","","","Billed","","-50.00","PSS JALAN KUANTAN SG LEMBING","","Standalone","","","31 May 2018"
"17/05/2018 06:50","Purchase","'70838153003496393","WXR355","","PRIMAX 95","Billed","22.73","50.00","PSS JALAN KUANTAN SG LEMBING","","Standalone","","","31 May 2018"
"17/05/2018 06:48","Reload","'70838153003496393","WXR355","","","Billed","","-50.00","PSS JALAN KUANTAN SG LEMBING","","Standalone","","","31 May 2018"