"Date Time","Transaction Type","Card Number","Vehicle Number","Driver Card Number","Product Type","Billing Type","Transaction Volume (Litres)","Transaction Amount (RM)","Station Name","Odometer","Card Type","Cost Centre","Cost Centre Name","Statement Month"
"23/05/2018 12:55","Purchase","'70838153003584230","WXR1499","","PRIMAX 95","Billed","9.09","20.00","PSS JALAN MAT SALLEH","1651","Standalone","","","31 May 2018"
"21/05/2018 14:37","Purchase","'70838153003584230","WXR1499","","PRIMAX 95","Billed","13.64","30.00","PSS KEPAYAN","1651","Standalone","","","31 May 2018"
"21/05/2018 14:34","Reload","'70838153003584230","WXR1499","","","Billed","","-50.00","PSS KEPAYAN","","Standalone","","","31 May 2018"
"16/05/2018 13:10","Purchase","'70838153003584230","WXR1499","","PRIMAX 95","Billed","13.64","30.00","PSS KEPAYAN","","Standalone","","","31 May 2018"
"16/05/2018 13:07","Reload","'70838153003584230","WXR1499","","","Billed","","-50.00","PSS KEPAYAN","","Standalone","","","31 May 2018"