"Date Time","Transaction Type","Card Number","Vehicle Number","Driver Card Number","Product Type","Billing Type","Transaction Volume (Litres)","Transaction Amount (RM)","Station Name","Odometer","Card Type","Cost Centre","Cost Centre Name","Statement Month"
"31/05/2018 06:34","Purchase","'70838153003680400","WXR 2302","","PRIMAX 95","Billed","9.09","20.00","PSS SEK 22 SHAH ALAM","","Standalone","","","31 May 2018"
"31/05/2018 06:32","Reload","'70838153003680400","WXR 2302","","","Billed","","-20.00","PSS SEK 22 SHAH ALAM","","Standalone","","","31 May 2018"
"30/05/2018 14:46","Purchase","'70838153003680400","WXR 2302","","PRIMAX 95","Billed","13.64","30.00","PSS FAS","","Standalone","","","31 May 2018"
"30/05/2018 14:45","Reload","'70838153003680400","WXR 2302","","","Billed","","-30.00","PSS FAS","","Standalone","","","31 May 2018"
"30/05/2018 06:35","Purchase","'70838153003680400","WXR 2302","","PRIMAX 95","Billed","14.10","31.03","PSS SEK 22 SHAH ALAM","","Standalone","","","31 May 2018"
"30/05/2018 06:33","Reload","'70838153003680400","WXR 2302","","","Billed","","-10.00","PSS SEK 22 SHAH ALAM","","Standalone","","","31 May 2018"
"29/05/2018 22:11","Purchase","'70838153003680400","WXR 2302","","PRIMAX 95","Billed","13.17","28.97","PSS BDR SAUJANA PUTRA","","Standalone","","","31 May 2018"
"29/05/2018 22:10","Reload","'70838153003680400","WXR 2302","","","Billed","","-20.00","PSS BDR SAUJANA PUTRA","","Standalone","","","31 May 2018"
"29/05/2018 22:08","Reload","'70838153003680400","WXR 2302","","","Billed","","-30.00","PSS BDR SAUJANA PUTRA","","Standalone","","","31 May 2018"
"28/05/2018 06:42","Purchase","'70838153003680400","WXR 2302","","PRIMAX 95","Billed","14.01","30.82","PSS SEK 22 SHAH ALAM","","Standalone","","","31 May 2018"
"27/05/2018 00:50","Reload","'70838153003680400","WXR 2302","","","Billed","","-20.00","PSS BDR SAUJANA PUTRA","","Standalone","","","31 May 2018"
"27/05/2018 00:47","Purchase","'70838153003680400","WXR 2302","","PRIMAX 95","Billed","17.81","39.18","PSS BDR SAUJANA PUTRA","","Standalone","","","31 May 2018"
"27/05/2018 00:46","Reload","'70838153003680400","WXR 2302","","","Billed","","-50.00","PSS BDR SAUJANA PUTRA","","Standalone","","","31 May 2018"
"24/05/2018 06:38","Purchase","'70838153003680400","WXR 2302","","PRIMAX 95","Billed","13.66","30.06","PSS SEK 22 SHAH ALAM","","Standalone","","","31 May 2018"
"24/05/2018 00:18","Purchase","'70838153003680400","WXR 2302","","PRIMAX 95","Billed","18.16","39.94","PSS BDR SAUJANA PUTRA","","Standalone","","","31 May 2018"
"24/05/2018 00:17","Reload","'70838153003680400","WXR 2302","","","Billed","","-70.00","PSS BDR SAUJANA PUTRA","","Standalone","","","31 May 2018"
"23/05/2018 06:40","Purchase","'70838153003680400","WXR 2302","","PRIMAX 95","Billed","13.64","30.00","PSS SEK 22 SHAH ALAM","","Standalone","","","31 May 2018"
"23/05/2018 06:38","Reload","'70838153003680400","WXR 2302","","","Billed","","-30.00","PSS SEK 22 SHAH ALAM","","Standalone","","","31 May 2018"
"22/05/2018 06:38","Purchase","'70838153003680400","WXR 2302","","PRIMAX 95","Billed","9.09","20.00","PSS SEK 22 SHAH ALAM","","Standalone","","","31 May 2018"
"21/05/2018 06:39","Purchase","'70838153003680400","WXR 2302","","PRIMAX 95","Billed","5.81","12.78","PSS SEK 22 SHAH ALAM","","Standalone","","","31 May 2018"
"21/05/2018 06:37","Reload","'70838153003680400","WXR 2302","","","Billed","","-10.00","PSS SEK 22 SHAH ALAM","","Standalone","","","31 May 2018"
"19/05/2018 16:45","Purchase","'70838153003680400","WXR 2302","","PRIMAX 95","Billed","22.73","50.00","PSS BDR SAUJANA PUTRA","","Standalone","","","31 May 2018"
"19/05/2018 16:42","Reload","'70838153003680400","WXR 2302","","","Billed","","-40.00","PSS BDR SAUJANA PUTRA","","Standalone","","","31 May 2018"
"18/05/2018 15:10","Purchase","'70838153003680400","WXR 2302","","PRIMAX 95","Billed","13.64","30.00","PSS KM 4 JALAN SALLEH","","Standalone","","","31 May 2018"
"18/05/2018 15:09","Reload","'70838153003680400","WXR 2302","","","Billed","","-50.00","PSS KM 4 JALAN SALLEH","","Standalone","","","31 May 2018"
"18/05/2018 00:04","Purchase","'70838153003680400","WXR 2302","","PRIMAX 95","Billed","16.92","37.22","PSS BDR SAUJANA PUTRA","","Standalone","","","31 May 2018"
"18/05/2018 00:02","Reload","'70838153003680400","WXR 2302","","","Billed","","-50.00","PSS BDR SAUJANA PUTRA","","Standalone","","","31 May 2018"
"17/05/2018 06:42","Purchase","'70838153003680400","WXR 2302","","PRIMAX 95","Billed","9.09","20.00","PSS SEK 22 SHAH ALAM","","Standalone","","","31 May 2018"
"17/05/2018 06:40","Reload","'70838153003680400","WXR 2302","","","Billed","","-20.00","PSS SEK 22 SHAH ALAM","","Standalone","","","31 May 2018"
"16/05/2018 06:41","Purchase","'70838153003680400","WXR 2302","","PRIMAX 95","Billed","13.64","30.00","PSS SEK 22 SHAH ALAM","","Standalone","","","31 May 2018"
"16/05/2018 06:39","Reload","'70838153003680400","WXR 2302","","","Billed","","-30.00","PSS SEK 22 SHAH ALAM","","Standalone","","","31 May 2018"
"15/05/2018 06:41","Purchase","'70838153003680400","WXR 2302","","PRIMAX 95","Billed","13.64","30.00","PSS SEK 22 SHAH ALAM","","Standalone","","","31 May 2018"
"15/05/2018 06:39","Reload","'70838153003680400","WXR 2302","","","Billed","","-30.00","PSS SEK 22 SHAH ALAM","","Standalone","","","31 May 2018"
"14/05/2018 06:42","Purchase","'70838153003680400","WXR 2302","","PRIMAX 95","Billed","13.64","30.00","PSS SEK 22 SHAH ALAM","","Standalone","","","31 May 2018"
"13/05/2018 19:42","Purchase","'70838153003680400","WXR 2302","","PRIMAX 95","Billed","4.55","10.00","PSS USJ 20","","Standalone","","","31 May 2018"
"13/05/2018 19:37","Reload","'70838153003680400","WXR 2302","","","Billed","","-10.00","PSS USJ 20","","Standalone","","","31 May 2018"
"13/05/2018 12:47","Purchase","'70838153003680400","WXR 2302","","PRIMAX 95","Billed","22.73","50.00","PSS BDR SAUJANA PUTRA","","Standalone","","","31 May 2018"
"13/05/2018 12:45","Reload","'70838153003680400","WXR 2302","","","Billed","","-30.00","PSS BDR SAUJANA PUTRA","","Standalone","","","31 May 2018"
"13/05/2018 12:44","Reload","'70838153003680400","WXR 2302","","","Billed","","-50.00","PSS BDR SAUJANA PUTRA","","Standalone","","","31 May 2018"
"11/05/2018 13:22","Purchase","'70838153003680400","WXR 2302","","PRIMAX 95","Billed","13.64","30.00","PSS BDR SAUJANA PUTRA","","Standalone","","","31 May 2018"
"09/05/2018 13:11","Purchase","'70838153003680400","WXR 2302","","PRIMAX 95","Billed","9.09","20.00","PSS NKVE HIGHWAY","","Standalone","","","31 May 2018"
"09/05/2018 13:10","Reload","'70838153003680400","WXR 2302","","","Billed","","-50.00","PSS NKVE HIGHWAY","","Standalone","","","31 May 2018"
"08/05/2018 13:43","Purchase","'70838153003680400","WXR 2302","","PRIMAX 95","Billed","27.27","60.00","PSS BDR SAUJANA PUTRA","","Standalone","","","31 May 2018"
"08/05/2018 13:42","Reload","'70838153003680400","WXR 2302","","","Billed","","-50.00","PSS BDR SAUJANA PUTRA","","Standalone","","","31 May 2018"
"04/05/2018 16:50","Purchase","'70838153003680400","WXR 2302","","PRIMAX 95","Billed","22.73","50.00","PSS BDR SAUJANA PUTRA","","Standalone","","","31 May 2018"
"04/05/2018 16:48","Reload","'70838153003680400","WXR 2302","","","Billed","","-50.00","PSS BDR SAUJANA PUTRA","","Standalone","","","31 May 2018"
"04/05/2018 11:27","Purchase","'70838153003680400","WXR 2302","","PRIMAX 95","Billed","13.64","30.00","PSS BDR SAUJANA PUTRA","","Standalone","","","31 May 2018"
"04/05/2018 11:25","Reload","'70838153003680400","WXR 2302","","","Billed","","-30.00","PSS BDR SAUJANA PUTRA","","Standalone","","","31 May 2018"
"03/05/2018 06:36","Purchase","'70838153003680400","WXR 2302","","PRIMAX 95","Billed","13.64","30.00","PSS SEK 22 SHAH ALAM","","Standalone","","","31 May 2018"
"03/05/2018 06:34","Reload","'70838153003680400","WXR 2302","","","Billed","","-30.00","PSS SEK 22 SHAH ALAM","","Standalone","","","31 May 2018"
"02/05/2018 06:36","Purchase","'70838153003680400","WXR 2302","","PRIMAX 95","Billed","11.71","25.77","PSS SEK 22 SHAH ALAM","","Standalone","","","31 May 2018"
"02/05/2018 06:33","Reload","'70838153003680400","WXR 2302","","","Billed","","-10.00","PSS SEK 22 SHAH ALAM","","Standalone","","","31 May 2018"