"Date Time","Transaction Type","Card Number","Vehicle Number","Driver Card Number","Product Type","Billing Type","Transaction Volume (Litres)","Transaction Amount (RM)","Station Name","Odometer","Card Type","Cost Centre","Cost Centre Name","Statement Month"
"24/05/2018 21:00","Purchase","'70838153003733209","WXR 5853","","PRIMAX 95","Billed","9.09","20.00","PSS MARAN","","Standalone","","","31 May 2018"
"24/05/2018 20:59","Reload","'70838153003733209","WXR 5853","","","Billed","","-20.00","PSS MARAN","","Standalone","","","31 May 2018"
"16/05/2018 07:38","Purchase","'70838153003733209","WXR 5853","","PRIMAX 95","Billed","4.55","10.00","PSS MARAN","","Standalone","","","31 May 2018"
"16/05/2018 07:37","Reload","'70838153003733209","WXR 5853","","","Billed","","-10.00","PSS MARAN","","Standalone","","","31 May 2018"
"13/05/2018 13:07","Purchase","'70838153003733209","WXR 5853","","PRIMAX 95","Billed","22.73","50.00","PSS MARAN","","Standalone","","","31 May 2018"
"13/05/2018 13:04","Reload","'70838153003733209","WXR 5853","","","Billed","","-50.00","PSS MARAN","","Standalone","","","31 May 2018"
"09/05/2018 21:29","Purchase","'70838153003733209","WXR 5853","","PRIMAX 95","Billed","27.27","60.00","PSS JLN TENGKU ISMAIL TEMERLOH","","Standalone","","","31 May 2018"
"09/05/2018 21:26","Reload","'70838153003733209","WXR 5853","","","Billed","","-60.00","PSS JLN TENGKU ISMAIL TEMERLOH","","Standalone","","","31 May 2018"
"04/05/2018 18:42","Purchase","'70838153003733209","WXR 5853","","PRIMAX 95","Billed","9.09","20.00","PSS MARAN","","Standalone","","","31 May 2018"
"04/05/2018 18:41","Reload","'70838153003733209","WXR 5853","","","Billed","","-20.00","PSS MARAN","","Standalone","","","31 May 2018"