"Date Time","Transaction Type","Card Number","Vehicle Number","Driver Card Number","Product Type","Billing Type","Transaction Volume (Litres)","Transaction Amount (RM)","Station Name","Odometer","Card Type","Cost Centre","Cost Centre Name","Statement Month"
"30/05/2018 14:33","Purchase","'70838153003582135","WXR1137","","PRIMAX 95","Billed","13.64","30.00","PSS SUNWAY CITY","","Standalone","","","31 May 2018"
"30/05/2018 14:31","Reload","'70838153003582135","WXR1137","","","Billed","","-30.00","PSS SUNWAY CITY","","Standalone","","","31 May 2018"
"28/05/2018 15:53","Purchase","'70838153003582135","WXR1137","","PRIMAX 95","Billed","9.09","20.00","PSS SUNWAY CITY","","Standalone","","","31 May 2018"
"25/05/2018 08:39","Purchase","'70838153003582135","WXR1137","","PRIMAX 95","Billed","9.09","20.00","PSS SUNWAY CITY","","Standalone","","","31 May 2018"
"25/05/2018 08:38","Reload","'70838153003582135","WXR1137","","","Billed","","-20.00","PSS SUNWAY CITY","","Standalone","","","31 May 2018"
"17/05/2018 15:30","Purchase","'70838153003582135","WXR1137","","PRIMAX 95","Billed","13.64","30.00","PSS JALAN GOPENG II","","Standalone","","","31 May 2018"
"14/05/2018 15:45","Purchase","'70838153003582135","WXR1137","","PRIMAX 95","Billed","13.64","30.00","PSS SUNWAY CITY","","Standalone","","","31 May 2018"
"13/05/2018 10:41","Purchase","'70838153003582135","WXR1137","","PRIMAX 95","Billed","13.64","30.00","PSS SUNWAY CITY","","Standalone","","","31 May 2018"
"13/05/2018 10:39","Reload","'70838153003582135","WXR1137","","","Billed","","-100.00","PSS SUNWAY CITY","","Standalone","","","31 May 2018"
"10/05/2018 17:52","Purchase","'70838153003582135","WXR1137","","PRIMAX 95","Billed","13.64","30.00","PSS SUNWAY CITY","","Standalone","","","31 May 2018"
"09/05/2018 09:36","Purchase","'70838153003582135","WXR1137","","PRIMAX 95","Billed","13.64","30.00","PSS SUNWAY CITY","","Standalone","","","31 May 2018"
"06/05/2018 11:41","Purchase","'70838153003582135","WXR1137","","PRIMAX 95","Billed","13.64","30.00","PSS SUNWAY CITY","","Standalone","","","31 May 2018"
"06/05/2018 11:39","Reload","'70838153003582135","WXR1137","","","Billed","","-100.00","PSS SUNWAY CITY","","Standalone","","","31 May 2018"
"06/05/2018 11:34","Purchase","'70838153003582135","WXR1137","","PRIMAX 95","Billed","8.02","17.64","PSS SUNWAY CITY","","Standalone","","","31 May 2018"
"02/05/2018 10:28","Purchase","'70838153003582135","WXR1137","","PRIMAX 95","Billed","13.64","30.00","PSS BERCHAM 2","","Standalone","","","31 May 2018"