"Date Time","Transaction Type","Card Number","Vehicle Number","Driver Card Number","Product Type","Billing Type","Transaction Volume (Litres)","Transaction Amount (RM)","Station Name","Odometer","Card Type","Cost Centre","Cost Centre Name","Statement Month"
"26/05/2018 14:21","Purchase","'70838153003735477","WXR 5813","","PRIMAX 95","Billed","2.27","5.00","PSS JALAN ROMPIN BAHAU 1","","Standalone","","","31 May 2018"
"17/05/2018 14:14","Purchase","'70838153003735477","WXR 5813","","PRIMAX 95","Billed","9.09","20.00","PSS JALAN ROMPIN BAHAU 1","","Standalone","","","31 May 2018"
"12/05/2018 21:40","Reload","'70838153003735477","WXR 5813","","","Billed","","-20.00","PSS ROMPIN BAHAU","","Standalone","","","31 May 2018"
"03/05/2018 09:35","Purchase","'70838153003735477","WXR 5813","","PRIMAX 95","Billed","3.18","7.00","PSS ROMPIN BAHAU","","Standalone","","","31 May 2018"
"01/05/2018 15:53","Reload","'70838153003735477","WXR 5813","","","Billed","","-25.00","PSS ROMPIN BAHAU","","Standalone","","","31 May 2018"
"01/05/2018 15:53","Purchase","'70838153003735477","WXR 5813","","PRIMAX 95","Billed","9.09","20.00","PSS ROMPIN BAHAU","","Standalone","","","31 May 2018"