"Date Time","Transaction Type","Card Number","Vehicle Number","Driver Card Number","Product Type","Billing Type","Transaction Volume (Litres)","Transaction Amount (RM)","Station Name","Odometer","Card Type","Cost Centre","Cost Centre Name","Statement Month"
"31/05/2018 20:58","Purchase","'70838153003498118","WXR413","","PRIMAX 95","Billed","13.64","30.00","PSS AULONG","","Standalone","","","31 May 2018"
"31/05/2018 20:56","Reload","'70838153003498118","WXR413","","","Billed","","-30.00","PSS AULONG","","Standalone","","","31 May 2018"
"29/05/2018 21:30","Purchase","'70838153003498118","WXR413","","PRIMAX 95","Billed","18.18","40.00","PSS JALAN SIMPANG TAIPING","","Standalone","","","31 May 2018"
"29/05/2018 21:29","Reload","'70838153003498118","WXR413","","","Billed","","-40.00","PSS JALAN SIMPANG TAIPING","","Standalone","","","31 May 2018"
"27/05/2018 16:53","Purchase","'70838153003498118","WXR413","","PRIMAX 95","Billed","22.73","50.00","PSS SUNGKAI","","Standalone","","","31 May 2018"
"27/05/2018 16:52","Reload","'70838153003498118","WXR413","","","Billed","","-50.00","PSS SUNGKAI","","Standalone","","","31 May 2018"
"27/05/2018 10:59","Purchase","'70838153003498118","WXR413","","PRIMAX 95","Billed","27.28","60.00","PSS JALAN SIMPANG TAIPING","","Standalone","","","31 May 2018"
"27/05/2018 10:57","Reload","'70838153003498118","WXR413","","","Billed","","-60.00","PSS JALAN SIMPANG TAIPING","","Standalone","","","31 May 2018"
"25/05/2018 12:26","Purchase","'70838153003498118","WXR413","","PRIMAX 95","Billed","35.57","78.24","PSS KM 10 JALAN KUALA KRAI","","Standalone","","","31 May 2018"
"25/05/2018 12:23","Reload","'70838153003498118","WXR413","'70838153003498118","","Billed","","-50.00","PSS KM 10 JALAN KUALA KRAI","","Standalone","","","31 May 2018"
"24/05/2018 09:51","Purchase","'70838153003498118","WXR413","","PRIMAX 95","Billed","55.46","122.00","PSS AULONG","","Standalone","","","31 May 2018"
"24/05/2018 09:49","Reload","'70838153003498118","WXR413","","","Billed","","-150.00","PSS AULONG","","Standalone","","","31 May 2018"
"23/05/2018 14:54","Purchase","'70838153003498118","WXR413","","PRIMAX 95","Billed","13.64","30.00","PSS AULONG","","Standalone","","","31 May 2018"
"23/05/2018 14:53","Reload","'70838153003498118","WXR413","","","Billed","","-30.00","PSS AULONG","","Standalone","","","31 May 2018"
"22/05/2018 12:44","Purchase","'70838153003498118","WXR413","","PRIMAX 95","Billed","22.73","50.00","PSS AULONG","","Standalone","","","31 May 2018"
"22/05/2018 12:42","Reload","'70838153003498118","WXR413","","","Billed","","-50.00","PSS AULONG","","Standalone","","","31 May 2018"
"20/05/2018 19:06","Purchase","'70838153003498118","WXR413","","PRIMAX 95","Billed","18.18","40.00","PSS JALAN SIMPANG TAIPING","","Standalone","","","31 May 2018"
"20/05/2018 19:05","Reload","'70838153003498118","WXR413","","","Billed","","-40.00","PSS JALAN SIMPANG TAIPING","","Standalone","","","31 May 2018"
"19/05/2018 08:44","Purchase","'70838153003498118","WXR413","","PRIMAX 95","Billed","27.27","60.00","PSS AULONG","","Standalone","","","31 May 2018"
"19/05/2018 08:42","Reload","'70838153003498118","WXR413","","","Billed","","-60.00","PSS AULONG","","Standalone","","","31 May 2018"
"17/05/2018 10:45","Purchase","'70838153003498118","WXR413","","PRIMAX 95","Billed","22.73","50.00","PSS AULONG","","Standalone","","","31 May 2018"
"17/05/2018 10:43","Reload","'70838153003498118","WXR413","","","Billed","","-50.00","PSS AULONG","","Standalone","","","31 May 2018"
"15/05/2018 22:29","Purchase","'70838153003498118","WXR413","","PRIMAX 95","Billed","22.73","50.00","PSS AULONG","","Standalone","","","31 May 2018"
"15/05/2018 22:27","Reload","'70838153003498118","WXR413","","","Billed","","-50.00","PSS AULONG","","Standalone","","","31 May 2018"
"14/05/2018 12:28","Purchase","'70838153003498118","WXR413","","PRIMAX 95","Billed","22.73","50.00","PSS AULONG","","Standalone","","","31 May 2018"
"14/05/2018 12:27","Reload","'70838153003498118","WXR413","","","Billed","","-50.00","PSS AULONG","","Standalone","","","31 May 2018"
"12/05/2018 21:15","Purchase","'70838153003498118","WXR413","","PRIMAX 95","Billed","22.73","50.00","PSS JALAN SIMPANG TAIPING","","Standalone","","","31 May 2018"
"12/05/2018 21:14","Reload","'70838153003498118","WXR413","","","Billed","","-50.00","PSS JALAN SIMPANG TAIPING","","Standalone","","","31 May 2018"
"11/05/2018 11:49","Purchase","'70838153003498118","WXR413","","PRIMAX 95","Billed","22.73","50.00","PSS TUPAI","","Standalone","","","31 May 2018"
"11/05/2018 11:47","Reload","'70838153003498118","WXR413","","","Billed","","-50.00","PSS TUPAI","","Standalone","","","31 May 2018"
"08/05/2018 11:27","Purchase","'70838153003498118","WXR413","","PRIMAX 95","Billed","27.27","60.00","PSS AULONG","","Standalone","","","31 May 2018"
"08/05/2018 11:25","Reload","'70838153003498118","WXR413","","","Billed","","-50.00","PSS AULONG","","Standalone","","","31 May 2018"
"06/05/2018 20:33","Purchase","'70838153003498118","WXR413","","PRIMAX 95","Billed","22.73","50.00","PSS AULONG","","Standalone","","","31 May 2018"
"06/05/2018 20:31","Reload","'70838153003498118","WXR413","","","Billed","","-50.00","PSS AULONG","","Standalone","","","31 May 2018"
"02/05/2018 18:31","Purchase","'70838153003498118","WXR413","","PRIMAX 95","Billed","27.27","60.00","PSS TUPAI","","Standalone","","","31 May 2018"
"02/05/2018 18:29","Reload","'70838153003498118","WXR413","","","Billed","","-50.00","PSS TUPAI","","Standalone","","","31 May 2018"