"Date Time","Transaction Type","Card Number","Vehicle Number","Driver Card Number","Product Type","Billing Type","Transaction Volume (Litres)","Transaction Amount (RM)","Station Name","Odometer","Card Type","Cost Centre","Cost Centre Name","Statement Month"
"16/05/2018 18:04","Purchase","'70838153003705918","WXR 3538","","PRIMAX 97","Billed","1.62","4.00","PSS BUKIT BATU","1000","Standalone","","","31 May 2018"
"12/05/2018 11:06","Purchase","'70838153003705918","WXR 3538","","PRIMAX 97","Billed","2.83","7.00","PSS BUKIT BATU","95","Standalone","","","31 May 2018"
"11/05/2018 17:52","Purchase","'70838153003705918","WXR 3538","","PRIMAX 97","Billed","6.07","15.00","PSS SIMPANG RENGGAM","10","Standalone","","","31 May 2018"
"10/05/2018 11:57","Reload","'70838153003705918","WXR 3538","","","Billed","","-20.00","PSS BUKIT BATU","","Standalone","","","31 May 2018"
"06/05/2018 12:06","Purchase","'70838153003705918","WXR 3538","","PRIMAX 97","Billed","2.83","7.00","PSS BUKIT BATU","7","Standalone","","","31 May 2018"
"02/05/2018 18:06","Purchase","'70838153003705918","WXR 3538","","PRIMAX 97","Billed","2.43","6.00","PSS BUKIT BATU","600","Standalone","","","31 May 2018"
"02/05/2018 18:04","Reload","'70838153003705918","WXR 3538","","","Billed","","-20.00","PSS BUKIT BATU","","Standalone","","","31 May 2018"