"Date Time","Transaction Type","Card Number","Vehicle Number","Driver Card Number","Product Type","Billing Type","Transaction Volume (Litres)","Transaction Amount (RM)","Station Name","Odometer","Card Type","Cost Centre","Cost Centre Name","Statement Month"
"28/05/2018 20:18","Purchase","'70838153003424635","WXR49","","PRIMAX 95","Billed","22.73","50.00","PSS JLN TANJONG BENDAHARA","74930","Standalone","","","31 May 2018"
"23/05/2018 21:45","Purchase","'70838153003424635","WXR49","","PRIMAX 95","Billed","25.00","55.00","PSS JLN TANJONG BENDAHARA","74000","Standalone","","","31 May 2018"
"23/05/2018 21:43","Reload","'70838153003424635","WXR49","","","Billed","","-100.00","PSS JLN TANJONG BENDAHARA","","Standalone","","","31 May 2018"
"15/05/2018 21:52","Purchase","'70838153003424635","WXR49","","PRIMAX 95","Billed","22.73","50.00","PSS TAMAN PKNK (ALOR MALAI)","73858","Standalone","","","31 May 2018"
"14/05/2018 20:30","Reload","'70838153003424635","WXR49","","","Billed","","-50.00","PSS JLN TANJONG BENDAHARA","","Standalone","","","31 May 2018"
"08/05/2018 15:27","Purchase","'70838153003424635","WXR49","","PRIMAX 95","Billed","24.55","54.00","PSS MERBOK","74525","Standalone","","","31 May 2018"
"08/05/2018 15:26","Reload","'70838153003424635","WXR49","","","Billed","","-50.00","PSS MERBOK","","Standalone","","","31 May 2018"
"01/05/2018 21:39","Purchase","'70838153003424635","WXR49","","PRIMAX 95","Billed","22.28","49.00","PSS DATUK KUMBAR","728859","Standalone","","","31 May 2018"
"01/05/2018 11:55","Purchase","'70838153003424635","WXR49","","PRIMAX 95","Billed","4.55","10.00","PSS SUNGAI JAGUNG","72250","Standalone","","","31 May 2018"
"01/05/2018 11:52","Reload","'70838153003424635","WXR49","","","Billed","","-60.00","PSS SUNGAI JAGUNG","","Standalone","","","31 May 2018"