"Date Time","Transaction Type","Card Number","Vehicle Number","Driver Card Number","Product Type","Billing Type","Transaction Volume (Litres)","Transaction Amount (RM)","Station Name","Odometer","Card Type","Cost Centre","Cost Centre Name","Statement Month"
"29/05/2018 18:16","Purchase","'70838153003499827","WXR915","","PRIMAX 95","Billed","10.51","23.12","PSS KOTA DAMANSARA","","Standalone","","","31 May 2018"
"21/05/2018 16:51","Purchase","'70838153003499827","WXR915","","PRIMAX 95","Billed","26.39","58.06","PSS KOTA DAMANSARA","","Standalone","","","31 May 2018"
"11/05/2018 11:33","Purchase","'70838153003499827","WXR915","","PRIMAX 95","Billed","26.48","58.25","PSS SUBANG BESTARI","","Standalone","","","31 May 2018"
"02/05/2018 18:41","Purchase","'70838153003499827","WXR915","","PRIMAX 95","Billed","27.28","60.01","PSS KOTA DAMANSARA","","Standalone","","","31 May 2018"
"02/05/2018 18:40","Reload","'70838153003499827","WXR915","","","Billed","","-150.00","PSS KOTA DAMANSARA","","Standalone","","","31 May 2018"