"Date Time","Transaction Type","Card Number","Vehicle Number","Driver Card Number","Product Type","Billing Type","Transaction Volume (Litres)","Transaction Amount (RM)","Station Name","Odometer","Card Type","Cost Centre","Cost Centre Name","Statement Month"
"30/05/2018 17:38","Purchase","'70838153003580667","WXR1059","","PRIMAX 95","Billed","22.73","50.00","PSS MASJID TANAH","","Standalone","","","31 May 2018"
"27/05/2018 23:34","Purchase","'70838153003580667","WXR1059","","PRIMAX 95","Billed","22.73","50.00","PSS KM 305 PLUS ARAH SELATAN","","Standalone","","","31 May 2018"
"23/05/2018 22:22","Purchase","'70838153003580667","WXR1059","","PRIMAX 95","Billed","22.73","50.00","PSS MASJID TANAH","","Standalone","","","31 May 2018"
"23/05/2018 22:20","Reload","'70838153003580667","WXR1059","","","Billed","","-200.00","PSS MASJID TANAH","","Standalone","","","31 May 2018"
"18/05/2018 18:14","Purchase","'70838153003580667","WXR1059","","PRIMAX 95","Billed","22.73","50.00","PSS MASJID TANAH","","Standalone","","","31 May 2018"
"14/05/2018 11:39","Purchase","'70838153003580667","WXR1059","","PRIMAX 95","Billed","22.73","50.00","PSS MASJID TANAH","","Standalone","","","31 May 2018"
"13/05/2018 21:52","Purchase","'70838153003580667","WXR1059","","PRIMAX 95","Billed","22.73","50.00","PSS MASJID TANAH","","Standalone","","","31 May 2018"
"07/05/2018 08:34","Purchase","'70838153003580667","WXR1059","","PRIMAX 95","Billed","22.73","50.00","PSS SIMPANG EMPAT","","Standalone","","","31 May 2018"
"07/05/2018 08:33","Reload","'70838153003580667","WXR1059","","","Billed","","-200.00","PSS SIMPANG EMPAT","","Standalone","","","31 May 2018"
"01/05/2018 14:05","Purchase","'70838153003580667","WXR1059","","PRIMAX 95","Billed","22.73","50.00","PSS LUBUK CHINA","","Standalone","","","31 May 2018"