"Date Time","Transaction Type","Card Number","Vehicle Number","Driver Card Number","Product Type","Billing Type","Transaction Volume (Litres)","Transaction Amount (RM)","Station Name","Odometer","Card Type","Cost Centre","Cost Centre Name","Statement Month"
"25/05/2018 16:30","Purchase","'70838153003498803","WXR445","","PRIMAX 97","Billed","9.56","23.60","PSS SEKSYEN 13","","Standalone","","","31 May 2018"
"23/05/2018 07:34","Purchase","'70838153003498803","WXR445","","PRIMAX 97","Billed","3.24","8.00","PSS TEMASYA FEDERAL HIGHWAY","","Standalone","","","31 May 2018"
"21/05/2018 07:28","Purchase","'70838153003498803","WXR445","","PRIMAX 97","Billed","2.83","7.00","PSS TEMASYA FEDERAL HIGHWAY","","Standalone","","","31 May 2018"
"20/05/2018 18:09","Purchase","'70838153003498803","WXR445","","PRIMAX 97","Billed","16.36","40.40","PSS FAS","","Standalone","","","31 May 2018"
"17/05/2018 10:05","Purchase","'70838153003498803","WXR445","","PRIMAX 97","Billed","12.15","30.00","PSS PEKAN BARU HICOM","","Standalone","","","31 May 2018"
"16/05/2018 07:43","Purchase","'70838153003498803","WXR445","","PRIMAX 97","Billed","2.83","7.00","PSS TEMASYA FEDERAL HIGHWAY","","Standalone","","","31 May 2018"
"14/05/2018 19:04","Purchase","'70838153003498803","WXR445","","PRIMAX 97","Billed","3.24","8.00","PSS BATU 3 FEDERAL HIGHWAY","","Standalone","","","31 May 2018"
"13/05/2018 14:21","Purchase","'70838153003498803","WXR445","","PRIMAX 97","Billed","16.19","40.00","PSS SEKSYEN 13","","Standalone","","","31 May 2018"
"09/05/2018 09:31","Purchase","'70838153003498803","WXR445","","PRIMAX 97","Billed","16.20","40.00","PSS NKVE HIGHWAY","","Standalone","","","31 May 2018"
"08/05/2018 07:15","Purchase","'70838153003498803","WXR445","","PRIMAX 97","Billed","2.43","6.00","PSS FAS","","Standalone","","","31 May 2018"
"08/05/2018 07:13","Reload","'70838153003498803","WXR445","","","Billed","","-200.00","PSS FAS","","Standalone","","","31 May 2018"
"06/05/2018 18:04","Purchase","'70838153003498803","WXR445","","PRIMAX 97","Billed","7.30","18.03","PSS SEKSYEN 13","","Standalone","","","31 May 2018"
"05/05/2018 08:03","Purchase","'70838153003498803","WXR445","","PRIMAX 97","Billed","16.19","40.00","PSS FAS","","Standalone","","","31 May 2018"
"02/05/2018 07:47","Purchase","'70838153003498803","WXR445","","PRIMAX 97","Billed","2.83","7.00","PSS TEMASYA FEDERAL HIGHWAY","","Standalone","","","31 May 2018"
"01/05/2018 10:58","Purchase","'70838153003498803","WXR445","","PRIMAX 97","Billed","12.15","30.00","PSS BANDAR BARU AIR HITAM","","Standalone","","","31 May 2018"