"Date Time","Transaction Type","Card Number","Vehicle Number","Driver Card Number","Product Type","Billing Type","Transaction Volume (Litres)","Transaction Amount (RM)","Station Name","Odometer","Card Type","Cost Centre","Cost Centre Name","Statement Month"
"31/05/2018 13:16","Purchase","'70838153003423405","WXR10","","PRIMAX 95","Billed","19.76","43.47","PSS JAYA GADING","","Standalone","","","31 May 2018"
"28/05/2018 22:58","Purchase","'70838153003423405","WXR10","","PRIMAX 95","Billed","9.09","20.00","PSS BIDOR TAPAH","","Standalone","","","31 May 2018"
"27/05/2018 11:13","Purchase","'70838153003423405","WXR10","","PRIMAX 95","Billed","9.09","20.00","PSS BIDOR TAPAH","","Standalone","","","31 May 2018"
"27/05/2018 11:12","Reload","'70838153003423405","WXR10","","","Billed","","-40.00","PSS BIDOR TAPAH","","Standalone","","","31 May 2018"
"23/05/2018 14:27","Purchase","'70838153003423405","WXR10","","PRIMAX 95","Billed","9.09","20.00","PSS BIDOR TAPAH","","Standalone","","","31 May 2018"
"23/05/2018 14:25","Reload","'70838153003423405","WXR10","","","Billed","","-30.00","PSS BIDOR TAPAH","","Standalone","","","31 May 2018"
"16/05/2018 10:04","Purchase","'70838153003423405","WXR10","","PRIMAX 95","Billed","13.64","30.00","PSS BIDOR TAPAH","","Standalone","","","31 May 2018"
"08/05/2018 07:34","Purchase","'70838153003423405","WXR10","","PRIMAX 95","Billed","13.64","30.00","PSS BIDOR TAPAH","","Standalone","","","31 May 2018"
"03/05/2018 10:53","Reload","'70838153003423405","WXR10","","","Billed","","-80.00","PSS BIDOR TAPAH","","Standalone","","","31 May 2018"
"03/05/2018 10:41","Purchase","'70838153003423405","WXR10","","PRIMAX 97","Billed","12.15","30.00","PSS BIDOR TAPAH","","Standalone","","","31 May 2018"