"Date Time","Transaction Type","Card Number","Vehicle Number","Driver Card Number","Product Type","Billing Type","Transaction Volume (Litres)","Transaction Amount (RM)","Station Name","Odometer","Card Type","Cost Centre","Cost Centre Name","Statement Month"
"27/05/2018 17:41","Purchase","'70838153003422886","WXR81","","PRIMAX 95","Billed","20.13","44.28","PSS JALAN GOPENG II","50","Standalone","","","31 May 2018"
"16/05/2018 19:08","Purchase","'70838153003422886","WXR81","","PRIMAX 95","Billed","22.73","50.00","PSS TAMAN PENGKALAN JAYA","50","Standalone","","","31 May 2018"
"16/05/2018 19:01","Purchase","'70838153003422886","WXR81","","PRIMAX 95","Billed","2.77","6.08","PSS TAMAN PENGKALAN JAYA","50","Standalone","","","31 May 2018"
"16/05/2018 19:00","Reload","'70838153003422886","WXR81","","","Billed","","-100.00","PSS TAMAN PENGKALAN JAYA","","Standalone","","","31 May 2018"
"15/05/2018 18:59","Purchase","'70838153003422886","WXR81","","PRIMAX 95","Billed","21.82","48.00","PSS JALAN GOPENG II","50","Standalone","","","31 May 2018"
"08/05/2018 11:20","Purchase","'70838153003422886","WXR81","","PRIMAX 95","Billed","3.25","7.15","PSS JALAN GOPENG II","50","Standalone","","","31 May 2018"
"07/05/2018 21:48","Purchase","'70838153003422886","WXR81","","PRIMAX 95","Billed","43.20","95.04","PSS TAMAN PENGKALAN UTAMA","50","Standalone","","","31 May 2018"
"07/05/2018 21:47","Reload","'70838153003422886","WXR81","","","Billed","","-150.00","PSS TAMAN PENGKALAN UTAMA","","Standalone","","","31 May 2018"
"02/05/2018 15:26","Purchase","'70838153003422886","WXR81","","PRIMAX 95","Billed","34.09","75.00","PSS JALAN GOPENG II","50","Standalone","","","31 May 2018"