"Date Time","Transaction Type","Card Number","Vehicle Number","Driver Card Number","Product Type","Billing Type","Transaction Volume (Litres)","Transaction Amount (RM)","Station Name","Odometer","Card Type","Cost Centre","Cost Centre Name","Statement Month"
"16/05/2018 07:47","Purchase","'70838153003501044","WXR961","","PRIMAX 95","Billed","2.27","5.00","PSS TAMAN SRI GOMBAK","5","Standalone","","","31 May 2018"
"16/05/2018 07:44","Reload","'70838153003501044","WXR961","","","Billed","","-10.00","PSS TAMAN SRI GOMBAK","","Standalone","","","31 May 2018"
"11/05/2018 23:17","Purchase","'70838153003501044","WXR961","","PRIMAX 95","Billed","18.18","40.00","PSS SUNGAI PERAK (S)","40","Standalone","","","31 May 2018"
"11/05/2018 23:15","Reload","'70838153003501044","WXR961","","","Billed","","-40.00","PSS SUNGAI PERAK (S)","","Standalone","","","31 May 2018"
"07/05/2018 11:42","Purchase","'70838153003501044","WXR961","","PRIMAX 95","Billed","2.28","5.00","PSS LOT 4783 BUKIT JALIL","5","Standalone","","","31 May 2018"
"03/05/2018 18:29","Purchase","'70838153003501044","WXR961","","PRIMAX 95","Billed","2.27","5.00","PSS TAMAN SAMUDERA BATU CAVES","5","Standalone","","","31 May 2018"