"Date Time","Transaction Type","Card Number","Vehicle Number","Driver Card Number","Product Type","Billing Type","Transaction Volume (Litres)","Transaction Amount (RM)","Station Name","Odometer","Card Type","Cost Centre","Cost Centre Name","Statement Month"
"30/05/2018 07:19","Purchase","'70838153003498258","WXR425","","PRIMAX 95","Billed","13.64","30.00","PSS KUALA SELANGOR","95","Standalone","","","31 May 2018"
"30/05/2018 07:18","Reload","'70838153003498258","WXR425","","","Billed","","-30.00","PSS KUALA SELANGOR","","Standalone","","","31 May 2018"
"28/05/2018 15:39","Purchase","'70838153003498258","WXR425","","PRIMAX 95","Billed","12.73","28.00","PSS TANJUNG KARANG 2","95","Standalone","","","31 May 2018"
"28/05/2018 15:38","Reload","'70838153003498258","WXR425","","","Billed","","-30.00","PSS TANJUNG KARANG 2","","Standalone","","","31 May 2018"
"26/05/2018 03:36","Purchase","'70838153003498258","WXR425","","PRIMAX 95","Billed","13.64","30.00","PSS KUALA SELANGOR","95","Standalone","","","31 May 2018"
"26/05/2018 03:35","Reload","'70838153003498258","WXR425","","","Billed","","-30.00","PSS KUALA SELANGOR","","Standalone","","","31 May 2018"
"19/05/2018 15:05","Purchase","'70838153003498258","WXR425","","PRIMAX 95","Billed","4.55","10.00","PSS KUALA SELANGOR","95","Standalone","","","31 May 2018"
"18/05/2018 17:28","Purchase","'70838153003498258","WXR425","","PRIMAX 95","Billed","20.91","46.00","PSS KUALA SELANGOR","95","Standalone","","","31 May 2018"
"18/05/2018 17:26","Reload","'70838153003498258","WXR425","","","Billed","","-45.00","PSS KUALA SELANGOR","","Standalone","","","31 May 2018"
"07/05/2018 01:20","Purchase","'70838153003498258","WXR425","","PRIMAX 95","Billed","14.55","32.00","PSS KUALA SELANGOR","95","Standalone","","","31 May 2018"
"07/05/2018 01:16","Reload","'70838153003498258","WXR425","","","Billed","","-30.00","PSS KUALA SELANGOR","","Standalone","","","31 May 2018"
"03/05/2018 19:47","Purchase","'70838153003498258","WXR425","","PRIMAX 95","Billed","16.37","36.00","PSS SUNGAI SEMBILANG","95","Standalone","","","31 May 2018"
"03/05/2018 19:46","Reload","'70838153003498258","WXR425","","","Billed","","-50.00","PSS SUNGAI SEMBILANG","","Standalone","","","31 May 2018"
"01/05/2018 15:58","Purchase","'70838153003498258","WXR425","","PRIMAX 95","Billed","22.73","50.00","PSS TANJUNG KARANG 2","95","Standalone","","","31 May 2018"
"01/05/2018 15:57","Reload","'70838153003498258","WXR425","","","Billed","","-50.00","PSS TANJUNG KARANG 2","","Standalone","","","31 May 2018"