"Date Time","Transaction Type","Card Number","Vehicle Number","Driver Card Number","Product Type","Billing Type","Transaction Volume (Litres)","Transaction Amount (RM)","Station Name","Odometer","Card Type","Cost Centre","Cost Centre Name","Statement Month"
"27/05/2018 13:05","Purchase","'70838153003424882","WXR58","","PRIMAX 95","Billed","26.58","58.48","PSS TAMAN MELATI","","Standalone","","","31 May 2018"
"24/05/2018 15:25","Purchase","'70838153003424882","WXR58","","PRIMAX 95","Billed","22.68","49.89","PSS TAMAN MELATI","","Standalone","","","31 May 2018"
"21/05/2018 12:24","Purchase","'70838153003424882","WXR58","","PRIMAX 95","Billed","50.76","111.66","PSS TAMAN MELATI","","Standalone","","","31 May 2018"
"17/05/2018 11:50","Purchase","'70838153003424882","WXR58","","PRIMAX 95","Billed","29.35","64.58","PSS TAMAN MELATI","","Standalone","","","31 May 2018"
"09/05/2018 11:27","Purchase","'70838153003424882","WXR58","","PRIMAX 95","Billed","48.55","106.82","PSS TAMAN MELATI","","Standalone","","","31 May 2018"
"09/05/2018 11:20","Reload","'70838153003424882","WXR58","","","Billed","","-300.00","PSS TAMAN MELATI","","Standalone","","","31 May 2018"
"04/05/2018 16:48","Purchase","'70838153003424882","WXR58","","PRIMAX 95","Billed","45.58","100.28","PSS JALAN ROMPIN BAHAU 1","","Standalone","","","31 May 2018"