"Date Time","Transaction Type","Card Number","Vehicle Number","Driver Card Number","Product Type","Billing Type","Transaction Volume (Litres)","Transaction Amount (RM)","Station Name","Odometer","Card Type","Cost Centre","Cost Centre Name","Statement Month"
"05/05/2018 10:11","Purchase","'70838153003666375","WXR2037","","Diesel","Billed","77.26","168.42","PSS BUKIT TENGAH SPT","5530","Standalone","","","31 May 2018"
"04/05/2018 13:31","Purchase","'70838153003666375","WXR2037","","Diesel","Billed","50.13","109.28","PSS TAMAN WILAYAH","7985","Standalone","","","31 May 2018"
"04/05/2018 09:20","Purchase","'70838153003666375","WXR2037","","Diesel","Billed","98.78","215.34","PSS MACHAP ARAH UTARA","5530","Standalone","","","31 May 2018"
"03/05/2018 15:36","Reload","'70838153003666375","WXR2037","","","Billed","","-500.00","PSS TAMAN WILAYAH","","Standalone","","","31 May 2018"
"01/05/2018 07:16","Purchase","'70838153003666375","WXR2037","","Diesel","Billed","61.46","133.98","PSS SIMPANG PULAI ARAH UTARA","5540","Standalone","","","31 May 2018"