"Date Time","Transaction Type","Card Number","Vehicle Number","Driver Card Number","Product Type","Billing Type","Transaction Volume (Litres)","Transaction Amount (RM)","Station Name","Odometer","Card Type","Cost Centre","Cost Centre Name","Statement Month"
"31/05/2018 02:31","Purchase","'70838153003579131","WXR1002","","PRIMAX 95","Billed","20.12","44.26","PSS PENDAMAR INDAH 1","","Standalone","","","31 May 2018"
"30/05/2018 01:43","Purchase","'70838153003579131","WXR1002","","PRIMAX 95","Billed","10.12","22.27","PSS PENDAMAR INDAH 1","","Standalone","","","31 May 2018"
"27/05/2018 00:27","Purchase","'70838153003579131","WXR1002","","PRIMAX 95","Billed","20.02","44.05","PSS PENDAMAR INDAH 1","","Standalone","","","31 May 2018"
"24/05/2018 08:58","Purchase","'70838153003579131","WXR1002","","PRIMAX 95","Billed","20.00","44.01","PSS SEK 22 SHAH ALAM","","Standalone","","","31 May 2018"
"20/05/2018 14:33","Purchase","'70838153003579131","WXR1002","","PRIMAX 95","Billed","20.04","44.09","PSS PENDAMAR INDAH 1","","Standalone","","","31 May 2018"
"18/05/2018 07:35","Purchase","'70838153003579131","WXR1002","","PRIMAX 95","Billed","20.50","45.10","PSS FAS","","Standalone","","","31 May 2018"
"16/05/2018 18:47","Purchase","'70838153003579131","WXR1002","","PRIMAX 95","Billed","13.64","30.01","PSS LDP PUCHONG UTAMA","","Standalone","","","31 May 2018"
"16/05/2018 18:45","Reload","'70838153003579131","WXR1002","","","Billed","","-300.00","PSS LDP PUCHONG UTAMA","","Standalone","","","31 May 2018"
"13/05/2018 18:30","Purchase","'70838153003579131","WXR1002","","PRIMAX 95","Billed","20.01","44.02","PSS PERSIARAN RAJA MUDA MUSA","","Standalone","","","31 May 2018"
"11/05/2018 04:34","Purchase","'70838153003579131","WXR1002","","PRIMAX 95","Billed","9.09","20.00","PSS PENDAMAR INDAH 1","","Standalone","","","31 May 2018"
"07/05/2018 19:02","Purchase","'70838153003579131","WXR1002","","PRIMAX 95","Billed","20.03","44.06","PSS PEKAN BARU HICOM","","Standalone","","","31 May 2018"
"02/05/2018 18:52","Purchase","'70838153003579131","WXR1002","","PRIMAX 95","Billed","22.93","50.45","PSS LDP PUCHONG UTAMA","","Standalone","","","31 May 2018"