"Date Time","Transaction Type","Card Number","Vehicle Number","Driver Card Number","Product Type","Billing Type","Transaction Volume (Litres)","Transaction Amount (RM)","Station Name","Odometer","Card Type","Cost Centre","Cost Centre Name","Statement Month"
"20/05/2018 13:27","Purchase","'70838153003498589","WXR632","","PRIMAX 95","Billed","36.37","80.00","PSS TAMAN SEGAR","","Standalone","","","31 May 2018"
"20/05/2018 13:25","Reload","'70838153003498589","WXR632","","","Billed","","-80.00","PSS TAMAN SEGAR","","Standalone","","","31 May 2018"
"08/05/2018 11:11","Purchase","'70838153003498589","WXR632","","PRIMAX 95","Billed","54.55","120.00","PSS BANDAR TUN HUSSEIN ONN 2","","Standalone","","","31 May 2018"
"08/05/2018 11:09","Reload","'70838153003498589","WXR632","","","Billed","","-120.00","PSS BANDAR TUN HUSSEIN ONN 2","","Standalone","","","31 May 2018"
"04/05/2018 10:45","Purchase","'70838153003498589","WXR632","","PRIMAX 95","Billed","36.36","80.00","PSS BANDAR TUN HUSSEIN ONN 2","","Standalone","","","31 May 2018"
"04/05/2018 10:44","Reload","'70838153003498589","WXR632","","","Billed","","-80.00","PSS BANDAR TUN HUSSEIN ONN 2","","Standalone","","","31 May 2018"
"02/05/2018 10:31","Purchase","'70838153003498589","WXR632","","PRIMAX 95","Billed","36.78","80.92","PSS BANDAR TUN HUSSEIN ONN 2","","Standalone","","","31 May 2018"
"02/05/2018 10:29","Reload","'70838153003498589","WXR632","","","Billed","","-70.00","PSS BANDAR TUN HUSSEIN ONN 2","","Standalone","","","31 May 2018"