"Date Time","Transaction Type","Card Number","Vehicle Number","Driver Card Number","Product Type","Billing Type","Transaction Volume (Litres)","Transaction Amount (RM)","Station Name","Odometer","Card Type","Cost Centre","Cost Centre Name","Statement Month"
"30/05/2018 08:07","Reload","'70838153003583109","WXR1213","","","Billed","","-30.00","PSS PUNCAK ALAM 2","","Standalone","","","31 May 2018"
"29/05/2018 11:11","Purchase","'70838153003583109","WXR1213","","PRIMAX 95","Billed","4.55","10.00","PSS PUNCAK ALAM 2","708381","Standalone","","","31 May 2018"
"27/05/2018 21:49","Purchase","'70838153003583109","WXR1213","","PRIMAX 95","Billed","9.09","20.00","PSS BATU 3 FEDERAL HIGHWAY","","Standalone","","","31 May 2018"
"24/05/2018 07:50","Purchase","'70838153003583109","WXR1213","","PRIMAX 95","Billed","9.09","20.00","PSS PUNCAK ALAM","708381","Standalone","","","31 May 2018"
"24/05/2018 07:42","Reload","'70838153003583109","WXR1213","","","Billed","","-50.00","PSS PUNCAK ALAM","","Standalone","","","31 May 2018"
"23/05/2018 16:31","Purchase","'70838153003583109","WXR1213","","PRIMAX 95","Billed","4.55","10.00","PSS PUNCAK ALAM","708381","Standalone","","","31 May 2018"
"23/05/2018 16:29","Reload","'70838153003583109","WXR1213","","","Billed","","-10.00","PSS PUNCAK ALAM","","Standalone","","","31 May 2018"
"18/05/2018 12:42","Purchase","'70838153003583109","WXR1213","","PRIMAX 95","Billed","4.55","10.00","PSS PUNCAK ALAM 2","708381","Standalone","","","31 May 2018"
"15/05/2018 07:34","Purchase","'70838153003583109","WXR1213","","PRIMAX 95","Billed","13.64","30.00","PSS PUNCAK ALAM 2","708381","Standalone","","","31 May 2018"
"15/05/2018 07:33","Reload","'70838153003583109","WXR1213","","","Billed","","-40.00","PSS PUNCAK ALAM 2","","Standalone","","","31 May 2018"
"13/05/2018 00:35","Purchase","'70838153003583109","WXR1213","","PRIMAX 95","Billed","11.17","24.56","PSS GAMBANG RSA WEST","708381","Standalone","","","31 May 2018"
"12/05/2018 17:47","Purchase","'70838153003583109","WXR1213","","PRIMAX 95","Billed","27.27","60.00","PSS MERANG","708381","Standalone","","","31 May 2018"
"12/05/2018 17:45","Reload","'70838153003583109","WXR1213","","","Billed","","-50.00","PSS MERANG","","Standalone","","","31 May 2018"
"11/05/2018 14:52","Purchase","'70838153003583109","WXR1213","","PRIMAX 95","Billed","11.37","25.00","PSS MERANG","708381","Standalone","","","31 May 2018"
"08/05/2018 07:50","Purchase","'70838153003583109","WXR1213","","PRIMAX 95","Billed","22.93","50.44","PSS  LATAR 2 (KLS ARAH KL)","708381","Standalone","","","31 May 2018"
"08/05/2018 06:41","Reload","'70838153003583109","WXR1213","","","Billed","","-100.00","PSS PUNCAK ALAM 2","","Standalone","","","31 May 2018"