"Date Time","Transaction Type","Card Number","Vehicle Number","Driver Card Number","Product Type","Billing Type","Transaction Volume (Litres)","Transaction Amount (RM)","Station Name","Odometer","Card Type","Cost Centre","Cost Centre Name","Statement Month"
"28/05/2018 10:45","Reload","'70838153003500954","WXR968","","","Billed","","-100.00","PSS TAMAN PUTRA","","Standalone","","","31 May 2018"
"24/05/2018 14:47","Purchase","'70838153003500954","WXR968","","PRIMAX 95","Billed","22.73","50.00","PSS BUKIT NANDING","","Standalone","","","31 May 2018"
"15/05/2018 15:38","Purchase","'70838153003500954","WXR968","","PRIMAX 95","Billed","22.73","50.00","PSS GRAND SAGA  KL BOUND","","Standalone","","","31 May 2018"
"15/05/2018 15:36","Reload","'70838153003500954","WXR968","","","Billed","","-100.00","PSS GRAND SAGA  KL BOUND","","Standalone","","","31 May 2018"
"13/05/2018 10:45","Purchase","'70838153003500954","WXR968","","PRIMAX 95","Billed","22.73","50.00","PSS BANDAR TUN RAZAK","","Standalone","","","31 May 2018"
"11/05/2018 19:12","Purchase","'70838153003500954","WXR968","","PRIMAX 95","Billed","22.73","50.00","PSS TAMAN PUTRA","","Standalone","","","31 May 2018"
"11/05/2018 19:11","Reload","'70838153003500954","WXR968","","","Billed","","-100.00","PSS TAMAN PUTRA","","Standalone","","","31 May 2018"