"Date Time","Transaction Type","Card Number","Vehicle Number","Driver Card Number","Product Type","Billing Type","Transaction Volume (Litres)","Transaction Amount (RM)","Station Name","Odometer","Card Type","Cost Centre","Cost Centre Name","Statement Month"
"29/05/2018 12:24","Purchase","'70838153003500236","WXR931","","PRIMAX 95","Billed","27.20","59.84","PSS PUCHONG BT 14","186000","Standalone","","","31 May 2018"
"29/05/2018 12:22","Reload","'70838153003500236","WXR931","","","Billed","","-100.00","PSS PUCHONG BT 14","","Standalone","","","31 May 2018"
"25/05/2018 18:38","Purchase","'70838153003500236","WXR931","","PRIMAX 95","Billed","33.91","74.61","PSS KLIA 2","186209","Standalone","","","31 May 2018"
"24/05/2018 00:17","Purchase","'70838153003500236","WXR931","","PRIMAX 97","Billed","35.67","88.10","PSS SUNWAY BATU CAVES","186000","Standalone","","","31 May 2018"
"23/05/2018 10:21","Purchase","'70838153003500236","WXR931","","PRIMAX 95","Billed","32.63","71.78","PSS RAWANG RSA","185000","Standalone","","","31 May 2018"
"23/05/2018 10:19","Reload","'70838153003500236","WXR931","","","Billed","","-200.00","PSS RAWANG RSA","","Standalone","","","31 May 2018"
"21/05/2018 13:24","Purchase","'70838153003500236","WXR931","","PRIMAX 95","Billed","31.91","70.20","PSS JALAN TUN RAZAK","184800","Standalone","","","31 May 2018"
"21/05/2018 13:22","Reload","'70838153003500236","WXR931","","","Billed","","-100.00","PSS JALAN TUN RAZAK","","Standalone","","","31 May 2018"
"19/05/2018 11:16","Purchase","'70838153003500236","WXR931","","PRIMAX 95","Billed","35.60","78.32","PSS KL-KARAK","185000","Standalone","","","31 May 2018"
"19/05/2018 11:15","Reload","'70838153003500236","WXR931","","","Billed","","-100.00","PSS KL-KARAK","","Standalone","","","31 May 2018"
"18/05/2018 12:40","Purchase","'70838153003500236","WXR931","","PRIMAX 97","Billed","18.25","45.08","PSS KL-KARAK","184500","Standalone","","","31 May 2018"
"17/05/2018 02:09","Purchase","'70838153003500236","WXR931","","PRIMAX 95","Billed","32.19","70.81","PSS TAMAN MERANTI JAYA","184000","Standalone","","","31 May 2018"
"17/05/2018 02:08","Reload","'70838153003500236","WXR931","","","Billed","","-100.00","PSS TAMAN MERANTI JAYA","","Standalone","","","31 May 2018"
"16/05/2018 11:02","Purchase","'70838153003500236","WXR931","","PRIMAX 97","Billed","34.05","84.11","PSS KLIA 1","183000","Standalone","","","31 May 2018"
"16/05/2018 11:00","Reload","'70838153003500236","WXR931","","","Billed","","-100.00","PSS KLIA 1","","Standalone","","","31 May 2018"
"11/05/2018 18:55","Purchase","'70838153003500236","WXR931","","PRIMAX 95","Billed","13.27","29.20","PSS NKVE HIGHWAY","182500","Standalone","","","31 May 2018"
"10/05/2018 10:43","Purchase","'70838153003500236","WXR931","","PRIMAX 95","Billed","32.18","70.80","PSS SIMPANG PULAI ARAH SELATAN","182000","Standalone","","","31 May 2018"
"10/05/2018 10:41","Reload","'70838153003500236","WXR931","","","Billed","","-100.00","PSS SIMPANG PULAI ARAH SELATAN","","Standalone","","","31 May 2018"
"09/05/2018 06:53","Purchase","'70838153003500236","WXR931","","PRIMAX 97","Billed","24.29","60.00","PSS TAPAH ARAH UTARA","182000","Standalone","","","31 May 2018"
"07/05/2018 19:15","Purchase","'70838153003500236","WXR931","","PRIMAX 95","Billed","22.73","50.00","PSS KLIA 2","182000","Standalone","","","31 May 2018"
"07/05/2018 19:13","Reload","'70838153003500236","WXR931","","","Billed","","-100.00","PSS KLIA 2","","Standalone","","","31 May 2018"
"06/05/2018 13:58","Purchase","'70838153003500236","WXR931","","PRIMAX 95","Billed","22.73","50.00","PSS KLIA 2","182000","Standalone","","","31 May 2018"
"05/05/2018 14:40","Purchase","'70838153003500236","WXR931","","PRIMAX 97","Billed","20.24","50.00","PSS KLIA 1","182000","Standalone","","","31 May 2018"
"05/05/2018 14:39","Reload","'70838153003500236","WXR931","","","Billed","","-100.00","PSS KLIA 1","","Standalone","","","31 May 2018"
"04/05/2018 18:06","Purchase","'70838153003500236","WXR931","","PRIMAX 97","Billed","20.24","50.00","PSS SUNWAY BATU CAVES","181120","Standalone","","","31 May 2018"
"03/05/2018 23:06","Purchase","'70838153003500236","WXR931","","PRIMAX 97","Billed","20.24","50.00","PSS TAMAN MALURI","182500","Standalone","","","31 May 2018"
"03/05/2018 23:04","Reload","'70838153003500236","WXR931","","","Billed","","-100.00","PSS TAMAN MALURI","","Standalone","","","31 May 2018"
"01/05/2018 08:15","Purchase","'70838153003500236","WXR931","","PRIMAX 95","Billed","30.02","66.03","PSS SUNGKAI","182000","Standalone","","","31 May 2018"