"Date Time","Transaction Type","Card Number","Vehicle Number","Driver Card Number","Product Type","Billing Type","Transaction Volume (Litres)","Transaction Amount (RM)","Station Name","Odometer","Card Type","Cost Centre","Cost Centre Name","Statement Month"
"14/05/2018 19:49","Purchase","'70838153003582291","WXR1153","","PRIMAX 95","Billed","22.73","50.00","PSS LEBUH PUTERI (BDR PUTERI PUCHONG)","6","Standalone","","","31 May 2018"
"14/05/2018 19:46","Reload","'70838153003582291","WXR1153","","","Billed","","-50.00","PSS LEBUH PUTERI (BDR PUTERI PUCHONG)","","Standalone","","","31 May 2018"
"12/05/2018 15:59","Purchase","'70838153003582291","WXR1153","","PRIMAX 95","Billed","22.73","50.00","PSS TAMAN MERANTI JAYA","5","Standalone","","","31 May 2018"
"12/05/2018 15:56","Reload","'70838153003582291","WXR1153","","","Billed","","-50.00","PSS TAMAN MERANTI JAYA","","Standalone","","","31 May 2018"
"10/05/2018 02:49","Purchase","'70838153003582291","WXR1153","","PRIMAX 95","Billed","22.73","50.00","PSS PUCHONG BT 14","4","Standalone","","","31 May 2018"
"10/05/2018 02:45","Reload","'70838153003582291","WXR1153","","","Billed","","-50.00","PSS PUCHONG BT 14","","Standalone","","","31 May 2018"
"08/05/2018 13:20","Purchase","'70838153003582291","WXR1153","","PRIMAX 95","Billed","22.73","50.00","PSS LDP PUCHONG UTAMA","3","Standalone","","","31 May 2018"
"08/05/2018 13:18","Reload","'70838153003582291","WXR1153","","","Billed","","-50.00","PSS LDP PUCHONG UTAMA","","Standalone","","","31 May 2018"
"06/05/2018 01:53","Purchase","'70838153003582291","WXR1153","","PRIMAX 95","Billed","22.73","50.00","PSS PUCHONG BT 14","","Standalone","","","31 May 2018"
"06/05/2018 01:50","Reload","'70838153003582291","WXR1153","","","Billed","","-50.00","PSS PUCHONG BT 14","","Standalone","","","31 May 2018"
"01/05/2018 17:10","Purchase","'70838153003582291","WXR1153","","PRIMAX 95","Billed","22.73","50.00","PSS SUBANG AIRPORT","5000","Standalone","","","31 May 2018"
"01/05/2018 17:05","Reload","'70838153003582291","WXR1153","","","Billed","","-50.00","PSS SUBANG AIRPORT","","Standalone","","","31 May 2018"