"Date Time","Transaction Type","Card Number","Vehicle Number","Driver Card Number","Product Type","Billing Type","Transaction Volume (Litres)","Transaction Amount (RM)","Station Name","Odometer","Card Type","Cost Centre","Cost Centre Name","Statement Month"
"22/05/2018 11:03","Purchase","'70838153003422837","WXR76","","PRIMAX 95","Billed","31.82","70.00","PSS BUKIT KANGKAR","","Standalone","","","31 May 2018"
"19/05/2018 07:26","Purchase","'70838153003422837","WXR76","","PRIMAX 95","Billed","27.27","60.00","PSS BUKIT KANGKAR","","Standalone","","","31 May 2018"
"12/05/2018 23:52","Purchase","'70838153003422837","WXR76","","PRIMAX 95","Billed","27.27","60.00","PSS TAMAN PELANGI SEMENYIH","","Standalone","","","31 May 2018"
"11/05/2018 08:04","Purchase","'70838153003422837","WXR76","","PRIMAX 95","Billed","36.36","80.00","PSS SUNGAI RAMBAI","","Standalone","","","31 May 2018"
"11/05/2018 08:03","Reload","'70838153003422837","WXR76","","","Billed","","-300.00","PSS SUNGAI RAMBAI","","Standalone","","","31 May 2018"