"Date Time","Transaction Type","Card Number","Vehicle Number","Driver Card Number","Product Type","Billing Type","Transaction Volume (Litres)","Transaction Amount (RM)","Station Name","Odometer","Card Type","Cost Centre","Cost Centre Name","Statement Month"
"27/05/2018 15:47","Purchase","'70838153003734165","WXR 5923","","PRIMAX 95","Billed","45.45","100.00","PSS JLN SEREMBAN-JELEBU","","Standalone","","","31 May 2018"
"27/05/2018 15:46","Reload","'70838153003734165","WXR 5923","","","Billed","","-200.00","PSS JLN SEREMBAN-JELEBU","","Standalone","","","31 May 2018"
"22/05/2018 20:37","Purchase","'70838153003734165","WXR 5923","","PRIMAX 95","Billed","45.45","100.00","PSS MATAHARI HEIGHTS","","Standalone","","","31 May 2018"
"16/05/2018 01:48","Purchase","'70838153003734165","WXR 5923","","PRIMAX 95","Billed","40.91","90.00","PSS JLN SEREMBAN-JELEBU","","Standalone","","","31 May 2018"
"16/05/2018 01:47","Reload","'70838153003734165","WXR 5923","","","Billed","","-180.00","PSS JLN SEREMBAN-JELEBU","","Standalone","","","31 May 2018"
"12/05/2018 11:24","Purchase","'70838153003734165","WXR 5923","","PRIMAX 95","Billed","45.45","100.00","PSS JLN SEREMBAN-JELEBU","","Standalone","","","31 May 2018"
"12/05/2018 11:23","Reload","'70838153003734165","WXR 5923","","","Billed","","-100.00","PSS JLN SEREMBAN-JELEBU","","Standalone","","","31 May 2018"