"Date Time","Transaction Type","Card Number","Vehicle Number","Driver Card Number","Product Type","Billing Type","Transaction Volume (Litres)","Transaction Amount (RM)","Station Name","Odometer","Card Type","Cost Centre","Cost Centre Name","Statement Month"
"28/05/2018 21:33","Purchase","'70838153003498472","WXR872","","PRIMAX 95","Billed","34.09","75.00","PSS BANDAR INDERA MAHKOTA","","Standalone","","","31 May 2018"
"28/05/2018 17:08","Reload","'70838153003498472","WXR872","","","Billed","","-100.00","PSS BANDAR INDERA MAHKOTA","","Standalone","","","31 May 2018"
"24/05/2018 20:51","Purchase","'70838153003498472","WXR872","","PRIMAX 95","Billed","11.78","25.92","PSS SUNGAI LEMBING","","Standalone","","","31 May 2018"
"23/05/2018 18:44","Purchase","'70838153003498472","WXR872","","PRIMAX 95","Billed","33.68","74.08","PSS SUNGAI LEMBING","","Standalone","","","31 May 2018"
"23/05/2018 17:09","Reload","'70838153003498472","WXR872","","","Billed","","-100.00","PSS BANDAR INDERA MAHKOTA","","Standalone","","","31 May 2018"
"06/05/2018 17:55","Purchase","'70838153003498472","WXR872","","PRIMAX 95","Billed","18.18","40.00","PSS MUKIM KUALA PAKA DUNGUN","","Standalone","","","31 May 2018"
"02/05/2018 20:42","Reload","'70838153003498472","WXR872","","","Billed","","-40.00","PSS BANDAR INDERA MAHKOTA","","Standalone","","","31 May 2018"