"Date Time","Transaction Type","Card Number","Vehicle Number","Driver Card Number","Product Type","Billing Type","Transaction Volume (Litres)","Transaction Amount (RM)","Station Name","Odometer","Card Type","Cost Centre","Cost Centre Name","Statement Month"
"16/05/2018 19:09","Purchase","'70838153003422944","WXR171","","Diesel","Billed","22.94","50.00","PSS BAGAN SERAI","","Standalone","","","31 May 2018"
"15/05/2018 10:52","Purchase","'70838153003422944","WXR171","","PRIMAX 95","Billed","31.82","70.00","PSS BAGAN SERAI","","Standalone","","","31 May 2018"
"13/05/2018 11:57","Purchase","'70838153003422944","WXR171","","PRIMAX 95","Billed","45.45","100.00","PSS KESAS ARAH SUBANG","","Standalone","","","31 May 2018"
"13/05/2018 11:49","Reload","'70838153003422944","WXR171","","","Billed","","-100.00","PSS KESAS ARAH SUBANG","","Standalone","","","31 May 2018"
"12/05/2018 00:05","Purchase","'70838153003422944","WXR171","","Diesel","Billed","42.17","91.93","PSS JELI","","Standalone","","","31 May 2018"
"11/05/2018 03:36","Purchase","'70838153003422944","WXR171","","Diesel","Billed","58.30","127.10","PSS ULU BERNAM","","Standalone","","","31 May 2018"
"08/05/2018 20:11","Reload","'70838153003422944","WXR171","","","Billed","","-250.00","PSS BAGAN SERAI","","Standalone","","","31 May 2018"
"08/05/2018 20:10","Purchase","'70838153003422944","WXR171","","Diesel","Billed","69.02","150.46","PSS BAGAN SERAI","","Standalone","","","31 May 2018"
"08/05/2018 12:54","Purchase","'70838153003422944","WXR171","","PRIMAX 95","Billed","27.29","60.03","PSS BAGAN SERAI II","","Standalone","","","31 May 2018"
"08/05/2018 11:09","Reload","'70838153003422944","WXR171","","","Billed","","-200.00","PSS BAGAN SERAI","","Standalone","","","31 May 2018"
"08/05/2018 11:07","Purchase","'70838153003422944","WXR171","","PRIMAX 95","Billed","27.34","60.15","PSS BAGAN SERAI","","Standalone","","","31 May 2018"
"06/05/2018 23:38","Purchase","'70838153003422944","WXR171","","Diesel","Billed","59.69","130.12","PSS BAGAN SERAI","","Standalone","","","31 May 2018"
"04/05/2018 15:37","Purchase","'70838153003422944","WXR171","","Diesel","Billed","52.76","115.01","PSS BAGAN SERAI","","Standalone","","","31 May 2018"
"02/05/2018 17:41","Reload","'70838153003422944","WXR171","","","Billed","","-500.00","PSS BAGAN SERAI","","Standalone","","","31 May 2018"
"02/05/2018 17:40","Purchase","'70838153003422944","WXR171","","Diesel","Billed","50.37","109.80","PSS BAGAN SERAI","","Standalone","","","31 May 2018"
"01/05/2018 16:03","Purchase","'70838153003422944","WXR171","","PRIMAX 95","Billed","34.15","75.12","PSS BAGAN SERAI II","","Standalone","","","31 May 2018"