"Date Time","Transaction Type","Card Number","Vehicle Number","Driver Card Number","Product Type","Billing Type","Transaction Volume (Litres)","Transaction Amount (RM)","Station Name","Odometer","Card Type","Cost Centre","Cost Centre Name","Statement Month"
"31/05/2018 09:38","Purchase","'70838153003500467","WXR951","","PRIMAX 97","Billed","20.24","50.00","PSS TAMAN SETIA INDAH","207","Standalone","","","31 May 2018"
"31/05/2018 09:37","Reload","'70838153003500467","WXR951","","","Billed","","-200.00","PSS TAMAN SETIA INDAH","","Standalone","","","31 May 2018"
"28/05/2018 20:10","Purchase","'70838153003500467","WXR951","","PRIMAX 97","Billed","24.29","60.00","PSS TAMAN SETIA INDAH","237","Standalone","","","31 May 2018"
"21/05/2018 21:29","Purchase","'70838153003500467","WXR951","","PRIMAX 97","Billed","20.24","50.00","PSS TAMAN SETIA INDAH","207","Standalone","","","31 May 2018"
"17/05/2018 21:02","Purchase","'70838153003500467","WXR951","","PRIMAX 95","Billed","22.73","50.00","PSS LEBUH AMJ SG PETAI","206","Standalone","","","31 May 2018"
"16/05/2018 19:47","Reload","'70838153003500467","WXR951","","","Billed","","-100.00","PSS TAMAN SETIA INDAH","","Standalone","","","31 May 2018"
"16/05/2018 19:45","Purchase","'70838153003500467","WXR951","","PRIMAX 97","Billed","24.29","60.00","PSS TAMAN SETIA INDAH","206","Standalone","","","31 May 2018"
"13/05/2018 15:49","Purchase","'70838153003500467","WXR951","","PRIMAX 97","Billed","20.65","51.00","PSS AYER KEROH 3","205","Standalone","","","31 May 2018"
"06/05/2018 04:19","Purchase","'70838153003500467","WXR951","","PRIMAX 95","Billed","18.18","40.00","PSS MACHAP ARAH SELATAN","205","Standalone","","","31 May 2018"
"05/05/2018 21:25","Reload","'70838153003500467","WXR951","","","Billed","","-200.00","PSS CHENG","","Standalone","","","31 May 2018"
"03/05/2018 18:28","Purchase","'70838153003500467","WXR951","","PRIMAX 95","Billed","18.18","40.00","PSS TAMAN SETIA INDAH","204","Standalone","","","31 May 2018"