"Date Time","Transaction Type","Card Number","Vehicle Number","Driver Card Number","Product Type","Billing Type","Transaction Volume (Litres)","Transaction Amount (RM)","Station Name","Odometer","Card Type","Cost Centre","Cost Centre Name","Statement Month"
"31/05/2018 17:55","Purchase","'70838153003501036","WXR962","","PRIMAX 95","Billed","3.14","6.90","PSS JALAN COCHRANE","","Standalone","","","31 May 2018"
"31/05/2018 17:52","Reload","'70838153003501036","WXR962","","","Billed","","-50.00","PSS JALAN COCHRANE","","Standalone","","","31 May 2018"
"28/05/2018 11:58","Purchase","'70838153003501036","WXR962","","PRIMAX 95","Billed","3.04","6.68","PSS JALAN TUN RAZAK","","Standalone","","","31 May 2018"
"23/05/2018 07:16","Purchase","'70838153003501036","WXR962","","PRIMAX 95","Billed","3.26","7.17","PSS JALAN COCHRANE","","Standalone","","","31 May 2018"
"20/05/2018 12:36","Purchase","'70838153003501036","WXR962","","PRIMAX 97","Billed","1.62","4.00","PSS JALAN TUN RAZAK","","Standalone","","","31 May 2018"
"20/05/2018 12:34","Reload","'70838153003501036","WXR962","","","Billed","","-30.00","PSS JALAN TUN RAZAK","","Standalone","","","31 May 2018"