"Date Time","Transaction Type","Card Number","Vehicle Number","Driver Card Number","Product Type","Billing Type","Transaction Volume (Litres)","Transaction Amount (RM)","Station Name","Odometer","Card Type","Cost Centre","Cost Centre Name","Statement Month"
"20/05/2018 23:14","Purchase","'70838153003424767","WXR198","","PRIMAX 95","Billed","3.25","7.15","PSS HICOM SEK B SEK 27","34","Standalone","","","31 May 2018"
"19/05/2018 15:36","Purchase","'70838153003424767","WXR198","","PRIMAX 97","Billed","2.57","6.36","PSS JALAN LANGAT","35","Standalone","","","31 May 2018"
"17/05/2018 19:20","Purchase","'70838153003424767","WXR198","","PRIMAX 95","Billed","1.73","3.80","PSS SUNGAI JATI ARAH KLANG","34","Standalone","","","31 May 2018"
"15/05/2018 00:18","Purchase","'70838153003424767","WXR198","","PRIMAX 97","Billed","2.45","6.05","PSS BUKIT TINGGI","33","Standalone","","","31 May 2018"
"12/05/2018 19:03","Purchase","'70838153003424767","WXR198","","PRIMAX 97","Billed","1.84","4.53","PSS BUKIT TINGGI 2","32","Standalone","","","31 May 2018"
"11/05/2018 12:21","Purchase","'70838153003424767","WXR198","","PRIMAX 95","Billed","2.34","5.15","PSS PEKAN PANDAMARAN","30","Standalone","","","31 May 2018"
"08/05/2018 18:24","Purchase","'70838153003424767","WXR198","","PRIMAX 95","Billed","1.63","3.58","PSS BUKIT TINGGI 2","29","Standalone","","","31 May 2018"
"07/05/2018 12:50","Purchase","'70838153003424767","WXR198","","PRIMAX 97","Billed","2.08","5.14","PSS JALAN LANGAT","28","Standalone","","","31 May 2018"
"05/05/2018 00:24","Purchase","'70838153003424767","WXR198","","PRIMAX 97","Billed","1.87","4.61","PSS BUKIT TINGGI","27","Standalone","","","31 May 2018"
"02/05/2018 22:32","Purchase","'70838153003424767","WXR198","","PRIMAX 95","Billed","2.43","5.34","PSS SUNGAI JATI ARAH KLANG","26","Standalone","","","31 May 2018"
"01/05/2018 19:18","Purchase","'70838153003424767","WXR198","","PRIMAX 97","Billed","1.66","4.10","PSS BUKIT TINGGI 2","25","Standalone","","","31 May 2018"