"Date Time","Transaction Type","Card Number","Vehicle Number","Driver Card Number","Product Type","Billing Type","Transaction Volume (Litres)","Transaction Amount (RM)","Station Name","Odometer","Card Type","Cost Centre","Cost Centre Name","Statement Month"
"31/05/2018 16:52","Purchase","'70838153003422928","WXR85","","PRIMAX 95","Billed","14.09","31.00","PSS JALAN LAHAT MENGLEMBU","","Standalone","","","31 May 2018"
"31/05/2018 16:49","Reload","'70838153003422928","WXR85","","","Billed","","-20.00","PSS JALAN LAHAT MENGLEMBU","","Standalone","","","31 May 2018"
"30/05/2018 16:27","Purchase","'70838153003422928","WXR85","","PRIMAX 95","Billed","10.47","23.02","PSS JALAN LAHAT MENGLEMBU","","Standalone","","","31 May 2018"
"30/05/2018 16:25","Reload","'70838153003422928","WXR85","","","Billed","","-30.00","PSS JALAN LAHAT MENGLEMBU","","Standalone","","","31 May 2018"
"28/05/2018 21:18","Purchase","'70838153003422928","WXR85","","PRIMAX 95","Billed","18.19","40.01","PSS JALAN LAHAT MENGLEMBU","","Standalone","","","31 May 2018"
"28/05/2018 21:16","Reload","'70838153003422928","WXR85","","","Billed","","-40.00","PSS JALAN LAHAT MENGLEMBU","","Standalone","","","31 May 2018"
"27/05/2018 19:41","Purchase","'70838153003422928","WXR85","","PRIMAX 95","Billed","28.78","63.31","PSS RAWANG RSA","","Standalone","","","31 May 2018"
"27/05/2018 19:35","Reload","'70838153003422928","WXR85","","","Billed","","-50.00","PSS RAWANG RSA","","Standalone","","","31 May 2018"
"02/05/2018 15:02","Purchase","'70838153003422928","WXR85","","PRIMAX 95","Billed","13.64","30.00","PSS RISHAH HIJAU","","Standalone","","","31 May 2018"
"02/05/2018 15:01","Reload","'70838153003422928","WXR85","","","Billed","","-30.00","PSS RISHAH HIJAU","","Standalone","","","31 May 2018"
"01/05/2018 08:30","Purchase","'70838153003422928","WXR85","","PRIMAX 95","Billed","22.73","50.00","PSS TASEK","","Standalone","","","31 May 2018"
"01/05/2018 08:28","Reload","'70838153003422928","WXR85","","","Billed","","-50.00","PSS TASEK","","Standalone","","","31 May 2018"