"Date Time","Transaction Type","Card Number","Vehicle Number","Driver Card Number","Product Type","Billing Type","Transaction Volume (Litres)","Transaction Amount (RM)","Station Name","Odometer","Card Type","Cost Centre","Cost Centre Name","Statement Month"
"29/05/2018 11:59","Purchase","'70838153003424999","WXR140","","PRIMAX 95","Billed","32.28","71.02","PSS KM 0.7 BESRAYA ARAH UTARA","20364","Standalone","","","31 May 2018"
"29/05/2018 11:58","Reload","'70838153003424999","WXR140","","","Billed","","-70.00","PSS KM 0.7 BESRAYA ARAH UTARA","","Standalone","","","31 May 2018"
"24/05/2018 14:33","Purchase","'70838153003424999","WXR140","","PRIMAX 95","Billed","29.55","65.00","PSS CYBERJAYA","20088","Standalone","","","31 May 2018"
"24/05/2018 14:32","Reload","'70838153003424999","WXR140","","","Billed","","-100.00","PSS CYBERJAYA","","Standalone","","","31 May 2018"
"19/05/2018 19:56","Purchase","'70838153003424999","WXR140","","PRIMAX 95","Billed","30.45","67.00","PSS CYBERJAYA","19795","Standalone","","","31 May 2018"
"12/05/2018 11:54","Purchase","'70838153003424999","WXR140","","PRIMAX 95","Billed","25.46","56.01","PSS KESAS ARAH KELANG","19296","Standalone","","","31 May 2018"
"12/05/2018 11:52","Reload","'70838153003424999","WXR140","","","Billed","","-100.00","PSS KESAS ARAH KELANG","","Standalone","","","31 May 2018"
"04/05/2018 14:59","Purchase","'70838153003424999","WXR140","","PRIMAX 95","Billed","31.82","70.00","PSS PPK DENGKIL","1111","Standalone","","","31 May 2018"
"04/05/2018 14:58","Reload","'70838153003424999","WXR140","","","Billed","","-60.00","PSS PPK DENGKIL","","Standalone","","","31 May 2018"