"Date Time","Transaction Type","Card Number","Vehicle Number","Driver Card Number","Product Type","Billing Type","Transaction Volume (Litres)","Transaction Amount (RM)","Station Name","Odometer","Card Type","Cost Centre","Cost Centre Name","Statement Month"
"20/05/2018 20:10","Purchase","'70838153003724315","WXR 5211","","PRIMAX 95","Billed","2.28","5.00","PSS KM7 JALAN APAS","","Standalone","","","31 May 2018"
"20/05/2018 19:59","Purchase","'70838153003724315","WXR 5211","","PRIMAX 95","Billed","190.91","420.00","PSS KM7 JALAN APAS","","Standalone","","","31 May 2018"
"20/05/2018 15:10","Purchase","'70838153003724315","WXR 5211","","Diesel","Billed","18.35","40.00","PSS KM7 JALAN APAS","","Standalone","","","31 May 2018"
"20/05/2018 15:09","Reload","'70838153003724315","WXR 5211","","","Billed","","-450.00","PSS KM7 JALAN APAS","","Standalone","","","31 May 2018"
"15/05/2018 16:06","Purchase","'70838153003724315","WXR 5211","","Diesel","Billed","13.76","30.00","PSS KM7 JALAN APAS","","Standalone","","","31 May 2018"
"15/05/2018 16:03","Reload","'70838153003724315","WXR 5211","","","Billed","","-50.00","PSS KM7 JALAN APAS","","Standalone","","","31 May 2018"
"13/05/2018 08:57","Purchase","'70838153003724315","WXR 5211","","Diesel","Billed","13.76","30.00","PSS KM7 JALAN APAS","","Standalone","","","31 May 2018"
"13/05/2018 08:51","Reload","'70838153003724315","WXR 5211","","","Billed","","-50.00","PSS KM7 JALAN APAS","","Standalone","","","31 May 2018"