"Date Time","Transaction Type","Card Number","Vehicle Number","Driver Card Number","Product Type","Billing Type","Transaction Volume (Litres)","Transaction Amount (RM)","Station Name","Odometer","Card Type","Cost Centre","Cost Centre Name","Statement Month"
"24/05/2018 18:46","Purchase","'70838153003667092","WXR2035","","Diesel","Billed","10.62","23.16","PSS AIR KEROH RSA NORTH BOUND","350624","Standalone","","","31 May 2018"
"24/05/2018 08:32","Purchase","'70838153003667092","WXR2035","","Diesel","Billed","41.28","90.00","PSS LEBOH AMJ SEMABOK","49363","Standalone","","","31 May 2018"
"20/05/2018 20:49","Purchase","'70838153003667092","WXR2035","","Diesel","Billed","55.31","120.58","PSS MACHAP ARAH UTARA","","Standalone","","","31 May 2018"
"19/05/2018 20:28","Reload","'70838153003667092","WXR2035","","","Billed","","-150.00","PSS TAMAN WILAYAH","","Standalone","","","31 May 2018"
"15/05/2018 15:08","Purchase","'70838153003667092","WXR2035","","Diesel","Billed","74.43","162.26","PSS BAYAN BARU","7","Standalone","","","31 May 2018"
"14/05/2018 23:00","Reload","'70838153003667092","WXR2035","","","Billed","","-200.00","PSS TAMAN WILAYAH","","Standalone","","","31 May 2018"
"14/05/2018 13:26","Purchase","'70838153003667092","WXR2035","","Diesel","Billed","91.74","200.00","PSS R & R GUNUNG SEMANGGOL","","Standalone","","","31 May 2018"
"13/05/2018 19:09","Reload","'70838153003667092","WXR2035","","","Billed","","-200.00","PSS TAMAN WILAYAH","","Standalone","","","31 May 2018"
"12/05/2018 18:25","Purchase","'70838153003667092","WXR2035","","Diesel","Billed","45.88","100.01","PSS GENTING SEMPAH","","Standalone","","","31 May 2018"
"12/05/2018 10:14","Purchase","'70838153003667092","WXR2035","","Diesel","Billed","41.28","90.00","PSS AMPANGAN TINGGI","","Standalone","","","31 May 2018"
"11/05/2018 15:11","Reload","'70838153003667092","WXR2035","","","Billed","","-100.00","PSS TAMAN WILAYAH","","Standalone","","","31 May 2018"
"04/05/2018 00:20","Purchase","'70838153003667092","WXR2035","","Diesel","Billed","44.50","97.00","PSS GUCHIL JAYA KUALA KRAI","","Standalone","","","31 May 2018"
"03/05/2018 15:35","Reload","'70838153003667092","WXR2035","","","Billed","","-200.00","PSS TAMAN WILAYAH","","Standalone","","","31 May 2018"
"02/05/2018 15:24","Purchase","'70838153003667092","WXR2035","","Diesel","Billed","45.87","100.00","PSS PUCHONG BT 14","","Standalone","","","31 May 2018"
"01/05/2018 23:31","Purchase","'70838153003667092","WXR2035","","Diesel","Billed","36.70","80.00","PSS KM 16 JALAN GAMBANG","","Standalone","","","31 May 2018"
"01/05/2018 15:08","Reload","'70838153003667092","WXR2035","","","Billed","","-200.00","PSS TAMAN WILAYAH","","Standalone","","","31 May 2018"