"Date Time","Transaction Type","Card Number","Vehicle Number","Driver Card Number","Product Type","Billing Type","Transaction Volume (Litres)","Transaction Amount (RM)","Station Name","Odometer","Card Type","Cost Centre","Cost Centre Name","Statement Month"
"31/05/2018 07:29","Purchase","'70838153003581210","WXR1094","","PRIMAX 97","Billed","2.84","7.01","PSS KERTEH 2","","Standalone","","","31 May 2018"
"21/05/2018 07:33","Purchase","'70838153003581210","WXR1094","","PRIMAX 97","Billed","2.96","7.32","PSS KERTEH 2","","Standalone","","","31 May 2018"
"17/05/2018 07:32","Purchase","'70838153003581210","WXR1094","","PRIMAX 97","Billed","2.73","6.75","PSS KERTEH 2","","Standalone","","","31 May 2018"
"08/05/2018 07:24","Purchase","'70838153003581210","WXR1094","","PRIMAX 97","Billed","2.84","7.01","PSS KERTEH 2","","Standalone","","","31 May 2018"
"06/05/2018 18:04","Purchase","'70838153003581210","WXR1094","","PRIMAX 95","Billed","15.46","34.00","PSS TELOK KALONG","","Standalone","","","31 May 2018"
"03/05/2018 14:25","Reload","'70838153003581210","WXR1094","","","Billed","","-50.00","PSS KERTEH 2","","Standalone","","","31 May 2018"
"03/05/2018 07:33","Purchase","'70838153003581210","WXR1094","","PRIMAX 97","Billed","2.96","7.31","PSS KERTEH 2","","Standalone","","","31 May 2018"