"Date Time","Transaction Type","Card Number","Vehicle Number","Driver Card Number","Product Type","Billing Type","Transaction Volume (Litres)","Transaction Amount (RM)","Station Name","Odometer","Card Type","Cost Centre","Cost Centre Name","Statement Month"
"21/05/2018 09:26","Purchase","'70838153003716725","WXR 4755","","Diesel","Billed","40.00","87.20","PSS JALAN LINTAS KUDAT","","Standalone","","","31 May 2018"
"21/05/2018 09:24","Reload","'70838153003716725","WXR 4755","","","Billed","","-100.00","PSS JALAN LINTAS KUDAT","","Standalone","","","31 May 2018"
"15/05/2018 15:24","Purchase","'70838153003716725","WXR 4755","","Diesel","Billed","45.00","98.10","PSS MENGGATAL NORTH","","Standalone","","","31 May 2018"
"15/05/2018 15:22","Reload","'70838153003716725","WXR 4755","","","Billed","","-100.00","PSS MENGGATAL NORTH","","Standalone","","","31 May 2018"
"11/05/2018 11:03","Reload","'70838153003716725","WXR 4755","","","Billed","","-10.00","PSS JALAN LINTAS KUDAT","","Standalone","","","31 May 2018"