"Date Time","Transaction Type","Card Number","Vehicle Number","Driver Card Number","Product Type","Billing Type","Transaction Volume (Litres)","Transaction Amount (RM)","Station Name","Odometer","Card Type","Cost Centre","Cost Centre Name","Statement Month"
"30/04/2018 14:44","Purchase","'70838153003733209","WXR 5853","","PRIMAX 95","Billed","22.73","50.00","PSS MARAN","","Standalone","","","30 Apr 2018"
"30/04/2018 14:43","Reload","'70838153003733209","WXR 5853","","","Billed","","-50.00","PSS MARAN","","Standalone","","","30 Apr 2018"
"21/04/2018 07:13","Purchase","'70838153003733209","WXR 5853","","PRIMAX 95","Billed","4.55","10.00","PSS MARAN","","Standalone","","","30 Apr 2018"
"21/04/2018 07:12","Reload","'70838153003733209","WXR 5853","","","Billed","","-10.00","PSS MARAN","","Standalone","","","30 Apr 2018"
"18/04/2018 09:34","Purchase","'70838153003733209","WXR 5853","","PRIMAX 95","Billed","9.09","20.00","PSS MARAN","","Standalone","","","30 Apr 2018"
"18/04/2018 09:34","Reload","'70838153003733209","WXR 5853","","","Billed","","-20.00","PSS MARAN","","Standalone","","","30 Apr 2018"