"Date Time","Transaction Type","Card Number","Vehicle Number","Driver Card Number","Product Type","Billing Type","Transaction Volume (Litres)","Transaction Amount (RM)","Station Name","Odometer","Card Type","Cost Centre","Cost Centre Name","Statement Month"
"30/03/2018 17:55","Purchase","'70838153003581079","WXR1081","","PRIMAX 95","Billed","22.73","50.00","PSS BUKIT BERUANG","515507","Standalone","","","31 Mar 2018"
"28/03/2018 22:37","Purchase","'70838153003581079","WXR1081","","PRIMAX 95","Billed","22.73","50.00","PSS MASJID TANAH","515287","Standalone","","","31 Mar 2018"
"28/03/2018 22:36","Reload","'70838153003581079","WXR1081","","","Billed","","-100.00","PSS MASJID TANAH","","Standalone","","","31 Mar 2018"
"24/03/2018 16:13","Purchase","'70838153003581079","WXR1081","","PRIMAX 95","Billed","22.73","50.00","PSS MASJID TANAH","514669","Standalone","","","31 Mar 2018"
"22/03/2018 19:37","Purchase","'70838153003581079","WXR1081","","PRIMAX 95","Billed","45.45","100.00","PSS MASJID TANAH","514191","Standalone","","","31 Mar 2018"
"22/03/2018 19:34","Reload","'70838153003581079","WXR1081","","","Billed","","-100.00","PSS MASJID TANAH","","Standalone","","","31 Mar 2018"
"21/03/2018 18:14","Purchase","'70838153003581079","WXR1081","","PRIMAX 95","Billed","22.94","50.00","PSS JASIN BESTARI","513991","Standalone","","","31 Mar 2018"
"21/03/2018 18:11","Reload","'70838153003581079","WXR1081","","","Billed","","-50.00","PSS JASIN BESTARI","","Standalone","","","31 Mar 2018"
"20/03/2018 17:26","Purchase","'70838153003581079","WXR1081","","PRIMAX 95","Billed","22.94","50.00","PSS BEMBAN JASIN","513753","Standalone","","","31 Mar 2018"
"19/03/2018 11:50","Reload","'70838153003581079","WXR1081","","","Billed","","-50.00","PSS MASJID TANAH","","Standalone","","","31 Mar 2018"
"15/03/2018 15:11","Purchase","'70838153003581079","WXR1081","","PRIMAX 95","Billed","22.94","50.00","PSS LUBUK CHINA","512862","Standalone","","","31 Mar 2018"
"04/03/2018 14:13","Reload","'70838153003581079","WXR1081","","","Billed","","-100.00","PSS MASJID TANAH","","Standalone","","","31 Mar 2018"