"Date Time","Transaction Type","Card Number","Vehicle Number","Driver Card Number","Product Type","Billing Type","Transaction Volume (Litres)","Transaction Amount (RM)","Station Name","Odometer","Card Type","Cost Centre","Cost Centre Name","Statement Month"
"31/03/2018 15:08","Purchase","'70838153003496617","WXR568","","PRIMAX 97","Billed","31.41","77.57","PSS BATU FERINGGI","","Standalone","","","31 Mar 2018"
"31/03/2018 15:06","Reload","'70838153003496617","WXR568","","","Billed","","-50.00","PSS BATU FERINGGI","","Standalone","","","31 Mar 2018"
"11/03/2018 08:54","Purchase","'70838153003496617","WXR568","","PRIMAX 97","Billed","20.25","50.01","PSS BATU FERINGGI","","Standalone","","","31 Mar 2018"
"11/03/2018 08:51","Reload","'70838153003496617","WXR568","","","Billed","","-50.00","PSS BATU FERINGGI","","Standalone","","","31 Mar 2018"
"04/03/2018 04:44","Purchase","'70838153003496617","WXR568","","PRIMAX 97","Billed","20.25","50.01","PSS BATU FERINGGI","","Standalone","","","31 Mar 2018"
"04/03/2018 04:43","Reload","'70838153003496617","WXR568","","","Billed","","-50.00","PSS BATU FERINGGI","","Standalone","","","31 Mar 2018"
"02/03/2018 06:55","Purchase","'70838153003496617","WXR568","","PRIMAX 97","Billed","20.24","50.00","PSS BATU FERINGGI","","Standalone","","","31 Mar 2018"