"Date Time","Transaction Type","Card Number","Vehicle Number","Driver Card Number","Product Type","Billing Type","Transaction Volume (Litres)","Transaction Amount (RM)","Station Name","Odometer","Card Type","Cost Centre","Cost Centre Name","Statement Month"
"23/03/2018 12:55","Purchase","'70838153003423165","WXR92","","PRIMAX 95","Billed","22.73","50.00","PSS BIDOR TAPAH","","Standalone","","","31 Mar 2018"
"23/03/2018 12:54","Reload","'70838153003423165","WXR92","","","Billed","","-50.00","PSS BIDOR TAPAH","","Standalone","","","31 Mar 2018"
"22/03/2018 16:09","Purchase","'70838153003423165","WXR92","","PRIMAX 95","Billed","22.73","50.00","PSS GERIK","","Standalone","","","31 Mar 2018"
"22/03/2018 16:08","Reload","'70838153003423165","WXR92","","","Billed","","-50.00","PSS GERIK","","Standalone","","","31 Mar 2018"
"10/03/2018 17:09","Purchase","'70838153003423165","WXR92","","PRIMAX 95","Billed","13.58","30.00","PSS BIDOR TAPAH","","Standalone","","","31 Mar 2018"
"09/03/2018 13:59","Purchase","'70838153003423165","WXR92","","PRIMAX 95","Billed","9.05","20.00","PSS SG BULOH LAYBY","","Standalone","","","31 Mar 2018"
"09/03/2018 13:57","Reload","'70838153003423165","WXR92","","","Billed","","-50.00","PSS SG BULOH LAYBY","","Standalone","","","31 Mar 2018"
"09/03/2018 10:01","Purchase","'70838153003423165","WXR92","","PRIMAX 95","Billed","14.78","32.66","PSS BIDOR TAPAH","","Standalone","","","31 Mar 2018"