"Date Time","Transaction Type","Card Number","Vehicle Number","Driver Card Number","Product Type","Billing Type","Transaction Volume (Litres)","Transaction Amount (RM)","Station Name","Odometer","Card Type","Cost Centre","Cost Centre Name","Statement Month"
"30/03/2018 10:31","Purchase","'70838153003422837","WXR76","","PRIMAX 95","Billed","36.36","80.00","PSS MUAR BYPASS","","Standalone","","","31 Mar 2018"
"23/03/2018 20:27","Purchase","'70838153003422837","WXR76","","PRIMAX 95","Billed","36.36","80.00","PSS BUKIT KANGKAR","","Standalone","","","31 Mar 2018"
"16/03/2018 10:55","Purchase","'70838153003422837","WXR76","","PRIMAX 95","Billed","36.70","80.00","PSS MUKIM KESANG","","Standalone","","","31 Mar 2018"
"11/03/2018 00:02","Purchase","'70838153003422837","WXR76","","PRIMAX 95","Billed","22.62","50.00","PSS TAMAN PELANGI SEMENYIH","","Standalone","","","31 Mar 2018"
"07/03/2018 11:43","Purchase","'70838153003422837","WXR76","","PRIMAX 95","Billed","36.36","80.00","PSS MUKIM KESANG","","Standalone","","","31 Mar 2018"
"07/03/2018 11:43","Purchase","'70838153003422837","WXR76","","PRIMAX 95","Un-billed","36.36","80.00","PSS MUKIM KESANG","","Standalone","","","Unbilled Transaction"
"07/03/2018 11:41","Reload","'70838153003422837","WXR76","","","Billed","","-200.00","PSS MUKIM KESANG","","Standalone","","","31 Mar 2018"