"Date Time","Transaction Type","Card Number","Vehicle Number","Driver Card Number","Product Type","Billing Type","Transaction Volume (Litres)","Transaction Amount (RM)","Station Name","Odometer","Card Type","Cost Centre","Cost Centre Name","Statement Month"
"27/03/2018 10:04","Purchase","'70838153003422951","WXR172","","PRIMAX 95","Billed","24.68","54.30","PSS PANTAI KOK","","Standalone","","","31 Mar 2018"
"27/03/2018 09:57","Reload","'70838153003422951","WXR172","","","Billed","","-100.00","PSS PANTAI KOK","","Standalone","","","31 Mar 2018"
"26/03/2018 10:00","Purchase","'70838153003422951","WXR172","","PRIMAX 95","Billed","22.73","50.00","PSS PANTAI KOK","","Standalone","","","31 Mar 2018"
"26/03/2018 09:58","Reload","'70838153003422951","WXR172","","","Billed","","-50.00","PSS PANTAI KOK","","Standalone","","","31 Mar 2018"
"25/03/2018 11:18","Purchase","'70838153003422951","WXR172","","PRIMAX 95","Billed","22.73","50.00","PSS PANTAI KOK","","Standalone","","","31 Mar 2018"
"25/03/2018 11:17","Reload","'70838153003422951","WXR172","","","Billed","","-50.00","PSS PANTAI KOK","","Standalone","","","31 Mar 2018"
"24/03/2018 11:09","Purchase","'70838153003422951","WXR172","","PRIMAX 95","Billed","18.18","40.00","PSS PADANG MAT SIRAT","","Standalone","","","31 Mar 2018"
"24/03/2018 11:05","Reload","'70838153003422951","WXR172","","","Billed","","-30.00","PSS PADANG MAT SIRAT","","Standalone","","","31 Mar 2018"
"22/03/2018 13:49","Purchase","'70838153003422951","WXR172","","PRIMAX 95","Billed","22.73","50.00","PSS PANTAI KOK","","Standalone","","","31 Mar 2018"
"22/03/2018 13:48","Reload","'70838153003422951","WXR172","","","Billed","","-50.00","PSS PANTAI KOK","","Standalone","","","31 Mar 2018"
"18/03/2018 13:33","Purchase","'70838153003422951","WXR172","","PRIMAX 95","Billed","21.14","46.09","PSS PANTAI KOK","","Standalone","","","31 Mar 2018"
"17/03/2018 17:50","Reload","'70838153003422951","WXR172","","","Billed","","-50.00","PSS PANTAI KOK","","Standalone","","","31 Mar 2018"
"17/03/2018 17:48","Purchase","'70838153003422951","WXR172","","PRIMAX 95","Billed","22.94","50.00","PSS PANTAI KOK","","Standalone","","","31 Mar 2018"
"15/03/2018 21:30","Purchase","'70838153003422951","WXR172","","PRIMAX 95","Billed","18.35","40.00","PSS PADANG MAT SIRAT","40","Standalone","","","31 Mar 2018"
"13/03/2018 17:58","Reload","'70838153003422951","WXR172","","","Billed","","-100.00","PSS PANTAI KOK","","Standalone","","","31 Mar 2018"