"Date Time","Transaction Type","Card Number","Vehicle Number","Driver Card Number","Product Type","Billing Type","Transaction Volume (Litres)","Transaction Amount (RM)","Station Name","Odometer","Card Type","Cost Centre","Cost Centre Name","Statement Month"
"28/03/2018 17:12","Purchase","'70838153003501143","WXR700","","PRIMAX 95","Billed","25.00","55.00","PSS KM 305 PLUS ARAH SELATAN","1500","Standalone","","","31 Mar 2018"
"28/03/2018 17:09","Reload","'70838153003501143","WXR700","","","Billed","","-100.00","PSS KM 305 PLUS ARAH SELATAN","","Standalone","","","31 Mar 2018"
"26/03/2018 16:26","Purchase","'70838153003501143","WXR700","","PRIMAX 95","Billed","22.73","50.00","PSS KM 305 PLUS ARAH SELATAN","815","Standalone","","","31 Mar 2018"
"23/03/2018 12:39","Purchase","'70838153003501143","WXR700","","PRIMAX 95","Billed","27.27","60.00","PSS BANDAR BARU NILAI","2000","Standalone","","","31 Mar 2018"
"23/03/2018 12:38","Reload","'70838153003501143","WXR700","","","Billed","","-100.00","PSS BANDAR BARU NILAI","","Standalone","","","31 Mar 2018"
"17/03/2018 23:18","Purchase","'70838153003501143","WXR700","","PRIMAX 95","Billed","22.94","50.00","PSS PRECINT 9D","1500","Standalone","","","31 Mar 2018"
"17/03/2018 23:15","Reload","'70838153003501143","WXR700","","","Billed","","-100.00","PSS PRECINT 9D","","Standalone","","","31 Mar 2018"
"09/03/2018 14:51","Purchase","'70838153003501143","WXR700","","PRIMAX 95","Billed","6.33","14.00","PSS BANDAR BARU NILAI","1000","Standalone","","","31 Mar 2018"