"Date Time","Transaction Type","Card Number","Vehicle Number","Driver Card Number","Product Type","Billing Type","Transaction Volume (Litres)","Transaction Amount (RM)","Station Name","Odometer","Card Type","Cost Centre","Cost Centre Name","Statement Month"
"30/03/2018 09:04","Purchase","'70838153003497391","WXR847","","PRIMAX 95","Billed","9.09","20.00","PSS LAGUNA MERBUK","3554","Standalone","","","31 Mar 2018"
"30/03/2018 09:02","Reload","'70838153003497391","WXR847","","","Billed","","-20.00","PSS LAGUNA MERBUK","","Standalone","","","31 Mar 2018"
"27/03/2018 09:17","Purchase","'70838153003497391","WXR847","","PRIMAX 95","Billed","13.64","30.00","PSS LAGUNA MERBUK","3554","Standalone","","","31 Mar 2018"
"27/03/2018 09:16","Reload","'70838153003497391","WXR847","","","Billed","","-30.00","PSS LAGUNA MERBUK","","Standalone","","","31 Mar 2018"
"24/03/2018 13:33","Purchase","'70838153003497391","WXR847","","PRIMAX 95","Billed","18.18","40.00","PSS LAGUNA MERBUK","3554","Standalone","","","31 Mar 2018"
"24/03/2018 13:31","Reload","'70838153003497391","WXR847","","","Billed","","-40.00","PSS LAGUNA MERBUK","","Standalone","","","31 Mar 2018"
"21/03/2018 09:33","Purchase","'70838153003497391","WXR847","","PRIMAX 95","Billed","13.76","30.00","PSS LAGUNA MERBUK","3554","Standalone","","","31 Mar 2018"
"21/03/2018 09:32","Reload","'70838153003497391","WXR847","","","Billed","","-30.00","PSS LAGUNA MERBUK","","Standalone","","","31 Mar 2018"
"19/03/2018 18:00","Purchase","'70838153003497391","WXR847","","PRIMAX 95","Billed","13.76","30.00","PSS GURUN","3554","Standalone","","","31 Mar 2018"
"19/03/2018 17:58","Reload","'70838153003497391","WXR847","","","Billed","","-40.00","PSS GURUN","","Standalone","","","31 Mar 2018"
"16/03/2018 09:26","Purchase","'70838153003497391","WXR847","","PRIMAX 95","Billed","13.76","30.00","PSS LAGUNA MERBUK","3554","Standalone","","","31 Mar 2018"
"16/03/2018 09:25","Reload","'70838153003497391","WXR847","","","Billed","","-20.00","PSS LAGUNA MERBUK","","Standalone","","","31 Mar 2018"
"10/03/2018 13:12","Purchase","'70838153003497391","WXR847","","PRIMAX 95","Billed","13.58","30.00","PSS LAGUNA MERBUK","3554","Standalone","","","31 Mar 2018"
"10/03/2018 13:10","Reload","'70838153003497391","WXR847","","","Billed","","-30.00","PSS LAGUNA MERBUK","","Standalone","","","31 Mar 2018"
"07/03/2018 18:54","Purchase","'70838153003497391","WXR847","","PRIMAX 95","Billed","9.09","20.00","PSS GURUN","3554","Standalone","","","31 Mar 2018"
"07/03/2018 18:52","Reload","'70838153003497391","WXR847","","","Billed","","-20.00","PSS GURUN","","Standalone","","","31 Mar 2018"
"06/03/2018 09:10","Purchase","'70838153003497391","WXR847","","PRIMAX 95","Billed","9.09","20.00","PSS LAGUNA MERBUK","3554","Standalone","","","31 Mar 2018"
"03/03/2018 12:49","Purchase","'70838153003497391","WXR847","","PRIMAX 95","Billed","13.64","30.00","PSS GURUN","3554","Standalone","","","31 Mar 2018"
"03/03/2018 12:48","Reload","'70838153003497391","WXR847","","","Billed","","-40.00","PSS GURUN","","Standalone","","","31 Mar 2018"