"Date Time","Transaction Type","Card Number","Vehicle Number","Driver Card Number","Product Type","Billing Type","Transaction Volume (Litres)","Transaction Amount (RM)","Station Name","Odometer","Card Type","Cost Centre","Cost Centre Name","Statement Month"
"21/03/2018 20:38","Purchase","'70838153003425079","WXR62","","PRIMAX 95","Billed","14.10","30.73","PSS SIMPANG PULAI LOJING","","Standalone","","","31 Mar 2018"
"20/03/2018 18:31","Purchase","'70838153003425079","WXR62","","PRIMAX 95","Billed","14.46","31.52","PSS BRINCHANG","","Standalone","","","31 Mar 2018"
"20/03/2018 14:16","Purchase","'70838153003425079","WXR62","","PRIMAX 95","Billed","18.51","40.35","PSS SUNGAI LALANG 2","","Standalone","","","31 Mar 2018"
"19/03/2018 18:05","Purchase","'70838153003425079","WXR62","","PRIMAX 95","Billed","9.36","20.40","PSS SUNGAI SELUANG","","Standalone","","","31 Mar 2018"
"19/03/2018 18:04","Reload","'70838153003425079","WXR62","","","Billed","","-100.00","PSS SUNGAI SELUANG","","Standalone","","","31 Mar 2018"
"19/03/2018 15:05","Purchase","'70838153003425079","WXR62","","PRIMAX 95","Billed","13.85","30.20","PSS SUNGAI LALANG 2","","Standalone","","","31 Mar 2018"
"19/03/2018 10:52","Purchase","'70838153003425079","WXR62","","PRIMAX 95","Billed","9.18","20.00","PSS LAGUNA MERBUK","","Standalone","","","31 Mar 2018"
"17/03/2018 08:54","Purchase","'70838153003425079","WXR62","","PRIMAX 95","Billed","9.18","20.00","PSS SUNGAI LALANG 2","","Standalone","","","31 Mar 2018"
"17/03/2018 00:21","Purchase","'70838153003425079","WXR62","","PRIMAX 95","Billed","3.12","6.80","PSS BANDAR MUTIARA","","Standalone","","","31 Mar 2018"
"17/03/2018 00:20","Reload","'70838153003425079","WXR62","","","Billed","","-100.00","PSS BANDAR MUTIARA","","Standalone","","","31 Mar 2018"
"13/03/2018 16:22","Purchase","'70838153003425079","WXR62","","PRIMAX 95","Billed","6.78","14.97","PSS TAMAN KELADI","","Standalone","","","31 Mar 2018"
"12/03/2018 09:41","Purchase","'70838153003425079","WXR62","","PRIMAX 95","Billed","11.33","25.03","PSS SUNGAI LALANG 2","","Standalone","","","31 Mar 2018"
"11/03/2018 09:11","Purchase","'70838153003425079","WXR62","","PRIMAX 95","Billed","9.05","20.00","PSS SUNGAI LALANG 2","","Standalone","","","31 Mar 2018"
"10/03/2018 13:53","Purchase","'70838153003425079","WXR62","","PRIMAX 95","Billed","4.53","10.00","PSS SUNGAI LALANG 2","","Standalone","","","31 Mar 2018"
"08/03/2018 13:42","Purchase","'70838153003425079","WXR62","","PRIMAX 95","Billed","9.05","20.00","PSS TAMAN KELADI","","Standalone","","","31 Mar 2018"
"07/03/2018 12:11","Purchase","'70838153003425079","WXR62","","PRIMAX 95","Billed","9.09","20.00","PSS BANDAR MUTIARA","","Standalone","","","31 Mar 2018"
"07/03/2018 12:09","Reload","'70838153003425079","WXR62","","","Billed","","-100.00","PSS BANDAR MUTIARA","","Standalone","","","31 Mar 2018"
"06/03/2018 15:23","Purchase","'70838153003425079","WXR62","","PRIMAX 95","Billed","4.55","10.00","PSS BANDAR MUTIARA","","Standalone","","","31 Mar 2018"
"05/03/2018 16:21","Purchase","'70838153003425079","WXR62","","PRIMAX 95","Billed","9.09","20.00","PSS JLN KELAB CINTA SAYANG","","Standalone","","","31 Mar 2018"
"03/03/2018 10:14","Purchase","'70838153003425079","WXR62","","PRIMAX 95","Billed","9.09","20.00","PSS BANDAR MUTIARA","","Standalone","","","31 Mar 2018"
"03/03/2018 10:13","Reload","'70838153003425079","WXR62","","","Billed","","-50.00","PSS BANDAR MUTIARA","","Standalone","","","31 Mar 2018"
"03/03/2018 10:11","Purchase","'70838153003425079","WXR62","","PRIMAX 95","Billed","0.26","0.56","PSS BANDAR MUTIARA","","Standalone","","","31 Mar 2018"
"02/03/2018 15:27","Purchase","'70838153003425079","WXR62","","PRIMAX 95","Billed","9.09","20.00","PSS SUNGAI LALANG 2","","Standalone","","","31 Mar 2018"