"Date Time","Transaction Type","Card Number","Vehicle Number","Driver Card Number","Product Type","Billing Type","Transaction Volume (Litres)","Transaction Amount (RM)","Station Name","Odometer","Card Type","Cost Centre","Cost Centre Name","Statement Month"
"31/03/2018 19:40","Purchase","'70838153003495403","WXR540","","PRIMAX 95","Un-billed","3.06","6.74","PSS KELEBANG LANGKAWI","","Standalone","","","Unbilled Transaction"
"28/03/2018 08:35","Purchase","'70838153003495403","WXR540","","PRIMAX 95","Billed","20.00","44.00","PSS KUAH LANGKAWI","","Standalone","","","31 Mar 2018"
"28/03/2018 08:34","Reload","'70838153003495403","WXR540","","","Billed","","-50.00","PSS KUAH LANGKAWI","","Standalone","","","31 Mar 2018"
"27/03/2018 08:15","Purchase","'70838153003495403","WXR540","","Diesel","Billed","20.00","43.60","PSS KUAH LANGKAWI","","Standalone","","","31 Mar 2018"
"27/03/2018 08:14","Reload","'70838153003495403","WXR540","","","Billed","","-50.00","PSS KUAH LANGKAWI","","Standalone","","","31 Mar 2018"
"26/03/2018 11:12","Purchase","'70838153003495403","WXR540","","Diesel","Billed","13.76","30.00","PSS KUAH LANGKAWI","","Standalone","","","31 Mar 2018"
"25/03/2018 16:20","Purchase","'70838153003495403","WXR540","","PRIMAX 95","Billed","20.00","44.00","PSS KUAH LANGKAWI","","Standalone","","","31 Mar 2018"
"25/03/2018 16:19","Reload","'70838153003495403","WXR540","","","Billed","","-50.00","PSS KUAH LANGKAWI","","Standalone","","","31 Mar 2018"
"21/03/2018 12:26","Purchase","'70838153003495403","WXR540","","PRIMAX 95","Billed","20.00","43.60","PSS KUAH LANGKAWI","","Standalone","","","31 Mar 2018"
"19/03/2018 10:18","Purchase","'70838153003495403","WXR540","","Diesel","Billed","20.00","43.20","PSS TOK SENIK","","Standalone","","","31 Mar 2018"
"19/03/2018 10:17","Reload","'70838153003495403","WXR540","","","Billed","","-50.00","PSS TOK SENIK","","Standalone","","","31 Mar 2018"
"18/03/2018 10:14","Purchase","'70838153003495403","WXR540","","Diesel","Billed","20.00","43.20","PSS KUAH LANGKAWI","","Standalone","","","31 Mar 2018"
"18/03/2018 10:13","Reload","'70838153003495403","WXR540","","","Billed","","-50.00","PSS KUAH LANGKAWI","","Standalone","","","31 Mar 2018"
"17/03/2018 08:20","Reload","'70838153003495403","WXR540","","","Billed","","-50.00","PSS KUAH LANGKAWI","","Standalone","","","31 Mar 2018"
"14/03/2018 09:35","Purchase","'70838153003495403","WXR540","","Diesel","Billed","20.00","43.40","PSS KUAH LANGKAWI","","Standalone","","","31 Mar 2018"
"14/03/2018 09:34","Reload","'70838153003495403","WXR540","","","Billed","","-50.00","PSS KUAH LANGKAWI","","Standalone","","","31 Mar 2018"
"12/03/2018 17:17","Purchase","'70838153003495403","WXR540","","Diesel","Billed","28.78","62.46","PSS KUAH LANGKAWI","","Standalone","","","31 Mar 2018"
"12/03/2018 17:10","Reload","'70838153003495403","WXR540","","","Billed","","-50.00","PSS KUAH LANGKAWI","","Standalone","","","31 Mar 2018"
"10/03/2018 21:08","Purchase","'70838153003495403","WXR540","","PRIMAX 95","Billed","20.00","44.20","PSS KELEBANG LANGKAWI","","Standalone","","","31 Mar 2018"
"10/03/2018 21:08","Reload","'70838153003495403","WXR540","","","Billed","","-50.00","PSS KELEBANG LANGKAWI","","Standalone","","","31 Mar 2018"
"10/03/2018 07:24","Purchase","'70838153003495403","WXR540","","PRIMAX 95","Billed","20.00","44.20","PSS KUAH LANGKAWI","","Standalone","","","31 Mar 2018"
"10/03/2018 07:24","Reload","'70838153003495403","WXR540","","","Billed","","-50.00","PSS KUAH LANGKAWI","","Standalone","","","31 Mar 2018"
"09/03/2018 18:53","Purchase","'70838153003495403","WXR540","","PRIMAX 95","Billed","18.10","40.00","PSS KUAH LANGKAWI","","Standalone","","","31 Mar 2018"
"05/03/2018 09:45","Purchase","'70838153003495403","WXR540","","Diesel","Billed","9.17","20.00","PSS KUAH LANGKAWI","1","Standalone","","","31 Mar 2018"
"04/03/2018 10:22","Purchase","'70838153003495403","WXR540","","PRIMAX 95","Billed","15.00","33.00","PSS KUAH LANGKAWI","","Standalone","","","31 Mar 2018"
"04/03/2018 10:21","Reload","'70838153003495403","WXR540","","","Billed","","-50.00","PSS KUAH LANGKAWI","","Standalone","","","31 Mar 2018"
"03/03/2018 07:29","Purchase","'70838153003495403","WXR540","","PRIMAX 95","Billed","20.00","44.00","PSS KUAH LANGKAWI","","Standalone","","","31 Mar 2018"
"03/03/2018 07:28","Reload","'70838153003495403","WXR540","","","Billed","","-50.00","PSS KUAH LANGKAWI","","Standalone","","","31 Mar 2018"
"02/03/2018 07:35","Purchase","'70838153003495403","WXR540","","PRIMAX 95","Billed","20.00","44.00","PSS KUAH LANGKAWI","","Standalone","","","31 Mar 2018"
"02/03/2018 07:34","Reload","'70838153003495403","WXR540","","","Billed","","-50.00","PSS KUAH LANGKAWI","","Standalone","","","31 Mar 2018"