"Date Time","Transaction Type","Card Number","Vehicle Number","Driver Card Number","Product Type","Billing Type","Transaction Volume (Litres)","Transaction Amount (RM)","Station Name","Odometer","Card Type","Cost Centre","Cost Centre Name","Statement Month"
"24/03/2018 10:37","Purchase","'70838153003495296","WXR770","","PRIMAX 95","Billed","39.09","86.00","PSS JALAN RAJA SYED ALWI","","Standalone","","","31 Mar 2018"
"24/03/2018 10:35","Reload","'70838153003495296","WXR770","","","Billed","","-100.00","PSS JALAN RAJA SYED ALWI","","Standalone","","","31 Mar 2018"
"12/03/2018 11:32","Purchase","'70838153003495296","WXR770","","Diesel","Billed","46.09","100.00","PSS AIR HITAM KEDAH","","Standalone","","","31 Mar 2018"
"11/03/2018 21:18","Purchase","'70838153003495296","WXR770","","PRIMAX 95","Billed","25.07","55.40","PSS JALAN RAJA SYED ALWI","","Standalone","","","31 Mar 2018"
"08/03/2018 21:51","Purchase","'70838153003495296","WXR770","","PRIMAX 95","Billed","22.63","50.00","PSS JALAN RAJA SYED ALWI","","Standalone","","","31 Mar 2018"
"02/03/2018 09:23","Reload","'70838153003495296","WXR770","","","Billed","","-200.00","PSS JALAN RAJA SYED ALWI","","Standalone","","","31 Mar 2018"
"02/03/2018 09:22","Purchase","'70838153003495296","WXR770","","PRIMAX 95","Billed","22.73","50.00","PSS JALAN RAJA SYED ALWI","","Standalone","","","31 Mar 2018"