"Date Time","Transaction Type","Card Number","Vehicle Number","Driver Card Number","Product Type","Billing Type","Transaction Volume (Litres)","Transaction Amount (RM)","Station Name","Odometer","Card Type","Cost Centre","Cost Centre Name","Statement Month"
"28/03/2018 09:33","Purchase","'70838153003423579","WXR103","","PRIMAX 97","Billed","16.20","40.00","PSS BANDAR BARU KAMPAR","","Standalone","","","31 Mar 2018"
"21/03/2018 15:26","Purchase","'70838153003423579","WXR103","","PRIMAX 97","Billed","16.33","40.00","PSS BANDAR BARU KAMPAR","","Standalone","","","31 Mar 2018"
"21/03/2018 15:24","Reload","'70838153003423579","WXR103","","","Billed","","-100.00","PSS BANDAR BARU KAMPAR","","Standalone","","","31 Mar 2018"
"06/03/2018 09:50","Purchase","'70838153003423579","WXR103","","PRIMAX 97","Billed","12.86","31.76","PSS BANDAR BARU KAMPAR","","Standalone","","","31 Mar 2018"
"01/03/2018 09:28","Purchase","'70838153003423579","WXR103","","PRIMAX 97","Billed","14.17","35.00","PSS BIDOR TAPAH","","Standalone","","","31 Mar 2018"