"Date Time","Transaction Type","Card Number","Vehicle Number","Driver Card Number","Product Type","Billing Type","Transaction Volume (Litres)","Transaction Amount (RM)","Station Name","Odometer","Card Type","Cost Centre","Cost Centre Name","Statement Month"
"26/03/2018 16:50","Purchase","'70838153003500939","WXR970","","PRIMAX 95","Billed","13.64","30.00","PSS BUKIT TINGGI 2","150000","Standalone","","","31 Mar 2018"
"21/03/2018 15:44","Purchase","'70838153003500939","WXR970","","PRIMAX 95","Billed","32.11","70.00","PSS KL-KARAK","15000","Standalone","","","31 Mar 2018"
"21/03/2018 15:43","Reload","'70838153003500939","WXR970","","","Billed","","-100.00","PSS KL-KARAK","","Standalone","","","31 Mar 2018"
"17/03/2018 14:56","Purchase","'70838153003500939","WXR970","","PRIMAX 95","Billed","24.25","52.87","PSS TANJUNG KARANG 2","100000","Standalone","","","31 Mar 2018"
"15/03/2018 16:36","Purchase","'70838153003500939","WXR970","","PRIMAX 95","Billed","31.24","68.09","PSS PERSIARAN RAJA MUDA MUSA","90000","Standalone","","","31 Mar 2018"
"08/03/2018 17:16","Purchase","'70838153003500939","WXR970","","PRIMAX 95","Billed","27.15","60.00","PSS PERSIARAN RAJA MUDA MUSA","15000","Standalone","","","31 Mar 2018"
"08/03/2018 17:15","Reload","'70838153003500939","WXR970","","","Billed","","-50.00","PSS PERSIARAN RAJA MUDA MUSA","","Standalone","","","31 Mar 2018"
"05/03/2018 17:20","Purchase","'70838153003500939","WXR970","","PRIMAX 95","Billed","31.82","70.00","PSS ANY JALAN KIM CHUAN","100000","Standalone","","","31 Mar 2018"
"05/03/2018 17:18","Reload","'70838153003500939","WXR970","","","Billed","","-100.00","PSS ANY JALAN KIM CHUAN","","Standalone","","","31 Mar 2018"