"Date Time","Transaction Type","Card Number","Vehicle Number","Driver Card Number","Product Type","Billing Type","Transaction Volume (Litres)","Transaction Amount (RM)","Station Name","Odometer","Card Type","Cost Centre","Cost Centre Name","Statement Month"
"28/03/2018 22:03","Purchase","'70838153003496468","WXR360","","PRIMAX 95","Billed","35.01","77.02","PSS JLN BANDAR PASIR GUDANG","","Standalone","","","31 Mar 2018"
"26/03/2018 13:28","Purchase","'70838153003496468","WXR360","","PRIMAX 95","Billed","2.91","6.40","PSS NPE PANTAI DALAM","","Standalone","","","31 Mar 2018"
"26/03/2018 13:24","Reload","'70838153003496468","WXR360","","","Billed","","-250.00","PSS NPE PANTAI DALAM","","Standalone","","","31 Mar 2018"
"26/03/2018 08:09","Purchase","'70838153003496468","WXR360","","PRIMAX 95","Billed","0.91","1.99","PSS EAST-WEST LINK","","Standalone","","","31 Mar 2018"
"24/03/2018 18:32","Purchase","'70838153003496468","WXR360","","PRIMAX 95","Billed","3.25","7.14","PSS JALAN REKO2","","Standalone","","","31 Mar 2018"
"24/03/2018 10:52","Purchase","'70838153003496468","WXR360","","PRIMAX 95","Billed","11.73","25.80","PSS PRIMA SAUJANA 1","","Standalone","","","31 Mar 2018"
"22/03/2018 08:11","Purchase","'70838153003496468","WXR360","","PRIMAX 95","Billed","3.02","6.64","PSS EAST-WEST LINK","","Standalone","","","31 Mar 2018"
"20/03/2018 11:02","Purchase","'70838153003496468","WXR360","","PRIMAX 95","Billed","3.14","6.84","PSS PRIMA SAUJANA 1","","Standalone","","","31 Mar 2018"
"19/03/2018 19:30","Purchase","'70838153003496468","WXR360","","PRIMAX 95","Billed","20.65","45.02","PSS SG BULOH LAYBY","","Standalone","","","31 Mar 2018"
"19/03/2018 10:52","Purchase","'70838153003496468","WXR360","","PRIMAX 95","Billed","25.23","55.01","PSS TUPAI","","Standalone","","","31 Mar 2018"
"17/03/2018 08:35","Purchase","'70838153003496468","WXR360","","PRIMAX 95","Billed","25.26","55.07","PSS TAMAN RIA SG PETANI","","Standalone","","","31 Mar 2018"
"12/03/2018 16:33","Purchase","'70838153003496468","WXR360","","PRIMAX 95","Billed","30.81","68.08","PSS TAMAN BERTAM","","Standalone","","","31 Mar 2018"
"12/03/2018 09:09","Purchase","'70838153003496468","WXR360","","PRIMAX 95","Billed","28.06","62.01","PSS RAWANG RSA","","Standalone","","","31 Mar 2018"
"11/03/2018 12:24","Reload","'70838153003496468","WXR360","","","Billed","","-300.00","PSS KM5.5 JALAN CHERAS","","Standalone","","","31 Mar 2018"
"11/03/2018 08:32","Purchase","'70838153003496468","WXR360","","PRIMAX 95","Billed","11.33","25.05","PSS NPE PANTAI DALAM","","Standalone","","","31 Mar 2018"
"09/03/2018 12:12","Purchase","'70838153003496468","WXR360","","PRIMAX 95","Billed","2.78","6.13","PSS PERSIARAN MAHKOTA CHERAS","","Standalone","","","31 Mar 2018"
"08/03/2018 22:36","Purchase","'70838153003496468","WXR360","","PRIMAX 95","Billed","3.13","6.92","PSS KM5.5 JALAN CHERAS","","Standalone","","","31 Mar 2018"
"07/03/2018 13:46","Purchase","'70838153003496468","WXR360","","PRIMAX 95","Billed","13.64","30.00","PSS LEBUHRAYA SILK","","Standalone","","","31 Mar 2018"
"05/03/2018 11:25","Purchase","'70838153003496468","WXR360","","PRIMAX 95","Billed","2.85","6.28","PSS PERSIARAN MAHKOTA CHERAS","","Standalone","","","31 Mar 2018"