"Date Time","Transaction Type","Card Number","Vehicle Number","Driver Card Number","Product Type","Billing Type","Transaction Volume (Litres)","Transaction Amount (RM)","Station Name","Odometer","Card Type","Cost Centre","Cost Centre Name","Statement Month"
"31/03/2018 19:52","Purchase","'70838153003498043","WXR613","","PRIMAX 95","Billed","20.46","45.00","PSS BANDAR JENGKA","","Standalone","","","31 Mar 2018"
"31/03/2018 00:04","Purchase","'70838153003498043","WXR613","","PRIMAX 97","Billed","24.29","60.00","PSS TAMAN SAMUDERA BATU CAVES","","Standalone","","","31 Mar 2018"
"31/03/2018 00:02","Reload","'70838153003498043","WXR613","","","Billed","","-100.00","PSS TAMAN SAMUDERA BATU CAVES","","Standalone","","","31 Mar 2018"
"29/03/2018 19:13","Purchase","'70838153003498043","WXR613","","PRIMAX 95","Billed","11.82","26.00","PSS SENTUL","","Standalone","","","31 Mar 2018"
"29/03/2018 19:00","Reload","'70838153003498043","WXR613","","","Billed","","-50.00","PSS SENTUL","","Standalone","","","31 Mar 2018"
"26/03/2018 19:30","Purchase","'70838153003498043","WXR613","","PRIMAX 97","Billed","12.15","30.00","PSS BATU 6 JALAN IPOH","","Standalone","","","31 Mar 2018"
"26/03/2018 19:28","Reload","'70838153003498043","WXR613","","","Billed","","-50.00","PSS BATU 6 JALAN IPOH","","Standalone","","","31 Mar 2018"
"25/03/2018 19:13","Purchase","'70838153003498043","WXR613","","PRIMAX 97","Billed","20.25","50.01","PSS SENTUL","","Standalone","","","31 Mar 2018"
"23/03/2018 19:44","Purchase","'70838153003498043","WXR613","","PRIMAX 97","Billed","20.24","50.00","PSS SUNWAY BATU CAVES","","Standalone","","","31 Mar 2018"
"23/03/2018 19:42","Reload","'70838153003498043","WXR613","","","Billed","","-100.00","PSS SUNWAY BATU CAVES","","Standalone","","","31 Mar 2018"
"18/03/2018 16:27","Purchase","'70838153003498043","WXR613","","PRIMAX 97","Billed","20.41","50.00","PSS TAMAN MELATI","","Standalone","","","31 Mar 2018"
"18/03/2018 16:25","Reload","'70838153003498043","WXR613","","","Billed","","-50.00","PSS TAMAN MELATI","","Standalone","","","31 Mar 2018"
"15/03/2018 14:13","Purchase","'70838153003498043","WXR613","","PRIMAX 97","Billed","6.12","15.00","PSS SENTUL","","Standalone","","","31 Mar 2018"
"14/03/2018 22:32","Purchase","'70838153003498043","WXR613","","PRIMAX 97","Billed","20.24","50.00","PSS TAMAN SAMUDERA BATU CAVES","","Standalone","","","31 Mar 2018"
"14/03/2018 22:28","Reload","'70838153003498043","WXR613","","","Billed","","-50.00","PSS TAMAN SAMUDERA BATU CAVES","","Standalone","","","31 Mar 2018"
"13/03/2018 16:21","Purchase","'70838153003498043","WXR613","","PRIMAX 97","Billed","12.15","30.00","PSS SENTUL","","Standalone","","","31 Mar 2018"
"13/03/2018 16:17","Reload","'70838153003498043","WXR613","","","Billed","","-50.00","PSS SENTUL","","Standalone","","","31 Mar 2018"
"06/03/2018 22:12","Purchase","'70838153003498043","WXR613","","PRIMAX 97","Billed","28.34","70.00","PSS BATU 6 JALAN IPOH","","Standalone","","","31 Mar 2018"
"06/03/2018 22:10","Reload","'70838153003498043","WXR613","","","Billed","","-70.00","PSS BATU 6 JALAN IPOH","","Standalone","","","31 Mar 2018"
"04/03/2018 14:01","Purchase","'70838153003498043","WXR613","","PRIMAX 97","Billed","20.24","50.00","PSS TAMAN SAMUDERA BATU CAVES","50","Standalone","","","31 Mar 2018"
"04/03/2018 13:58","Reload","'70838153003498043","WXR613","","","Billed","","-50.00","PSS TAMAN SAMUDERA BATU CAVES","","Standalone","","","31 Mar 2018"