"Date Time","Transaction Type","Card Number","Vehicle Number","Driver Card Number","Product Type","Billing Type","Transaction Volume (Litres)","Transaction Amount (RM)","Station Name","Odometer","Card Type","Cost Centre","Cost Centre Name","Statement Month"
"28/03/2018 16:56","Purchase","'70838153003424429","WXR123","","PRIMAX 95","Billed","13.64","30.00","PSS TUPAI","","Standalone","","","31 Mar 2018"
"28/03/2018 16:54","Reload","'70838153003424429","WXR123","","","Billed","","-50.00","PSS TUPAI","","Standalone","","","31 Mar 2018"
"23/03/2018 16:37","Purchase","'70838153003424429","WXR123","","PRIMAX 95","Billed","18.18","40.00","PSS SELAMA","","Standalone","","","31 Mar 2018"
"23/03/2018 16:36","Reload","'70838153003424429","WXR123","'70838153003424429","","Billed","","-20.00","PSS SELAMA","","Standalone","","","31 Mar 2018"
"18/03/2018 09:26","Purchase","'70838153003424429","WXR123","","PRIMAX 95","Billed","13.76","30.00","PSS KUALA KETIL","","Standalone","","","31 Mar 2018"
"18/03/2018 09:24","Reload","'70838153003424429","WXR123","","","Billed","","-50.00","PSS KUALA KETIL","","Standalone","","","31 Mar 2018"
"13/03/2018 16:14","Purchase","'70838153003424429","WXR123","","PRIMAX 95","Billed","13.58","30.00","PSS SELAMA","","Standalone","","","31 Mar 2018"
"10/03/2018 15:28","Purchase","'70838153003424429","WXR123","","PRIMAX 97","Billed","3.24","8.00","PSS SELAMA","6","Standalone","","","31 Mar 2018"
"08/03/2018 19:16","Purchase","'70838153003424429","WXR123","","PRIMAX 95","Billed","27.15","60.00","PSS TUPAI","","Standalone","","","31 Mar 2018"
"08/03/2018 19:12","Reload","'70838153003424429","WXR123","","","Billed","","-100.00","PSS TUPAI","","Standalone","","","31 Mar 2018"