"Date Time","Transaction Type","Card Number","Vehicle Number","Driver Card Number","Product Type","Billing Type","Transaction Volume (Litres)","Transaction Amount (RM)","Station Name","Odometer","Card Type","Cost Centre","Cost Centre Name","Statement Month"
"19/03/2018 21:07","Purchase","'70838153003424643","WXR50","","PRIMAX 95","Billed","6.60","14.39","PSS KANGAR","12345","Standalone","","","31 Mar 2018"
"19/03/2018 21:06","Purchase","'70838153003424643","WXR50","","PRIMAX 95","Billed","9.17","20.00","PSS KANGAR","12345","Standalone","","","31 Mar 2018"
"10/03/2018 22:21","Purchase","'70838153003424643","WXR50","","PRIMAX 95","Billed","18.10","40.01","PSS MATA AIR","12345","Standalone","","","31 Mar 2018"
"07/03/2018 18:16","Purchase","'70838153003424643","WXR50","","PRIMAX 95","Billed","22.73","50.00","PSS KANGAR","12345","Standalone","","","31 Mar 2018"
"07/03/2018 18:15","Reload","'70838153003424643","WXR50","","","Billed","","-100.00","PSS KANGAR","","Standalone","","","31 Mar 2018"
"01/03/2018 20:32","Purchase","'70838153003424643","WXR50","","PRIMAX 95","Billed","25.00","55.00","PSS MATA AIR","12345","Standalone","","","31 Mar 2018"