"Date Time","Transaction Type","Card Number","Vehicle Number","Driver Card Number","Product Type","Billing Type","Transaction Volume (Litres)","Transaction Amount (RM)","Station Name","Odometer","Card Type","Cost Centre","Cost Centre Name","Statement Month"
"31/03/2018 16:27","Purchase","'70838153003424254","WXR36","","PRIMAX 95","Billed","31.01","68.22","PSS LEBUHRAYA SPRINT","","Standalone","","","31 Mar 2018"
"30/03/2018 10:08","Reload","'70838153003424254","WXR36","","","Billed","","-100.00","PSS LEBUHRAYA SPRINT","","Standalone","","","31 Mar 2018"
"23/03/2018 16:40","Purchase","'70838153003424254","WXR36","","PRIMAX 95","Billed","26.29","57.84","PSS LEBUHRAYA SPRINT","","Standalone","","","31 Mar 2018"
"23/03/2018 09:50","Reload","'70838153003424254","WXR36","","","Billed","","-60.00","PSS LEBUHRAYA SPRINT","","Standalone","","","31 Mar 2018"
"19/03/2018 16:26","Purchase","'70838153003424254","WXR36","","PRIMAX 95","Billed","11.47","25.00","PSS LEBUHRAYA SPRINT","","Standalone","","","31 Mar 2018"
"17/03/2018 16:44","Reload","'70838153003424254","WXR36","","","Billed","","-11.00","PSS LEBUHRAYA SPRINT","","Standalone","","","31 Mar 2018"
"06/03/2018 16:23","Purchase","'70838153003424254","WXR36","","PRIMAX 95","Billed","25.00","55.01","PSS LEBUHRAYA SPRINT","","Standalone","","","31 Mar 2018"
"06/03/2018 11:16","Reload","'70838153003424254","WXR36","","","Billed","","-60.00","PSS LEBUHRAYA SPRINT","","Standalone","","","31 Mar 2018"
"02/03/2018 16:24","Purchase","'70838153003424254","WXR36","","PRIMAX 95","Billed","20.49","45.08","PSS LEBUHRAYA SPRINT","","Standalone","","","31 Mar 2018"