"Date Time","Transaction Type","Card Number","Vehicle Number","Driver Card Number","Product Type","Billing Type","Transaction Volume (Litres)","Transaction Amount (RM)","Station Name","Odometer","Card Type","Cost Centre","Cost Centre Name","Statement Month"
"21/03/2018 23:42","Purchase","'70838153003498852","WXR894","","PRIMAX 97","Billed","32.74","80.21","PSS BAGAN SERAI","1153","Standalone","","","31 Mar 2018"
"21/03/2018 23:39","Reload","'70838153003498852","WXR894","","","Billed","","-50.00","PSS BAGAN SERAI","","Standalone","","","31 Mar 2018"
"21/03/2018 22:04","Purchase","'70838153003498852","WXR894","","PRIMAX 95","Billed","9.18","20.00","PSS KG KEDAH","1153","Standalone","","","31 Mar 2018"
"21/03/2018 22:01","Purchase","'70838153003498852","WXR894","","PRIMAX 95","Billed","13.76","30.00","PSS KG KEDAH","1153","Standalone","","","31 Mar 2018"
"21/03/2018 21:57","Reload","'70838153003498852","WXR894","","","Billed","","-100.00","PSS KG KEDAH","","Standalone","","","31 Mar 2018"
"18/03/2018 16:45","Purchase","'70838153003498852","WXR894","","PRIMAX 95","Billed","13.76","30.00","PSS JALAN SIMPANG TAIPING","1153","Standalone","","","31 Mar 2018"
"18/03/2018 16:41","Reload","'70838153003498852","WXR894","","","Billed","","-50.00","PSS JALAN SIMPANG TAIPING","","Standalone","","","31 Mar 2018"