"Date Time","Transaction Type","Card Number","Vehicle Number","Driver Card Number","Product Type","Billing Type","Transaction Volume (Litres)","Transaction Amount (RM)","Station Name","Odometer","Card Type","Cost Centre","Cost Centre Name","Statement Month"
"28/03/2018 14:25","Purchase","'70838153003579354","WXR1014","","PRIMAX 95","Billed","4.55","10.00","PSS JALAN PLUMBUM","","Standalone","","","31 Mar 2018"
"25/03/2018 08:43","Purchase","'70838153003579354","WXR1014","","PRIMAX 95","Billed","13.64","30.00","PSS SEKSYEN 18","","Standalone","","","31 Mar 2018"
"25/03/2018 08:42","Reload","'70838153003579354","WXR1014","","","Billed","","-40.00","PSS SEKSYEN 18","","Standalone","","","31 Mar 2018"
"21/03/2018 20:19","Purchase","'70838153003579354","WXR1014","","PRIMAX 95","Billed","4.59","10.00","PSS SEKSYEN 18","","Standalone","","","31 Mar 2018"
"21/03/2018 10:44","Purchase","'70838153003579354","WXR1014","","PRIMAX 95","Billed","13.76","30.00","PSS SEKSYEN 18","","Standalone","","","31 Mar 2018"
"19/03/2018 10:00","Purchase","'70838153003579354","WXR1014","","PRIMAX 95","Billed","13.76","30.00","PSS SEKSYEN 18","","Standalone","","","31 Mar 2018"
"19/03/2018 09:58","Reload","'70838153003579354","WXR1014","","","Billed","","-40.00","PSS SEKSYEN 18","","Standalone","","","31 Mar 2018"
"16/03/2018 15:52","Purchase","'70838153003579354","WXR1014","","PRIMAX 95","Billed","1.38","3.00","PSS SEKSYEN 18","","Standalone","","","31 Mar 2018"
"16/03/2018 10:16","Purchase","'70838153003579354","WXR1014","","PRIMAX 95","Billed","1.38","3.00","PSS SEKSYEN 18","","Standalone","","","31 Mar 2018"
"15/03/2018 08:39","Purchase","'70838153003579354","WXR1014","","PRIMAX 95","Billed","13.76","30.00","PSS SEKSYEN 18","","Standalone","","","31 Mar 2018"
"14/03/2018 15:29","Purchase","'70838153003579354","WXR1014","","PRIMAX 95","Billed","2.26","5.00","PSS SEKSYEN 18","","Standalone","","","31 Mar 2018"
"11/03/2018 08:35","Purchase","'70838153003579354","WXR1014","","PRIMAX 95","Billed","31.68","70.00","PSS SEKSYEN 18","","Standalone","","","31 Mar 2018"
"11/03/2018 08:32","Reload","'70838153003579354","WXR1014","","","Billed","","-100.00","PSS SEKSYEN 18","","Standalone","","","31 Mar 2018"
"07/03/2018 08:21","Purchase","'70838153003579354","WXR1014","","PRIMAX 95","Billed","18.18","40.00","PSS SEKSYEN 18","","Standalone","","","31 Mar 2018"
"05/03/2018 08:33","Reload","'70838153003579354","WXR1014","","","Billed","","-50.00","PSS SEKSYEN 18","","Standalone","","","31 Mar 2018"
"05/03/2018 08:31","Purchase","'70838153003579354","WXR1014","","PRIMAX 95","Billed","18.18","40.00","PSS SEKSYEN 18","","Standalone","","","31 Mar 2018"
"02/03/2018 08:00","Purchase","'70838153003579354","WXR1014","","PRIMAX 95","Billed","13.18","29.00","PSS SEKSYEN 18","","Standalone","","","31 Mar 2018"
"02/03/2018 07:58","Reload","'70838153003579354","WXR1014","","","Billed","","-70.00","PSS SEKSYEN 18","","Standalone","","","31 Mar 2018"
"01/03/2018 01:31","Purchase","'70838153003579354","WXR1014","","PRIMAX 95","Billed","0.46","1.00","PSS KLIA 3","","Standalone","","","31 Mar 2018"