"Date Time","Transaction Type","Card Number","Vehicle Number","Driver Card Number","Product Type","Billing Type","Transaction Volume (Litres)","Transaction Amount (RM)","Station Name","Odometer","Card Type","Cost Centre","Cost Centre Name","Statement Month"
"28/03/2018 19:19","Purchase","'70838153003499074","WXR646","","PRIMAX 97","Billed","40.49","100.00","PSS ARA DAMANSARA","","Standalone","","","31 Mar 2018"
"28/03/2018 19:18","Reload","'70838153003499074","WXR646","","","Billed","","-100.00","PSS ARA DAMANSARA","","Standalone","","","31 Mar 2018"
"28/03/2018 15:53","Purchase","'70838153003499074","WXR646","","PRIMAX 97","Billed","8.10","20.00","PSS ELITE HIGHWAY","","Standalone","","","31 Mar 2018"
"28/03/2018 15:51","Reload","'70838153003499074","WXR646","","","Billed","","-20.00","PSS ELITE HIGHWAY","","Standalone","","","31 Mar 2018"
"28/03/2018 11:02","Purchase","'70838153003499074","WXR646","","PRIMAX 95","Billed","22.73","50.00","PSS ELITE HIGHWAY","","Standalone","","","31 Mar 2018"
"28/03/2018 11:01","Reload","'70838153003499074","WXR646","","","Billed","","-50.00","PSS ELITE HIGHWAY","","Standalone","","","31 Mar 2018"
"27/03/2018 18:11","Purchase","'70838153003499074","WXR646","","PRIMAX 97","Billed","20.24","50.00","PSS ELITE HIGHWAY","","Standalone","","","31 Mar 2018"
"27/03/2018 18:08","Reload","'70838153003499074","WXR646","","","Billed","","-50.00","PSS ELITE HIGHWAY","","Standalone","","","31 Mar 2018"
"27/03/2018 11:58","Purchase","'70838153003499074","WXR646","","PRIMAX 95","Billed","22.73","50.00","PSS ELITE HIGHWAY","","Standalone","","","31 Mar 2018"
"27/03/2018 11:54","Reload","'70838153003499074","WXR646","","","Billed","","-50.00","PSS ELITE HIGHWAY","","Standalone","","","31 Mar 2018"
"21/03/2018 21:01","Purchase","'70838153003499074","WXR646","","PRIMAX 97","Billed","16.33","40.00","PSS KOTA DAMANSARA","","Standalone","","","31 Mar 2018"
"21/03/2018 20:57","Reload","'70838153003499074","WXR646","","","Billed","","-40.00","PSS KOTA DAMANSARA","","Standalone","","","31 Mar 2018"
"21/03/2018 15:58","Purchase","'70838153003499074","WXR646","","PRIMAX 97","Billed","36.73","90.00","PSS ELITE HIGHWAY","","Standalone","","","31 Mar 2018"
"21/03/2018 15:43","Reload","'70838153003499074","WXR646","","","Billed","","-90.00","PSS ELITE HIGHWAY","","Standalone","","","31 Mar 2018"
"16/03/2018 14:56","Purchase","'70838153003499074","WXR646","","PRIMAX 97","Billed","42.33","103.70","PSS ELITE HIGHWAY","","Standalone","","","31 Mar 2018"
"16/03/2018 14:53","Reload","'70838153003499074","WXR646","","","Billed","","-100.00","PSS ELITE HIGHWAY","","Standalone","","","31 Mar 2018"
"15/03/2018 15:02","Purchase","'70838153003499074","WXR646","","PRIMAX 95","Billed","22.94","50.00","PSS ELITE HIGHWAY","","Standalone","","","31 Mar 2018"
"15/03/2018 14:59","Reload","'70838153003499074","WXR646","","","Billed","","-50.00","PSS ELITE HIGHWAY","","Standalone","","","31 Mar 2018"
"15/03/2018 11:16","Purchase","'70838153003499074","WXR646","","PRIMAX 95","Billed","22.94","50.00","PSS ELITE HIGHWAY","","Standalone","","","31 Mar 2018"
"15/03/2018 11:14","Reload","'70838153003499074","WXR646","","","Billed","","-50.00","PSS ELITE HIGHWAY","","Standalone","","","31 Mar 2018"
"13/03/2018 16:56","Purchase","'70838153003499074","WXR646","","PRIMAX 95","Billed","44.35","98.00","PSS ELITE HIGHWAY","","Standalone","","","31 Mar 2018"
"13/03/2018 16:49","Reload","'70838153003499074","WXR646","","","Billed","","-90.00","PSS ELITE HIGHWAY","","Standalone","","","31 Mar 2018"
"09/03/2018 17:28","Purchase","'70838153003499074","WXR646","","PRIMAX 97","Billed","36.44","90.00","PSS ELITE HIGHWAY","","Standalone","","","31 Mar 2018"
"09/03/2018 17:27","Reload","'70838153003499074","WXR646","","","Billed","","-80.00","PSS ELITE HIGHWAY","","Standalone","","","31 Mar 2018"
"06/03/2018 15:53","Purchase","'70838153003499074","WXR646","","PRIMAX 97","Billed","40.49","100.00","PSS ELITE HIGHWAY","","Standalone","","","31 Mar 2018"
"06/03/2018 15:52","Reload","'70838153003499074","WXR646","","","Billed","","-100.00","PSS ELITE HIGHWAY","","Standalone","","","31 Mar 2018"
"05/03/2018 11:27","Purchase","'70838153003499074","WXR646","","PRIMAX 97","Billed","40.49","100.00","PSS ELITE HIGHWAY","","Standalone","","","31 Mar 2018"
"05/03/2018 11:26","Reload","'70838153003499074","WXR646","","","Billed","","-100.00","PSS ELITE HIGHWAY","","Standalone","","","31 Mar 2018"
"01/03/2018 15:44","Purchase","'70838153003499074","WXR646","","PRIMAX 95","Billed","30.17","66.38","PSS AMPANG JAYA","","Standalone","","","31 Mar 2018"
"01/03/2018 11:03","Purchase","'70838153003499074","WXR646","","PRIMAX 95","Billed","22.73","50.00","PSS ELITE HIGHWAY","","Standalone","","","31 Mar 2018"