"Date Time","Transaction Type","Card Number","Vehicle Number","Driver Card Number","Product Type","Billing Type","Transaction Volume (Litres)","Transaction Amount (RM)","Station Name","Odometer","Card Type","Cost Centre","Cost Centre Name","Statement Month"
"30/03/2018 13:43","Purchase","'70838153003498357","WXR882","","PRIMAX 97","Billed","48.60","120.05","PSS GENTING SEMPAH","258017","Standalone","","","31 Mar 2018"
"29/03/2018 11:12","Purchase","'70838153003498357","WXR882","","PRIMAX 97","Billed","46.16","114.01","PSS KETARI BENTONG","257437","Standalone","","","31 Mar 2018"
"28/03/2018 17:50","Reload","'70838153003498357","WXR882","","","Billed","","-200.00","PSS JALAN TRAS BENTONG","","Standalone","","","31 Mar 2018"
"27/03/2018 10:46","Purchase","'70838153003498357","WXR882","","PRIMAX 97","Billed","52.24","129.03","PSS KETARI BENTONG","256942","Standalone","","","31 Mar 2018"
"26/03/2018 15:16","Purchase","'70838153003498357","WXR882","","Diesel","Billed","46.80","102.01","PSS KETARI BENTONG","328630","Standalone","","","31 Mar 2018"
"23/03/2018 23:36","Purchase","'70838153003498357","WXR882","","PRIMAX 95","Billed","27.28","60.00","PSS LOT 4783 BUKIT JALIL","","Standalone","","","31 Mar 2018"
"23/03/2018 14:18","Purchase","'70838153003498357","WXR882","","Diesel","Billed","18.35","40.00","PSS LOT 4783 BUKIT JALIL","136580","Standalone","","","31 Mar 2018"
"22/03/2018 23:36","Purchase","'70838153003498357","WXR882","","PRIMAX 95","Billed","41.83","92.03","PSS BRINCHANG","","Standalone","","","31 Mar 2018"
"22/03/2018 17:16","Purchase","'70838153003498357","WXR882","","Diesel","Billed","36.70","80.01","PSS BRINCHANG","223815","Standalone","","","31 Mar 2018"
"21/03/2018 17:23","Purchase","'70838153003498357","WXR882","","PRIMAX 95","Billed","27.53","60.02","PSS TELOK SISEK","","Standalone","","","31 Mar 2018"
"21/03/2018 13:15","Purchase","'70838153003498357","WXR882","","Diesel","Billed","18.52","40.00","PSS TELOK SISEK","135964","Standalone","","","31 Mar 2018"
"21/03/2018 13:14","Reload","'70838153003498357","WXR882","","","Billed","","-300.00","PSS TELOK SISEK","","Standalone","","","31 Mar 2018"
"20/03/2018 21:32","Purchase","'70838153003498357","WXR882","","PRIMAX 95","Billed","21.10","46.00","PSS BATU BURUK","","Standalone","","","31 Mar 2018"
"20/03/2018 16:40","Purchase","'70838153003498357","WXR882","","Diesel","Billed","13.89","30.00","PSS BATU BURUK","223105","Standalone","","","31 Mar 2018"
"19/03/2018 17:55","Purchase","'70838153003498357","WXR882","","PRIMAX 95","Billed","34.41","75.00","PSS JALAN SULTANAH ZAINAB","","Standalone","","","31 Mar 2018"
"19/03/2018 12:28","Purchase","'70838153003498357","WXR882","","Diesel","Billed","30.55","66.00","PSS PASIR PEKAN","135569","Standalone","","","31 Mar 2018"
"18/03/2018 18:57","Purchase","'70838153003498357","WXR882","","PRIMAX 95","Billed","27.52","60.00","PSS PRAI INDUSTRIAL PARK","","Standalone","","","31 Mar 2018"
"18/03/2018 17:12","Purchase","'70838153003498357","WXR882","","Diesel","Billed","23.16","50.03","PSS PRAI INDUSTRIAL PARK","","Standalone","","","31 Mar 2018"
"17/03/2018 21:43","Reload","'70838153003498357","WXR882","","","Billed","","-500.00","PSS TAMAN RAKYAT MERGONG","","Standalone","","","31 Mar 2018"
"17/03/2018 12:19","Purchase","'70838153003498357","WXR882","","PRIMAX 95","Billed","52.30","114.02","PSS MERGONG (STESEN SERVICES PETRONAS )","","Standalone","","","31 Mar 2018"
"14/03/2018 20:43","Purchase","'70838153003498357","WXR882","","Diesel","Billed","36.87","80.01","PSS TOK SENIK","135042","Standalone","","","31 Mar 2018"
"13/03/2018 19:22","Reload","'70838153003498357","WXR882","","","Billed","","-200.00","PSS BUKIT JELUTONG RESIDENTIAL","","Standalone","","","31 Mar 2018"
"13/03/2018 19:18","Purchase","'70838153003498357","WXR882","","Diesel","Billed","50.69","110.00","PSS BUKIT JELUTONG RESIDENTIAL","134564","Standalone","","","31 Mar 2018"
"12/03/2018 21:12","Reload","'70838153003498357","WXR882","","","Billed","","-300.00","PSS BUKIT JELUTONG RESIDENTIAL","","Standalone","","","31 Mar 2018"
"12/03/2018 19:00","Purchase","'70838153003498357","WXR882","","PRIMAX 95","Billed","22.62","50.00","PSS GENTING SEMPAH","256103","Standalone","","","31 Mar 2018"
"11/03/2018 19:50","Purchase","'70838153003498357","WXR882","","Diesel","Billed","20.24","43.91","PSS KETARI BENTONG","64351","Standalone","","","31 Mar 2018"
"10/03/2018 20:09","Purchase","'70838153003498357","WXR882","","Diesel","Billed","32.26","70.01","PSS BRINCHANG","64136","Standalone","","","31 Mar 2018"
"09/03/2018 23:19","Purchase","'70838153003498357","WXR882","","Diesel","Billed","55.31","120.02","PSS KETARI BENTONG","63899","Standalone","","","31 Mar 2018"
"09/03/2018 22:32","Reload","'70838153003498357","WXR882","","","Billed","","-300.00","PSS JALAN TRAS BENTONG","","Standalone","","","31 Mar 2018"
"09/03/2018 18:25","Purchase","'70838153003498357","WXR882","","PRIMAX 97","Billed","4.04","9.97","PSS KETARI BENTONG","176985","Standalone","","","31 Mar 2018"
"07/03/2018 08:54","Purchase","'70838153003498357","WXR882","","PRIMAX 97","Billed","20.24","50.00","PSS KETARI BENTONG","255863","Standalone","","","31 Mar 2018"
"02/03/2018 11:59","Purchase","'70838153003498357","WXR882","","PRIMAX 97","Billed","20.24","50.00","PSS KAWASAN PERINDUSTRIAN BENTONG","255542","Standalone","","","31 Mar 2018"