"Date Time","Transaction Type","Card Number","Vehicle Number","Driver Card Number","Product Type","Billing Type","Transaction Volume (Litres)","Transaction Amount (RM)","Station Name","Odometer","Card Type","Cost Centre","Cost Centre Name","Statement Month"
"30/03/2018 15:49","Purchase","'70838153003579198","WXR1008","","PRIMAX 95","Billed","22.73","50.00","PSS SUNGAI PERAK (U)","","Standalone","","","31 Mar 2018"
"30/03/2018 10:04","Purchase","'70838153003579198","WXR1008","","PRIMAX 95","Billed","31.82","70.00","PSS BANDAR BARU NILAI","","Standalone","","","31 Mar 2018"
"29/03/2018 08:57","Purchase","'70838153003579198","WXR1008","","PRIMAX 97","Billed","8.10","20.00","PSS Olak Lempik 2","","Standalone","","","31 Mar 2018"
"29/03/2018 08:54","Reload","'70838153003579198","WXR1008","","","Billed","","-300.00","PSS Olak Lempik 2","","Standalone","","","31 Mar 2018"
"27/03/2018 07:22","Purchase","'70838153003579198","WXR1008","","PRIMAX 97","Billed","16.23","40.09","PSS JENJARUM","","Standalone","","","31 Mar 2018"
"21/03/2018 23:52","Purchase","'70838153003579198","WXR1008","","PRIMAX 97","Billed","16.33","40.00","PSS ELITE HIGHWAY","","Standalone","","","31 Mar 2018"
"16/03/2018 15:59","Purchase","'70838153003579198","WXR1008","","PRIMAX 95","Billed","22.94","50.00","PSS BANDAR BARU NILAI","","Standalone","","","31 Mar 2018"
"12/03/2018 16:30","Purchase","'70838153003579198","WXR1008","","PRIMAX 97","Billed","16.19","40.00","PSS Olak Lempik 2","","Standalone","","","31 Mar 2018"
"12/03/2018 16:28","Reload","'70838153003579198","WXR1008","","","Billed","","-100.00","PSS Olak Lempik 2","","Standalone","","","31 Mar 2018"
"08/03/2018 09:02","Purchase","'70838153003579198","WXR1008","","PRIMAX 97","Billed","20.24","50.00","PSS Olak Lempik 2","","Standalone","","","31 Mar 2018"
"06/03/2018 10:53","Purchase","'70838153003579198","WXR1008","","PRIMAX 97","Billed","12.15","30.00","PSS Olak Lempik 2","","Standalone","","","31 Mar 2018"