"Date Time","Transaction Type","Card Number","Vehicle Number","Driver Card Number","Product Type","Billing Type","Transaction Volume (Litres)","Transaction Amount (RM)","Station Name","Odometer","Card Type","Cost Centre","Cost Centre Name","Statement Month"
"22/03/2018 17:49","Purchase","'70838153003423280","WXR182","","PRIMAX 95","Billed","38.68","85.09","PSS TELOK SISEK","","Standalone","","","31 Mar 2018"
"19/03/2018 22:01","Purchase","'70838153003423280","WXR182","","PRIMAX 95","Billed","39.91","87.00","PSS BUKIT SUBANG","","Standalone","","","31 Mar 2018"
"19/03/2018 21:57","Reload","'70838153003423280","WXR182","","","Billed","","-200.00","PSS BUKIT SUBANG","","Standalone","","","31 Mar 2018"
"18/03/2018 12:06","Purchase","'70838153003423280","WXR182","","PRIMAX 95","Billed","22.94","50.00","PSS R & R GUNUNG SEMANGGOL","","Standalone","","","31 Mar 2018"
"18/03/2018 12:04","Reload","'70838153003423280","WXR182","","","Billed","","-100.00","PSS R & R GUNUNG SEMANGGOL","","Standalone","","","31 Mar 2018"
"16/03/2018 07:02","Purchase","'70838153003423280","WXR182","","PRIMAX 95","Billed","32.11","70.00","PSS LEBUHRAYA SPRINT","","Standalone","","","31 Mar 2018"
"16/03/2018 07:01","Reload","'70838153003423280","WXR182","","","Billed","","-100.00","PSS LEBUHRAYA SPRINT","","Standalone","","","31 Mar 2018"
"11/03/2018 11:33","Purchase","'70838153003423280","WXR182","","PRIMAX 95","Billed","36.20","80.00","PSS KELANA JAYA 2","","Standalone","","","31 Mar 2018"
"07/03/2018 12:38","Purchase","'70838153003423280","WXR182","","PRIMAX 95","Billed","22.73","50.00","PSS KG MELAYU SUBANG","","Standalone","","","31 Mar 2018"
"07/03/2018 12:37","Reload","'70838153003423280","WXR182","","","Billed","","-100.00","PSS KG MELAYU SUBANG","","Standalone","","","31 Mar 2018"
"04/03/2018 15:16","Purchase","'70838153003423280","WXR182","","PRIMAX 95","Billed","22.73","50.00","PSS KG MELAYU SUBANG","","Standalone","","","31 Mar 2018"