"Date Time","Transaction Type","Card Number","Vehicle Number","Driver Card Number","Product Type","Billing Type","Transaction Volume (Litres)","Transaction Amount (RM)","Station Name","Odometer","Card Type","Cost Centre","Cost Centre Name","Statement Month"
"31/03/2018 10:52","Purchase","'70838153003502216","WXR757","","PRIMAX 95","Un-billed","18.18","40.00","PSS JALAN LANGKASUKA","","Standalone","","","Unbilled Transaction"
"31/03/2018 10:51","Reload","'70838153003502216","WXR757","","","Un-billed","","-40.00","PSS JALAN LANGKASUKA","","Standalone","","","Unbilled Transaction"
"06/03/2018 08:18","Purchase","'70838153003502216","WXR757","","PRIMAX 95","Billed","20.45","45.00","PSS JALAN LANGKASUKA","","Standalone","","","31 Mar 2018"
"04/03/2018 10:52","Purchase","'70838153003502216","WXR757","","PRIMAX 95","Billed","18.18","40.00","PSS JALAN LANGKASUKA","","Standalone","","","31 Mar 2018"
"04/03/2018 10:50","Reload","'70838153003502216","WXR757","","","Billed","","-50.00","PSS JALAN LANGKASUKA","","Standalone","","","31 Mar 2018"
"03/03/2018 11:35","Purchase","'70838153003502216","WXR757","","PRIMAX 95","Billed","28.18","62.00","PSS JALAN LANGKASUKA","","Standalone","","","31 Mar 2018"
"03/03/2018 11:33","Reload","'70838153003502216","WXR757","","","Billed","","-100.00","PSS JALAN LANGKASUKA","","Standalone","","","31 Mar 2018"