"Date Time","Transaction Type","Card Number","Vehicle Number","Driver Card Number","Product Type","Billing Type","Transaction Volume (Litres)","Transaction Amount (RM)","Station Name","Odometer","Card Type","Cost Centre","Cost Centre Name","Statement Month"
"30/03/2018 22:07","Purchase","'70838153003501945","WXR736","","PRIMAX 95","Billed","13.64","30.00","PSS MUKIM KESANG","","Standalone","","","31 Mar 2018"
"29/03/2018 10:03","Purchase","'70838153003501945","WXR736","","PRIMAX 95","Billed","18.18","40.00","PSS MUKIM KESANG","","Standalone","","","31 Mar 2018"
"29/03/2018 10:02","Reload","'70838153003501945","WXR736","","","Billed","","-100.00","PSS MUKIM KESANG","","Standalone","","","31 Mar 2018"
"28/03/2018 08:56","Purchase","'70838153003501945","WXR736","","PRIMAX 95","Billed","13.64","30.00","PSS JALAN SULAIMAN MUAR","","Standalone","","","31 Mar 2018"
"26/03/2018 13:06","Purchase","'70838153003501945","WXR736","","PRIMAX 95","Billed","18.18","40.00","PSS MUKIM KESANG","","Standalone","","","31 Mar 2018"
"23/03/2018 19:54","Purchase","'70838153003501945","WXR736","","PRIMAX 95","Billed","13.64","30.00","PSS MUKIM KESANG","","Standalone","","","31 Mar 2018"
"23/03/2018 08:44","Reload","'70838153003501945","WXR736","","","Billed","","-100.00","PSS MUKIM KESANG","","Standalone","","","31 Mar 2018"
"21/03/2018 19:30","Purchase","'70838153003501945","WXR736","","PRIMAX 95","Billed","13.76","30.00","PSS MUKIM KESANG","","Standalone","","","31 Mar 2018"
"19/03/2018 15:03","Purchase","'70838153003501945","WXR736","","PRIMAX 95","Billed","13.76","30.00","PSS MUKIM KESANG","","Standalone","","","31 Mar 2018"
"17/03/2018 17:13","Purchase","'70838153003501945","WXR736","","PRIMAX 95","Billed","18.35","40.00","PSS MUKIM KESANG","","Standalone","","","31 Mar 2018"
"17/03/2018 16:38","Reload","'70838153003501945","WXR736","","","Billed","","-100.00","PSS MUKIM KESANG","","Standalone","","","31 Mar 2018"
"16/03/2018 08:23","Purchase","'70838153003501945","WXR736","","PRIMAX 95","Billed","13.76","30.00","PSS MUKIM KESANG","","Standalone","","","31 Mar 2018"
"14/03/2018 08:12","Purchase","'70838153003501945","WXR736","","PRIMAX 95","Billed","13.57","30.00","PSS MUKIM KESANG","","Standalone","","","31 Mar 2018"
"12/03/2018 12:14","Purchase","'70838153003501945","WXR736","","PRIMAX 95","Billed","18.10","40.00","PSS MUKIM KESANG","","Standalone","","","31 Mar 2018"
"12/03/2018 12:10","Reload","'70838153003501945","WXR736","","","Billed","","-100.00","PSS MUKIM KESANG","","Standalone","","","31 Mar 2018"