"Date Time","Transaction Type","Card Number","Vehicle Number","Driver Card Number","Product Type","Billing Type","Transaction Volume (Litres)","Transaction Amount (RM)","Station Name","Odometer","Card Type","Cost Centre","Cost Centre Name","Statement Month"
"31/03/2018 20:51","Purchase","'70838153003500236","WXR931","","PRIMAX 95","Billed","22.73","50.00","PSS KLIA 2","175345","Standalone","","","31 Mar 2018"
"30/03/2018 10:51","Purchase","'70838153003500236","WXR931","","PRIMAX 97","Billed","20.24","50.00","PSS KL-KARAK","172500","Standalone","","","31 Mar 2018"
"30/03/2018 10:46","Reload","'70838153003500236","WXR931","","","Billed","","-100.00","PSS KL-KARAK","","Standalone","","","31 Mar 2018"
"30/03/2018 04:33","Purchase","'70838153003500236","WXR931","","PRIMAX 95","Billed","22.73","50.00","PSS MRR2 ARAH KEPONG","172882","Standalone","","","31 Mar 2018"
"28/03/2018 15:14","Purchase","'70838153003500236","WXR931","","PRIMAX 95","Billed","22.73","50.00","PSS SRI HARTAMAS","172800","Standalone","","","31 Mar 2018"
"28/03/2018 15:13","Reload","'70838153003500236","WXR931","","","Billed","","-100.00","PSS SRI HARTAMAS","","Standalone","","","31 Mar 2018"
"28/03/2018 11:19","Purchase","'70838153003500236","WXR931","","PRIMAX 95","Billed","13.77","30.30","PSS TAMAN RAKAN","172386","Standalone","","","31 Mar 2018"
"27/03/2018 10:32","Purchase","'70838153003500236","WXR931","","PRIMAX 95","Billed","22.73","50.00","PSS SG TUA","172106","Standalone","","","31 Mar 2018"
"22/03/2018 12:01","Purchase","'70838153003500236","WXR931","","PRIMAX 95","Billed","13.64","30.00","PSS KL-KARAK","171965","Standalone","","","31 Mar 2018"
"21/03/2018 17:26","Purchase","'70838153003500236","WXR931","","PRIMAX 97","Billed","36.61","89.70","PSS KLIA 1","170500","Standalone","","","31 Mar 2018"
"21/03/2018 17:23","Reload","'70838153003500236","WXR931","","","Billed","","-100.00","PSS KLIA 1","","Standalone","","","31 Mar 2018"
"20/03/2018 13:23","Purchase","'70838153003500236","WXR931","","PRIMAX 95","Billed","22.94","50.00","PSS PRESINT 18 PUTRAJAYA","171258","Standalone","","","31 Mar 2018"
"20/03/2018 13:22","Reload","'70838153003500236","WXR931","","","Billed","","-100.00","PSS PRESINT 18 PUTRAJAYA","","Standalone","","","31 Mar 2018"
"19/03/2018 12:04","Purchase","'70838153003500236","WXR931","","PRIMAX 97","Billed","20.41","50.00","PSS LEBUHRAYA SILK","167200","Standalone","","","31 Mar 2018"
"19/03/2018 12:01","Reload","'70838153003500236","WXR931","","","Billed","","-100.00","PSS LEBUHRAYA SILK","","Standalone","","","31 Mar 2018"
"19/03/2018 03:53","Purchase","'70838153003500236","WXR931","","PRIMAX 95","Billed","22.94","50.00","PSS MRR2 ARAH KEPONG","170686","Standalone","","","31 Mar 2018"
"17/03/2018 23:33","Purchase","'70838153003500236","WXR931","","PRIMAX 97","Billed","20.41","50.00","PSS KL-KARAK","167200","Standalone","","","31 Mar 2018"
"17/03/2018 23:32","Reload","'70838153003500236","WXR931","","","Billed","","-100.00","PSS KL-KARAK","","Standalone","","","31 Mar 2018"
"16/03/2018 20:50","Purchase","'70838153003500236","WXR931","","PRIMAX 95","Billed","22.94","50.00","PSS KLIA 2","169500","Standalone","","","31 Mar 2018"
"16/03/2018 08:47","Purchase","'70838153003500236","WXR931","","PRIMAX 95","Billed","22.94","50.00","PSS KLIA 2","169350","Standalone","","","31 Mar 2018"
"16/03/2018 08:43","Reload","'70838153003500236","WXR931","","","Billed","","-100.00","PSS KLIA 2","","Standalone","","","31 Mar 2018"
"15/03/2018 13:45","Purchase","'70838153003500236","WXR931","","PRIMAX 95","Billed","22.94","50.00","PSS ELITE HIGHWAY","169200","Standalone","","","31 Mar 2018"
"14/03/2018 10:59","Purchase","'70838153003500236","WXR931","","PRIMAX 97","Billed","20.24","50.00","PSS KL-KARAK","169102","Standalone","","","31 Mar 2018"
"14/03/2018 10:57","Reload","'70838153003500236","WXR931","","","Billed","","-100.00","PSS KL-KARAK","","Standalone","","","31 Mar 2018"
"13/03/2018 16:08","Purchase","'70838153003500236","WXR931","","PRIMAX 97","Billed","16.38","40.45","PSS KL-KARAK","168990","Standalone","","","31 Mar 2018"
"13/03/2018 10:59","Purchase","'70838153003500236","WXR931","","PRIMAX 95","Billed","13.57","30.00","PSS SUNWAY BATU CAVES","168829","Standalone","","","31 Mar 2018"
"12/03/2018 17:36","Purchase","'70838153003500236","WXR931","","PRIMAX 95","Billed","14.31","31.63","PSS KLIA 2","16500","Standalone","","","31 Mar 2018"
"12/03/2018 17:33","Reload","'70838153003500236","WXR931","","","Billed","","-100.00","PSS KLIA 2","","Standalone","","","31 Mar 2018"
"10/03/2018 07:12","Purchase","'70838153003500236","WXR931","","PRIMAX 97","Billed","19.27","47.59","PSS BATU 6 JALAN IPOH","168450","Standalone","","","31 Mar 2018"
"08/03/2018 18:35","Purchase","'70838153003500236","WXR931","","PRIMAX 95","Billed","9.22","20.38","PSS KLIA 2","168200","Standalone","","","31 Mar 2018"
"08/03/2018 02:29","Purchase","'70838153003500236","WXR931","","PRIMAX 95","Billed","18.08","39.96","PSS SUNWAY BATU CAVES","16799","Standalone","","","31 Mar 2018"
"08/03/2018 02:28","Reload","'70838153003500236","WXR931","","","Billed","","-100.00","PSS SUNWAY BATU CAVES","","Standalone","","","31 Mar 2018"
"06/03/2018 17:48","Purchase","'70838153003500236","WXR931","","PRIMAX 95","Billed","30.39","66.84","PSS KLIA 2","167592","Standalone","","","31 Mar 2018"
"05/03/2018 04:18","Purchase","'70838153003500236","WXR931","","PRIMAX 95","Billed","31.75","69.85","PSS KLIA 2","167071","Standalone","","","31 Mar 2018"
"05/03/2018 04:17","Reload","'70838153003500236","WXR931","","","Billed","","-100.00","PSS KLIA 2","","Standalone","","","31 Mar 2018"
"01/03/2018 09:57","Purchase","'70838153003500236","WXR931","","PRIMAX 97","Billed","18.74","46.29","PSS KL-KARAK","16700","Standalone","","","31 Mar 2018"