"Date Time","Transaction Type","Card Number","Vehicle Number","Driver Card Number","Product Type","Billing Type","Transaction Volume (Litres)","Transaction Amount (RM)","Station Name","Odometer","Card Type","Cost Centre","Cost Centre Name","Statement Month"
"29/03/2018 10:14","Purchase","'70838153003495866","WXR549","","PRIMAX 95","Billed","22.73","50.00","PSS BATU FERINGGI","","Standalone","","","31 Mar 2018"
"29/03/2018 10:13","Reload","'70838153003495866","WXR549","","","Billed","","-50.00","PSS BATU FERINGGI","","Standalone","","","31 Mar 2018"
"26/03/2018 12:32","Purchase","'70838153003495866","WXR549","","PRIMAX 95","Billed","22.73","50.00","PSS BATU FERINGGI","","Standalone","","","31 Mar 2018"
"20/03/2018 09:53","Purchase","'70838153003495866","WXR549","","PRIMAX 95","Billed","22.94","50.00","PSS BATU FERINGGI","","Standalone","","","31 Mar 2018"
"20/03/2018 09:51","Reload","'70838153003495866","WXR549","","","Billed","","-50.00","PSS BATU FERINGGI","","Standalone","","","31 Mar 2018"
"18/03/2018 15:32","Purchase","'70838153003495866","WXR549","","PRIMAX 95","Billed","22.94","50.00","PSS BAGAN AJAM SPU","","Standalone","","","31 Mar 2018"
"15/03/2018 21:37","Reload","'70838153003495866","WXR549","","","Billed","","-100.00","PSS TAMAN MELATI","","Standalone","","","31 Mar 2018"
"14/03/2018 13:24","Purchase","'70838153003495866","WXR549","","PRIMAX 95","Billed","22.63","50.00","PSS COCHRANE PERKASA","","Standalone","","","31 Mar 2018"
"14/03/2018 13:23","Reload","'70838153003495866","WXR549","","","Billed","","-50.00","PSS COCHRANE PERKASA","","Standalone","","","31 Mar 2018"
"13/03/2018 12:20","Purchase","'70838153003495866","WXR549","","PRIMAX 95","Billed","19.61","43.34","PSS AMPANG JAYA","","Standalone","","","31 Mar 2018"
"12/03/2018 11:42","Purchase","'70838153003495866","WXR549","","PRIMAX 95","Billed","42.24","93.35","PSS NKVE HIGHWAY","","Standalone","","","31 Mar 2018"
"12/03/2018 11:40","Reload","'70838153003495866","WXR549","","","Billed","","-100.00","PSS NKVE HIGHWAY","","Standalone","","","31 Mar 2018"
"08/03/2018 11:13","Purchase","'70838153003495866","WXR549","","PRIMAX 95","Billed","22.62","50.00","PSS AIR KEROH 2","","Standalone","","","31 Mar 2018"
"08/03/2018 11:12","Reload","'70838153003495866","WXR549","","","Billed","","-50.00","PSS AIR KEROH 2","","Standalone","","","31 Mar 2018"
"08/03/2018 06:28","Purchase","'70838153003495866","WXR549","","PRIMAX 95","Billed","22.62","50.00","PSS PEDAS LINGGI LAYBY","","Standalone","","","31 Mar 2018"
"08/03/2018 06:25","Reload","'70838153003495866","WXR549","","","Billed","","-50.00","PSS PEDAS LINGGI LAYBY","","Standalone","","","31 Mar 2018"
"04/03/2018 16:44","Purchase","'70838153003495866","WXR549","","PRIMAX 95","Billed","22.73","50.00","PSS GENTING SEMPAH","","Standalone","","","31 Mar 2018"
"03/03/2018 15:38","Purchase","'70838153003495866","WXR549","","PRIMAX 95","Billed","22.73","50.00","PSS ULU BERNAM","","Standalone","","","31 Mar 2018"
"03/03/2018 12:37","Purchase","'70838153003495866","WXR549","","PRIMAX 95","Billed","27.27","60.00","PSS R & R GUNUNG SEMANGGOL","","Standalone","","","31 Mar 2018"
"03/03/2018 12:36","Reload","'70838153003495866","WXR549","","","Billed","","-100.00","PSS R & R GUNUNG SEMANGGOL","","Standalone","","","31 Mar 2018"
"03/03/2018 00:13","Purchase","'70838153003495866","WXR549","","PRIMAX 95","Billed","22.73","50.00","PSS JURU LAYBAY","","Standalone","","","31 Mar 2018"
"03/03/2018 00:11","Reload","'70838153003495866","WXR549","","","Billed","","-50.00","PSS JURU LAYBAY","","Standalone","","","31 Mar 2018"
"02/03/2018 19:05","Purchase","'70838153003495866","WXR549","","PRIMAX 95","Billed","22.73","50.00","PSS SELAYANG BARU","","Standalone","","","31 Mar 2018"
"02/03/2018 19:03","Reload","'70838153003495866","WXR549","","","Billed","","-50.00","PSS SELAYANG BARU","","Standalone","","","31 Mar 2018"
"02/03/2018 03:27","Purchase","'70838153003495866","WXR549","","PRIMAX 95","Billed","22.73","50.00","PSS SIMPANG PULAI ARAH SELATAN","","Standalone","","","31 Mar 2018"
"02/03/2018 03:25","Reload","'70838153003495866","WXR549","","","Billed","","-50.00","PSS SIMPANG PULAI ARAH SELATAN","","Standalone","","","31 Mar 2018"
"01/03/2018 10:24","Purchase","'70838153003495866","WXR549","","PRIMAX 95","Billed","22.73","50.00","PSS SG TUA","","Standalone","","","31 Mar 2018"
"01/03/2018 10:23","Reload","'70838153003495866","WXR549","","","Billed","","-50.00","PSS SG TUA","","Standalone","","","31 Mar 2018"