"Date Time","Transaction Type","Card Number","Vehicle Number","Driver Card Number","Product Type","Billing Type","Transaction Volume (Litres)","Transaction Amount (RM)","Station Name","Odometer","Card Type","Cost Centre","Cost Centre Name","Statement Month"
"31/03/2018 14:28","Purchase","'70838153003581046","WXR1078","","PRIMAX 95","Un-billed","10.00","22.00","PSS TAMAN DAGANG","","Standalone","","","Unbilled Transaction"
"31/03/2018 14:27","Reload","'70838153003581046","WXR1078","","","Un-billed","","-22.00","PSS TAMAN DAGANG","","Standalone","","","Unbilled Transaction"
"29/03/2018 03:18","Purchase","'70838153003581046","WXR1078","","PRIMAX 95","Billed","10.00","22.00","PSS TAMAN TENAGA","","Standalone","","","31 Mar 2018"
"29/03/2018 03:15","Reload","'70838153003581046","WXR1078","","","Billed","","-22.00","PSS TAMAN TENAGA","","Standalone","","","31 Mar 2018"
"27/03/2018 19:15","Purchase","'70838153003581046","WXR1078","","PRIMAX 95","Billed","10.91","24.00","PSS TAMAN TENAGA","","Standalone","","","31 Mar 2018"
"27/03/2018 19:13","Reload","'70838153003581046","WXR1078","","","Billed","","-25.00","PSS TAMAN TENAGA","","Standalone","","","31 Mar 2018"
"27/03/2018 03:46","Purchase","'70838153003581046","WXR1078","","PRIMAX 95","Billed","4.55","10.00","PSS HULU KELANG","","Standalone","","","31 Mar 2018"
"26/03/2018 21:07","Purchase","'70838153003581046","WXR1078","","PRIMAX 95","Billed","10.00","22.00","PSS BANDAR SRI PERMAISURI","","Standalone","","","31 Mar 2018"
"26/03/2018 21:05","Reload","'70838153003581046","WXR1078","","","Billed","","-20.00","PSS BANDAR SRI PERMAISURI","","Standalone","","","31 Mar 2018"
"24/03/2018 21:03","Purchase","'70838153003581046","WXR1078","","PRIMAX 95","Billed","13.64","30.00","PSS BUKIT JALIL TAMAN TEKNOLOGI MSIA 2","","Standalone","","","31 Mar 2018"
"24/03/2018 21:01","Reload","'70838153003581046","WXR1078","","","Billed","","-40.00","PSS BUKIT JALIL TAMAN TEKNOLOGI MSIA 2","","Standalone","","","31 Mar 2018"
"23/03/2018 09:39","Purchase","'70838153003581046","WXR1078","","PRIMAX 95","Billed","10.00","22.00","PSS BANDAR PUNCAK JALIL","","Standalone","","","31 Mar 2018"
"23/03/2018 01:06","Purchase","'70838153003581046","WXR1078","","PRIMAX 95","Billed","10.00","22.00","PSS COCHRANE PERKASA","","Standalone","","","31 Mar 2018"
"23/03/2018 01:03","Reload","'70838153003581046","WXR1078","","","Billed","","-20.00","PSS COCHRANE PERKASA","","Standalone","","","31 Mar 2018"
"22/03/2018 05:50","Reload","'70838153003581046","WXR1078","","","Billed","","-20.00","PSS BANDAR PUNCAK JALIL","","Standalone","","","31 Mar 2018"
"22/03/2018 03:24","Purchase","'70838153003581046","WXR1078","","PRIMAX 95","Billed","10.00","22.00","PSS USJ 20","","Standalone","","","31 Mar 2018"
"22/03/2018 03:23","Reload","'70838153003581046","WXR1078","","","Billed","","-20.00","PSS USJ 20","","Standalone","","","31 Mar 2018"
"21/03/2018 17:44","Purchase","'70838153003581046","WXR1078","","PRIMAX 95","Billed","10.09","22.00","PSS BANDAR KINRARA 2","","Standalone","","","31 Mar 2018"
"21/03/2018 17:40","Reload","'70838153003581046","WXR1078","","","Billed","","-30.00","PSS BANDAR KINRARA 2","","Standalone","","","31 Mar 2018"