"Date Time","Transaction Type","Card Number","Vehicle Number","Driver Card Number","Product Type","Billing Type","Transaction Volume (Litres)","Transaction Amount (RM)","Station Name","Odometer","Card Type","Cost Centre","Cost Centre Name","Statement Month"
"24/03/2018 18:28","Purchase","'70838153003423991","WXR22","","PRIMAX 95","Billed","18.80","41.35","PSS SLIM RIVER","","Standalone","","","31 Mar 2018"
"24/03/2018 18:27","Reload","'70838153003423991","WXR22","","","Billed","","-100.00","PSS SLIM RIVER","","Standalone","","","31 Mar 2018"
"20/03/2018 12:03","Purchase","'70838153003423991","WXR22","","PRIMAX 95","Billed","47.87","104.37","PSS PERSIARAN APEC","","Standalone","","","31 Mar 2018"
"20/03/2018 12:00","Reload","'70838153003423991","WXR22","","","Billed","","-100.00","PSS PERSIARAN APEC","","Standalone","","","31 Mar 2018"
"19/03/2018 13:35","Purchase","'70838153003423991","WXR22","","PRIMAX 95","Billed","18.49","40.30","PSS SUNWAY CITY","","Standalone","","","31 Mar 2018"
"09/03/2018 08:14","Purchase","'70838153003423991","WXR22","","PRIMAX 95","Billed","22.62","50.00","PSS MRR2 BATU CAVES","","Standalone","","","31 Mar 2018"
"09/03/2018 08:14","Purchase","'70838153003423991","WXR22","","PRIMAX 95","Un-billed","22.62","50.00","PSS MRR2 BATU CAVES","","Standalone","","","Unbilled Transaction"
"09/03/2018 08:12","Reload","'70838153003423991","WXR22","","","Billed","","-100.00","PSS MRR2 BATU CAVES","","Standalone","","","31 Mar 2018"