"Date Time","Transaction Type","Card Number","Vehicle Number","Driver Card Number","Product Type","Billing Type","Transaction Volume (Litres)","Transaction Amount (RM)","Station Name","Odometer","Card Type","Cost Centre","Cost Centre Name","Statement Month"
"27/03/2018 15:01","Purchase","'70838153003497003","WXR380","","PRIMAX 95","Billed","13.82","30.41","PSS BATU 8 JALAN IPOH","","Standalone","","","31 Mar 2018"
"19/03/2018 18:49","Purchase","'70838153003497003","WXR380","","PRIMAX 95","Billed","9.18","20.00","PSS TAMAN DAGANG","","Standalone","","","31 Mar 2018"
"04/03/2018 13:25","Purchase","'70838153003497003","WXR380","","PRIMAX 97","Billed","20.24","50.00","PSS GAMBANG RSA WEST","","Standalone","","","31 Mar 2018"
"03/03/2018 08:45","Purchase","'70838153003497003","WXR380","","PRIMAX 95","Billed","18.18","40.00","PSS TAMAN MELATI","","Standalone","","","31 Mar 2018"
"01/03/2018 19:58","Purchase","'70838153003497003","WXR380","","PRIMAX 95","Billed","13.64","30.00","PSS COCHRANE PERKASA","","Standalone","","","31 Mar 2018"