"Date Time","Transaction Type","Card Number","Vehicle Number","Driver Card Number","Product Type","Billing Type","Transaction Volume (Litres)","Transaction Amount (RM)","Station Name","Odometer","Card Type","Cost Centre","Cost Centre Name","Statement Month"
"31/03/2018 15:42","Purchase","'70838153003497227","WXR390","","PRIMAX 97","Billed","18.22","45.00","PSS JALAN BATU PAHAT KLUANG","130445","Standalone","","","31 Mar 2018"
"30/03/2018 21:45","Purchase","'70838153003497227","WXR390","","PRIMAX 97","Billed","30.78","76.03","PSS ARA DAMANSARA","130161","Standalone","","","31 Mar 2018"
"30/03/2018 21:39","Reload","'70838153003497227","WXR390","","","Billed","","-150.00","PSS ARA DAMANSARA","","Standalone","","","31 Mar 2018"
"24/03/2018 11:38","Purchase","'70838153003497227","WXR390","","PRIMAX 95","Billed","27.30","60.07","PSS PERSIARAN JAYA","129846","Standalone","","","31 Mar 2018"
"24/03/2018 11:37","Reload","'70838153003497227","WXR390","","","Billed","","-50.00","PSS PERSIARAN JAYA","","Standalone","","","31 Mar 2018"
"22/03/2018 22:09","Reload","'70838153003497227","WXR390","","","Billed","","-20.00","PSS NPE PANTAI DALAM","","Standalone","","","31 Mar 2018"
"15/03/2018 22:31","Purchase","'70838153003497227","WXR390","","PRIMAX 97","Billed","30.20","74.00","PSS ARA DAMANSARA","129136","Standalone","","","31 Mar 2018"
"15/03/2018 22:29","Reload","'70838153003497227","WXR390","","","Billed","","-50.00","PSS ARA DAMANSARA","","Standalone","","","31 Mar 2018"
"10/03/2018 19:16","Purchase","'70838153003497227","WXR390","","PRIMAX 97","Billed","12.96","32.00","PSS SETIA ALAM","129040","Standalone","","","31 Mar 2018"
"10/03/2018 19:13","Reload","'70838153003497227","WXR390","","","Billed","","-50.00","PSS SETIA ALAM","","Standalone","","","31 Mar 2018"
"03/03/2018 21:38","Purchase","'70838153003497227","WXR390","","PRIMAX 97","Billed","28.36","70.05","PSS NPE PANTAI DALAM","128619","Standalone","","","31 Mar 2018"
"03/03/2018 21:35","Reload","'70838153003497227","WXR390","","","Billed","","-100.00","PSS NPE PANTAI DALAM","","Standalone","","","31 Mar 2018"