"Date Time","Transaction Type","Card Number","Vehicle Number","Driver Card Number","Product Type","Billing Type","Transaction Volume (Litres)","Transaction Amount (RM)","Station Name","Odometer","Card Type","Cost Centre","Cost Centre Name","Statement Month"
"17/03/2018 18:41","Purchase","'70838153003503305","WXR744","","PRIMAX 95","Billed","9.18","20.00","PSS MITC","","Standalone","","","31 Mar 2018"
"17/03/2018 10:07","Purchase","'70838153003503305","WXR744","","PRIMAX 95","Billed","22.94","50.00","PSS JALAN BATU PAHAT KLUANG","","Standalone","","","31 Mar 2018"
"16/03/2018 10:05","Purchase","'70838153003503305","WXR744","","PRIMAX 95","Billed","13.76","30.00","PSS BANDAR BARU AIR HITAM","","Standalone","","","31 Mar 2018"
"16/03/2018 10:04","Reload","'70838153003503305","WXR744","","","Billed","","-100.00","PSS BANDAR BARU AIR HITAM","","Standalone","","","31 Mar 2018"
"15/03/2018 20:34","Purchase","'70838153003503305","WXR744","","PRIMAX 95","Billed","22.94","50.00","PSS TAMAN DESA KLUANG","","Standalone","","","31 Mar 2018"
"15/03/2018 15:02","Purchase","'70838153003503305","WXR744","","PRIMAX 95","Billed","9.17","20.00","PSS BUKIT GAMBIR","","Standalone","","","31 Mar 2018"