"Date Time","Transaction Type","Card Number","Vehicle Number","Driver Card Number","Product Type","Billing Type","Transaction Volume (Litres)","Transaction Amount (RM)","Station Name","Odometer","Card Type","Cost Centre","Cost Centre Name","Statement Month"
"24/03/2018 10:10","Purchase","'70838153003498571","WXR631","","PRIMAX 95","Billed","4.55","10.00","PSS DAMAI PERDANA","","Standalone","","","31 Mar 2018"
"24/03/2018 10:10","Reload","'70838153003498571","WXR631","","","Billed","","-10.00","PSS DAMAI PERDANA","","Standalone","","","31 Mar 2018"
"23/03/2018 10:11","Purchase","'70838153003498571","WXR631","","PRIMAX 95","Billed","9.09","20.00","PSS DAMAI PERDANA","","Standalone","","","31 Mar 2018"
"23/03/2018 10:11","Reload","'70838153003498571","WXR631","","","Billed","","-20.00","PSS DAMAI PERDANA","","Standalone","","","31 Mar 2018"
"22/03/2018 10:52","Purchase","'70838153003498571","WXR631","","PRIMAX 95","Billed","9.09","20.00","PSS DAMAI PERDANA","","Standalone","","","31 Mar 2018"
"22/03/2018 10:51","Reload","'70838153003498571","WXR631","","","Billed","","-20.00","PSS DAMAI PERDANA","","Standalone","","","31 Mar 2018"
"21/03/2018 10:46","Purchase","'70838153003498571","WXR631","","PRIMAX 95","Billed","9.18","20.00","PSS DAMAI PERDANA","","Standalone","","","31 Mar 2018"
"21/03/2018 10:45","Reload","'70838153003498571","WXR631","","","Billed","","-20.00","PSS DAMAI PERDANA","","Standalone","","","31 Mar 2018"
"20/03/2018 10:15","Purchase","'70838153003498571","WXR631","","PRIMAX 95","Billed","9.17","20.00","PSS DAMAI PERDANA","","Standalone","","","31 Mar 2018"
"20/03/2018 10:14","Reload","'70838153003498571","WXR631","","","Billed","","-20.00","PSS DAMAI PERDANA","","Standalone","","","31 Mar 2018"
"19/03/2018 10:47","Purchase","'70838153003498571","WXR631","","PRIMAX 95","Billed","9.17","20.00","PSS DAMAI PERDANA","","Standalone","","","31 Mar 2018"
"19/03/2018 10:46","Reload","'70838153003498571","WXR631","","","Billed","","-20.00","PSS DAMAI PERDANA","","Standalone","","","31 Mar 2018"
"15/03/2018 09:59","Purchase","'70838153003498571","WXR631","","PRIMAX 95","Billed","9.18","20.00","PSS DAMAI PERDANA","","Standalone","","","31 Mar 2018"
"15/03/2018 09:58","Reload","'70838153003498571","WXR631","","","Billed","","-20.00","PSS DAMAI PERDANA","","Standalone","","","31 Mar 2018"
"14/03/2018 09:27","Purchase","'70838153003498571","WXR631","","PRIMAX 95","Billed","9.05","20.00","PSS DAMAI PERDANA","","Standalone","","","31 Mar 2018"
"14/03/2018 09:26","Reload","'70838153003498571","WXR631","","","Billed","","-20.00","PSS DAMAI PERDANA","","Standalone","","","31 Mar 2018"
"13/03/2018 10:23","Purchase","'70838153003498571","WXR631","","PRIMAX 95","Billed","9.05","20.00","PSS DAMAI PERDANA","","Standalone","","","31 Mar 2018"
"13/03/2018 10:22","Reload","'70838153003498571","WXR631","","","Billed","","-20.00","PSS DAMAI PERDANA","","Standalone","","","31 Mar 2018"
"13/03/2018 10:19","Reload","'70838153003498571","WXR631","","","Billed","","-20.00","PSS DAMAI PERDANA","","Standalone","","","31 Mar 2018"
"12/03/2018 10:26","Purchase","'70838153003498571","WXR631","","PRIMAX 95","Billed","9.05","20.00","PSS DAMAI PERDANA","","Standalone","","","31 Mar 2018"
"12/03/2018 10:25","Reload","'70838153003498571","WXR631","","","Billed","","-20.00","PSS DAMAI PERDANA","","Standalone","","","31 Mar 2018"
"10/03/2018 12:10","Purchase","'70838153003498571","WXR631","","PRIMAX 95","Billed","4.52","10.00","PSS PUTERA BUDIMAN","","Standalone","","","31 Mar 2018"
"10/03/2018 12:09","Reload","'70838153003498571","WXR631","","","Billed","","-10.00","PSS PUTERA BUDIMAN","","Standalone","","","31 Mar 2018"
"08/03/2018 12:29","Purchase","'70838153003498571","WXR631","","PRIMAX 95","Billed","9.05","20.00","PSS PUTERA BUDIMAN","","Standalone","","","31 Mar 2018"
"08/03/2018 12:27","Reload","'70838153003498571","WXR631","","","Billed","","-20.00","PSS PUTERA BUDIMAN","","Standalone","","","31 Mar 2018"
"06/03/2018 09:38","Purchase","'70838153003498571","WXR631","","PRIMAX 95","Billed","12.27","27.00","PSS DAMAI PERDANA","","Standalone","","","31 Mar 2018"
"06/03/2018 09:37","Reload","'70838153003498571","WXR631","","","Billed","","-23.00","PSS DAMAI PERDANA","","Standalone","","","31 Mar 2018"
"05/03/2018 10:05","Purchase","'70838153003498571","WXR631","","PRIMAX 95","Billed","9.09","20.00","PSS DAMAI PERDANA","","Standalone","","","31 Mar 2018"
"05/03/2018 10:04","Reload","'70838153003498571","WXR631","","","Billed","","-20.00","PSS DAMAI PERDANA","","Standalone","","","31 Mar 2018"
"03/03/2018 09:35","Purchase","'70838153003498571","WXR631","","PRIMAX 95","Billed","4.55","10.00","PSS DAMAI PERDANA","","Standalone","","","31 Mar 2018"
"03/03/2018 09:33","Reload","'70838153003498571","WXR631","","","Billed","","-10.00","PSS DAMAI PERDANA","","Standalone","","","31 Mar 2018"
"02/03/2018 11:39","Purchase","'70838153003498571","WXR631","","PRIMAX 95","Billed","4.55","10.00","PSS PUTERA BUDIMAN","","Standalone","","","31 Mar 2018"
"02/03/2018 11:38","Reload","'70838153003498571","WXR631","","","Billed","","-10.00","PSS PUTERA BUDIMAN","","Standalone","","","31 Mar 2018"
"02/03/2018 09:56","Purchase","'70838153003498571","WXR631","","PRIMAX 95","Billed","4.55","10.00","PSS DAMAI PERDANA","","Standalone","","","31 Mar 2018"
"01/03/2018 10:05","Reload","'70838153003498571","WXR631","","","Billed","","-10.00","PSS DAMAI PERDANA","","Standalone","","","31 Mar 2018"