"Date Time","Transaction Type","Card Number","Vehicle Number","Driver Card Number","Product Type","Billing Type","Transaction Volume (Litres)","Transaction Amount (RM)","Station Name","Odometer","Card Type","Cost Centre","Cost Centre Name","Statement Month"
"30/03/2018 10:30","Purchase","'70838153003424726","WXR133","","Diesel","Billed","22.94","50.00","PSS MERLIMAU","222","Standalone","","","31 Mar 2018"
"30/03/2018 10:28","Reload","'70838153003424726","WXR133","","","Billed","","-100.00","PSS MERLIMAU","","Standalone","","","31 Mar 2018"
"18/03/2018 13:41","Purchase","'70838153003424726","WXR133","","PRIMAX 95","Billed","22.94","50.00","PSS BUKIT GAMBIR","122","Standalone","","","31 Mar 2018"
"18/03/2018 13:39","Reload","'70838153003424726","WXR133","","","Billed","","-100.00","PSS BUKIT GAMBIR","","Standalone","","","31 Mar 2018"
"17/03/2018 15:20","Purchase","'70838153003424726","WXR133","","PRIMAX 95","Billed","22.94","50.00","PSS MERLIMAU","126","Standalone","","","31 Mar 2018"
"07/03/2018 08:09","Purchase","'70838153003424726","WXR133","","PRIMAX 95","Billed","27.27","60.00","PSS PPK DENGKIL","125","Standalone","","","31 Mar 2018"
"07/03/2018 08:07","Reload","'70838153003424726","WXR133","","","Billed","","-100.00","PSS PPK DENGKIL","","Standalone","","","31 Mar 2018"
"06/03/2018 17:32","Purchase","'70838153003424726","WXR133","","PRIMAX 95","Billed","10.95","24.08","PSS MERLIMAU","125","Standalone","","","31 Mar 2018"
"04/03/2018 12:23","Purchase","'70838153003424726","WXR133","","PRIMAX 95","Billed","18.18","40.00","PSS BUKIT ANTARABANGSA","124","Standalone","","","31 Mar 2018"
"03/03/2018 10:56","Purchase","'70838153003424726","WXR133","","PRIMAX 95","Billed","18.18","40.00","PSS PEDAS LINGGI LAYBY","12","Standalone","","","31 Mar 2018"