"Date Time","Transaction Type","Card Number","Vehicle Number","Driver Card Number","Product Type","Billing Type","Transaction Volume (Litres)","Transaction Amount (RM)","Station Name","Odometer","Card Type","Cost Centre","Cost Centre Name","Statement Month"
"14/03/2018 13:17","Purchase","'70838153003499454","WXR900","","PRIMAX 95","Billed","23.36","51.63","PSS LENCONGAN BARAT (PG KUNDOR)","","Standalone","","","31 Mar 2018"
"10/03/2018 16:27","Purchase","'70838153003499454","WXR900","","PRIMAX 95","Billed","32.59","72.01","PSS MERGONG (STESEN SERVICES PETRONAS )","","Standalone","","","31 Mar 2018"
"04/03/2018 20:45","Purchase","'70838153003499454","WXR900","","PRIMAX 95","Billed","19.55","43.01","PSS AIR HITAM KEDAH","","Standalone","","","31 Mar 2018"
"03/03/2018 16:02","Purchase","'70838153003499454","WXR900","","PRIMAX 95","Billed","44.10","97.01","PSS MERGONG (STESEN SERVICES PETRONAS )","","Standalone","","","31 Mar 2018"
"03/03/2018 16:00","Reload","'70838153003499454","WXR900","","","Billed","","-200.00","PSS MERGONG (STESEN SERVICES PETRONAS )","","Standalone","","","31 Mar 2018"
"02/03/2018 12:17","Purchase","'70838153003499454","WXR900","","PRIMAX 95","Billed","36.36","80.00","PSS JALAN SULTANAH SAMBONGAN","","Standalone","","","31 Mar 2018"