"Date Time","Transaction Type","Card Number","Vehicle Number","Driver Card Number","Product Type","Billing Type","Transaction Volume (Litres)","Transaction Amount (RM)","Station Name","Odometer","Card Type","Cost Centre","Cost Centre Name","Statement Month"
"28/03/2018 22:04","Purchase","'70838153003581129","WXR1086","","PRIMAX 95","Billed","13.64","30.00","PSS PRECINT 16 PUTRAJAYA","","Standalone","","","31 Mar 2018"
"26/03/2018 01:34","Purchase","'70838153003581129","WXR1086","","PRIMAX 95","Billed","2.73","6.00","PSS PRECINT 16 PUTRAJAYA","","Standalone","","","31 Mar 2018"
"23/03/2018 22:08","Purchase","'70838153003581129","WXR1086","","PRIMAX 95","Billed","11.36","25.00","PSS GRAND SAGA  KL BOUND","","Standalone","","","31 Mar 2018"
"22/03/2018 11:15","Purchase","'70838153003581129","WXR1086","","PRIMAX 95","Billed","13.64","30.00","PSS EQUINE 2","","Standalone","","","31 Mar 2018"
"22/03/2018 00:46","Purchase","'70838153003581129","WXR1086","","Diesel","Billed","18.35","40.00","PSS BUKIT JALIL TAMAN TEKNOLOGI MSIA 2","","Standalone","","","31 Mar 2018"
"20/03/2018 14:17","Purchase","'70838153003581129","WXR1086","","Diesel","Billed","18.52","40.01","PSS JLN HJ SIRAT KLANG","","Standalone","","","31 Mar 2018"
"20/03/2018 14:13","Reload","'70838153003581129","WXR1086","","","Billed","","-300.00","PSS JLN HJ SIRAT KLANG","","Standalone","","","31 Mar 2018"