"Date Time","Transaction Type","Card Number","Vehicle Number","Driver Card Number","Product Type","Billing Type","Transaction Volume (Litres)","Transaction Amount (RM)","Station Name","Odometer","Card Type","Cost Centre","Cost Centre Name","Statement Month"
"31/03/2018 18:49","Purchase","'70838153003424676","WXR128","","PRIMAX 95","Billed","9.09","20.00","PSS CHERATING SG KARANG","","Standalone","","","31 Mar 2018"
"31/03/2018 18:48","Reload","'70838153003424676","WXR128","","","Billed","","-20.00","PSS CHERATING SG KARANG","","Standalone","","","31 Mar 2018"
"17/03/2018 20:06","Purchase","'70838153003424676","WXR128","","PRIMAX 95","Billed","13.76","30.00","PSS KM 4 JALAN GAMBANG","","Standalone","","","31 Mar 2018"
"17/03/2018 20:05","Reload","'70838153003424676","WXR128","","","Billed","","-30.00","PSS KM 4 JALAN GAMBANG","","Standalone","","","31 Mar 2018"
"14/03/2018 07:26","Purchase","'70838153003424676","WXR128","","PRIMAX 95","Billed","22.63","50.00","PSS JAYA GADING","","Standalone","","","31 Mar 2018"
"14/03/2018 07:25","Reload","'70838153003424676","WXR128","","","Billed","","-50.00","PSS JAYA GADING","","Standalone","","","31 Mar 2018"
"11/03/2018 22:19","Purchase","'70838153003424676","WXR128","","PRIMAX 95","Billed","5.78","12.77","PSS JALAN GAMBANG","","Standalone","","","31 Mar 2018"
"11/03/2018 08:51","Purchase","'70838153003424676","WXR128","","PRIMAX 95","Billed","9.05","20.00","PSS KUANTAN PUTRI","","Standalone","","","31 Mar 2018"
"11/03/2018 08:49","Reload","'70838153003424676","WXR128","","","Billed","","-10.00","PSS KUANTAN PUTRI","","Standalone","","","31 Mar 2018"
"09/03/2018 07:28","Purchase","'70838153003424676","WXR128","","PRIMAX 95","Billed","11.31","25.00","PSS JAYA GADING","","Standalone","","","31 Mar 2018"
"09/03/2018 07:27","Reload","'70838153003424676","WXR128","","","Billed","","-20.00","PSS JAYA GADING","","Standalone","","","31 Mar 2018"
"05/03/2018 07:26","Purchase","'70838153003424676","WXR128","","PRIMAX 95","Billed","9.09","20.00","PSS JAYA GADING","","Standalone","","","31 Mar 2018"
"05/03/2018 07:24","Reload","'70838153003424676","WXR128","","","Billed","","-30.00","PSS JAYA GADING","","Standalone","","","31 Mar 2018"
"01/03/2018 14:21","Purchase","'70838153003424676","WXR128","","PRIMAX 95","Billed","22.73","50.00","PSS PERMATANG BADAK","","Standalone","","","31 Mar 2018"
"01/03/2018 14:19","Reload","'70838153003424676","WXR128","","","Billed","","-50.00","PSS PERMATANG BADAK","","Standalone","","","31 Mar 2018"