"Date Time","Transaction Type","Card Number","Vehicle Number","Driver Card Number","Product Type","Billing Type","Transaction Volume (Litres)","Transaction Amount (RM)","Station Name","Odometer","Card Type","Cost Centre","Cost Centre Name","Statement Month"
"26/03/2018 17:54","Purchase","'70838153003500319","WXR675","","PRIMAX 95","Billed","9.09","20.00","PSS KAMPUNG RAJA BESUT","","Standalone","","","31 Mar 2018"
"25/03/2018 20:20","Purchase","'70838153003500319","WXR675","","PRIMAX 95","Billed","13.64","30.00","PSS KAMPUNG RAJA BESUT","","Standalone","","","31 Mar 2018"
"25/03/2018 20:19","Reload","'70838153003500319","WXR675","'70838153003500319","","Billed","","-50.00","PSS KAMPUNG RAJA BESUT","","Standalone","","","31 Mar 2018"
"19/03/2018 21:43","Purchase","'70838153003500319","WXR675","","PRIMAX 95","Billed","9.18","20.00","PSS KAMPUNG RAJA BESUT","","Standalone","","","31 Mar 2018"
"16/03/2018 20:29","Purchase","'70838153003500319","WXR675","","PRIMAX 95","Billed","13.76","30.00","PSS KAMPUNG RAJA BESUT","","Standalone","","","31 Mar 2018"
"16/03/2018 20:27","Reload","'70838153003500319","WXR675","'70838153003500319","","Billed","","-30.00","PSS KAMPUNG RAJA BESUT","","Standalone","","","31 Mar 2018"
"15/03/2018 21:50","Purchase","'70838153003500319","WXR675","","PRIMAX 95","Billed","22.94","50.00","PSS KAMPUNG RAJA BESUT","","Standalone","","","31 Mar 2018"
"15/03/2018 21:49","Reload","'70838153003500319","WXR675","'70838153003500319","","Billed","","-50.00","PSS KAMPUNG RAJA BESUT","","Standalone","","","31 Mar 2018"
"11/03/2018 20:14","Purchase","'70838153003500319","WXR675","","PRIMAX 95","Billed","13.58","30.00","PSS KAMPUNG RAJA BESUT","","Standalone","","","31 Mar 2018"
"11/03/2018 20:13","Reload","'70838153003500319","WXR675","'70838153003500319","","Billed","","-50.00","PSS KAMPUNG RAJA BESUT","","Standalone","","","31 Mar 2018"