"Date Time","Transaction Type","Card Number","Vehicle Number","Driver Card Number","Product Type","Billing Type","Transaction Volume (Litres)","Transaction Amount (RM)","Station Name","Odometer","Card Type","Cost Centre","Cost Centre Name","Statement Month"
"16/03/2018 14:01","Purchase","'70838153003424155","WXR299","","PRIMAX 95","Billed","22.94","50.00","PSS RAWAT & REHAT(S) KL- SEREMBAN","","Standalone","","","31 Mar 2018"
"16/03/2018 14:00","Reload","'70838153003424155","WXR299","","","Billed","","-50.00","PSS RAWAT & REHAT(S) KL- SEREMBAN","","Standalone","","","31 Mar 2018"
"15/03/2018 15:33","Purchase","'70838153003424155","WXR299","","PRIMAX 95","Billed","18.35","40.00","PSS SETIA ALAM","","Standalone","","","31 Mar 2018"
"15/03/2018 15:31","Reload","'70838153003424155","WXR299","","","Billed","","-40.00","PSS SETIA ALAM","","Standalone","","","31 Mar 2018"
"15/03/2018 13:31","Purchase","'70838153003424155","WXR299","","PRIMAX 95","Billed","18.35","40.00","PSS KLANG SENTRAL","","Standalone","","","31 Mar 2018"
"15/03/2018 13:30","Reload","'70838153003424155","WXR299","","","Billed","","-40.00","PSS KLANG SENTRAL","","Standalone","","","31 Mar 2018"
"08/03/2018 11:22","Purchase","'70838153003424155","WXR299","","PRIMAX 95","Billed","31.68","70.00","PSS KLANG SENTRAL","","Standalone","","","31 Mar 2018"
"08/03/2018 11:20","Reload","'70838153003424155","WXR299","","","Billed","","-100.00","PSS KLANG SENTRAL","","Standalone","","","31 Mar 2018"
"05/03/2018 15:18","Purchase","'70838153003424155","WXR299","","PRIMAX 95","Billed","45.46","100.00","PSS SETIA ALAM","","Standalone","","","31 Mar 2018"
"05/03/2018 15:16","Reload","'70838153003424155","WXR299","","","Billed","","-100.00","PSS SETIA ALAM","","Standalone","","","31 Mar 2018"