"Date Time","Transaction Type","Card Number","Vehicle Number","Driver Card Number","Product Type","Billing Type","Transaction Volume (Litres)","Transaction Amount (RM)","Station Name","Odometer","Card Type","Cost Centre","Cost Centre Name","Statement Month"
"29/03/2018 13:54","Purchase","'70838153003422902","WXR83","","PRIMAX 95","Billed","22.73","50.00","PSS JALAN GENUANG SEGAMAT","","Standalone","","","31 Mar 2018"
"29/03/2018 13:53","Reload","'70838153003422902","WXR83","","","Billed","","-50.00","PSS JALAN GENUANG SEGAMAT","","Standalone","","","31 Mar 2018"
"16/03/2018 17:18","Purchase","'70838153003422902","WXR83","","PRIMAX 95","Billed","22.94","50.00","PSS KESAS ARAH SUBANG","","Standalone","","","31 Mar 2018"
"16/03/2018 17:17","Reload","'70838153003422902","WXR83","","","Billed","","-50.00","PSS KESAS ARAH SUBANG","","Standalone","","","31 Mar 2018"
"15/03/2018 00:31","Purchase","'70838153003422902","WXR83","","PRIMAX 95","Billed","22.94","50.00","PSS AIR KEROH RSA NORTH BOUND","","Standalone","","","31 Mar 2018"
"15/03/2018 00:28","Reload","'70838153003422902","WXR83","","","Billed","","-50.00","PSS AIR KEROH RSA NORTH BOUND","","Standalone","","","31 Mar 2018"