"Date Time","Transaction Type","Card Number","Vehicle Number","Driver Card Number","Product Type","Billing Type","Transaction Volume (Litres)","Transaction Amount (RM)","Station Name","Odometer","Card Type","Cost Centre","Cost Centre Name","Statement Month"
"30/03/2018 08:26","Purchase","'70838153003424973","WXR138","","Diesel","Billed","22.94","50.00","PSS TELUK INTAN I (JLN SULTAN ABDULLAH)","","Standalone","","","31 Mar 2018"
"30/03/2018 08:25","Reload","'70838153003424973","WXR138","'70838153003424973","","Billed","","-50.00","PSS TELUK INTAN I (JLN SULTAN ABDULLAH)","","Standalone","","","31 Mar 2018"
"28/03/2018 09:46","Purchase","'70838153003424973","WXR138","","Diesel","Billed","22.94","50.00","PSS TELUK INTAN I (JLN SULTAN ABDULLAH)","","Standalone","","","31 Mar 2018"
"28/03/2018 09:45","Reload","'70838153003424973","WXR138","'70838153003424973","","Billed","","-50.00","PSS TELUK INTAN I (JLN SULTAN ABDULLAH)","","Standalone","","","31 Mar 2018"
"24/03/2018 07:52","Purchase","'70838153003424973","WXR138","","Diesel","Billed","22.94","50.00","PSS CHANGKAT JONG","","Standalone","","","31 Mar 2018"
"24/03/2018 07:51","Reload","'70838153003424973","WXR138","","","Billed","","-50.00","PSS CHANGKAT JONG","","Standalone","","","31 Mar 2018"
"22/03/2018 07:15","Purchase","'70838153003424973","WXR138","","Diesel","Billed","22.94","50.00","PSS TELUK INTAN I (JLN SULTAN ABDULLAH)","","Standalone","","","31 Mar 2018"
"22/03/2018 07:11","Reload","'70838153003424973","WXR138","'70838153003424973","","Billed","","-50.00","PSS TELUK INTAN I (JLN SULTAN ABDULLAH)","","Standalone","","","31 Mar 2018"
"18/03/2018 07:13","Purchase","'70838153003424973","WXR138","","Diesel","Billed","23.15","50.00","PSS TELUK INTAN I (JLN SULTAN ABDULLAH)","","Standalone","","","31 Mar 2018"
"18/03/2018 07:03","Reload","'70838153003424973","WXR138","'70838153003424973","","Billed","","-50.00","PSS TELUK INTAN I (JLN SULTAN ABDULLAH)","","Standalone","","","31 Mar 2018"
"12/03/2018 16:16","Purchase","'70838153003424973","WXR138","","Diesel","Billed","23.04","50.00","PSS TELUK INTAN I (JLN SULTAN ABDULLAH)","","Standalone","","","31 Mar 2018"
"12/03/2018 16:12","Reload","'70838153003424973","WXR138","'70838153003424973","","Billed","","-50.00","PSS TELUK INTAN I (JLN SULTAN ABDULLAH)","","Standalone","","","31 Mar 2018"
"10/03/2018 00:36","Purchase","'70838153003424973","WXR138","","Diesel","Billed","23.04","50.00","PSS TELUK INTAN I (JLN SULTAN ABDULLAH)","","Standalone","","","31 Mar 2018"
"10/03/2018 00:32","Reload","'70838153003424973","WXR138","'70838153003424973","","Billed","","-50.00","PSS TELUK INTAN I (JLN SULTAN ABDULLAH)","","Standalone","","","31 Mar 2018"
"08/03/2018 09:48","Purchase","'70838153003424973","WXR138","","Diesel","Billed","23.04","50.00","PSS TELUK INTAN I (JLN SULTAN ABDULLAH)","","Standalone","","","31 Mar 2018"
"08/03/2018 09:48","Purchase","'70838153003424973","WXR138","","Diesel","Un-billed","23.04","50.00","PSS TELUK INTAN I (JLN SULTAN ABDULLAH)","","Standalone","","","Unbilled Transaction"
"08/03/2018 07:42","Reload","'70838153003424973","WXR138","'70838153003424973","","Billed","","-50.00","PSS TELUK INTAN I (JLN SULTAN ABDULLAH)","","Standalone","","","31 Mar 2018"
"05/03/2018 08:58","Purchase","'70838153003424973","WXR138","","Diesel","Billed","22.94","50.00","PSS TELUK INTAN I (JLN SULTAN ABDULLAH)","","Standalone","","","31 Mar 2018"
"05/03/2018 08:57","Reload","'70838153003424973","WXR138","'70838153003424973","","Billed","","-50.00","PSS TELUK INTAN I (JLN SULTAN ABDULLAH)","","Standalone","","","31 Mar 2018"
"02/03/2018 14:56","Purchase","'70838153003424973","WXR138","","Diesel","Billed","22.94","50.00","PSS TELUK INTAN I (JLN SULTAN ABDULLAH)","","Standalone","","","31 Mar 2018"
"02/03/2018 14:53","Reload","'70838153003424973","WXR138","'70838153003424973","","Billed","","-50.00","PSS TELUK INTAN I (JLN SULTAN ABDULLAH)","","Standalone","","","31 Mar 2018"
"01/03/2018 07:13","Purchase","'70838153003424973","WXR138","","Diesel","Billed","22.94","50.00","PSS TELUK INTAN I (JLN SULTAN ABDULLAH)","","Standalone","","","31 Mar 2018"
"01/03/2018 07:05","Reload","'70838153003424973","WXR138","'70838153003424973","","Billed","","-50.00","PSS TELUK INTAN I (JLN SULTAN ABDULLAH)","","Standalone","","","31 Mar 2018"