"Date Time","Transaction Type","Card Number","Vehicle Number","Driver Card Number","Product Type","Billing Type","Transaction Volume (Litres)","Transaction Amount (RM)","Station Name","Odometer","Card Type","Cost Centre","Cost Centre Name","Statement Month"
"22/03/2018 06:40","Purchase","'70838153003579347","WXR1013","","PRIMAX 95","Billed","6.64","14.61","PSS SALAK SOUTH","","Standalone","","","31 Mar 2018"
"21/03/2018 11:48","Purchase","'70838153003579347","WXR1013","","PRIMAX 95","Billed","25.00","54.50","PSS TUPAI","","Standalone","","","31 Mar 2018"
"21/03/2018 11:47","Reload","'70838153003579347","WXR1013","","","Billed","","-50.00","PSS TUPAI","","Standalone","","","31 Mar 2018"
"15/03/2018 12:21","Purchase","'70838153003579347","WXR1013","","PRIMAX 95","Billed","27.52","60.00","PSS RAWANG RSA","","Standalone","","","31 Mar 2018"
"15/03/2018 12:19","Reload","'70838153003579347","WXR1013","","","Billed","","-50.00","PSS RAWANG RSA","","Standalone","","","31 Mar 2018"
"09/03/2018 17:24","Purchase","'70838153003579347","WXR1013","","PRIMAX 95","Billed","15.01","33.17","PSS BANDAR TUN RAZAK","","Standalone","","","31 Mar 2018"
"09/03/2018 17:23","Reload","'70838153003579347","WXR1013","","","Billed","","-50.00","PSS BANDAR TUN RAZAK","","Standalone","","","31 Mar 2018"
"04/03/2018 23:06","Purchase","'70838153003579347","WXR1013","","PRIMAX 95","Billed","15.00","33.00","PSS SG BULOH LAYBY","","Standalone","","","31 Mar 2018"
"02/03/2018 19:54","Purchase","'70838153003579347","WXR1013","","PRIMAX 95","Billed","25.00","55.00","PSS SUNGAI PERAK (U)","","Standalone","","","31 Mar 2018"
"02/03/2018 19:52","Reload","'70838153003579347","WXR1013","","","Billed","","-100.00","PSS SUNGAI PERAK (U)","","Standalone","","","31 Mar 2018"
"01/03/2018 19:39","Purchase","'70838153003579347","WXR1013","","PRIMAX 95","Billed","13.64","30.00","PSS SALAK JAYA","","Standalone","","","31 Mar 2018"