"Date Time","Transaction Type","Card Number","Vehicle Number","Driver Card Number","Product Type","Billing Type","Transaction Volume (Litres)","Transaction Amount (RM)","Station Name","Odometer","Card Type","Cost Centre","Cost Centre Name","Statement Month"
"31/03/2018 16:33","Purchase","'70838153003424387","WXR120","","PRIMAX 95","Un-billed","13.74","30.23","PSS KG BARU SUBANG","","Standalone","","","Unbilled Transaction"
"31/03/2018 16:30","Reload","'70838153003424387","WXR120","","","Un-billed","","-30.00","PSS KG BARU SUBANG","","Standalone","","","Unbilled Transaction"
"27/03/2018 13:25","Purchase","'70838153003424387","WXR120","","PRIMAX 95","Billed","23.00","50.60","PSS USJ 6 UEP SUBANG JAYA","","Standalone","","","31 Mar 2018"
"27/03/2018 13:24","Reload","'70838153003424387","WXR120","","","Billed","","-50.00","PSS USJ 6 UEP SUBANG JAYA","","Standalone","","","31 Mar 2018"
"26/03/2018 11:38","Purchase","'70838153003424387","WXR120","","PRIMAX 95","Billed","13.18","29.00","PSS NKVE HIGHWAY","","Standalone","","","31 Mar 2018"
"25/03/2018 15:11","Purchase","'70838153003424387","WXR120","","PRIMAX 95","Billed","22.73","50.00","PSS KOTA KEMUNING","","Standalone","","","31 Mar 2018"
"25/03/2018 15:10","Reload","'70838153003424387","WXR120","","","Billed","","-50.00","PSS KOTA KEMUNING","","Standalone","","","31 Mar 2018"
"24/03/2018 10:16","Purchase","'70838153003424387","WXR120","","PRIMAX 95","Billed","23.00","50.61","PSS FAS","","Standalone","","","31 Mar 2018"
"24/03/2018 10:15","Reload","'70838153003424387","WXR120","","","Billed","","-50.00","PSS FAS","","Standalone","","","31 Mar 2018"
"21/03/2018 10:37","Purchase","'70838153003424387","WXR120","","PRIMAX 95","Billed","22.94","50.00","PSS TAMAN SRI ANDALAS","","Standalone","","","31 Mar 2018"
"21/03/2018 10:32","Reload","'70838153003424387","WXR120","","","Billed","","-50.00","PSS TAMAN SRI ANDALAS","","Standalone","","","31 Mar 2018"
"18/03/2018 12:48","Reload","'70838153003424387","WXR120","","","Billed","","-30.00","PSS KM 12.3 LEBUHRAYA PERSEKUTUAN","","Standalone","","","31 Mar 2018"
"16/03/2018 19:11","Purchase","'70838153003424387","WXR120","","PRIMAX 95","Billed","13.76","30.00","PSS KM 12.3 LEBUHRAYA PERSEKUTUAN","7","Standalone","","","31 Mar 2018"
"16/03/2018 19:09","Reload","'70838153003424387","WXR120","","","Billed","","-30.00","PSS KM 12.3 LEBUHRAYA PERSEKUTUAN","","Standalone","","","31 Mar 2018"
"15/03/2018 10:06","Purchase","'70838153003424387","WXR120","","PRIMAX 97","Billed","8.00","19.60","PSS JALAN TUN RAZAK","","Standalone","","","31 Mar 2018"
"11/03/2018 12:04","Purchase","'70838153003424387","WXR120","","PRIMAX 95","Billed","15.00","33.15","PSS TAMAN SRI ANDALAS","","Standalone","","","31 Mar 2018"
"11/03/2018 12:03","Reload","'70838153003424387","WXR120","","","Billed","","-20.00","PSS TAMAN SRI ANDALAS","","Standalone","","","31 Mar 2018"
"09/03/2018 18:28","Purchase","'70838153003424387","WXR120","","PRIMAX 95","Billed","23.03","50.90","PSS FAS","","Standalone","","","31 Mar 2018"
"09/03/2018 18:27","Reload","'70838153003424387","WXR120","","","Billed","","-70.00","PSS FAS","","Standalone","","","31 Mar 2018"
"09/03/2018 11:00","Purchase","'70838153003424387","WXR120","","PRIMAX 95","Billed","21.00","46.41","PSS DAMANSARA JAYA 2","2","Standalone","","","31 Mar 2018"
"09/03/2018 10:58","Reload","'70838153003424387","WXR120","","","Billed","","-50.00","PSS DAMANSARA JAYA 2","","Standalone","","","31 Mar 2018"
"08/03/2018 15:29","Purchase","'70838153003424387","WXR120","","PRIMAX 95","Billed","7.01","15.50","PSS BATU 2 MERU","8","Standalone","","","31 Mar 2018"
"08/03/2018 15:27","Reload","'70838153003424387","WXR120","","","Billed","","-20.00","PSS BATU 2 MERU","","Standalone","","","31 Mar 2018"
"07/03/2018 23:44","Purchase","'70838153003424387","WXR120","","PRIMAX 95","Billed","20.00","44.00","PSS JALAN PLUMBUM","","Standalone","","","31 Mar 2018"
"07/03/2018 23:42","Reload","'70838153003424387","WXR120","","","Billed","","-50.00","PSS JALAN PLUMBUM","","Standalone","","","31 Mar 2018"