"Date Time","Transaction Type","Card Number","Vehicle Number","Driver Card Number","Product Type","Billing Type","Transaction Volume (Litres)","Transaction Amount (RM)","Station Name","Odometer","Card Type","Cost Centre","Cost Centre Name","Statement Month"
"30/03/2018 19:57","Purchase","'70838153003422860","WXR79","","PRIMAX 95","Billed","18.18","40.00","PSS KAMPUNG AWAH","","Standalone","","","31 Mar 2018"
"30/03/2018 19:56","Reload","'70838153003422860","WXR79","","","Billed","","-50.00","PSS KAMPUNG AWAH","","Standalone","","","31 Mar 2018"
"26/03/2018 15:36","Purchase","'70838153003422860","WXR79","","PRIMAX 95","Billed","18.18","40.00","PSS KAMPUNG AWAH","","Standalone","","","31 Mar 2018"
"26/03/2018 15:35","Reload","'70838153003422860","WXR79","","","Billed","","-50.00","PSS KAMPUNG AWAH","","Standalone","","","31 Mar 2018"
"24/03/2018 12:59","Purchase","'70838153003422860","WXR79","","PRIMAX 95","Billed","5.19","11.42","PSS KAMPUNG AWAH","","Standalone","","","31 Mar 2018"
"17/03/2018 12:07","Purchase","'70838153003422860","WXR79","","PRIMAX 95","Billed","13.76","30.00","PSS PETRONAS KARAK REST","","Standalone","","","31 Mar 2018"
"16/03/2018 10:25","Purchase","'70838153003422860","WXR79","","PRIMAX 95","Billed","22.51","49.07","PSS BANDAR KERAYONG","","Standalone","","","31 Mar 2018"
"16/03/2018 10:24","Reload","'70838153003422860","WXR79","","","Billed","","-50.00","PSS BANDAR KERAYONG","","Standalone","","","31 Mar 2018"
"11/03/2018 11:08","Purchase","'70838153003422860","WXR79","","PRIMAX 95","Billed","22.63","50.00","PSS KAMPUNG AWAH","","Standalone","","","31 Mar 2018"
"11/03/2018 11:07","Reload","'70838153003422860","WXR79","","","Billed","","-50.00","PSS KAMPUNG AWAH","","Standalone","","","31 Mar 2018"
"04/03/2018 09:05","Purchase","'70838153003422860","WXR79","","PRIMAX 97","Billed","12.15","30.00","PSS KAMPUNG AWAH","","Standalone","","","31 Mar 2018"
"01/03/2018 17:02","Purchase","'70838153003422860","WXR79","","PRIMAX 95","Billed","18.18","40.00","PSS KAMPUNG AWAH","","Standalone","","","31 Mar 2018"
"01/03/2018 17:01","Reload","'70838153003422860","WXR79","","","Billed","","-50.00","PSS KAMPUNG AWAH","","Standalone","","","31 Mar 2018"