"Date Time","Transaction Type","Card Number","Vehicle Number","Driver Card Number","Product Type","Billing Type","Transaction Volume (Litres)","Transaction Amount (RM)","Station Name","Odometer","Card Type","Cost Centre","Cost Centre Name","Statement Month"
"30/03/2018 09:29","Purchase","'70838153003501978","WXR739","","PRIMAX 97","Billed","60.51","149.47","PSS MUKIM LEMAL","","Standalone","","","31 Mar 2018"
"30/03/2018 09:28","Reload","'70838153003501978","WXR739","","","Billed","","-100.00","PSS MUKIM LEMAL","","Standalone","","","31 Mar 2018"
"28/03/2018 14:07","Purchase","'70838153003501978","WXR739","","PRIMAX 97","Billed","40.70","100.53","PSS KL-KARAK","","Standalone","","","31 Mar 2018"
"28/03/2018 14:04","Reload","'70838153003501978","WXR739","","","Billed","","-150.00","PSS KL-KARAK","","Standalone","","","31 Mar 2018"
"26/03/2018 17:14","Purchase","'70838153003501978","WXR739","","PRIMAX 97","Billed","40.49","100.00","PSS Olak Lempik 2","","Standalone","","","31 Mar 2018"
"26/03/2018 17:13","Reload","'70838153003501978","WXR739","","","Billed","","-100.00","PSS Olak Lempik 2","","Standalone","","","31 Mar 2018"
"24/03/2018 18:59","Purchase","'70838153003501978","WXR739","","PRIMAX 97","Billed","45.73","112.95","PSS JALAN BATU PAHAT KLUANG","","Standalone","","","31 Mar 2018"
"23/03/2018 19:01","Purchase","'70838153003501978","WXR739","","PRIMAX 97","Billed","17.82","44.00","PSS BATU 6 PEKAN MERU","","Standalone","","","31 Mar 2018"
"22/03/2018 11:04","Reload","'70838153003501978","WXR739","","","Billed","","-100.00","PSS CHERAS PERDANA","","Standalone","","","31 Mar 2018"
"21/03/2018 13:06","Purchase","'70838153003501978","WXR739","","PRIMAX 95","Billed","20.00","43.60","PSS LOT 4783 BUKIT JALIL","","Standalone","","","31 Mar 2018"
"21/03/2018 13:04","Reload","'70838153003501978","WXR739","","","Billed","","-100.00","PSS LOT 4783 BUKIT JALIL","","Standalone","","","31 Mar 2018"
"20/03/2018 10:47","Purchase","'70838153003501978","WXR739","","PRIMAX 95","Billed","46.08","100.45","PSS JALAN REKO2","","Standalone","","","31 Mar 2018"
"20/03/2018 10:46","Reload","'70838153003501978","WXR739","","","Billed","","-100.00","PSS JALAN REKO2","","Standalone","","","31 Mar 2018"
"18/03/2018 20:04","Purchase","'70838153003501978","WXR739","","PRIMAX 95","Billed","27.52","60.00","PSS BIDOR TAPAH","","Standalone","","","31 Mar 2018"
"18/03/2018 11:44","Reload","'70838153003501978","WXR739","","","Billed","","-60.00","PSS GRAND SAGA  KL BOUND","","Standalone","","","31 Mar 2018"
"17/03/2018 10:51","Purchase","'70838153003501978","WXR739","","PRIMAX 95","Billed","32.11","70.00","PSS KLIA 1","","Standalone","","","31 Mar 2018"
"17/03/2018 10:49","Reload","'70838153003501978","WXR739","","","Billed","","-50.00","PSS KLIA 1","","Standalone","","","31 Mar 2018"
"13/03/2018 15:38","Purchase","'70838153003501978","WXR739","","PRIMAX 95","Billed","39.82","88.00","PSS KM 305 PLUS ARAH SELATAN","","Standalone","","","31 Mar 2018"
"12/03/2018 14:13","Purchase","'70838153003501978","WXR739","","PRIMAX 95","Billed","38.91","86.00","PSS TAMAN SETIAWANGSA","","Standalone","","","31 Mar 2018"
"12/03/2018 14:11","Reload","'70838153003501978","WXR739","","","Billed","","-150.00","PSS TAMAN SETIAWANGSA","","Standalone","","","31 Mar 2018"
"08/03/2018 19:25","Purchase","'70838153003501978","WXR739","","PRIMAX 95","Billed","42.99","95.00","PSS KUANTAN BY-PASS PANDAN","","Standalone","","","31 Mar 2018"
"08/03/2018 11:50","Reload","'70838153003501978","WXR739","","","Billed","","-100.00","PSS PETRONAS KARAK REST","","Standalone","","","31 Mar 2018"
"08/03/2018 11:47","Purchase","'70838153003501978","WXR739","","PRIMAX 95","Billed","19.91","44.00","PSS PETRONAS KARAK REST","","Standalone","","","31 Mar 2018"
"07/03/2018 15:43","Purchase","'70838153003501978","WXR739","","PRIMAX 95","Billed","30.00","66.00","PSS SEK 3 BANDAR BARU BANGI","","Standalone","","","31 Mar 2018"
"07/03/2018 15:41","Reload","'70838153003501978","WXR739","","","Billed","","-150.00","PSS SEK 3 BANDAR BARU BANGI","","Standalone","","","31 Mar 2018"
"06/03/2018 23:52","Purchase","'70838153003501978","WXR739","","PRIMAX 95","Billed","6.36","14.00","PSS BANDAR BARU SALAK TINGGI","","Standalone","","","31 Mar 2018"
"06/03/2018 10:46","Purchase","'70838153003501978","WXR739","","PRIMAX 95","Billed","10.00","22.00","PSS MERANG","","Standalone","","","31 Mar 2018"
"05/03/2018 14:03","Purchase","'70838153003501978","WXR739","","PRIMAX 95","Billed","40.00","88.00","PSS LDP PUCHONG UTAMA","","Standalone","","","31 Mar 2018"
"05/03/2018 14:00","Reload","'70838153003501978","WXR739","","","Billed","","-100.00","PSS LDP PUCHONG UTAMA","","Standalone","","","31 Mar 2018"
"04/03/2018 07:24","Purchase","'70838153003501978","WXR739","","PRIMAX 95","Billed","20.00","44.00","PSS BANDAR SERI PUTRA","","Standalone","","","31 Mar 2018"
"02/03/2018 18:54","Purchase","'70838153003501978","WXR739","","PRIMAX 95","Billed","30.00","66.00","PSS BANDAR BARU AIR HITAM","","Standalone","","","31 Mar 2018"
"02/03/2018 18:51","Reload","'70838153003501978","WXR739","","","Billed","","-100.00","PSS BANDAR BARU AIR HITAM","","Standalone","","","31 Mar 2018"
"01/03/2018 15:23","Purchase","'70838153003501978","WXR739","","PRIMAX 95","Billed","20.00","44.00","PSS PARIT YAANI","","Standalone","","","31 Mar 2018"
"01/03/2018 11:38","Purchase","'70838153003501978","WXR739","","PRIMAX 95","Billed","10.00","22.00","PSS KM 305 PLUS ARAH SELATAN","","Standalone","","","31 Mar 2018"
"01/03/2018 09:54","Reload","'70838153003501978","WXR739","","","Billed","","-100.00","PSS NKVE (SUBANG TOLL)","","Standalone","","","31 Mar 2018"