"Date Time","Transaction Type","Card Number","Vehicle Number","Driver Card Number","Product Type","Billing Type","Transaction Volume (Litres)","Transaction Amount (RM)","Station Name","Odometer","Card Type","Cost Centre","Cost Centre Name","Statement Month"
"27/03/2018 13:43","Purchase","'70838153003424601","WXR47","","PRIMAX 95","Billed","9.57","21.05","PSS BANDAR MUTIARA","","Standalone","","","31 Mar 2018"
"27/03/2018 13:41","Reload","'70838153003424601","WXR47","","","Billed","","-100.00","PSS BANDAR MUTIARA","","Standalone","","","31 Mar 2018"
"27/03/2018 13:39","Purchase","'70838153003424601","WXR47","","PRIMAX 95","Billed","11.30","24.85","PSS BANDAR MUTIARA","","Standalone","","","31 Mar 2018"
"26/03/2018 21:39","Purchase","'70838153003424601","WXR47","","PRIMAX 95","Billed","45.46","100.00","PSS BANDAR MUTIARA","","Standalone","","","31 Mar 2018"
"26/03/2018 21:38","Reload","'70838153003424601","WXR47","","","Billed","","-100.00","PSS BANDAR MUTIARA","","Standalone","","","31 Mar 2018"
"24/03/2018 20:58","Purchase","'70838153003424601","WXR47","","PRIMAX 95","Billed","34.16","75.15","PSS BALING KEDAH","","Standalone","","","31 Mar 2018"
"24/03/2018 20:57","Reload","'70838153003424601","WXR47","","","Billed","","-100.00","PSS BALING KEDAH","","Standalone","","","31 Mar 2018"
"24/03/2018 20:56","Purchase","'70838153003424601","WXR47","","PRIMAX 95","Billed","14.65","32.24","PSS BALING KEDAH","","Standalone","","","31 Mar 2018"
"20/03/2018 18:31","Purchase","'70838153003424601","WXR47","","PRIMAX 95","Billed","20.05","43.70","PSS JLN KELAB CINTA SAYANG","","Standalone","","","31 Mar 2018"
"18/03/2018 20:31","Purchase","'70838153003424601","WXR47","","PRIMAX 95","Billed","32.11","70.00","PSS BANDAR MUTIARA","","Standalone","","","31 Mar 2018"
"18/03/2018 20:30","Reload","'70838153003424601","WXR47","","","Billed","","-70.00","PSS BANDAR MUTIARA","","Standalone","","","31 Mar 2018"
"15/03/2018 19:53","Purchase","'70838153003424601","WXR47","","PRIMAX 95","Billed","19.98","43.55","PSS SUNGAI SELUANG","","Standalone","","","31 Mar 2018"
"15/03/2018 19:52","Reload","'70838153003424601","WXR47","","","Billed","","-100.00","PSS SUNGAI SELUANG","","Standalone","","","31 Mar 2018"
"12/03/2018 08:53","Purchase","'70838153003424601","WXR47","","PRIMAX 95","Billed","46.43","102.60","PSS JLN KELAB CINTA SAYANG","","Standalone","","","31 Mar 2018"
"07/03/2018 15:41","Purchase","'70838153003424601","WXR47","","PRIMAX 95","Billed","20.36","44.80","PSS KULIM HI-TECH PARK","","Standalone","","","31 Mar 2018"
"07/03/2018 15:37","Reload","'70838153003424601","WXR47","","","Billed","","-100.00","PSS KULIM HI-TECH PARK","","Standalone","","","31 Mar 2018"
"02/03/2018 21:57","Purchase","'70838153003424601","WXR47","","PRIMAX 95","Billed","17.81","39.17","PSS BANDAR MUTIARA","","Standalone","","","31 Mar 2018"