"Date Time","Transaction Type","Card Number","Vehicle Number","Driver Card Number","Product Type","Billing Type","Transaction Volume (Litres)","Transaction Amount (RM)","Station Name","Odometer","Card Type","Cost Centre","Cost Centre Name","Statement Month"
"29/03/2018 19:54","Purchase","'70838153003496229","WXR800","","PRIMAX 95","Billed","31.07","68.34","PSS TAMAN KELADI","99","Standalone","","","31 Mar 2018"
"29/03/2018 19:53","Reload","'70838153003496229","WXR800","'70838153003496229","","Billed","","-150.00","PSS TAMAN KELADI","","Standalone","","","31 Mar 2018"
"27/03/2018 10:40","Purchase","'70838153003496229","WXR800","","PRIMAX 95","Billed","20.00","43.99","PSS BAYAN BARU","99","Standalone","","","31 Mar 2018"
"23/03/2018 10:03","Purchase","'70838153003496229","WXR800","","PRIMAX 95","Billed","38.01","83.62","PSS TAMAN KELADI","99","Standalone","","","31 Mar 2018"
"23/03/2018 10:00","Reload","'70838153003496229","WXR800","'70838153003496229","","Billed","","-100.00","PSS TAMAN KELADI","","Standalone","","","31 Mar 2018"
"21/03/2018 15:02","Purchase","'70838153003496229","WXR800","","PRIMAX 95","Billed","35.00","76.30","PSS MUKIM SUNGAI PASIR","99","Standalone","","","31 Mar 2018"
"21/03/2018 15:00","Reload","'70838153003496229","WXR800","","","Billed","","-100.00","PSS MUKIM SUNGAI PASIR","","Standalone","","","31 Mar 2018"
"19/03/2018 13:13","Purchase","'70838153003496229","WXR800","","PRIMAX 95","Billed","36.03","78.53","PSS SIMPANG EMPAT 2","99","Standalone","","","31 Mar 2018"
"19/03/2018 13:11","Reload","'70838153003496229","WXR800","","","Billed","","-50.00","PSS SIMPANG EMPAT 2","","Standalone","","","31 Mar 2018"
"15/03/2018 12:17","Purchase","'70838153003496229","WXR800","","PRIMAX 95","Billed","35.01","76.32","PSS TAMAN KELADI","99","Standalone","","","31 Mar 2018"
"15/03/2018 12:16","Reload","'70838153003496229","WXR800","'70838153003496229","","Billed","","-50.00","PSS TAMAN KELADI","","Standalone","","","31 Mar 2018"
"11/03/2018 17:48","Purchase","'70838153003496229","WXR800","","PRIMAX 95","Billed","42.03","92.88","PSS RAWAT & REHAT (U) SBAN-KL","9999","Standalone","","","31 Mar 2018"
"09/03/2018 21:38","Purchase","'70838153003496229","WXR800","","PRIMAX 95","Billed","46.12","101.91","PSS BANDAR MAHKOTA CHERAS","99","Standalone","","","31 Mar 2018"
"09/03/2018 21:36","Reload","'70838153003496229","WXR800","","","Billed","","-200.00","PSS BANDAR MAHKOTA CHERAS","","Standalone","","","31 Mar 2018"
"06/03/2018 13:36","Purchase","'70838153003496229","WXR800","","PRIMAX 95","Billed","44.00","96.80","PSS TAMAN RIA SG PETANI","99","Standalone","","","31 Mar 2018"
"06/03/2018 13:34","Reload","'70838153003496229","WXR800","","","Billed","","-100.00","PSS TAMAN RIA SG PETANI","","Standalone","","","31 Mar 2018"