"Date Time","Transaction Type","Card Number","Vehicle Number","Driver Card Number","Product Type","Billing Type","Transaction Volume (Litres)","Transaction Amount (RM)","Station Name","Odometer","Card Type","Cost Centre","Cost Centre Name","Statement Month"
"15/03/2018 19:00","Purchase","'70838153003500301","WXR674","","PRIMAX 95","Billed","3.17","6.90","PSS KUANTAN BY-PASS PANDAN","1122","Standalone","","","31 Mar 2018"
"13/03/2018 18:02","Purchase","'70838153003500301","WXR674","","PRIMAX 95","Billed","2.26","5.00","PSS JAYA GADING","1122","Standalone","","","31 Mar 2018"
"08/03/2018 07:54","Purchase","'70838153003500301","WXR674","","PRIMAX 95","Billed","2.72","6.00","PSS KM 16 JALAN GAMBANG","1122","Standalone","","","31 Mar 2018"
"06/03/2018 18:43","Reload","'70838153003500301","WXR674","","","Billed","","-20.00","PSS JAYA GADING","","Standalone","","","31 Mar 2018"
"01/03/2018 18:40","Purchase","'70838153003500301","WXR674","","PRIMAX 95","Billed","2.77","6.08","PSS KM 16 JALAN GAMBANG","1122","Standalone","","","31 Mar 2018"