"Date Time","Transaction Type","Card Number","Vehicle Number","Driver Card Number","Product Type","Billing Type","Transaction Volume (Litres)","Transaction Amount (RM)","Station Name","Odometer","Card Type","Cost Centre","Cost Centre Name","Statement Month"
"29/03/2018 14:49","Purchase","'70838153003498159","WXR417","","PRIMAX 95","Billed","9.09","20.00","PSS AULONG","","Standalone","","","31 Mar 2018"
"28/03/2018 09:40","Purchase","'70838153003498159","WXR417","","PRIMAX 95","Billed","13.64","30.00","PSS AULONG","","Standalone","","","31 Mar 2018"
"28/03/2018 09:34","Reload","'70838153003498159","WXR417","","","Billed","","-50.00","PSS AULONG","","Standalone","","","31 Mar 2018"
"23/03/2018 20:47","Purchase","'70838153003498159","WXR417","","PRIMAX 95","Billed","9.09","20.00","PSS AULONG","","Standalone","","","31 Mar 2018"
"16/03/2018 17:43","Purchase","'70838153003498159","WXR417","","PRIMAX 95","Billed","18.35","40.00","PSS AULONG","","Standalone","","","31 Mar 2018"
"16/03/2018 17:38","Reload","'70838153003498159","WXR417","","","Billed","","-50.00","PSS AULONG","","Standalone","","","31 Mar 2018"
"09/03/2018 17:53","Purchase","'70838153003498159","WXR417","","PRIMAX 95","Billed","18.10","40.00","PSS TAMAN PUTRA INDAH","835","Standalone","","","31 Mar 2018"
"09/03/2018 17:50","Reload","'70838153003498159","WXR417","","","Billed","","-30.00","PSS TAMAN PUTRA INDAH","","Standalone","","","31 Mar 2018"
"07/03/2018 12:08","Purchase","'70838153003498159","WXR417","","PRIMAX 95","Billed","22.73","50.00","PSS AULONG","","Standalone","","","31 Mar 2018"
"07/03/2018 12:07","Reload","'70838153003498159","WXR417","","","Billed","","-50.00","PSS AULONG","","Standalone","","","31 Mar 2018"
"02/03/2018 09:02","Purchase","'70838153003498159","WXR417","","PRIMAX 95","Billed","13.64","30.00","PSS AULONG","","Standalone","","","31 Mar 2018"
"02/03/2018 09:01","Reload","'70838153003498159","WXR417","","","Billed","","-50.00","PSS AULONG","","Standalone","","","31 Mar 2018"