"Date Time","Transaction Type","Card Number","Vehicle Number","Driver Card Number","Product Type","Billing Type","Transaction Volume (Litres)","Transaction Amount (RM)","Station Name","Odometer","Card Type","Cost Centre","Cost Centre Name","Statement Month"
"31/03/2018 22:32","Purchase","'70838153003579370","WXR1016","","PRIMAX 95","Un-billed","4.08","8.98","PSS SEK 26 SHAH ALAM","","Standalone","","","Unbilled Transaction"
"30/03/2018 16:57","Purchase","'70838153003579370","WXR1016","","PRIMAX 95","Billed","3.46","7.60","PSS KESAS ARAH SUBANG","","Standalone","","","31 Mar 2018"
"29/03/2018 13:21","Purchase","'70838153003579370","WXR1016","","PRIMAX 95","Billed","18.19","40.01","PSS PUCHONG JAYA","","Standalone","","","31 Mar 2018"
"27/03/2018 22:31","Purchase","'70838153003579370","WXR1016","","PRIMAX 95","Billed","3.10","6.81","PSS KESAS ARAH SUBANG","","Standalone","","","31 Mar 2018"
"24/03/2018 22:50","Purchase","'70838153003579370","WXR1016","","PRIMAX 95","Billed","18.18","40.00","PSS SEK 22 SHAH ALAM","","Standalone","","","31 Mar 2018"
"23/03/2018 16:22","Purchase","'70838153003579370","WXR1016","","PRIMAX 95","Billed","3.15","6.94","PSS TEMASYA FEDERAL HIGHWAY","","Standalone","","","31 Mar 2018"
"22/03/2018 21:24","Reload","'70838153003579370","WXR1016","","","Billed","","-50.00","PSS KESAS ARAH SUBANG","","Standalone","","","31 Mar 2018"
"19/03/2018 15:00","Purchase","'70838153003579370","WXR1016","","PRIMAX 95","Billed","3.81","8.30","PSS SEKSYEN 18","","Standalone","","","31 Mar 2018"
"14/03/2018 23:09","Purchase","'70838153003579370","WXR1016","","PRIMAX 95","Billed","3.18","7.02","PSS SEK 26 SHAH ALAM","","Standalone","","","31 Mar 2018"
"11/03/2018 05:40","Purchase","'70838153003579370","WXR1016","","PRIMAX 97","Billed","3.90","9.64","PSS KESAS ARAH KELANG","55138","Standalone","","","31 Mar 2018"