"Date Time","Transaction Type","Card Number","Vehicle Number","Driver Card Number","Product Type","Billing Type","Transaction Volume (Litres)","Transaction Amount (RM)","Station Name","Odometer","Card Type","Cost Centre","Cost Centre Name","Statement Month"
"22/03/2018 19:19","Purchase","'70838153003498225","WXR422","","Diesel","Billed","104.46","227.71","PSS BANDAR JENGKA","","Standalone","","","31 Mar 2018"
"22/03/2018 11:58","Purchase","'70838153003498225","WXR422","","Diesel","Billed","233.94","509.99","PSS BANDAR JENGKA","","Standalone","","","31 Mar 2018"
"22/03/2018 07:08","Purchase","'70838153003498225","WXR422","","Diesel","Billed","0.13","0.28","PSS BANDAR JENGKA","","Standalone","","","31 Mar 2018"
"18/03/2018 15:58","Purchase","'70838153003498225","WXR422","","Diesel","Billed","99.07","214.00","PSS FELDA JENGKA 21","","Standalone","","","31 Mar 2018"
"17/03/2018 19:02","Purchase","'70838153003498225","WXR422","","Diesel","Billed","138.89","300.00","PSS FELDA JENGKA 21","","Standalone","","","31 Mar 2018"
"16/03/2018 19:38","Purchase","'70838153003498225","WXR422","","Diesel","Billed","244.46","528.02","PSS KAMPUNG AWAH","","Standalone","","","31 Mar 2018"
"12/03/2018 17:57","Purchase","'70838153003498225","WXR422","","Diesel","Billed","101.38","220.00","PSS KM 16 JALAN GAMBANG","","Standalone","","","31 Mar 2018"
"08/03/2018 23:12","Reload","'70838153003498225","WXR422","","","Billed","","-2,000.00","PSS KAMPUNG AWAH","","Standalone","","","31 Mar 2018"
"05/03/2018 18:20","Purchase","'70838153003498225","WXR422","","Diesel","Billed","145.28","316.70","PSS KAMPUNG AWAH","","Standalone","","","31 Mar 2018"
"04/03/2018 18:20","Purchase","'70838153003498225","WXR422","","Diesel","Billed","193.12","421.00","PSS KAMPUNG AWAH","","Standalone","","","31 Mar 2018"