"Date Time","Transaction Type","Card Number","Vehicle Number","Driver Card Number","Product Type","Billing Type","Transaction Volume (Litres)","Transaction Amount (RM)","Station Name","Odometer","Card Type","Cost Centre","Cost Centre Name","Statement Month"
"31/03/2018 08:55","Purchase","'70838153003422886","WXR81","","PRIMAX 95","Billed","27.27","60.00","PSS TAMAN PENGKALAN JAYA","50","Standalone","","","31 Mar 2018"
"30/03/2018 18:25","Purchase","'70838153003422886","WXR81","","PRIMAX 95","Billed","18.18","40.00","PSS JALAN GOPENG II","50","Standalone","","","31 Mar 2018"
"30/03/2018 18:22","Reload","'70838153003422886","WXR81","","","Billed","","-100.00","PSS JALAN GOPENG II","","Standalone","","","31 Mar 2018"
"27/03/2018 12:06","Purchase","'70838153003422886","WXR81","","PRIMAX 95","Billed","3.37","7.40","PSS JALAN GOPENG II","50","Standalone","","","31 Mar 2018"
"25/03/2018 14:44","Purchase","'70838153003422886","WXR81","","PRIMAX 95","Billed","31.82","70.00","PSS TAMAN BERTAM","50","Standalone","","","31 Mar 2018"
"25/03/2018 14:43","Reload","'70838153003422886","WXR81","","","Billed","","-100.00","PSS TAMAN BERTAM","","Standalone","","","31 Mar 2018"
"23/03/2018 11:51","Purchase","'70838153003422886","WXR81","","PRIMAX 95","Billed","31.82","70.00","PSS TAMAN PENGKALAN JAYA","50","Standalone","","","31 Mar 2018"
"14/03/2018 12:47","Purchase","'70838153003422886","WXR81","","PRIMAX 95","Billed","3.63","8.01","PSS JALAN GOPENG II","","Standalone","","","31 Mar 2018"
"13/03/2018 17:56","Purchase","'70838153003422886","WXR81","","PRIMAX 95","Billed","27.15","60.00","PSS RAWANG RSA","50","Standalone","","","31 Mar 2018"
"11/03/2018 16:29","Purchase","'70838153003422886","WXR81","","PRIMAX 95","Billed","45.25","100.01","PSS SIMPANG PULAI ARAH SELATAN","50","Standalone","","","31 Mar 2018"
"11/03/2018 16:28","Reload","'70838153003422886","WXR81","","","Billed","","-200.00","PSS SIMPANG PULAI ARAH SELATAN","","Standalone","","","31 Mar 2018"
"08/03/2018 18:23","Purchase","'70838153003422886","WXR81","","PRIMAX 95","Billed","18.10","40.00","PSS JALAN GOPENG II","50","Standalone","","","31 Mar 2018"
"04/03/2018 09:40","Purchase","'70838153003422886","WXR81","","PRIMAX 95","Billed","3.28","7.20","PSS TAMAN PENGKALAN JAYA","50","Standalone","","","31 Mar 2018"
"03/03/2018 14:13","Purchase","'70838153003422886","WXR81","","PRIMAX 95","Billed","36.37","80.00","PSS JALAN GOPENG II","50","Standalone","","","31 Mar 2018"
"03/03/2018 14:12","Reload","'70838153003422886","WXR81","","","Billed","","-100.00","PSS JALAN GOPENG II","","Standalone","","","31 Mar 2018"