"Date Time","Transaction Type","Card Number","Vehicle Number","Driver Card Number","Product Type","Billing Type","Transaction Volume (Litres)","Transaction Amount (RM)","Station Name","Odometer","Card Type","Cost Centre","Cost Centre Name","Statement Month"
"31/03/2018 10:38","Purchase","'70838153003580584","WXR1055","","PRIMAX 95","Un-billed","39.34","86.55","PSS LUBUK CHINA","","Standalone","","","Unbilled Transaction"
"31/03/2018 10:36","Reload","'70838153003580584","WXR1055","","","Un-billed","","-50.00","PSS LUBUK CHINA","","Standalone","","","Unbilled Transaction"
"29/03/2018 15:38","Purchase","'70838153003580584","WXR1055","","PRIMAX 95","Billed","22.73","50.00","PSS SIMPANG EMPAT","","Standalone","","","31 Mar 2018"
"29/03/2018 15:37","Reload","'70838153003580584","WXR1055","","","Billed","","-50.00","PSS SIMPANG EMPAT","","Standalone","","","31 Mar 2018"
"24/03/2018 11:41","Purchase","'70838153003580584","WXR1055","","PRIMAX 95","Billed","22.73","50.00","PSS LUBUK CHINA","","Standalone","","","31 Mar 2018"
"24/03/2018 11:40","Reload","'70838153003580584","WXR1055","","","Billed","","-100.00","PSS LUBUK CHINA","","Standalone","","","31 Mar 2018"
"23/03/2018 10:46","Purchase","'70838153003580584","WXR1055","","PRIMAX 95","Billed","22.73","50.00","PSS LUBUK CHINA","","Standalone","","","31 Mar 2018"
"21/03/2018 12:31","Purchase","'70838153003580584","WXR1055","","PRIMAX 95","Billed","22.94","50.00","PSS LUBUK CHINA","","Standalone","","","31 Mar 2018"
"21/03/2018 12:28","Reload","'70838153003580584","WXR1055","","","Billed","","-100.00","PSS LUBUK CHINA","","Standalone","","","31 Mar 2018"