"Date Time","Transaction Type","Card Number","Vehicle Number","Driver Card Number","Product Type","Billing Type","Transaction Volume (Litres)","Transaction Amount (RM)","Station Name","Odometer","Card Type","Cost Centre","Cost Centre Name","Statement Month"
"31/03/2018 20:35","Reload","'70838153003422845","WXR77","","","Billed","","-100.00","PSS TAMAN PUTRA","","Standalone","","","31 Mar 2018"
"31/03/2018 20:32","Purchase","'70838153003422845","WXR77","","PRIMAX 95","Billed","22.70","49.95","PSS TAMAN PUTRA","","Standalone","","","31 Mar 2018"
"31/03/2018 09:23","Purchase","'70838153003422845","WXR77","","PRIMAX 95","Billed","22.75","50.05","PSS JALAN RHU AMPANG","","Standalone","","","31 Mar 2018"
"31/03/2018 09:22","Reload","'70838153003422845","WXR77","","","Billed","","-100.00","PSS JALAN RHU AMPANG","","Standalone","","","31 Mar 2018"
"30/03/2018 11:36","Purchase","'70838153003422845","WXR77","","PRIMAX 95","Billed","13.52","29.75","PSS LT911 ULU KLANG MRR2","","Standalone","","","31 Mar 2018"
"29/03/2018 18:48","Purchase","'70838153003422845","WXR77","","PRIMAX 95","Billed","9.20","20.25","PSS TAMAN PUTRA","","Standalone","","","31 Mar 2018"
"28/03/2018 16:08","Reload","'70838153003422845","WXR77","","","Billed","","-50.00","PSS HULU KELANG","","Standalone","","","31 Mar 2018"
"27/03/2018 15:18","Purchase","'70838153003422845","WXR77","","PRIMAX 95","Billed","13.60","29.91","PSS HULU KELANG","","Standalone","","","31 Mar 2018"
"25/03/2018 09:33","Purchase","'70838153003422845","WXR77","","PRIMAX 95","Billed","9.13","20.09","PSS LT911 ULU KLANG MRR2","","Standalone","","","31 Mar 2018"
"13/03/2018 15:35","Purchase","'70838153003422845","WXR77","","PRIMAX 97","Billed","20.24","50.00","PSS TAMAN PUTRA","","Standalone","","","31 Mar 2018"
"07/03/2018 17:21","Reload","'70838153003422845","WXR77","","","Billed","","-100.00","PSS AMPANG PERMAI","","Standalone","","","31 Mar 2018"
"07/03/2018 17:12","Purchase","'70838153003422845","WXR77","","PRIMAX 95","Billed","27.05","59.51","PSS AMPANG PERMAI","","Standalone","","","31 Mar 2018"
"02/03/2018 10:28","Purchase","'70838153003422845","WXR77","","PRIMAX 95","Billed","38.64","85.01","PSS LT911 ULU KLANG MRR2","","Standalone","","","31 Mar 2018"