"Date Time","Transaction Type","Card Number","Vehicle Number","Driver Card Number","Product Type","Billing Type","Transaction Volume (Litres)","Transaction Amount (RM)","Station Name","Odometer","Card Type","Cost Centre","Cost Centre Name","Statement Month"
"31/03/2018 21:53","Purchase","'70838153003496484","WXR361","","PRIMAX 95","Un-billed","34.08","74.97","PSS RNR KINRARA","","Standalone","","","Unbilled Transaction"
"27/03/2018 09:23","Purchase","'70838153003496484","WXR361","","PRIMAX 95","Billed","34.10","75.03","PSS CYBERJAYA","","Standalone","","","31 Mar 2018"
"27/03/2018 09:20","Reload","'70838153003496484","WXR361","","","Billed","","-150.00","PSS CYBERJAYA","","Standalone","","","31 Mar 2018"
"25/03/2018 04:10","Purchase","'70838153003496484","WXR361","","PRIMAX 95","Billed","40.26","88.56","PSS KLIA 2","","Standalone","","","31 Mar 2018"
"23/03/2018 09:45","Purchase","'70838153003496484","WXR361","","PRIMAX 95","Billed","34.55","76.00","PSS TAMAN MEDAN","","Standalone","","","31 Mar 2018"
"23/03/2018 09:44","Reload","'70838153003496484","WXR361","","","Billed","","-150.00","PSS TAMAN MEDAN","","Standalone","","","31 Mar 2018"
"21/03/2018 23:43","Purchase","'70838153003496484","WXR361","","PRIMAX 95","Billed","34.41","75.01","PSS BRICKFIELDS","","Standalone","","","31 Mar 2018"
"18/03/2018 14:48","Purchase","'70838153003496484","WXR361","","PRIMAX 95","Billed","33.94","74.00","PSS CYBERJAYA","","Standalone","","","31 Mar 2018"
"18/03/2018 14:46","Reload","'70838153003496484","WXR361","","","Billed","","-150.00","PSS CYBERJAYA","","Standalone","","","31 Mar 2018"
"16/03/2018 19:45","Purchase","'70838153003496484","WXR361","","PRIMAX 95","Billed","37.62","82.02","PSS BATU 5 GOMBAK","","Standalone","","","31 Mar 2018"
"14/03/2018 00:10","Purchase","'70838153003496484","WXR361","","PRIMAX 95","Billed","31.67","70.00","PSS KM 305 PLUS ARAH SELATAN","","Standalone","","","31 Mar 2018"
"12/03/2018 15:06","Purchase","'70838153003496484","WXR361","","PRIMAX 95","Billed","34.39","76.00","PSS CYBERJAYA","","Standalone","","","31 Mar 2018"
"12/03/2018 15:05","Reload","'70838153003496484","WXR361","","","Billed","","-150.00","PSS CYBERJAYA","","Standalone","","","31 Mar 2018"
"05/03/2018 14:49","Purchase","'70838153003496484","WXR361","","PRIMAX 95","Billed","36.00","79.20","PSS PERSIARAN APEC","","Standalone","","","31 Mar 2018"
"04/03/2018 13:58","Purchase","'70838153003496484","WXR361","","PRIMAX 95","Billed","34.09","75.00","PSS SKVE","","Standalone","","","31 Mar 2018"
"02/03/2018 09:46","Purchase","'70838153003496484","WXR361","","PRIMAX 95","Billed","35.91","79.00","PSS GRAND SAGA  KL BOUND","","Standalone","","","31 Mar 2018"
"02/03/2018 09:45","Reload","'70838153003496484","WXR361","","","Billed","","-300.00","PSS GRAND SAGA  KL BOUND","","Standalone","","","31 Mar 2018"