"Date Time","Transaction Type","Card Number","Vehicle Number","Driver Card Number","Product Type","Billing Type","Transaction Volume (Litres)","Transaction Amount (RM)","Station Name","Odometer","Card Type","Cost Centre","Cost Centre Name","Statement Month"
"26/03/2018 23:21","Purchase","'70838153003580972","WXR1071","","PRIMAX 95","Billed","9.09","20.00","PSS BATU 6 PEKAN MERU","","Standalone","","","31 Mar 2018"
"26/03/2018 23:19","Reload","'70838153003580972","WXR1071","","","Billed","","-20.00","PSS BATU 6 PEKAN MERU","","Standalone","","","31 Mar 2018"
"25/03/2018 17:52","Purchase","'70838153003580972","WXR1071","","PRIMAX 95","Billed","9.09","20.00","PSS KM 2 LDP","","Standalone","","","31 Mar 2018"
"25/03/2018 17:51","Reload","'70838153003580972","WXR1071","","","Billed","","-20.00","PSS KM 2 LDP","","Standalone","","","31 Mar 2018"
"21/03/2018 14:42","Purchase","'70838153003580972","WXR1071","","PRIMAX 95","Billed","18.35","40.00","PSS TAMAN MERANTI JAYA","","Standalone","","","31 Mar 2018"
"21/03/2018 14:41","Reload","'70838153003580972","WXR1071","","","Billed","","-40.00","PSS TAMAN MERANTI JAYA","","Standalone","","","31 Mar 2018"
"18/03/2018 12:52","Purchase","'70838153003580972","WXR1071","","PRIMAX 95","Billed","13.76","30.00","PSS PUCHONG PRIMA","","Standalone","","","31 Mar 2018"
"18/03/2018 12:50","Reload","'70838153003580972","WXR1071","","","Billed","","-30.00","PSS PUCHONG PRIMA","","Standalone","","","31 Mar 2018"
"15/03/2018 10:59","Purchase","'70838153003580972","WXR1071","","PRIMAX 95","Billed","13.76","30.00","PSS SEKSYEN 13","","Standalone","","","31 Mar 2018"
"15/03/2018 10:57","Reload","'70838153003580972","WXR1071","","","Billed","","-30.00","PSS SEKSYEN 13","","Standalone","","","31 Mar 2018"
"12/03/2018 16:35","Purchase","'70838153003580972","WXR1071","","PRIMAX 95","Billed","13.57","30.00","PSS BATU 6 JALAN IPOH","","Standalone","","","31 Mar 2018"
"12/03/2018 16:34","Reload","'70838153003580972","WXR1071","","","Billed","","-30.00","PSS BATU 6 JALAN IPOH","","Standalone","","","31 Mar 2018"
"08/03/2018 23:11","Purchase","'70838153003580972","WXR1071","","PRIMAX 95","Billed","9.05","20.00","PSS KM 2 LDP","","Standalone","","","31 Mar 2018"
"08/03/2018 23:10","Reload","'70838153003580972","WXR1071","","","Billed","","-20.00","PSS KM 2 LDP","","Standalone","","","31 Mar 2018"
"08/03/2018 08:59","Purchase","'70838153003580972","WXR1071","","PRIMAX 95","Billed","9.05","20.00","PSS PUCHONG PRIMA","","Standalone","","","31 Mar 2018"
"08/03/2018 08:57","Reload","'70838153003580972","WXR1071","","","Billed","","-20.00","PSS PUCHONG PRIMA","","Standalone","","","31 Mar 2018"
"05/03/2018 19:43","Purchase","'70838153003580972","WXR1071","","PRIMAX 95","Billed","13.64","30.00","PSS BATU 6 PEKAN MERU","","Standalone","","","31 Mar 2018"
"05/03/2018 19:42","Reload","'70838153003580972","WXR1071","","","Billed","","-30.00","PSS BATU 6 PEKAN MERU","","Standalone","","","31 Mar 2018"