"Date Time","Transaction Type","Card Number","Vehicle Number","Driver Card Number","Product Type","Billing Type","Transaction Volume (Litres)","Transaction Amount (RM)","Station Name","Odometer","Card Type","Cost Centre","Cost Centre Name","Statement Month"
"30/03/2018 14:19","Purchase","'70838153003422944","WXR171","","PRIMAX 95","Billed","59.56","131.03","PSS PADANG RENGAS","","Standalone","","","31 Mar 2018"
"30/03/2018 14:17","Reload","'70838153003422944","WXR171","","","Billed","","-300.00","PSS PADANG RENGAS","","Standalone","","","31 Mar 2018"
"27/03/2018 18:58","Purchase","'70838153003422944","WXR171","","PRIMAX 95","Billed","40.89","89.96","PSS BAGAN SERAI II","","Standalone","","","31 Mar 2018"
"27/03/2018 17:59","Purchase","'70838153003422944","WXR171","","PRIMAX 95","Billed","50.02","110.04","PSS BAGAN SERAI","","Standalone","","","31 Mar 2018"
"27/03/2018 17:58","Reload","'70838153003422944","WXR171","","","Billed","","-200.00","PSS BAGAN SERAI","","Standalone","","","31 Mar 2018"
"27/03/2018 17:55","Purchase","'70838153003422944","WXR171","","PRIMAX 95","Billed","18.17","39.97","PSS BAGAN SERAI","","Standalone","","","31 Mar 2018"
"22/03/2018 13:31","Purchase","'70838153003422944","WXR171","","PRIMAX 97","Billed","8.10","20.00","PSS BRINCHANG","","Standalone","","","31 Mar 2018"
"22/03/2018 10:07","Purchase","'70838153003422944","WXR171","","PRIMAX 95","Billed","36.37","80.00","PSS R & R GUNUNG SEMANGGOL","","Standalone","","","31 Mar 2018"
"22/03/2018 10:05","Reload","'70838153003422944","WXR171","","","Billed","","-100.00","PSS R & R GUNUNG SEMANGGOL","","Standalone","","","31 Mar 2018"
"20/03/2018 11:37","Purchase","'70838153003422944","WXR171","","PRIMAX 95","Billed","36.70","80.01","PSS KESAS ARAH SUBANG","","Standalone","","","31 Mar 2018"
"18/03/2018 18:52","Purchase","'70838153003422944","WXR171","","PRIMAX 95","Billed","59.63","130.00","PSS ULU BERNAM","","Standalone","","","31 Mar 2018"
"16/03/2018 20:30","Purchase","'70838153003422944","WXR171","","PRIMAX 95","Billed","68.82","150.02","PSS BAGAN SERAI","","Standalone","","","31 Mar 2018"
"16/03/2018 20:28","Reload","'70838153003422944","WXR171","","","Billed","","-400.00","PSS BAGAN SERAI","","Standalone","","","31 Mar 2018"
"14/03/2018 21:26","Purchase","'70838153003422944","WXR171","","PRIMAX 95","Billed","45.25","100.00","PSS BAGAN SERAI","","Standalone","","","31 Mar 2018"
"13/03/2018 06:24","Purchase","'70838153003422944","WXR171","","PRIMAX 95","Billed","45.25","100.00","PSS RAWANG RSA","","Standalone","","","31 Mar 2018"
"13/03/2018 06:22","Reload","'70838153003422944","WXR171","","","Billed","","-200.00","PSS RAWANG RSA","","Standalone","","","31 Mar 2018"
"13/03/2018 06:20","Purchase","'70838153003422944","WXR171","","PRIMAX 95","Billed","9.05","20.00","PSS RAWANG RSA","","Standalone","","","31 Mar 2018"
"11/03/2018 16:29","Purchase","'70838153003422944","WXR171","","PRIMAX 95","Billed","45.25","100.00","PSS SG BULOH LAYBY","","Standalone","","","31 Mar 2018"
"09/03/2018 11:44","Purchase","'70838153003422944","WXR171","","PRIMAX 95","Billed","45.25","100.00","PSS BAGAN SERAI","","Standalone","","","31 Mar 2018"
"06/03/2018 12:59","Purchase","'70838153003422944","WXR171","","PRIMAX 95","Billed","36.36","80.00","PSS KESAS ARAH KELANG","","Standalone","","","31 Mar 2018"
"06/03/2018 12:56","Reload","'70838153003422944","WXR171","","","Billed","","-300.00","PSS KESAS ARAH KELANG","","Standalone","","","31 Mar 2018"
"06/03/2018 12:54","Purchase","'70838153003422944","WXR171","","PRIMAX 95","Billed","12.77","28.10","PSS KESAS ARAH KELANG","","Standalone","","","31 Mar 2018"
"03/03/2018 23:08","Purchase","'70838153003422944","WXR171","","PRIMAX 95","Billed","36.36","80.00","PSS KESAS ARAH KELANG","","Standalone","","","31 Mar 2018"
"01/03/2018 17:50","Purchase","'70838153003422944","WXR171","","PRIMAX 95","Billed","45.46","100.00","PSS SUNGAI PERAK (U)","","Standalone","","","31 Mar 2018"