"Date Time","Transaction Type","Card Number","Vehicle Number","Driver Card Number","Product Type","Billing Type","Transaction Volume (Litres)","Transaction Amount (RM)","Station Name","Odometer","Card Type","Cost Centre","Cost Centre Name","Statement Month"
"31/03/2018 09:40","Purchase","'70838153003499751","WXR920","","PRIMAX 95","Billed","18.18","40.00","PSS TAMAN ALAM MEGAH","","Standalone","","","31 Mar 2018"
"31/03/2018 09:39","Reload","'70838153003499751","WXR920","","","Billed","","-40.00","PSS TAMAN ALAM MEGAH","","Standalone","","","31 Mar 2018"
"27/03/2018 23:29","Purchase","'70838153003499751","WXR920","","PRIMAX 95","Billed","9.09","20.00","PSS JALAN REKO2","","Standalone","","","31 Mar 2018"
"27/03/2018 23:27","Reload","'70838153003499751","WXR920","","","Billed","","-20.00","PSS JALAN REKO2","","Standalone","","","31 Mar 2018"
"27/03/2018 17:38","Purchase","'70838153003499751","WXR920","","PRIMAX 95","Billed","13.64","30.00","PSS TAMAN ALAM MEGAH","","Standalone","","","31 Mar 2018"
"27/03/2018 17:37","Reload","'70838153003499751","WXR920","","","Billed","","-30.00","PSS TAMAN ALAM MEGAH","","Standalone","","","31 Mar 2018"
"25/03/2018 17:20","Purchase","'70838153003499751","WXR920","","PRIMAX 95","Billed","9.09","20.00","PSS TTDI","","Standalone","","","31 Mar 2018"
"25/03/2018 17:18","Reload","'70838153003499751","WXR920","","","Billed","","-20.00","PSS TTDI","","Standalone","","","31 Mar 2018"
"25/03/2018 11:31","Purchase","'70838153003499751","WXR920","","PRIMAX 95","Billed","13.64","30.00","PSS LEBUH PUTERI (BDR PUTERI PUCHONG)","","Standalone","","","31 Mar 2018"
"25/03/2018 11:29","Reload","'70838153003499751","WXR920","","","Billed","","-30.00","PSS LEBUH PUTERI (BDR PUTERI PUCHONG)","","Standalone","","","31 Mar 2018"
"24/03/2018 16:38","Purchase","'70838153003499751","WXR920","","PRIMAX 95","Billed","13.64","30.00","PSS KLIA 1","","Standalone","","","31 Mar 2018"
"24/03/2018 16:37","Reload","'70838153003499751","WXR920","","","Billed","","-30.00","PSS KLIA 1","","Standalone","","","31 Mar 2018"
"24/03/2018 12:04","Purchase","'70838153003499751","WXR920","","PRIMAX 95","Billed","13.64","30.00","PSS SEGAMBUT","","Standalone","","","31 Mar 2018"
"24/03/2018 12:03","Reload","'70838153003499751","WXR920","","","Billed","","-30.00","PSS SEGAMBUT","","Standalone","","","31 Mar 2018"
"22/03/2018 05:57","Purchase","'70838153003499751","WXR920","","PRIMAX 95","Billed","13.64","30.00","PSS KESAS ARAH SUBANG","","Standalone","","","31 Mar 2018"
"22/03/2018 05:53","Reload","'70838153003499751","WXR920","","","Billed","","-30.00","PSS KESAS ARAH SUBANG","","Standalone","","","31 Mar 2018"
"21/03/2018 06:14","Purchase","'70838153003499751","WXR920","","PRIMAX 95","Billed","18.35","40.00","PSS BATU 3 SHAH ALAM","","Standalone","","","31 Mar 2018"
"21/03/2018 06:04","Reload","'70838153003499751","WXR920","","","Billed","","-40.00","PSS JALAN 20/1 SEKSYEN 20","","Standalone","","","31 Mar 2018"
"20/03/2018 17:22","Purchase","'70838153003499751","WXR920","","PRIMAX 95","Billed","13.76","30.00","PSS TAMAN ALAM MEGAH","","Standalone","","","31 Mar 2018"
"20/03/2018 17:20","Reload","'70838153003499751","WXR920","","","Billed","","-30.00","PSS TAMAN ALAM MEGAH","","Standalone","","","31 Mar 2018"
"18/03/2018 15:35","Purchase","'70838153003499751","WXR920","","PRIMAX 95","Billed","13.76","30.00","PSS SEK 7 SHAH ALAM","","Standalone","","","31 Mar 2018"
"18/03/2018 15:33","Reload","'70838153003499751","WXR920","","","Billed","","-30.00","PSS SEK 7 SHAH ALAM","","Standalone","","","31 Mar 2018"
"11/03/2018 09:25","Purchase","'70838153003499751","WXR920","","PRIMAX 95","Billed","13.57","30.00","PSS TAMAN ALAM MEGAH","","Standalone","","","31 Mar 2018"
"11/03/2018 09:23","Reload","'70838153003499751","WXR920","","","Billed","","-30.00","PSS TAMAN ALAM MEGAH","","Standalone","","","31 Mar 2018"
"10/03/2018 16:15","Purchase","'70838153003499751","WXR920","","PRIMAX 95","Billed","18.10","40.00","PSS KLIA 1","","Standalone","","","31 Mar 2018"
"10/03/2018 16:14","Reload","'70838153003499751","WXR920","","","Billed","","-40.00","PSS KLIA 1","","Standalone","","","31 Mar 2018"
"09/03/2018 07:07","Purchase","'70838153003499751","WXR920","","PRIMAX 95","Billed","18.10","40.00","PSS TAMAN ALAM MEGAH","","Standalone","","","31 Mar 2018"
"09/03/2018 07:05","Reload","'70838153003499751","WXR920","","","Billed","","-30.00","PSS TAMAN ALAM MEGAH","","Standalone","","","31 Mar 2018"
"05/03/2018 13:03","Purchase","'70838153003499751","WXR920","","PRIMAX 95","Billed","15.00","33.00","PSS NKVE HIGHWAY","","Standalone","","","31 Mar 2018"
"05/03/2018 13:01","Reload","'70838153003499751","WXR920","","","Billed","","-20.00","PSS NKVE HIGHWAY","","Standalone","","","31 Mar 2018"
"04/03/2018 19:57","Purchase","'70838153003499751","WXR920","","PRIMAX 95","Billed","9.09","20.00","PSS WANGSA MAJU SEK 2","","Standalone","","","31 Mar 2018"
"04/03/2018 19:55","Reload","'70838153003499751","WXR920","","","Billed","","-20.00","PSS WANGSA MAJU SEK 2","","Standalone","","","31 Mar 2018"
"02/03/2018 07:20","Purchase","'70838153003499751","WXR920","","PRIMAX 95","Billed","13.64","30.00","PSS HICOM SEK B SEK 27","","Standalone","","","31 Mar 2018"
"02/03/2018 07:19","Reload","'70838153003499751","WXR920","","","Billed","","-30.00","PSS HICOM SEK B SEK 27","","Standalone","","","31 Mar 2018"