"Date Time","Transaction Type","Card Number","Vehicle Number","Driver Card Number","Product Type","Billing Type","Transaction Volume (Litres)","Transaction Amount (RM)","Station Name","Odometer","Card Type","Cost Centre","Cost Centre Name","Statement Month"
"30/03/2018 09:01","Purchase","'70838153003495940","WXR337","","PRIMAX 95","Billed","13.64","30.00","PSS TAMAN DELIMA","","Standalone","","","31 Mar 2018"
"30/03/2018 08:59","Reload","'70838153003495940","WXR337","","","Billed","","-30.00","PSS TAMAN DELIMA","","Standalone","","","31 Mar 2018"
"28/03/2018 15:50","Purchase","'70838153003495940","WXR337","","PRIMAX 95","Billed","13.64","30.00","PSS TAMAN TAMPOI UTAMA","","Standalone","","","31 Mar 2018"
"28/03/2018 15:48","Reload","'70838153003495940","WXR337","","","Billed","","-30.00","PSS TAMAN TAMPOI UTAMA","","Standalone","","","31 Mar 2018"
"26/03/2018 11:04","Purchase","'70838153003495940","WXR337","","PRIMAX 95","Billed","9.09","20.00","PSS JALAN TAR","","Standalone","","","31 Mar 2018"
"26/03/2018 08:43","Reload","'70838153003495940","WXR337","","","Billed","","-20.00","PSS JALAN LANGKASUKA","","Standalone","","","31 Mar 2018"
"25/03/2018 21:16","Purchase","'70838153003495940","WXR337","","PRIMAX 95","Billed","13.64","30.00","PSS TAMAN DELIMA","","Standalone","","","31 Mar 2018"
"25/03/2018 21:15","Reload","'70838153003495940","WXR337","","","Billed","","-30.00","PSS TAMAN DELIMA","","Standalone","","","31 Mar 2018"
"25/03/2018 09:01","Purchase","'70838153003495940","WXR337","","PRIMAX 95","Billed","9.09","20.00","PSS TAMAN DELIMA","","Standalone","","","31 Mar 2018"
"25/03/2018 08:59","Reload","'70838153003495940","WXR337","","","Billed","","-20.00","PSS TAMAN DELIMA","","Standalone","","","31 Mar 2018"
"21/03/2018 07:58","Purchase","'70838153003495940","WXR337","","PRIMAX 95","Billed","9.17","20.00","PSS JALAN TAR","","Standalone","","","31 Mar 2018"
"21/03/2018 07:57","Reload","'70838153003495940","WXR337","","","Billed","","-20.00","PSS JALAN TAR","","Standalone","","","31 Mar 2018"
"18/03/2018 08:43","Purchase","'70838153003495940","WXR337","","PRIMAX 95","Billed","9.17","20.00","PSS TAMAN DELIMA","","Standalone","","","31 Mar 2018"
"18/03/2018 08:42","Reload","'70838153003495940","WXR337","","","Billed","","-20.00","PSS TAMAN DELIMA","","Standalone","","","31 Mar 2018"
"15/03/2018 07:44","Purchase","'70838153003495940","WXR337","","PRIMAX 95","Billed","13.76","30.00","PSS TAMAN DELIMA","","Standalone","","","31 Mar 2018"
"15/03/2018 07:43","Reload","'70838153003495940","WXR337","","","Billed","","-30.00","PSS TAMAN DELIMA","","Standalone","","","31 Mar 2018"
"11/03/2018 15:33","Purchase","'70838153003495940","WXR337","","PRIMAX 95","Billed","13.57","30.00","PSS JALAN DATIN HALIMAH","","Standalone","","","31 Mar 2018"
"11/03/2018 15:31","Reload","'70838153003495940","WXR337","","","Billed","","-30.00","PSS JALAN DATIN HALIMAH","","Standalone","","","31 Mar 2018"
"09/03/2018 08:36","Purchase","'70838153003495940","WXR337","","PRIMAX 95","Billed","9.05","20.00","PSS TAMAN DELIMA","","Standalone","","","31 Mar 2018"
"09/03/2018 08:34","Reload","'70838153003495940","WXR337","","","Billed","","-20.00","PSS TAMAN DELIMA","","Standalone","","","31 Mar 2018"
"06/03/2018 19:11","Purchase","'70838153003495940","WXR337","","PRIMAX 95","Billed","9.09","20.00","PSS JALAN LANGKASUKA","","Standalone","","","31 Mar 2018"
"06/03/2018 19:10","Reload","'70838153003495940","WXR337","","","Billed","","-20.00","PSS JALAN LANGKASUKA","","Standalone","","","31 Mar 2018"