"Date Time","Transaction Type","Card Number","Vehicle Number","Driver Card Number","Product Type","Billing Type","Transaction Volume (Litres)","Transaction Amount (RM)","Station Name","Odometer","Card Type","Cost Centre","Cost Centre Name","Statement Month"
"31/03/2018 16:39","Purchase","'70838153003581210","WXR1094","","PRIMAX 95","Billed","13.64","30.00","PSS DURIAN MAS DUNGUN","","Standalone","","","31 Mar 2018"
"30/03/2018 11:25","Purchase","'70838153003581210","WXR1094","","PRIMAX 95","Billed","17.73","39.01","PSS DURIAN MAS DUNGUN","","Standalone","","","31 Mar 2018"
"27/03/2018 09:53","Reload","'70838153003581210","WXR1094","","","Billed","","-100.00","PSS TELOK KALONG","","Standalone","","","31 Mar 2018"
"25/03/2018 16:13","Purchase","'70838153003581210","WXR1094","","PRIMAX 97","Billed","0.99","2.44","PSS AWANA KIJAL","","Standalone","","","31 Mar 2018"
"22/03/2018 17:14","Purchase","'70838153003581210","WXR1094","","PRIMAX 95","Billed","15.82","34.80","PSS DURIAN MAS DUNGUN","","Standalone","","","31 Mar 2018"
"20/03/2018 17:23","Purchase","'70838153003581210","WXR1094","","PRIMAX 97","Billed","2.95","7.23","PSS AWANA KIJAL","","Standalone","","","31 Mar 2018"
"18/03/2018 17:32","Purchase","'70838153003581210","WXR1094","","PRIMAX 95","Billed","18.72","40.80","PSS DURIAN MAS DUNGUN","","Standalone","","","31 Mar 2018"
"15/03/2018 07:40","Purchase","'70838153003581210","WXR1094","","PRIMAX 97","Billed","2.83","6.93","PSS KERTEH 2","","Standalone","","","31 Mar 2018"
"13/03/2018 07:26","Purchase","'70838153003581210","WXR1094","","PRIMAX 97","Billed","3.16","7.80","PSS AWANA KIJAL","","Standalone","","","31 Mar 2018"
"12/03/2018 18:15","Reload","'70838153003581210","WXR1094","","","Billed","","-100.00","PSS TELOK KALONG","","Standalone","","","31 Mar 2018"