"Date Time","Transaction Type","Card Number","Vehicle Number","Driver Card Number","Product Type","Billing Type","Transaction Volume (Litres)","Transaction Amount (RM)","Station Name","Odometer","Card Type","Cost Centre","Cost Centre Name","Statement Month"
"31/03/2018 15:25","Purchase","'70838153003501218","WXR987","","PRIMAX 95","Un-billed","36.73","80.81","PSS LUBUK CHINA","1111","Standalone","","","Unbilled Transaction"
"27/03/2018 14:47","Purchase","'70838153003501218","WXR987","","PRIMAX 95","Billed","41.26","90.77","PSS PANDAN INDAH","112","Standalone","","","31 Mar 2018"
"27/03/2018 14:45","Reload","'70838153003501218","WXR987","","","Billed","","-300.00","PSS PANDAN INDAH","","Standalone","","","31 Mar 2018"
"20/03/2018 09:52","Purchase","'70838153003501218","WXR987","","PRIMAX 95","Billed","37.97","82.78","PSS KM5.75 PENCHALA LINK","11","Standalone","","","31 Mar 2018"
"19/03/2018 19:09","Purchase","'70838153003501218","WXR987","","PRIMAX 95","Billed","30.44","70.00","PSS PANDAN INDAH","","Standalone","","","31 Mar 2018"
"14/03/2018 09:34","Purchase","'70838153003501218","WXR987","","PRIMAX 95","Billed","49.78","110.00","PSS KM5.75 PENCHALA LINK","118","Standalone","","","31 Mar 2018"
"11/03/2018 13:30","Purchase","'70838153003501218","WXR987","","PRIMAX 95","Billed","41.63","92.00","PSS LUBUK CHINA","1111","Standalone","","","31 Mar 2018"
"11/03/2018 13:28","Reload","'70838153003501218","WXR987","","","Billed","","-200.00","PSS LUBUK CHINA","","Standalone","","","31 Mar 2018"
"06/03/2018 09:06","Purchase","'70838153003501218","WXR987","","PRIMAX 95","Billed","50.23","110.50","PSS PANDAN INDAH","116","Standalone","","","31 Mar 2018"
"02/03/2018 16:14","Purchase","'70838153003501218","WXR987","","PRIMAX 95","Billed","34.86","76.68","PSS PANDAN INDAH","11740","Standalone","","","31 Mar 2018"