"Date Time","Transaction Type","Card Number","Vehicle Number","Driver Card Number","Product Type","Billing Type","Transaction Volume (Litres)","Transaction Amount (RM)","Station Name","Odometer","Card Type","Cost Centre","Cost Centre Name","Statement Month"
"29/03/2018 07:39","Purchase","'70838153003423462","WXR258","","PRIMAX 95","Billed","9.09","20.00","PSS MUTIARA DAMANSARA","","Standalone","","","31 Mar 2018"
"29/03/2018 07:38","Reload","'70838153003423462","WXR258","","","Billed","","-20.00","PSS MUTIARA DAMANSARA","","Standalone","","","31 Mar 2018"
"28/03/2018 07:50","Purchase","'70838153003423462","WXR258","","PRIMAX 95","Billed","9.09","20.00","PSS MUTIARA DAMANSARA","","Standalone","","","31 Mar 2018"
"28/03/2018 07:48","Reload","'70838153003423462","WXR258","","","Billed","","-20.00","PSS MUTIARA DAMANSARA","","Standalone","","","31 Mar 2018"
"26/03/2018 23:57","Purchase","'70838153003423462","WXR258","","PRIMAX 95","Billed","9.09","20.00","PSS KOTA DAMANSARA 2","","Standalone","","","31 Mar 2018"
"26/03/2018 23:55","Reload","'70838153003423462","WXR258","","","Billed","","-20.00","PSS KOTA DAMANSARA 2","","Standalone","","","31 Mar 2018"
"23/03/2018 09:16","Purchase","'70838153003423462","WXR258","","PRIMAX 95","Billed","9.09","20.00","PSS KM5.75 PENCHALA LINK","","Standalone","","","31 Mar 2018"
"23/03/2018 09:15","Reload","'70838153003423462","WXR258","","","Billed","","-20.00","PSS KM5.75 PENCHALA LINK","","Standalone","","","31 Mar 2018"
"22/03/2018 09:59","Purchase","'70838153003423462","WXR258","","PRIMAX 95","Billed","6.82","15.00","PSS MUTIARA DAMANSARA","","Standalone","","","31 Mar 2018"
"22/03/2018 09:58","Reload","'70838153003423462","WXR258","","","Billed","","-15.00","PSS MUTIARA DAMANSARA","","Standalone","","","31 Mar 2018"
"21/03/2018 08:53","Purchase","'70838153003423462","WXR258","","PRIMAX 95","Billed","4.59","10.00","PSS KM5.75 PENCHALA LINK","","Standalone","","","31 Mar 2018"
"21/03/2018 08:52","Reload","'70838153003423462","WXR258","","","Billed","","-10.00","PSS KM5.75 PENCHALA LINK","","Standalone","","","31 Mar 2018"
"18/03/2018 21:03","Purchase","'70838153003423462","WXR258","","PRIMAX 95","Billed","9.22","20.09","PSS LEBUHRAYA SPRINT","","Standalone","","","31 Mar 2018"
"18/03/2018 21:02","Reload","'70838153003423462","WXR258","","","Billed","","-20.00","PSS LEBUHRAYA SPRINT","","Standalone","","","31 Mar 2018"
"17/03/2018 09:02","Purchase","'70838153003423462","WXR258","","PRIMAX 95","Billed","10.09","22.00","PSS PUCHONG BT 14","","Standalone","","","31 Mar 2018"
"17/03/2018 09:00","Reload","'70838153003423462","WXR258","","","Billed","","-20.00","PSS PUCHONG BT 14","","Standalone","","","31 Mar 2018"
"16/03/2018 09:34","Purchase","'70838153003423462","WXR258","","PRIMAX 95","Billed","10.09","22.00","PSS LEBUHRAYA SPRINT","","Standalone","","","31 Mar 2018"
"16/03/2018 09:32","Reload","'70838153003423462","WXR258","","","Billed","","-20.00","PSS LEBUHRAYA SPRINT","","Standalone","","","31 Mar 2018"
"15/03/2018 20:36","Purchase","'70838153003423462","WXR258","","PRIMAX 95","Billed","5.05","11.00","PSS BUKIT BANDAR RAYA","","Standalone","","","31 Mar 2018"
"15/03/2018 20:35","Reload","'70838153003423462","WXR258","","","Billed","","-10.00","PSS BUKIT BANDAR RAYA","","Standalone","","","31 Mar 2018"
"14/03/2018 19:26","Purchase","'70838153003423462","WXR258","","PRIMAX 95","Billed","9.96","22.00","PSS MUTIARA DAMANSARA","","Standalone","","","31 Mar 2018"
"14/03/2018 19:24","Reload","'70838153003423462","WXR258","","","Billed","","-20.00","PSS MUTIARA DAMANSARA","","Standalone","","","31 Mar 2018"
"14/03/2018 08:47","Purchase","'70838153003423462","WXR258","","PRIMAX 95","Billed","9.95","22.00","PSS KOTA DAMANSARA 2","","Standalone","","","31 Mar 2018"
"14/03/2018 08:46","Reload","'70838153003423462","WXR258","","","Billed","","-10.00","PSS KOTA DAMANSARA 2","","Standalone","","","31 Mar 2018"
"13/03/2018 07:40","Purchase","'70838153003423462","WXR258","","PRIMAX 95","Billed","9.96","22.00","PSS MUTIARA DAMANSARA","","Standalone","","","31 Mar 2018"
"13/03/2018 07:37","Reload","'70838153003423462","WXR258","","","Billed","","-20.00","PSS MUTIARA DAMANSARA","","Standalone","","","31 Mar 2018"
"12/03/2018 09:27","Purchase","'70838153003423462","WXR258","","PRIMAX 95","Billed","9.95","22.00","PSS KOTA DAMANSARA 2","","Standalone","","","31 Mar 2018"
"12/03/2018 09:26","Reload","'70838153003423462","WXR258","","","Billed","","-20.00","PSS KOTA DAMANSARA 2","","Standalone","","","31 Mar 2018"
"10/03/2018 08:12","Purchase","'70838153003423462","WXR258","","PRIMAX 95","Billed","9.96","22.00","PSS MUTIARA DAMANSARA","","Standalone","","","31 Mar 2018"
"10/03/2018 08:07","Reload","'70838153003423462","WXR258","","","Billed","","-20.00","PSS MUTIARA DAMANSARA","","Standalone","","","31 Mar 2018"
"08/03/2018 19:54","Purchase","'70838153003423462","WXR258","","PRIMAX 95","Billed","9.96","22.00","PSS MUTIARA DAMANSARA","","Standalone","","","31 Mar 2018"
"08/03/2018 19:52","Reload","'70838153003423462","WXR258","","","Billed","","-25.00","PSS MUTIARA DAMANSARA","","Standalone","","","31 Mar 2018"
"07/03/2018 17:53","Purchase","'70838153003423462","WXR258","","PRIMAX 95","Billed","10.00","22.00","PSS MUTIARA DAMANSARA","","Standalone","","","31 Mar 2018"
"07/03/2018 17:51","Reload","'70838153003423462","WXR258","","","Billed","","-10.00","PSS MUTIARA DAMANSARA","","Standalone","","","31 Mar 2018"
"07/03/2018 07:12","Purchase","'70838153003423462","WXR258","","PRIMAX 95","Billed","10.00","22.00","PSS KOTA DAMANSARA 2","","Standalone","","","31 Mar 2018"
"07/03/2018 07:11","Reload","'70838153003423462","WXR258","","","Billed","","-20.00","PSS KOTA DAMANSARA 2","","Standalone","","","31 Mar 2018"
"06/03/2018 07:12","Purchase","'70838153003423462","WXR258","","PRIMAX 95","Billed","10.00","22.00","PSS KOTA DAMANSARA 2","","Standalone","","","31 Mar 2018"
"06/03/2018 07:07","Reload","'70838153003423462","WXR258","","","Billed","","-25.00","PSS KOTA DAMANSARA 2","","Standalone","","","31 Mar 2018"
"05/03/2018 07:33","Purchase","'70838153003423462","WXR258","","PRIMAX 95","Billed","10.00","22.00","PSS MUTIARA DAMANSARA","","Standalone","","","31 Mar 2018"
"05/03/2018 07:32","Reload","'70838153003423462","WXR258","","","Billed","","-25.00","PSS MUTIARA DAMANSARA","","Standalone","","","31 Mar 2018"
"03/03/2018 20:05","Purchase","'70838153003423462","WXR258","","PRIMAX 95","Billed","10.00","22.00","PSS KOTA DAMANSARA","","Standalone","","","31 Mar 2018"
"03/03/2018 20:04","Reload","'70838153003423462","WXR258","","","Billed","","-20.00","PSS KOTA DAMANSARA","","Standalone","","","31 Mar 2018"
"02/03/2018 16:12","Purchase","'70838153003423462","WXR258","","PRIMAX 95","Billed","10.00","22.00","PSS LEBUHRAYA SPRINT","","Standalone","","","31 Mar 2018"
"02/03/2018 16:11","Reload","'70838153003423462","WXR258","","","Billed","","-25.00","PSS LEBUHRAYA SPRINT","","Standalone","","","31 Mar 2018"
"02/03/2018 07:43","Purchase","'70838153003423462","WXR258","","PRIMAX 95","Billed","10.00","22.00","PSS MUTIARA DAMANSARA","","Standalone","","","31 Mar 2018"
"02/03/2018 07:40","Reload","'70838153003423462","WXR258","","","Billed","","-25.00","PSS MUTIARA DAMANSARA","","Standalone","","","31 Mar 2018"
"01/03/2018 18:01","Purchase","'70838153003423462","WXR258","","PRIMAX 95","Billed","10.00","22.00","PSS KOTA DAMANSARA 2","","Standalone","","","31 Mar 2018"
"01/03/2018 17:59","Reload","'70838153003423462","WXR258","","","Billed","","-25.00","PSS KOTA DAMANSARA 2","","Standalone","","","31 Mar 2018"
"01/03/2018 07:40","Purchase","'70838153003423462","WXR258","","PRIMAX 95","Billed","10.00","22.00","PSS MUTIARA DAMANSARA","","Standalone","","","31 Mar 2018"
"01/03/2018 07:38","Reload","'70838153003423462","WXR258","","","Billed","","-25.00","PSS MUTIARA DAMANSARA","","Standalone","","","31 Mar 2018"