"Date Time","Transaction Type","Card Number","Vehicle Number","Driver Card Number","Product Type","Billing Type","Transaction Volume (Litres)","Transaction Amount (RM)","Station Name","Odometer","Card Type","Cost Centre","Cost Centre Name","Statement Month"
"30/03/2018 09:35","Purchase","'70838153003500467","WXR951","","PRIMAX 95","Billed","22.73","50.00","PSS TAMAN SETIA INDAH","193","Standalone","","","31 Mar 2018"
"28/03/2018 17:18","Reload","'70838153003500467","WXR951","","","Billed","","-200.00","PSS MACHAP ARAH SELATAN","","Standalone","","","31 Mar 2018"
"28/03/2018 17:17","Purchase","'70838153003500467","WXR951","","PRIMAX 95","Billed","5.40","11.89","PSS MACHAP ARAH SELATAN","192","Standalone","","","31 Mar 2018"
"28/03/2018 08:45","Purchase","'70838153003500467","WXR951","","PRIMAX 95","Billed","21.37","47.00","PSS REMBIA","192","Standalone","","","31 Mar 2018"
"27/03/2018 16:23","Purchase","'70838153003500467","WXR951","","PRIMAX 95","Billed","14.13","31.08","PSS SKUDAI RSA","191","Standalone","","","31 Mar 2018"
"27/03/2018 02:40","Purchase","'70838153003500467","WXR951","","PRIMAX 95","Billed","13.64","30.00","PSS MACHAP ARAH SELATAN","190","Standalone","","","31 Mar 2018"
"26/03/2018 16:52","Purchase","'70838153003500467","WXR951","","PRIMAX 95","Billed","22.73","50.00","PSS REMBIA","190","Standalone","","","31 Mar 2018"
"23/03/2018 01:23","Purchase","'70838153003500467","WXR951","","PRIMAX 95","Billed","18.18","40.00","PSS SKUDAI RSA","188","Standalone","","","31 Mar 2018"
"18/03/2018 18:39","Purchase","'70838153003500467","WXR951","","PRIMAX 95","Billed","9.17","20.00","PSS TAMAN SETIA INDAH","186","Standalone","","","31 Mar 2018"
"18/03/2018 04:06","Purchase","'70838153003500467","WXR951","","PRIMAX 95","Billed","22.94","50.00","PSS MACHAP ARAH SELATAN","186","Standalone","","","31 Mar 2018"
"17/03/2018 15:39","Purchase","'70838153003500467","WXR951","","PRIMAX 95","Billed","18.35","40.00","PSS RAWAT & REHAT(S) KL- SEREMBAN","185","Standalone","","","31 Mar 2018"
"16/03/2018 15:56","Purchase","'70838153003500467","WXR951","","PRIMAX 95","Billed","13.76","30.00","PSS SPA KRUBONG","184","Standalone","","","31 Mar 2018"
"15/03/2018 07:36","Purchase","'70838153003500467","WXR951","","PRIMAX 95","Billed","22.94","50.00","PSS SPA KRUBONG","183","Standalone","","","31 Mar 2018"
"15/03/2018 03:45","Reload","'70838153003500467","WXR951","","","Billed","","-200.00","PSS SKUDAI RSA","","Standalone","","","31 Mar 2018"
"15/03/2018 03:42","Purchase","'70838153003500467","WXR951","","PRIMAX 95","Billed","20.66","45.03","PSS SKUDAI RSA","182","Standalone","","","31 Mar 2018"
"11/03/2018 06:58","Purchase","'70838153003500467","WXR951","","PRIMAX 95","Billed","13.57","30.00","PSS MACHAP ARAH SELATAN","181","Standalone","","","31 Mar 2018"
"10/03/2018 09:54","Reload","'70838153003500467","WXR951","","","Billed","","-200.00","PSS SPA KRUBONG","","Standalone","","","31 Mar 2018"
"10/03/2018 09:52","Purchase","'70838153003500467","WXR951","","PRIMAX 95","Billed","18.10","40.00","PSS SPA KRUBONG","181","Standalone","","","31 Mar 2018"
"09/03/2018 21:51","Purchase","'70838153003500467","WXR951","","PRIMAX 95","Billed","22.63","50.00","PSS BALAI PANJANG","180","Standalone","","","31 Mar 2018"
"08/03/2018 19:57","Purchase","'70838153003500467","WXR951","","PRIMAX 95","Billed","15.84","35.00","PSS TAMAN SETIA INDAH","180","Standalone","","","31 Mar 2018"
"08/03/2018 19:56","Reload","'70838153003500467","WXR951","","","Billed","","-200.00","PSS TAMAN SETIA INDAH","","Standalone","","","31 Mar 2018"
"08/03/2018 19:54","Purchase","'70838153003500467","WXR951","","PRIMAX 95","Billed","6.79","15.00","PSS TAMAN SETIA INDAH","179","Standalone","","","31 Mar 2018"
"05/03/2018 02:49","Purchase","'70838153003500467","WXR951","","PRIMAX 95","Billed","13.64","30.00","PSS MACHAP ARAH SELATAN","179","Standalone","","","31 Mar 2018"
"05/03/2018 01:35","Purchase","'70838153003500467","WXR951","","PRIMAX 95","Billed","22.73","50.00","PSS AYER KEROH 3","178","Standalone","","","31 Mar 2018"
"03/03/2018 19:55","Purchase","'70838153003500467","WXR951","","PRIMAX 95","Billed","13.64","30.00","PSS KLEMAK ALOR GAJAH","177","Standalone","","","31 Mar 2018"
"02/03/2018 07:19","Purchase","'70838153003500467","WXR951","","PRIMAX 95","Billed","18.18","40.00","PSS SPA KRUBONG","177","Standalone","","","31 Mar 2018"
"02/03/2018 05:39","Purchase","'70838153003500467","WXR951","","PRIMAX 95","Billed","20.46","45.00","PSS SKUDAI RSA","176","Standalone","","","31 Mar 2018"
"02/03/2018 05:38","Reload","'70838153003500467","WXR951","","","Billed","","-200.00","PSS SKUDAI RSA","","Standalone","","","31 Mar 2018"
"02/03/2018 05:32","Purchase","'70838153003500467","WXR951","","PRIMAX 95","Billed","5.94","13.06","PSS SKUDAI RSA","176","Standalone","","","31 Mar 2018"