"Date Time","Transaction Type","Card Number","Vehicle Number","Driver Card Number","Product Type","Billing Type","Transaction Volume (Litres)","Transaction Amount (RM)","Station Name","Odometer","Card Type","Cost Centre","Cost Centre Name","Statement Month"
"29/03/2018 21:38","Purchase","'70838153003497771","WXR601","","Diesel","Billed","22.94","50.00","PSS TAMAN RAKAN","","Standalone","","","31 Mar 2018"
"29/03/2018 21:36","Reload","'70838153003497771","WXR601","","","Billed","","-50.00","PSS TAMAN RAKAN","","Standalone","","","31 Mar 2018"
"28/03/2018 09:23","Purchase","'70838153003497771","WXR601","","Diesel","Billed","22.94","50.00","PSS KLIA 1","","Standalone","","","31 Mar 2018"
"28/03/2018 09:22","Reload","'70838153003497771","WXR601","","","Billed","","-50.00","PSS KLIA 1","","Standalone","","","31 Mar 2018"
"27/03/2018 11:44","Purchase","'70838153003497771","WXR601","","Diesel","Billed","22.94","50.00","PSS GRAND SAGA 3","","Standalone","","","31 Mar 2018"
"27/03/2018 11:43","Reload","'70838153003497771","WXR601","","","Billed","","-50.00","PSS GRAND SAGA 3","","Standalone","","","31 Mar 2018"
"24/03/2018 15:12","Purchase","'70838153003497771","WXR601","","Diesel","Billed","22.94","50.00","PSS KLIA 2","","Standalone","","","31 Mar 2018"
"24/03/2018 15:10","Reload","'70838153003497771","WXR601","","","Billed","","-50.00","PSS KLIA 2","","Standalone","","","31 Mar 2018"
"17/03/2018 09:39","Purchase","'70838153003497771","WXR601","","Diesel","Billed","23.15","50.00","PSS BANDAR MAHKOTA CHERAS","","Standalone","","","31 Mar 2018"
"17/03/2018 09:37","Reload","'70838153003497771","WXR601","","","Billed","","-50.00","PSS BANDAR MAHKOTA CHERAS","","Standalone","","","31 Mar 2018"
"15/03/2018 07:02","Purchase","'70838153003497771","WXR601","","Diesel","Billed","23.15","50.00","PSS JALAN RHU AMPANG","","Standalone","","","31 Mar 2018"
"15/03/2018 07:01","Reload","'70838153003497771","WXR601","","","Billed","","-50.00","PSS JALAN RHU AMPANG","","Standalone","","","31 Mar 2018"
"13/03/2018 15:26","Purchase","'70838153003497771","WXR601","","Diesel","Billed","23.04","50.00","PSS JALAN RHU AMPANG","","Standalone","","","31 Mar 2018"
"13/03/2018 15:25","Reload","'70838153003497771","WXR601","","","Billed","","-50.00","PSS JALAN RHU AMPANG","","Standalone","","","31 Mar 2018"
"11/03/2018 17:03","Purchase","'70838153003497771","WXR601","","Diesel","Billed","23.04","50.00","PSS BANDAR MAHKOTA CHERAS","","Standalone","","","31 Mar 2018"
"11/03/2018 17:02","Reload","'70838153003497771","WXR601","","","Billed","","-50.00","PSS BANDAR MAHKOTA CHERAS","","Standalone","","","31 Mar 2018"
"11/03/2018 11:35","Purchase","'70838153003497771","WXR601","","Diesel","Billed","23.04","50.00","PSS TAMAN RAKAN","","Standalone","","","31 Mar 2018"
"11/03/2018 11:34","Reload","'70838153003497771","WXR601","","","Billed","","-50.00","PSS TAMAN RAKAN","","Standalone","","","31 Mar 2018"
"10/03/2018 08:56","Purchase","'70838153003497771","WXR601","","Diesel","Billed","22.96","49.83","PSS TAMAN SETIAWANGSA","","Standalone","","","31 Mar 2018"
"10/03/2018 08:55","Reload","'70838153003497771","WXR601","","","Billed","","-50.00","PSS TAMAN SETIAWANGSA","","Standalone","","","31 Mar 2018"
"07/03/2018 22:19","Purchase","'70838153003497771","WXR601","","Diesel","Billed","22.94","50.00","PSS TAMAN RAKAN","","Standalone","","","31 Mar 2018"
"07/03/2018 22:17","Reload","'70838153003497771","WXR601","","","Billed","","-50.00","PSS TAMAN RAKAN","","Standalone","","","31 Mar 2018"
"06/03/2018 06:14","Purchase","'70838153003497771","WXR601","","Diesel","Billed","22.94","50.00","PSS BATU 5 1/2 JALAN CHERAS","","Standalone","","","31 Mar 2018"
"03/03/2018 15:57","Purchase","'70838153003497771","WXR601","","Diesel (EURO 5)","Billed","21.93","50.00","PSS GRAND SAGA 2","8","Standalone","","","31 Mar 2018"
"03/03/2018 15:52","Reload","'70838153003497771","WXR601","","","Billed","","-100.00","PSS GRAND SAGA 2","","Standalone","","","31 Mar 2018"
"02/03/2018 15:24","Purchase","'70838153003497771","WXR601","","Diesel","Billed","22.94","50.00","PSS KLIA 1","","Standalone","","","31 Mar 2018"
"02/03/2018 15:24","Purchase","'70838153003497771","WXR601","","Diesel","Un-billed","22.94","50.00","PSS KLIA 1","","Standalone","","","Unbilled Transaction"
"02/03/2018 15:22","Reload","'70838153003497771","WXR601","","","Billed","","-100.00","PSS KLIA 1","","Standalone","","","31 Mar 2018"
"01/03/2018 22:39","Purchase","'70838153003497771","WXR601","","Diesel (EURO 5)","Billed","21.93","50.00","PSS GRAND SAGA 2","","Standalone","","","31 Mar 2018"
"01/03/2018 22:38","Reload","'70838153003497771","WXR601","","","Billed","","-50.00","PSS GRAND SAGA 2","","Standalone","","","31 Mar 2018"