"Date Time","Transaction Type","Card Number","Vehicle Number","Driver Card Number","Product Type","Billing Type","Transaction Volume (Litres)","Transaction Amount (RM)","Station Name","Odometer","Card Type","Cost Centre","Cost Centre Name","Statement Month"
"31/03/2018 14:22","Purchase","'70838153003502125","WXR750","","PRIMAX 95","Billed","31.82","70.00","PSS JALAN MASAI LAMA","539839","Standalone","","","31 Mar 2018"
"31/03/2018 14:20","Reload","'70838153003502125","WXR750","","","Billed","","-150.00","PSS JALAN MASAI LAMA","","Standalone","","","31 Mar 2018"
"31/03/2018 14:19","Reload","'70838153003502125","WXR750","","","Billed","","-150.00","PSS JALAN MASAI LAMA","","Standalone","","","31 Mar 2018"
"29/03/2018 01:26","Purchase","'70838153003502125","WXR750","","PRIMAX 95","Billed","36.36","79.99","PSS RAWANG RSA","538701","Standalone","","","31 Mar 2018"
"28/03/2018 17:55","Purchase","'70838153003502125","WXR750","","PRIMAX 95","Billed","22.73","50.00","PSS LEBUHRAYA PASIR GUDANG 1","538321","Standalone","","","31 Mar 2018"
"28/03/2018 17:52","Reload","'70838153003502125","WXR750","","","Billed","","-100.00","PSS LEBUHRAYA PASIR GUDANG 1","","Standalone","","","31 Mar 2018"
"27/03/2018 17:04","Purchase","'70838153003502125","WXR750","","PRIMAX 95","Billed","40.91","90.00","PSS LEBUHRAYA PASIR GUDANG 1","538114","Standalone","","","31 Mar 2018"
"27/03/2018 17:01","Reload","'70838153003502125","WXR750","","","Billed","","-100.00","PSS LEBUHRAYA PASIR GUDANG 1","","Standalone","","","31 Mar 2018"
"17/03/2018 08:34","Purchase","'70838153003502125","WXR750","","PRIMAX 95","Billed","36.70","80.01","PSS JLN PERUSAHAAN","532795","Standalone","","","31 Mar 2018"
"17/03/2018 08:32","Reload","'70838153003502125","WXR750","","","Billed","","-100.00","PSS JLN PERUSAHAAN","","Standalone","","","31 Mar 2018"
"17/03/2018 01:38","Purchase","'70838153003502125","WXR750","","PRIMAX 95","Billed","32.11","70.00","PSS NKVE HIGHWAY","532404","Standalone","","","31 Mar 2018"
"16/03/2018 16:09","Purchase","'70838153003502125","WXR750","","PRIMAX 95","Billed","36.70","80.00","PSS LEBUHRAYA PASIR GUDANG 1","531986","Standalone","","","31 Mar 2018"
"16/03/2018 16:07","Reload","'70838153003502125","WXR750","","","Billed","","-150.00","PSS LEBUHRAYA PASIR GUDANG 1","","Standalone","","","31 Mar 2018"
"11/03/2018 06:42","Purchase","'70838153003502125","WXR750","","PRIMAX 95","Billed","31.67","70.00","PSS JALAN MESJID NEGERI","530064","Standalone","","","31 Mar 2018"
"10/03/2018 23:14","Purchase","'70838153003502125","WXR750","","PRIMAX 95","Billed","31.67","70.00","PSS ELITE HIGHWAY","529655","Standalone","","","31 Mar 2018"
"10/03/2018 13:55","Purchase","'70838153003502125","WXR750","","PRIMAX 95","Billed","36.20","80.00","PSS LEBUHRAYA PASIR GUDANG 1","529267","Standalone","","","31 Mar 2018"
"10/03/2018 13:53","Reload","'70838153003502125","WXR750","","","Billed","","-200.00","PSS LEBUHRAYA PASIR GUDANG 1","","Standalone","","","31 Mar 2018"
"09/03/2018 02:03","Purchase","'70838153003502125","WXR750","","PRIMAX 95","Billed","45.25","100.00","PSS NKVE HIGHWAY","528415","Standalone","","","31 Mar 2018"
"09/03/2018 01:59","Reload","'70838153003502125","WXR750","","","Billed","","-100.00","PSS NKVE HIGHWAY","","Standalone","","","31 Mar 2018"
"07/03/2018 11:23","Purchase","'70838153003502125","WXR750","","PRIMAX 95","Billed","41.11","90.45","PSS JALAN MASAI LAMA","527940","Standalone","","","31 Mar 2018"
"07/03/2018 11:20","Reload","'70838153003502125","WXR750","","","Billed","","-70.00","PSS JALAN MASAI LAMA","","Standalone","","","31 Mar 2018"
"06/03/2018 00:31","Purchase","'70838153003502125","WXR750","","PRIMAX 95","Billed","36.37","80.01","PSS NKVE HIGHWAY","526803","Standalone","","","31 Mar 2018"
"06/03/2018 00:29","Reload","'70838153003502125","WXR750","","","Billed","","-50.00","PSS NKVE HIGHWAY","","Standalone","","","31 Mar 2018"
"05/03/2018 17:51","Purchase","'70838153003502125","WXR750","","PRIMAX 95","Billed","25.00","55.01","PSS LEBUHRAYA PASIR GUDANG 1","526386","Standalone","","","31 Mar 2018"
"05/03/2018 17:47","Reload","'70838153003502125","WXR750","","","Billed","","-100.00","PSS LEBUHRAYA PASIR GUDANG 1","","Standalone","","","31 Mar 2018"
"02/03/2018 14:21","Purchase","'70838153003502125","WXR750","","PRIMAX 95","Billed","15.45","34.00","PSS LEBUHRAYA PASIR GUDANG 1","525030","Standalone","","","31 Mar 2018"