"Date Time","Transaction Type","Card Number","Vehicle Number","Driver Card Number","Product Type","Billing Type","Transaction Volume (Litres)","Transaction Amount (RM)","Station Name","Odometer","Card Type","Cost Centre","Cost Centre Name","Statement Month"
"31/03/2018 21:39","Purchase","'70838153003500269","WXR929","","PRIMAX 95","Un-billed","16.19","35.61","PSS KOTA DAMANSARA 2","","Standalone","","","Unbilled Transaction"
"31/03/2018 21:37","Reload","'70838153003500269","WXR929","","","Un-billed","","-25.00","PSS KOTA DAMANSARA 2","","Standalone","","","Unbilled Transaction"
"17/03/2018 16:14","Purchase","'70838153003500269","WXR929","","PRIMAX 95","Billed","24.01","52.34","PSS KOTA DAMANSARA 2","","Standalone","","","31 Mar 2018"
"12/03/2018 21:08","Purchase","'70838153003500269","WXR929","","PRIMAX 95","Billed","23.05","50.94","PSS KOTA DAMANSARA 2","","Standalone","","","31 Mar 2018"
"12/03/2018 21:05","Reload","'70838153003500269","WXR929","","","Billed","","-100.00","PSS KOTA DAMANSARA 2","","Standalone","","","31 Mar 2018"
"09/03/2018 22:17","Purchase","'70838153003500269","WXR929","","PRIMAX 97","Billed","22.01","54.36","PSS KOTA DAMANSARA 2","","Standalone","","","31 Mar 2018"
"09/03/2018 22:16","Reload","'70838153003500269","WXR929","","","Billed","","-50.00","PSS KOTA DAMANSARA 2","","Standalone","","","31 Mar 2018"
"06/03/2018 11:27","Purchase","'70838153003500269","WXR929","","PRIMAX 95","Billed","22.73","50.01","PSS TEMASYA FEDERAL HIGHWAY","","Standalone","","","31 Mar 2018"
"06/03/2018 11:26","Reload","'70838153003500269","WXR929","","","Billed","","-50.00","PSS TEMASYA FEDERAL HIGHWAY","","Standalone","","","31 Mar 2018"
"03/03/2018 21:53","Purchase","'70838153003500269","WXR929","","PRIMAX 95","Billed","24.01","52.82","PSS FAS","","Standalone","","","31 Mar 2018"
"01/03/2018 20:54","Purchase","'70838153003500269","WXR929","","PRIMAX 95","Billed","26.02","57.24","PSS KOTA DAMANSARA","","Standalone","","","31 Mar 2018"
"01/03/2018 20:52","Reload","'70838153003500269","WXR929","","","Billed","","-100.00","PSS KOTA DAMANSARA","","Standalone","","","31 Mar 2018"