"Date Time","Transaction Type","Card Number","Vehicle Number","Driver Card Number","Product Type","Billing Type","Transaction Volume (Litres)","Transaction Amount (RM)","Station Name","Odometer","Card Type","Cost Centre","Cost Centre Name","Statement Month"
"28/03/2018 20:35","Purchase","'70838153003423363","WXR8","","PRIMAX 95","Billed","24.05","52.90","PSS KLIA 3","","Standalone","","","31 Mar 2018"
"21/03/2018 19:04","Purchase","'70838153003423363","WXR8","","PRIMAX 95","Billed","29.82","65.00","PSS KLIA 3","","Standalone","","","31 Mar 2018"
"15/03/2018 19:25","Purchase","'70838153003423363","WXR8","","PRIMAX 95","Billed","27.53","60.00","PSS KLIA 3","","Standalone","","","31 Mar 2018"
"14/03/2018 20:54","Purchase","'70838153003423363","WXR8","","PRIMAX 95","Billed","4.53","10.00","PSS KLIA 3","","Standalone","","","31 Mar 2018"
"02/03/2018 18:02","Purchase","'70838153003423363","WXR8","","PRIMAX 95","Billed","18.18","40.00","PSS KLIA 3","","Standalone","","","31 Mar 2018"