"Date Time","Transaction Type","Card Number","Vehicle Number","Driver Card Number","Product Type","Billing Type","Transaction Volume (Litres)","Transaction Amount (RM)","Station Name","Odometer","Card Type","Cost Centre","Cost Centre Name","Statement Month"
"28/03/2018 18:51","Purchase","'70838153003425301","WXR75","","PRIMAX 95","Billed","13.64","30.00","PSS TAMAN PUTRA","1920","Standalone","","","31 Mar 2018"
"28/03/2018 18:50","Reload","'70838153003425301","WXR75","","","Billed","","-250.00","PSS TAMAN PUTRA","","Standalone","","","31 Mar 2018"
"25/03/2018 16:47","Purchase","'70838153003425301","WXR75","","PRIMAX 95","Billed","13.64","30.00","PSS JALAN KUARI","1915","Standalone","","","31 Mar 2018"
"23/03/2018 08:21","Purchase","'70838153003425301","WXR75","","PRIMAX 95","Billed","13.64","30.00","PSS JALAN KUARI","1910","Standalone","","","31 Mar 2018"
"19/03/2018 16:28","Purchase","'70838153003425301","WXR75","","PRIMAX 95","Billed","13.76","30.00","PSS JALAN RHU AMPANG","1905","Standalone","","","31 Mar 2018"
"16/03/2018 12:17","Purchase","'70838153003425301","WXR75","","PRIMAX 95","Billed","9.17","20.00","PSS BANDAR SRI PERMAISURI","1900","Standalone","","","31 Mar 2018"
"14/03/2018 17:35","Purchase","'70838153003425301","WXR75","","PRIMAX 95","Billed","9.05","20.00","PSS JALAN KUARI","1880","Standalone","","","31 Mar 2018"
"11/03/2018 18:38","Purchase","'70838153003425301","WXR75","","PRIMAX 95","Billed","13.57","30.00","PSS JALAN KUARI","1880","Standalone","","","31 Mar 2018"
"08/03/2018 18:23","Purchase","'70838153003425301","WXR75","","PRIMAX 95","Billed","9.05","20.00","PSS JALAN KUARI","1850","Standalone","","","31 Mar 2018"
"04/03/2018 07:31","Purchase","'70838153003425301","WXR75","","PRIMAX 95","Billed","13.64","30.00","PSS JALAN KUARI","1815","Standalone","","","31 Mar 2018"