"Date Time","Transaction Type","Card Number","Vehicle Number","Driver Card Number","Product Type","Billing Type","Transaction Volume (Litres)","Transaction Amount (RM)","Station Name","Odometer","Card Type","Cost Centre","Cost Centre Name","Statement Month"
"31/03/2018 10:55","Purchase","'70838153003422878","WXR80","","PRIMAX 95","Billed","31.80","69.95","PSS CHANGKAT JONG","","Standalone","","","31 Mar 2018"
"26/03/2018 17:22","Purchase","'70838153003422878","WXR80","","PRIMAX 97","Billed","40.81","100.80","PSS KM 305 PLUS ARAH SELATAN","","Standalone","","","31 Mar 2018"
"18/03/2018 08:27","Purchase","'70838153003422878","WXR80","","PRIMAX 95","Billed","32.11","70.00","PSS UNIKEB BANGI","","Standalone","","","31 Mar 2018"
"18/03/2018 08:15","Reload","'70838153003422878","WXR80","","","Billed","","-250.00","PSS UNIKEB BANGI","","Standalone","","","31 Mar 2018"
"17/03/2018 09:09","Purchase","'70838153003422878","WXR80","","PRIMAX 97","Billed","24.49","60.00","PSS SEKSYEN 7 BANGI","","Standalone","","","31 Mar 2018"
"17/03/2018 09:07","Reload","'70838153003422878","WXR80","","","Billed","","-120.00","PSS SEKSYEN 7 BANGI","","Standalone","","","31 Mar 2018"
"14/03/2018 17:12","Purchase","'70838153003422878","WXR80","","PRIMAX 97","Billed","6.50","16.05","PSS TANJUNG MALIM","","Standalone","","","31 Mar 2018"
"11/03/2018 14:05","Purchase","'70838153003422878","WXR80","","PRIMAX 97","Billed","38.04","93.95","PSS SEKSYEN 7 BANGI","","Standalone","","","31 Mar 2018"
"08/03/2018 12:19","Purchase","'70838153003422878","WXR80","","PRIMAX 95","Billed","45.25","100.00","PSS SEKSYEN 7 BANGI","","Standalone","","","31 Mar 2018"
"05/03/2018 17:20","Reload","'70838153003422878","WXR80","","","Billed","","-200.00","PSS KM 305 PLUS ARAH SELATAN","","Standalone","","","31 Mar 2018"
"04/03/2018 11:35","Purchase","'70838153003422878","WXR80","","PRIMAX 95","Billed","3.96","8.72","PSS HUTAN MELINTANG","","Standalone","","","31 Mar 2018"
"02/03/2018 17:58","Purchase","'70838153003422878","WXR80","","PRIMAX 97","Billed","36.44","90.00","PSS LEBUHRAYA SILK","","Standalone","","","31 Mar 2018"