"Date Time","Transaction Type","Card Number","Vehicle Number","Driver Card Number","Product Type","Billing Type","Transaction Volume (Litres)","Transaction Amount (RM)","Station Name","Odometer","Card Type","Cost Centre","Cost Centre Name","Statement Month"
"25/03/2018 11:32","Purchase","'70838153003423405","WXR10","","Diesel","Billed","55.05","120.00","PSS ULU BERNAM","1","Standalone","","","31 Mar 2018"
"25/03/2018 11:30","Reload","'70838153003423405","WXR10","","","Billed","","-100.00","PSS ULU BERNAM","","Standalone","","","31 Mar 2018"
"06/03/2018 11:02","Purchase","'70838153003423405","WXR10","","PRIMAX 95","Billed","13.64","30.00","PSS BIDOR TAPAH","","Standalone","","","31 Mar 2018"
"06/03/2018 11:00","Reload","'70838153003423405","WXR10","","","Billed","","-50.00","PSS BIDOR TAPAH","","Standalone","","","31 Mar 2018"
"02/03/2018 16:31","Purchase","'70838153003423405","WXR10","","PRIMAX 95","Billed","11.76","25.86","PSS JLN RAJA DIHILIR","","Standalone","","","31 Mar 2018"
"02/03/2018 00:02","Purchase","'70838153003423405","WXR10","","PRIMAX 95","Billed","13.64","30.00","PSS BIDOR TAPAH","","Standalone","","","31 Mar 2018"