"Date Time","Transaction Type","Card Number","Vehicle Number","Driver Card Number","Product Type","Billing Type","Transaction Volume (Litres)","Transaction Amount (RM)","Station Name","Odometer","Card Type","Cost Centre","Cost Centre Name","Statement Month"
"18/03/2018 13:57","Purchase","'70838153003500459","WXR952","","PRIMAX 95","Billed","13.76","30.00","PSS PERSIARAN INDAH","","Standalone","","","31 Mar 2018"
"18/03/2018 13:55","Reload","'70838153003500459","WXR952","'70838153003500459","","Billed","","-30.00","PSS PERSIARAN INDAH","","Standalone","","","31 Mar 2018"
"16/03/2018 11:33","Purchase","'70838153003500459","WXR952","","PRIMAX 95","Billed","13.76","30.00","PSS PERSIARAN INDAH","30","Standalone","","","31 Mar 2018"
"16/03/2018 11:32","Reload","'70838153003500459","WXR952","'70838153003500459","","Billed","","-30.00","PSS PERSIARAN INDAH","","Standalone","","","31 Mar 2018"
"15/03/2018 16:23","Purchase","'70838153003500459","WXR952","","PRIMAX 95","Billed","9.17","20.00","PSS INNER RING ROAD","","Standalone","","","31 Mar 2018"
"15/03/2018 16:20","Reload","'70838153003500459","WXR952","'70838153003500459","","Billed","","-20.00","PSS INNER RING ROAD","","Standalone","","","31 Mar 2018"
"13/03/2018 17:26","Purchase","'70838153003500459","WXR952","","PRIMAX 95","Billed","18.10","40.00","PSS TAMAN RINTING","","Standalone","","","31 Mar 2018"
"13/03/2018 17:24","Reload","'70838153003500459","WXR952","","","Billed","","-40.00","PSS TAMAN RINTING","","Standalone","","","31 Mar 2018"
"11/03/2018 21:22","Purchase","'70838153003500459","WXR952","","PRIMAX 97","Billed","16.19","40.00","PSS INNER RING ROAD","","Standalone","","","31 Mar 2018"
"11/03/2018 21:21","Reload","'70838153003500459","WXR952","'70838153003500459","","Billed","","-40.00","PSS INNER RING ROAD","","Standalone","","","31 Mar 2018"
"08/03/2018 20:06","Purchase","'70838153003500459","WXR952","","PRIMAX 97","Billed","12.15","30.00","PSS SENAI","","Standalone","","","31 Mar 2018"
"08/03/2018 20:04","Reload","'70838153003500459","WXR952","","","Billed","","-30.00","PSS SENAI","","Standalone","","","31 Mar 2018"
"06/03/2018 18:09","Purchase","'70838153003500459","WXR952","","PRIMAX 95","Billed","22.73","50.00","PSS BUKIT INDAH","","Standalone","","","31 Mar 2018"
"06/03/2018 18:06","Reload","'70838153003500459","WXR952","","","Billed","","-50.00","PSS BUKIT INDAH","","Standalone","","","31 Mar 2018"
"05/03/2018 15:59","Purchase","'70838153003500459","WXR952","","PRIMAX 95","Billed","11.36","25.00","PSS INNER RING ROAD","","Standalone","","","31 Mar 2018"
"05/03/2018 15:58","Reload","'70838153003500459","WXR952","'70838153003500459","","Billed","","-25.00","PSS INNER RING ROAD","","Standalone","","","31 Mar 2018"
"02/03/2018 14:59","Purchase","'70838153003500459","WXR952","","PRIMAX 95","Billed","18.18","40.00","PSS TAMAN UNIVERSITI","","Standalone","","","31 Mar 2018"
"02/03/2018 14:55","Reload","'70838153003500459","WXR952","","","Billed","","-40.00","PSS TAMAN UNIVERSITI","","Standalone","","","31 Mar 2018"