"Date Time","Transaction Type","Card Number","Vehicle Number","Driver Card Number","Product Type","Billing Type","Transaction Volume (Litres)","Transaction Amount (RM)","Station Name","Odometer","Card Type","Cost Centre","Cost Centre Name","Statement Month"
"28/03/2018 09:13","Purchase","'70838153003495544","WXR542","","PRIMAX 95","Billed","20.45","45.00","PSS KUAH LANGKAWI","","Standalone","","","31 Mar 2018"
"28/03/2018 09:13","Reload","'70838153003495544","WXR542","","","Billed","","-45.00","PSS KUAH LANGKAWI","","Standalone","","","31 Mar 2018"
"25/03/2018 16:53","Purchase","'70838153003495544","WXR542","","PRIMAX 95","Billed","18.18","40.00","PSS KUAH LANGKAWI","","Standalone","","","31 Mar 2018"
"25/03/2018 16:52","Reload","'70838153003495544","WXR542","","","Billed","","-40.00","PSS KUAH LANGKAWI","","Standalone","","","31 Mar 2018"
"21/03/2018 15:27","Purchase","'70838153003495544","WXR542","","PRIMAX 95","Billed","21.91","47.76","PSS KUAH LANGKAWI","","Standalone","","","31 Mar 2018"
"21/03/2018 15:26","Reload","'70838153003495544","WXR542","","","Billed","","-50.00","PSS KUAH LANGKAWI","","Standalone","","","31 Mar 2018"
"18/03/2018 15:30","Purchase","'70838153003495544","WXR542","","PRIMAX 95","Billed","22.94","50.00","PSS KEDAWANG LANGKAWI","","Standalone","","","31 Mar 2018"
"18/03/2018 15:29","Reload","'70838153003495544","WXR542","","","Billed","","-50.00","PSS KEDAWANG LANGKAWI","","Standalone","","","31 Mar 2018"
"13/03/2018 09:09","Purchase","'70838153003495544","WXR542","","PRIMAX 95","Billed","22.62","50.00","PSS KUAH LANGKAWI","","Standalone","","","31 Mar 2018"
"13/03/2018 09:08","Reload","'70838153003495544","WXR542","","","Billed","","-50.00","PSS KUAH LANGKAWI","","Standalone","","","31 Mar 2018"
"10/03/2018 09:31","Purchase","'70838153003495544","WXR542","","PRIMAX 95","Billed","27.15","60.00","PSS KUAH LANGKAWI","","Standalone","","","31 Mar 2018"
"10/03/2018 09:30","Reload","'70838153003495544","WXR542","","","Billed","","-60.00","PSS KUAH LANGKAWI","","Standalone","","","31 Mar 2018"
"06/03/2018 08:19","Purchase","'70838153003495544","WXR542","","PRIMAX 95","Billed","20.49","45.08","PSS KUAH LANGKAWI","","Standalone","","","31 Mar 2018"
"06/03/2018 08:18","Reload","'70838153003495544","WXR542","","","Billed","","-50.00","PSS KUAH LANGKAWI","","Standalone","","","31 Mar 2018"
"01/03/2018 20:16","Purchase","'70838153003495544","WXR542","","PRIMAX 95","Billed","18.18","40.00","PSS KUAH LANGKAWI","","Standalone","","","31 Mar 2018"
"01/03/2018 20:16","Reload","'70838153003495544","WXR542","","","Billed","","-40.00","PSS KUAH LANGKAWI","","Standalone","","","31 Mar 2018"