"Date Time","Transaction Type","Card Number","Vehicle Number","Driver Card Number","Product Type","Billing Type","Transaction Volume (Litres)","Transaction Amount (RM)","Station Name","Odometer","Card Type","Cost Centre","Cost Centre Name","Statement Month"
"28/03/2018 11:31","Purchase","'70838153003496781","WXR572","","PRIMAX 95","Billed","30.91","67.99","PSS BATU FERINGGI","50","Standalone","","","31 Mar 2018"
"26/03/2018 15:03","Purchase","'70838153003496781","WXR572","","PRIMAX 95","Billed","38.64","85.00","PSS RAWANG RSA","100","Standalone","","","31 Mar 2018"
"25/03/2018 18:02","Purchase","'70838153003496781","WXR572","","PRIMAX 95","Billed","47.28","104.01","PSS R & R GUNUNG SEMANGGOL","100","Standalone","","","31 Mar 2018"
"25/03/2018 18:00","Reload","'70838153003496781","WXR572","","","Billed","","-200.00","PSS R & R GUNUNG SEMANGGOL","","Standalone","","","31 Mar 2018"
"23/03/2018 15:53","Purchase","'70838153003496781","WXR572","","PRIMAX 95","Billed","42.27","93.00","PSS ULU BERNAM","100","Standalone","","","31 Mar 2018"
"23/03/2018 15:51","Reload","'70838153003496781","WXR572","","","Billed","","-150.00","PSS ULU BERNAM","","Standalone","","","31 Mar 2018"
"22/03/2018 10:36","Purchase","'70838153003496781","WXR572","","PRIMAX 95","Billed","45.46","100.00","PSS BATU FERINGGI","100","Standalone","","","31 Mar 2018"
"22/03/2018 10:34","Reload","'70838153003496781","WXR572","","","Billed","","-100.00","PSS BATU FERINGGI","","Standalone","","","31 Mar 2018"
"17/03/2018 18:00","Purchase","'70838153003496781","WXR572","","PRIMAX 95","Billed","19.71","42.97","PSS BALIK PULAU 2 (LOT 106)","50","Standalone","","","31 Mar 2018"
"16/03/2018 11:29","Purchase","'70838153003496781","WXR572","","PRIMAX 95","Billed","3.23","7.03","PSS BATU FERINGGI","10","Standalone","","","31 Mar 2018"
"16/03/2018 11:28","Reload","'70838153003496781","WXR572","","","Billed","","-50.00","PSS BATU FERINGGI","","Standalone","","","31 Mar 2018"
"13/03/2018 07:22","Purchase","'70838153003496781","WXR572","","PRIMAX 95","Billed","45.25","100.00","PSS BATU FERINGGI","2","Standalone","","","31 Mar 2018"
"13/03/2018 07:21","Reload","'70838153003496781","WXR572","","","Billed","","-100.00","PSS BATU FERINGGI","","Standalone","","","31 Mar 2018"
"08/03/2018 11:08","Purchase","'70838153003496781","WXR572","","PRIMAX 95","Billed","31.26","69.07","PSS BATU FERINGGI","100","Standalone","","","31 Mar 2018"
"05/03/2018 11:59","Purchase","'70838153003496781","WXR572","","PRIMAX 95","Billed","2.75","6.05","PSS BATU FERINGGI","5","Standalone","","","31 Mar 2018"
"04/03/2018 17:41","Purchase","'70838153003496781","WXR572","","PRIMAX 95","Billed","20.00","44.00","PSS CHANGLOON","100","Standalone","","","31 Mar 2018"
"04/03/2018 14:46","Purchase","'70838153003496781","WXR572","","PRIMAX 95","Billed","39.09","86.00","PSS BATU FERINGGI","100","Standalone","","","31 Mar 2018"
"04/03/2018 14:45","Reload","'70838153003496781","WXR572","","","Billed","","-100.00","PSS BATU FERINGGI","","Standalone","","","31 Mar 2018"