"Date Time","Transaction Type","Card Number","Vehicle Number","Driver Card Number","Product Type","Billing Type","Transaction Volume (Litres)","Transaction Amount (RM)","Station Name","Odometer","Card Type","Cost Centre","Cost Centre Name","Statement Month"
"31/03/2018 11:37","Purchase","'70838153003423983","WXR21","","PRIMAX 95","Billed","16.10","35.42","PSS REMBAU","","Standalone","","","31 Mar 2018"
"29/03/2018 07:36","Purchase","'70838153003423983","WXR21","","PRIMAX 95","Billed","16.82","37.00","PSS REMBAU","","Standalone","","","31 Mar 2018"
"28/03/2018 07:41","Purchase","'70838153003423983","WXR21","","PRIMAX 95","Billed","19.11","42.05","PSS REMBAU","","Standalone","","","31 Mar 2018"
"26/03/2018 08:33","Purchase","'70838153003423983","WXR21","","PRIMAX 95","Billed","31.82","70.00","PSS REMBAU","","Standalone","","","31 Mar 2018"
"20/03/2018 19:32","Purchase","'70838153003423983","WXR21","","PRIMAX 95","Billed","29.36","64.00","PSS REMBAU","","Standalone","","","31 Mar 2018"
"17/03/2018 20:35","Purchase","'70838153003423983","WXR21","","PRIMAX 95","Billed","27.54","60.04","PSS REMBAU","","Standalone","","","31 Mar 2018"
"17/03/2018 20:34","Reload","'70838153003423983","WXR21","","","Billed","","-300.00","PSS REMBAU","","Standalone","","","31 Mar 2018"