"Date Time","Transaction Type","Card Number","Vehicle Number","Driver Card Number","Product Type","Billing Type","Transaction Volume (Litres)","Transaction Amount (RM)","Station Name","Odometer","Card Type","Cost Centre","Cost Centre Name","Statement Month"
"31/03/2018 12:52","Purchase","'70838153003498704","WXR438","","PRIMAX 95","Billed","22.73","50.00","PSS AIR KEROH RSA NORTH BOUND","","Standalone","","","31 Mar 2018"
"31/03/2018 12:50","Reload","'70838153003498704","WXR438","","","Billed","","-50.00","PSS AIR KEROH RSA NORTH BOUND","","Standalone","","","31 Mar 2018"
"31/03/2018 08:34","Purchase","'70838153003498704","WXR438","","PRIMAX 95","Billed","22.73","50.00","PSS DESARU","","Standalone","","","31 Mar 2018"
"31/03/2018 08:32","Reload","'70838153003498704","WXR438","","","Billed","","-50.00","PSS DESARU","","Standalone","","","31 Mar 2018"
"29/03/2018 21:31","Purchase","'70838153003498704","WXR438","","PRIMAX 95","Billed","22.73","50.00","PSS TAMAN DAYA","","Standalone","","","31 Mar 2018"
"25/03/2018 21:01","Reload","'70838153003498704","WXR438","","","Billed","","-50.00","PSS SG MAS2","","Standalone","","","31 Mar 2018"
"17/03/2018 18:37","Purchase","'70838153003498704","WXR438","","PRIMAX 95","Billed","22.94","50.00","PSS SG MAS2","","Standalone","","","31 Mar 2018"
"17/03/2018 09:39","Reload","'70838153003498704","WXR438","","","Billed","","-50.00","PSS SG MAS2","","Standalone","","","31 Mar 2018"
"16/03/2018 16:35","Purchase","'70838153003498704","WXR438","","PRIMAX 95","Billed","22.94","50.00","PSS PUTRI WANGSA","","Standalone","","","31 Mar 2018"
"16/03/2018 16:33","Reload","'70838153003498704","WXR438","","","Billed","","-50.00","PSS PUTRI WANGSA","","Standalone","","","31 Mar 2018"
"10/03/2018 18:57","Purchase","'70838153003498704","WXR438","","PRIMAX 95","Billed","22.62","50.00","PSS YONG PENG","","Standalone","","","31 Mar 2018"
"09/03/2018 12:16","Purchase","'70838153003498704","WXR438","","PRIMAX 95","Billed","22.62","50.00","PSS KOTA TINGGI BYPASS","","Standalone","","","31 Mar 2018"
"09/03/2018 11:44","Reload","'70838153003498704","WXR438","","","Billed","","-100.00","PSS SG MAS2","","Standalone","","","31 Mar 2018"