"Date Time","Transaction Type","Card Number","Vehicle Number","Driver Card Number","Product Type","Billing Type","Transaction Volume (Litres)","Transaction Amount (RM)","Station Name","Odometer","Card Type","Cost Centre","Cost Centre Name","Statement Month"
"28/03/2018 14:52","Purchase","'70838153003501184","WXR532","","PRIMAX 95","Billed","13.64","30.00","PSS TOK SENIK","","Standalone","","","31 Mar 2018"
"28/03/2018 14:51","Reload","'70838153003501184","WXR532","","","Billed","","-30.00","PSS TOK SENIK","","Standalone","","","31 Mar 2018"
"27/03/2018 10:15","Purchase","'70838153003501184","WXR532","","PRIMAX 95","Billed","18.18","40.00","PSS TOK SENIK","","Standalone","","","31 Mar 2018"
"27/03/2018 10:14","Reload","'70838153003501184","WXR532","","","Billed","","-40.00","PSS TOK SENIK","","Standalone","","","31 Mar 2018"
"25/03/2018 14:11","Purchase","'70838153003501184","WXR532","","PRIMAX 95","Billed","18.18","40.00","PSS TOK SENIK","","Standalone","","","31 Mar 2018"
"25/03/2018 14:11","Reload","'70838153003501184","WXR532","","","Billed","","-40.00","PSS TOK SENIK","","Standalone","","","31 Mar 2018"
"23/03/2018 10:11","Purchase","'70838153003501184","WXR532","","PRIMAX 95","Billed","22.73","50.00","PSS KUAH LANGKAWI","","Standalone","","","31 Mar 2018"
"23/03/2018 10:10","Reload","'70838153003501184","WXR532","","","Billed","","-50.00","PSS KUAH LANGKAWI","","Standalone","","","31 Mar 2018"
"20/03/2018 15:24","Purchase","'70838153003501184","WXR532","","PRIMAX 95","Billed","13.76","30.00","PSS TOK SENIK","","Standalone","","","31 Mar 2018"
"19/03/2018 11:08","Purchase","'70838153003501184","WXR532","","PRIMAX 95","Billed","18.35","40.00","PSS KUAH LANGKAWI","","Standalone","","","31 Mar 2018"
"19/03/2018 11:08","Reload","'70838153003501184","WXR532","","","Billed","","-50.00","PSS KUAH LANGKAWI","","Standalone","","","31 Mar 2018"
"17/03/2018 11:59","Purchase","'70838153003501184","WXR532","","PRIMAX 95","Billed","13.76","30.00","PSS TOK SENIK","","Standalone","","","31 Mar 2018"
"17/03/2018 11:58","Reload","'70838153003501184","WXR532","","","Billed","","-50.00","PSS TOK SENIK","","Standalone","","","31 Mar 2018"
"14/03/2018 09:34","Purchase","'70838153003501184","WXR532","","PRIMAX 95","Billed","13.12","28.99","PSS KUAH LANGKAWI","","Standalone","","","31 Mar 2018"
"14/03/2018 09:31","Purchase","'70838153003501184","WXR532","","PRIMAX 95","Billed","0.46","1.01","PSS KUAH LANGKAWI","","Standalone","","","31 Mar 2018"
"12/03/2018 10:03","Purchase","'70838153003501184","WXR532","","PRIMAX 95","Billed","13.57","30.00","PSS KUAH LANGKAWI","","Standalone","","","31 Mar 2018"
"12/03/2018 10:00","Reload","'70838153003501184","WXR532","","","Billed","","-50.00","PSS KUAH LANGKAWI","","Standalone","","","31 Mar 2018"
"08/03/2018 09:02","Purchase","'70838153003501184","WXR532","","PRIMAX 95","Billed","22.62","50.00","PSS KUAH LANGKAWI","","Standalone","","","31 Mar 2018"
"08/03/2018 09:01","Reload","'70838153003501184","WXR532","","","Billed","","-50.00","PSS KUAH LANGKAWI","","Standalone","","","31 Mar 2018"
"05/03/2018 12:09","Purchase","'70838153003501184","WXR532","","PRIMAX 95","Billed","12.26","26.96","PSS TOK SENIK","","Standalone","","","31 Mar 2018"
"05/03/2018 11:01","Purchase","'70838153003501184","WXR532","","PRIMAX 95","Billed","9.24","20.33","PSS KUAH LANGKAWI","","Standalone","","","31 Mar 2018"
"02/03/2018 15:48","Purchase","'70838153003501184","WXR532","","PRIMAX 95","Billed","27.28","60.00","PSS PANTAI KOK","","Standalone","","","31 Mar 2018"