"Date Time","Transaction Type","Card Number","Vehicle Number","Driver Card Number","Product Type","Billing Type","Transaction Volume (Litres)","Transaction Amount (RM)","Station Name","Odometer","Card Type","Cost Centre","Cost Centre Name","Statement Month"
"31/03/2018 00:45","Purchase","'70838153003497938","WXR858","","PRIMAX 95","Billed","3.16","6.96","PSS BANDAR SRI PERMAISURI","1203","Standalone","","","31 Mar 2018"
"30/03/2018 16:48","Purchase","'70838153003497938","WXR858","","PRIMAX 95","Billed","3.14","6.91","PSS TAMAN MALURI","3083","Standalone","","","31 Mar 2018"
"30/03/2018 12:46","Reload","'70838153003497938","WXR858","","","Billed","","-480.00","PSS LEBUHRAYA SPRINT","","Standalone","","","31 Mar 2018"
"28/03/2018 08:43","Purchase","'70838153003497938","WXR858","","PRIMAX 95","Billed","2.85","6.26","PSS BANDAR SRI PERMAISURI","1203","Standalone","","","31 Mar 2018"
"27/03/2018 07:07","Purchase","'70838153003497938","WXR858","","PRIMAX 95","Billed","13.64","30.00","PSS BANDAR SRI PERMAISURI","9818","Standalone","","","31 Mar 2018"
"26/03/2018 04:59","Purchase","'70838153003497938","WXR858","","PRIMAX 95","Billed","9.09","20.00","PSS BANDAR SRI PERMAISURI","1987","Standalone","","","31 Mar 2018"
"25/03/2018 20:47","Purchase","'70838153003497938","WXR858","","PRIMAX 97","Billed","14.32","35.38","PSS LT911 ULU KLANG MRR2","49","Standalone","","","31 Mar 2018"
"25/03/2018 12:45","Purchase","'70838153003497938","WXR858","","PRIMAX 95","Billed","13.64","30.00","PSS BANDAR SRI PERMAISURI","7435","Standalone","","","31 Mar 2018"
"23/03/2018 18:21","Purchase","'70838153003497938","WXR858","","PRIMAX 95","Billed","3.26","7.18","PSS TAMAN MALURI","1203","Standalone","","","31 Mar 2018"
"20/03/2018 23:55","Purchase","'70838153003497938","WXR858","","PRIMAX 97","Billed","37.82","92.65","PSS TAMAN TENAGA","222","Standalone","","","31 Mar 2018"
"19/03/2018 09:18","Reload","'70838153003497938","WXR858","","","Billed","","-50.00","PSS LEBUHRAYA SPRINT","","Standalone","","","31 Mar 2018"
"19/03/2018 09:16","Purchase","'70838153003497938","WXR858","","PRIMAX 95","Billed","14.13","30.81","PSS LEBUHRAYA SPRINT","49","Standalone","","","31 Mar 2018"
"19/03/2018 05:16","Purchase","'70838153003497938","WXR858","","PRIMAX 95","Billed","9.19","20.03","PSS BANDAR SRI PERMAISURI","1987","Standalone","","","31 Mar 2018"
"18/03/2018 21:47","Purchase","'70838153003497938","WXR858","","PRIMAX 95","Billed","11.60","25.29","PSS BDR ALAM DAMAI","9818","Standalone","","","31 Mar 2018"
"16/03/2018 18:34","Purchase","'70838153003497938","WXR858","","PRIMAX 95","Billed","3.36","7.32","PSS TAMAN MALURI","1203","Standalone","","","31 Mar 2018"
"16/03/2018 18:26","Reload","'70838153003497938","WXR858","","","Billed","","-50.00","PSS TAMAN MALURI","","Standalone","","","31 Mar 2018"
"16/03/2018 11:28","Reload","'70838153003497938","WXR858","","","Billed","","-200.00","PSS LEBUHRAYA SPRINT","","Standalone","","","31 Mar 2018"
"15/03/2018 08:47","Purchase","'70838153003497938","WXR858","","PRIMAX 95","Billed","9.77","21.31","PSS BANDAR SRI PERMAISURI","12","Standalone","","","31 Mar 2018"
"14/03/2018 13:11","Purchase","'70838153003497938","WXR858","","PRIMAX 95","Billed","3.18","7.04","PSS BANDAR SRI PERMAISURI","123456","Standalone","","","31 Mar 2018"
"12/03/2018 09:00","Purchase","'70838153003497938","WXR858","","PRIMAX 95","Billed","3.55","7.84","PSS BANDAR SRI PERMAISURI","123456","Standalone","","","31 Mar 2018"
"11/03/2018 05:07","Purchase","'70838153003497938","WXR858","","PRIMAX 95","Billed","9.06","20.01","PSS BANDAR SRI PERMAISURI","123","Standalone","","","31 Mar 2018"
"09/03/2018 18:06","Reload","'70838153003497938","WXR858","","","Billed","","-200.00","PSS TAMAN MALURI","","Standalone","","","31 Mar 2018"
"09/03/2018 13:23","Purchase","'70838153003497938","WXR858","","PRIMAX 95","Billed","14.54","32.13","PSS LEBUHRAYA SPRINT","1256","Standalone","","","31 Mar 2018"
"08/03/2018 14:55","Purchase","'70838153003497938","WXR858","","PRIMAX 95","Billed","3.38","7.48","PSS BANDAR SRI PERMAISURI","123456","Standalone","","","31 Mar 2018"
"08/03/2018 11:44","Purchase","'70838153003497938","WXR858","","PRIMAX 95","Billed","3.14","6.95","PSS BANDAR SRI PERMAISURI","123456","Standalone","","","31 Mar 2018"
"07/03/2018 12:38","Purchase","'70838153003497938","WXR858","","PRIMAX 95","Billed","14.42","31.73","PSS BANDAR SRI PERMAISURI","12345","Standalone","","","31 Mar 2018"
"06/03/2018 16:43","Reload","'70838153003497938","WXR858","","","Billed","","-200.00","PSS TAMAN MALURI","","Standalone","","","31 Mar 2018"
"05/03/2018 06:15","Purchase","'70838153003497938","WXR858","","PRIMAX 95","Billed","2.96","6.52","PSS BANDAR SRI PERMAISURI","51349","Standalone","","","31 Mar 2018"
"03/03/2018 07:09","Purchase","'70838153003497938","WXR858","","PRIMAX 95","Billed","23.19","51.02","PSS SALAK JAYA","123456","Standalone","","","31 Mar 2018"
"02/03/2018 18:51","Reload","'70838153003497938","WXR858","","","Billed","","-70.00","PSS TAMAN MALURI","","Standalone","","","31 Mar 2018"
"02/03/2018 11:52","Reload","'70838153003497938","WXR858","","","Billed","","-100.00","PSS LEBUHRAYA SPRINT","","Standalone","","","31 Mar 2018"
"02/03/2018 11:14","Purchase","'70838153003497938","WXR858","","PRIMAX 95","Billed","18.15","39.92","PSS BANDAR SRI PERMAISURI","123456","Standalone","","","31 Mar 2018"
"01/03/2018 18:55","Purchase","'70838153003497938","WXR858","","PRIMAX 95","Billed","3.37","7.41","PSS BRICKFIELDS","51208","Standalone","","","31 Mar 2018"
"01/03/2018 10:30","Purchase","'70838153003497938","WXR858","","PRIMAX 95","Billed","9.09","20.00","PSS BANDAR SRI PERMAISURI","1243","Standalone","","","31 Mar 2018"