"Date Time","Transaction Type","Card Number","Vehicle Number","Driver Card Number","Product Type","Billing Type","Transaction Volume (Litres)","Transaction Amount (RM)","Station Name","Odometer","Card Type","Cost Centre","Cost Centre Name","Statement Month"
"27/03/2018 10:10","Purchase","'70838153003498589","WXR632","","PRIMAX 95","Billed","45.46","100.00","PSS BANDAR TUN HUSSEIN ONN 2","","Standalone","","","31 Mar 2018"
"27/03/2018 10:09","Reload","'70838153003498589","WXR632","","","Billed","","-100.00","PSS BANDAR TUN HUSSEIN ONN 2","","Standalone","","","31 Mar 2018"
"24/03/2018 00:09","Purchase","'70838153003498589","WXR632","","PRIMAX 95","Billed","45.46","100.00","PSS EAST-WEST LINK","","Standalone","","","31 Mar 2018"
"24/03/2018 00:08","Purchase","'70838153003498589","WXR632","","PRIMAX 95","Billed","31.82","70.00","PSS EAST-WEST LINK","","Standalone","","","31 Mar 2018"
"24/03/2018 00:06","Reload","'70838153003498589","WXR632","","","Billed","","-170.00","PSS EAST-WEST LINK","","Standalone","","","31 Mar 2018"
"19/03/2018 09:48","Purchase","'70838153003498589","WXR632","","PRIMAX 95","Billed","50.46","110.00","PSS BDR ALAM DAMAI","","Standalone","","","31 Mar 2018"
"19/03/2018 09:47","Reload","'70838153003498589","WXR632","","","Billed","","-100.00","PSS BDR ALAM DAMAI","","Standalone","","","31 Mar 2018"
"13/03/2018 18:36","Purchase","'70838153003498589","WXR632","","PRIMAX 95","Billed","31.68","70.00","PSS LOT 4783 BUKIT JALIL","","Standalone","","","31 Mar 2018"
"13/03/2018 18:29","Reload","'70838153003498589","WXR632","","","Billed","","-70.00","PSS LOT 4783 BUKIT JALIL","","Standalone","","","31 Mar 2018"
"12/03/2018 09:50","Purchase","'70838153003498589","WXR632","","PRIMAX 95","Billed","49.78","110.00","PSS BDR ALAM DAMAI","","Standalone","","","31 Mar 2018"
"12/03/2018 09:49","Reload","'70838153003498589","WXR632","","","Billed","","-120.00","PSS BDR ALAM DAMAI","","Standalone","","","31 Mar 2018"
"07/03/2018 09:46","Purchase","'70838153003498589","WXR632","","PRIMAX 95","Billed","55.25","121.54","PSS BDR ALAM DAMAI","","Standalone","","","31 Mar 2018"
"07/03/2018 09:44","Reload","'70838153003498589","WXR632","","","Billed","","-130.00","PSS BDR ALAM DAMAI","","Standalone","","","31 Mar 2018"
"02/03/2018 22:57","Purchase","'70838153003498589","WXR632","","PRIMAX 95","Billed","33.19","73.02","PSS EAST-WEST LINK","","Standalone","","","31 Mar 2018"
"02/03/2018 22:56","Reload","'70838153003498589","WXR632","","","Billed","","-71.00","PSS EAST-WEST LINK","","Standalone","","","31 Mar 2018"