"Date Time","Transaction Type","Card Number","Vehicle Number","Driver Card Number","Product Type","Billing Type","Transaction Volume (Litres)","Transaction Amount (RM)","Station Name","Odometer","Card Type","Cost Centre","Cost Centre Name","Statement Month"
"31/07/2018 20:36","Purchase","'70838153003497367","WXR850","","PRIMAX 95","Billed","9.09","20.00","PSS LEBUHRAYA SPRINT","","Standalone","","","31 Jul 2018"
"31/07/2018 18:22","Purchase","'70838153003497367","WXR850","","PRIMAX 97","Billed","2.76","7.00","PSS LEBUHRAYA SPRINT","","Standalone","","","31 Jul 2018"
"31/07/2018 17:52","Purchase","'70838153003497367","WXR850","","PRIMAX 95","Billed","18.18","40.00","PSS LEBUHRAYA SPRINT","","Standalone","","","31 Jul 2018"
"31/07/2018 17:43","Purchase","'70838153003497367","WXR850","","PRIMAX 97","Billed","19.69","50.00","PSS LEBUHRAYA SPRINT","","Standalone","","","31 Jul 2018"
"31/07/2018 15:33","Purchase","'70838153003497367","WXR850","","PRIMAX 97","Billed","39.37","100.00","PSS LEBUHRAYA SPRINT","","Standalone","","","31 Jul 2018"
"31/07/2018 14:14","Purchase","'70838153003497367","WXR850","","PRIMAX 97","Billed","39.37","100.00","PSS LEBUHRAYA SPRINT","","Standalone","","","31 Jul 2018"
"30/07/2018 20:53","Reload","'70838153003497367","WXR850","","","Billed","","-400.00","PSS LEBUHRAYA SPRINT","","Standalone","","","31 Jul 2018"
"30/07/2018 16:03","Purchase","'70838153003497367","WXR850","","PRIMAX 95","Billed","31.82","70.00","PSS LEBUHRAYA SPRINT","","Standalone","","","31 Jul 2018"
"30/07/2018 15:41","Purchase","'70838153003497367","WXR850","","PRIMAX 95","Billed","22.73","50.00","PSS LEBUHRAYA SPRINT","","Standalone","","","31 Jul 2018"
"30/07/2018 15:28","Purchase","'70838153003497367","WXR850","","PRIMAX 95","Billed","27.27","60.00","PSS LEBUHRAYA SPRINT","","Standalone","","","31 Jul 2018"
"27/07/2018 17:03","Purchase","'70838153003497367","WXR850","","PRIMAX 95","Billed","0.91","2.00","PSS TTDI","","Standalone","","","31 Jul 2018"
"26/07/2018 13:28","Purchase","'70838153003497367","WXR850","","PRIMAX 95","Billed","22.73","50.00","PSS LEBUHRAYA SPRINT","","Standalone","","","31 Jul 2018"
"26/07/2018 13:28","Purchase","'70838153003497367","WXR850","","PRIMAX 95","Un-billed","22.73","50.00","PSS LEBUHRAYA SPRINT","","Standalone","","","Unbilled Transaction"
"26/07/2018 13:15","Purchase","'70838153003497367","WXR850","","PRIMAX 95","Billed","13.64","30.00","PSS LEBUHRAYA SPRINT","","Standalone","","","31 Jul 2018"
"26/07/2018 12:19","Purchase","'70838153003497367","WXR850","","PRIMAX 95","Billed","13.64","30.00","PSS LEBUHRAYA SPRINT","","Standalone","","","31 Jul 2018"
"26/07/2018 11:12","Purchase","'70838153003497367","WXR850","","PRIMAX 95","Billed","22.73","50.00","PSS LEBUHRAYA SPRINT","","Standalone","","","31 Jul 2018"
"25/07/2018 15:29","Purchase","'70838153003497367","WXR850","","PRIMAX 95","Billed","6.82","15.00","PSS LEBUHRAYA SPRINT","","Standalone","","","31 Jul 2018"
"25/07/2018 12:39","Purchase","'70838153003497367","WXR850","","PRIMAX 95","Billed","6.82","15.00","PSS LEBUHRAYA SPRINT","","Standalone","","","31 Jul 2018"
"25/07/2018 12:28","Purchase","'70838153003497367","WXR850","","PRIMAX 95","Billed","2.27","5.00","PSS LEBUHRAYA SPRINT","","Standalone","","","31 Jul 2018"
"25/07/2018 12:27","Purchase","'70838153003497367","WXR850","","PRIMAX 95","Billed","1.82","4.00","PSS LEBUHRAYA SPRINT","","Standalone","","","31 Jul 2018"
"25/07/2018 11:21","Purchase","'70838153003497367","WXR850","","Diesel","Billed","1.38","3.00","PSS LEBUHRAYA SPRINT","","Standalone","","","31 Jul 2018"
"24/07/2018 16:38","Reload","'70838153003497367","WXR850","","","Billed","","-440.00","PSS LEBUHRAYA SPRINT","","Standalone","","","31 Jul 2018"
"24/07/2018 15:18","Purchase","'70838153003497367","WXR850","","PRIMAX 95","Billed","2.73","6.00","PSS LEBUHRAYA SPRINT","","Standalone","","","31 Jul 2018"
"24/07/2018 13:29","Purchase","'70838153003497367","WXR850","","PRIMAX 95","Billed","22.73","50.00","PSS LEBUHRAYA SPRINT","","Standalone","","","31 Jul 2018"
"24/07/2018 13:17","Purchase","'70838153003497367","WXR850","","PRIMAX 95","Billed","54.55","120.00","PSS LEBUHRAYA SPRINT","","Standalone","","","31 Jul 2018"
"20/07/2018 17:04","Purchase","'70838153003497367","WXR850","","PRIMAX 97","Billed","0.53","1.35","PSS LEBUHRAYA SPRINT","","Standalone","","","31 Jul 2018"
"18/07/2018 19:25","Purchase","'70838153003497367","WXR850","","PRIMAX 97","Billed","1.93","5.00","PSS LEBUHRAYA SPRINT","","Standalone","","","31 Jul 2018"
"18/07/2018 16:47","Purchase","'70838153003497367","WXR850","","PRIMAX 97","Billed","4.25","11.00","PSS LEBUHRAYA SPRINT","","Standalone","","","31 Jul 2018"
"18/07/2018 16:29","Purchase","'70838153003497367","WXR850","","PRIMAX 95","Billed","9.09","20.00","PSS LEBUHRAYA SPRINT","","Standalone","","","31 Jul 2018"
"17/07/2018 20:53","Purchase","'70838153003497367","WXR850","","PRIMAX 95","Billed","4.55","10.00","PSS LEBUHRAYA SPRINT","","Standalone","","","31 Jul 2018"
"17/07/2018 20:45","Purchase","'70838153003497367","WXR850","","PRIMAX 95","Billed","22.73","50.00","PSS LEBUHRAYA SPRINT","","Standalone","","","31 Jul 2018"
"17/07/2018 18:55","Purchase","'70838153003497367","WXR850","","PRIMAX 95","Billed","0.62","1.37","PSS LEBUHRAYA SPRINT","","Standalone","","","31 Jul 2018"
"17/07/2018 16:27","Purchase","'70838153003497367","WXR850","","PRIMAX 95","Billed","5.46","12.00","PSS LEBUHRAYA SPRINT","","Standalone","","","31 Jul 2018"
"17/07/2018 16:22","Purchase","'70838153003497367","WXR850","","PRIMAX 95","Billed","13.64","30.00","PSS LEBUHRAYA SPRINT","","Standalone","","","31 Jul 2018"
"17/07/2018 16:16","Purchase","'70838153003497367","WXR850","","PRIMAX 95","Billed","13.64","30.00","PSS LEBUHRAYA SPRINT","","Standalone","","","31 Jul 2018"
"17/07/2018 16:02","Purchase","'70838153003497367","WXR850","","PRIMAX 95","Billed","43.64","96.00","PSS LEBUHRAYA SPRINT","","Standalone","","","31 Jul 2018"
"17/07/2018 15:58","Purchase","'70838153003497367","WXR850","","PRIMAX 95","Billed","2.73","6.00","PSS LEBUHRAYA SPRINT","","Standalone","","","31 Jul 2018"
"16/07/2018 16:00","Purchase","'70838153003497367","WXR850","","PRIMAX 95","Billed","1.82","4.00","PSS LEBUHRAYA SPRINT","","Standalone","","","31 Jul 2018"
"15/07/2018 19:53","Reload","'70838153003497367","WXR850","","","Billed","","-280.00","PSS LEBUHRAYA SPRINT","","Standalone","","","31 Jul 2018"
"14/07/2018 17:52","Purchase","'70838153003497367","WXR850","","PRIMAX 95","Billed","9.09","20.00","PSS LEBUHRAYA SPRINT","","Standalone","","","31 Jul 2018"
"13/07/2018 16:06","Purchase","'70838153003497367","WXR850","","PRIMAX 95","Billed","3.64","8.00","PSS LEBUHRAYA SPRINT","","Standalone","","","31 Jul 2018"
"13/07/2018 12:15","Purchase","'70838153003497367","WXR850","","PRIMAX 95","Billed","1.36","3.00","PSS LEBUHRAYA SPRINT","","Standalone","","","31 Jul 2018"
"13/07/2018 12:07","Purchase","'70838153003497367","WXR850","","PRIMAX 95","Billed","9.09","20.00","PSS LEBUHRAYA SPRINT","","Standalone","","","31 Jul 2018"
"12/07/2018 16:17","Purchase","'70838153003497367","WXR850","","PRIMAX 95","Billed","13.64","30.00","PSS LEBUHRAYA SPRINT","","Standalone","","","31 Jul 2018"
"12/07/2018 16:04","Purchase","'70838153003497367","WXR850","","PRIMAX 95","Billed","13.64","30.00","PSS LEBUHRAYA SPRINT","","Standalone","","","31 Jul 2018"
"12/07/2018 16:01","Purchase","'70838153003497367","WXR850","","PRIMAX 95","Billed","9.09","20.00","PSS LEBUHRAYA SPRINT","","Standalone","","","31 Jul 2018"
"12/07/2018 16:00","Purchase","'70838153003497367","WXR850","","PRIMAX 97","Billed","0.04","0.11","PSS LEBUHRAYA SPRINT","","Standalone","","","31 Jul 2018"
"12/07/2018 12:30","Purchase","'70838153003497367","WXR850","","PRIMAX 95","Billed","9.09","20.00","PSS LEBUHRAYA SPRINT","","Standalone","","","31 Jul 2018"
"12/07/2018 11:25","Purchase","'70838153003497367","WXR850","","PRIMAX 95","Billed","22.73","50.00","PSS LEBUHRAYA SPRINT","","Standalone","","","31 Jul 2018"
"10/07/2018 16:41","Purchase","'70838153003497367","WXR850","","PRIMAX 95","Billed","4.55","10.00","PSS LEBUHRAYA SPRINT","","Standalone","","","31 Jul 2018"
"10/07/2018 16:15","Purchase","'70838153003497367","WXR850","","PRIMAX 95","Billed","3.32","7.30","PSS LEBUHRAYA SPRINT","","Standalone","","","31 Jul 2018"