"Date Time","Transaction Type","Card Number","Vehicle Number","Driver Card Number","Product Type","Billing Type","Transaction Volume (Litres)","Transaction Amount (RM)","Station Name","Odometer","Card Type","Cost Centre","Cost Centre Name","Statement Month"
"30/07/2018 10:31","Purchase","'70838153003711353","WXR 4541","","PRIMAX 95","Billed","13.64","30.00","PSS MERGONG (STESEN SERVICES PETRONAS )","30","Standalone","","","31 Jul 2018"
"30/07/2018 10:28","Reload","'70838153003711353","WXR 4541","","","Billed","","-70.00","PSS MERGONG (STESEN SERVICES PETRONAS )","","Standalone","","","31 Jul 2018"
"23/07/2018 09:41","Purchase","'70838153003711353","WXR 4541","","PRIMAX 95","Billed","9.09","20.00","PSS MERGONG (STESEN SERVICES PETRONAS )","20","Standalone","","","31 Jul 2018"
"13/07/2018 23:44","Purchase","'70838153003711353","WXR 4541","","PRIMAX 95","Billed","25.52","56.13","PSS GURUN","2","Standalone","","","31 Jul 2018"
"13/07/2018 10:47","Purchase","'70838153003711353","WXR 4541","","PRIMAX 95","Billed","25.91","57.00","PSS GURUN","2","Standalone","","","31 Jul 2018"
"13/07/2018 10:43","Reload","'70838153003711353","WXR 4541","","","Billed","","-100.00","PSS GURUN","","Standalone","","","31 Jul 2018"
"11/07/2018 16:23","Purchase","'70838153003711353","WXR 4541","","PRIMAX 95","Billed","22.73","50.01","PSS JALAN SULTANAH SAMBONGAN","2","Standalone","","","31 Jul 2018"
"06/07/2018 15:55","Reload","'70838153003711353","WXR 4541","","","Billed","","-50.00","PSS AIR HITAM KEDAH","","Standalone","","","31 Jul 2018"
"06/07/2018 15:53","Purchase","'70838153003711353","WXR 4541","","PRIMAX 95","Billed","7.18","15.80","PSS AIR HITAM KEDAH","2","Standalone","","","31 Jul 2018"
"03/07/2018 14:29","Purchase","'70838153003711353","WXR 4541","","PRIMAX 95","Billed","10.96","24.11","PSS MERGONG (STESEN SERVICES PETRONAS )","50","Standalone","","","31 Jul 2018"