"Date Time","Transaction Type","Card Number","Vehicle Number","Driver Card Number","Product Type","Billing Type","Transaction Volume (Litres)","Transaction Amount (RM)","Station Name","Odometer","Card Type","Cost Centre","Cost Centre Name","Statement Month"
"27/07/2018 22:52","Purchase","'70838153003581129","WXR1086","","Diesel","Billed","13.76","30.00","PSS BANDAR PUNCAK JALIL","","Standalone","","","31 Jul 2018"
"26/07/2018 21:03","Purchase","'70838153003581129","WXR1086","","Diesel (EURO 5)","Billed","21.93","50.00","PSS RAWAT & REHAT(S) KL- SEREMBAN","","Standalone","","","31 Jul 2018"
"26/07/2018 21:03","Purchase","'70838153003581129","WXR1086","","Diesel (EURO 5)","Un-billed","21.93","50.00","PSS RAWAT & REHAT(S) KL- SEREMBAN","","Standalone","","","Unbilled Transaction"
"26/07/2018 15:55","Purchase","'70838153003581129","WXR1086","","PRIMAX 95","Billed","9.09","20.00","PSS PRIMA SAUJANA 1","","Standalone","","","31 Jul 2018"
"26/07/2018 15:54","Reload","'70838153003581129","WXR1086","","","Billed","","-100.00","PSS PRIMA SAUJANA 1","","Standalone","","","31 Jul 2018"
"19/07/2018 10:53","Purchase","'70838153003581129","WXR1086","","PRIMAX 95","Billed","13.64","30.00","PSS TMN EQUINE SERI KEMBANGAN","","Standalone","","","31 Jul 2018"
"16/07/2018 22:40","Purchase","'70838153003581129","WXR1086","","PRIMAX 95","Billed","13.64","30.00","PSS PRECINT 16 PUTRAJAYA","","Standalone","","","31 Jul 2018"
"16/07/2018 22:39","Reload","'70838153003581129","WXR1086","","","Billed","","-50.00","PSS PRECINT 16 PUTRAJAYA","","Standalone","","","31 Jul 2018"
"10/07/2018 12:59","Purchase","'70838153003581129","WXR1086","","PRIMAX 95","Billed","13.64","30.00","PSS LOT 4783 BUKIT JALIL","","Standalone","","","31 Jul 2018"
"10/07/2018 12:57","Reload","'70838153003581129","WXR1086","","","Billed","","-50.00","PSS LOT 4783 BUKIT JALIL","","Standalone","","","31 Jul 2018"
"05/07/2018 20:26","Purchase","'70838153003581129","WXR1086","","PRIMAX 95","Billed","13.64","30.00","PSS KM 0.7 BESRAYA ARAH UTARA","","Standalone","","","31 Jul 2018"
"05/07/2018 20:25","Reload","'70838153003581129","WXR1086","","","Billed","","-40.00","PSS KM 0.7 BESRAYA ARAH UTARA","","Standalone","","","31 Jul 2018"