"Date Time","Transaction Type","Card Number","Vehicle Number","Driver Card Number","Product Type","Billing Type","Transaction Volume (Litres)","Transaction Amount (RM)","Station Name","Odometer","Card Type","Cost Centre","Cost Centre Name","Statement Month"
"30/07/2018 15:51","Purchase","'70838153003496781","WXR572","","PRIMAX 95","Billed","2.01","4.41","PSS BATU FERINGGI","100","Standalone","","","31 Jul 2018"
"29/07/2018 23:45","Purchase","'70838153003496781","WXR572","","PRIMAX 95","Billed","45.46","100.00","PSS BATU FERINGGI","100","Standalone","","","31 Jul 2018"
"29/07/2018 23:44","Reload","'70838153003496781","WXR572","","","Billed","","-100.00","PSS BATU FERINGGI","","Standalone","","","31 Jul 2018"
"29/07/2018 17:39","Purchase","'70838153003496781","WXR572","","PRIMAX 95","Billed","2.55","5.60","PSS BATU FERINGGI","100","Standalone","","","31 Jul 2018"
"26/07/2018 20:20","Purchase","'70838153003496781","WXR572","","PRIMAX 95","Billed","47.73","105.01","PSS BATU FERINGGI","100","Standalone","","","31 Jul 2018"
"24/07/2018 08:25","Purchase","'70838153003496781","WXR572","","PRIMAX 95","Billed","2.55","5.61","PSS JALAN MESJID NEGERI","10","Standalone","","","31 Jul 2018"
"22/07/2018 17:41","Purchase","'70838153003496781","WXR572","","PRIMAX 95","Billed","46.37","102.01","PSS BATU FERINGGI","100","Standalone","","","31 Jul 2018"
"22/07/2018 17:32","Reload","'70838153003496781","WXR572","","","Billed","","-200.00","PSS BATU FERINGGI","","Standalone","","","31 Jul 2018"
"18/07/2018 11:28","Purchase","'70838153003496781","WXR572","","PRIMAX 95","Billed","43.27","95.20","PSS BATU FERINGGI","100","Standalone","","","31 Jul 2018"
"17/07/2018 14:25","Purchase","'70838153003496781","WXR572","","PRIMAX 95","Billed","43.64","96.01","PSS BATU FERINGGI","100","Standalone","","","31 Jul 2018"
"17/07/2018 14:24","Reload","'70838153003496781","WXR572","","","Billed","","-200.00","PSS BATU FERINGGI","","Standalone","","","31 Jul 2018"
"12/07/2018 20:51","Purchase","'70838153003496781","WXR572","","PRIMAX 95","Billed","45.00","99.00","PSS BATU FERINGGI","100","Standalone","","","31 Jul 2018"
"12/07/2018 20:50","Reload","'70838153003496781","WXR572","","","Billed","","-100.00","PSS BATU FERINGGI","","Standalone","","","31 Jul 2018"
"08/07/2018 12:32","Purchase","'70838153003496781","WXR572","","PRIMAX 95","Billed","46.83","103.02","PSS AYER ITAM","100","Standalone","","","31 Jul 2018"
"05/07/2018 16:52","Purchase","'70838153003496781","WXR572","","PRIMAX 95","Billed","46.82","103.01","PSS BALIK PULAU 1 (LOT 179)","8442","Standalone","","","31 Jul 2018"
"05/07/2018 16:51","Reload","'70838153003496781","WXR572","","","Billed","","-200.00","PSS BALIK PULAU 1 (LOT 179)","","Standalone","","","31 Jul 2018"
"02/07/2018 09:03","Purchase","'70838153003496781","WXR572","","PRIMAX 95","Billed","36.45","80.18","PSS BATU FERINGGI","100","Standalone","","","31 Jul 2018"