"Date Time","Transaction Type","Card Number","Vehicle Number","Driver Card Number","Product Type","Billing Type","Transaction Volume (Litres)","Transaction Amount (RM)","Station Name","Odometer","Card Type","Cost Centre","Cost Centre Name","Statement Month"
"11/07/2018 10:35","Purchase","'70838153003734983","WXR 5781","","PRIMAX 95","Billed","13.64","30.00","PSS REMBIA","","Standalone","","","31 Jul 2018"
"11/07/2018 10:33","Reload","'70838153003734983","WXR 5781","","","Billed","","-30.00","PSS REMBIA","","Standalone","","","31 Jul 2018"
"01/07/2018 17:01","Purchase","'70838153003734983","WXR 5781","","PRIMAX 95","Billed","9.09","20.00","PSS LEBUH AMJ SG PETAI","","Standalone","","","31 Jul 2018"
"01/07/2018 16:59","Reload","'70838153003734983","WXR 5781","","","Billed","","-20.00","PSS LEBUH AMJ SG PETAI","","Standalone","","","31 Jul 2018"
"01/07/2018 08:24","Purchase","'70838153003734983","WXR 5781","","PRIMAX 95","Billed","22.73","50.00","PSS REMBIA","","Standalone","","","31 Jul 2018"
"01/07/2018 08:22","Reload","'70838153003734983","WXR 5781","","","Billed","","-30.00","PSS REMBIA","","Standalone","","","31 Jul 2018"