"Date Time","Transaction Type","Card Number","Vehicle Number","Driver Card Number","Product Type","Billing Type","Transaction Volume (Litres)","Transaction Amount (RM)","Station Name","Odometer","Card Type","Cost Centre","Cost Centre Name","Statement Month"
"30/07/2018 10:38","Purchase","'70838153003498340","WXR623","","PRIMAX 95","Billed","18.18","40.00","PSS BATU 2 MERU","","Standalone","","","31 Jul 2018"
"30/07/2018 10:37","Reload","'70838153003498340","WXR623","","","Billed","","-40.00","PSS BATU 2 MERU","","Standalone","","","31 Jul 2018"
"25/07/2018 20:06","Purchase","'70838153003498340","WXR623","","PRIMAX 95","Billed","18.18","40.00","PSS TEMASYA FEDERAL HIGHWAY","","Standalone","","","31 Jul 2018"
"25/07/2018 20:04","Reload","'70838153003498340","WXR623","","","Billed","","-40.00","PSS TEMASYA FEDERAL HIGHWAY","","Standalone","","","31 Jul 2018"
"20/07/2018 09:56","Purchase","'70838153003498340","WXR623","","PRIMAX 95","Billed","18.18","40.00","PSS SEK 17 SUBANG JAYA","","Standalone","","","31 Jul 2018"
"20/07/2018 09:54","Reload","'70838153003498340","WXR623","","","Billed","","-40.00","PSS SEK 17 SUBANG JAYA","","Standalone","","","31 Jul 2018"
"18/07/2018 15:10","Purchase","'70838153003498340","WXR623","","PRIMAX 95","Billed","18.18","40.00","PSS SG JATI","","Standalone","","","31 Jul 2018"
"16/07/2018 15:26","Purchase","'70838153003498340","WXR623","","PRIMAX 95","Billed","18.18","40.00","PSS BUKIT KEMUNING 2","","Standalone","","","31 Jul 2018"
"16/07/2018 15:23","Reload","'70838153003498340","WXR623","","","Billed","","-40.00","PSS BUKIT KEMUNING 2","","Standalone","","","31 Jul 2018"
"15/07/2018 17:48","Purchase","'70838153003498340","WXR623","","PRIMAX 95","Billed","18.18","40.00","PSS JALAN 222 PETALING JAYA","","Standalone","","","31 Jul 2018"
"15/07/2018 17:46","Reload","'70838153003498340","WXR623","","","Billed","","-40.00","PSS JALAN 222 PETALING JAYA","","Standalone","","","31 Jul 2018"
"12/07/2018 19:56","Purchase","'70838153003498340","WXR623","","PRIMAX 95","Billed","18.18","40.00","PSS BANDAR PUNCAK JALIL","","Standalone","","","31 Jul 2018"
"12/07/2018 19:54","Reload","'70838153003498340","WXR623","","","Billed","","-40.00","PSS BANDAR PUNCAK JALIL","","Standalone","","","31 Jul 2018"
"11/07/2018 00:14","Purchase","'70838153003498340","WXR623","","PRIMAX 95","Billed","18.18","40.00","PSS DESA MENTARI","","Standalone","","","31 Jul 2018"
"11/07/2018 00:11","Reload","'70838153003498340","WXR623","","","Billed","","-40.00","PSS DESA MENTARI","","Standalone","","","31 Jul 2018"
"09/07/2018 18:57","Purchase","'70838153003498340","WXR623","","PRIMAX 95","Billed","18.18","40.00","PSS JALAN PLUMBUM","","Standalone","","","31 Jul 2018"
"09/07/2018 18:54","Reload","'70838153003498340","WXR623","","","Billed","","-40.00","PSS JALAN PLUMBUM","","Standalone","","","31 Jul 2018"
"08/07/2018 02:18","Purchase","'70838153003498340","WXR623","","PRIMAX 95","Billed","18.18","40.00","PSS BATU 3 FEDERAL HIGHWAY","","Standalone","","","31 Jul 2018"
"08/07/2018 02:17","Reload","'70838153003498340","WXR623","","","Billed","","-40.00","PSS BATU 3 FEDERAL HIGHWAY","","Standalone","","","31 Jul 2018"
"06/07/2018 02:25","Purchase","'70838153003498340","WXR623","","PRIMAX 95","Billed","18.18","40.00","PSS BATU 3 FEDERAL HIGHWAY","","Standalone","","","31 Jul 2018"
"06/07/2018 02:24","Reload","'70838153003498340","WXR623","","","Billed","","-40.00","PSS BATU 3 FEDERAL HIGHWAY","","Standalone","","","31 Jul 2018"
"04/07/2018 15:51","Purchase","'70838153003498340","WXR623","","PRIMAX 95","Billed","18.18","40.00","PSS TAMAN SRI ANDALAS","","Standalone","","","31 Jul 2018"
"04/07/2018 15:50","Reload","'70838153003498340","WXR623","","","Billed","","-40.00","PSS TAMAN SRI ANDALAS","","Standalone","","","31 Jul 2018"
"02/07/2018 01:41","Purchase","'70838153003498340","WXR623","","PRIMAX 95","Billed","18.18","40.00","PSS BATU 3 FEDERAL HIGHWAY","","Standalone","","","31 Jul 2018"
"02/07/2018 01:40","Reload","'70838153003498340","WXR623","","","Billed","","-40.00","PSS BATU 3 FEDERAL HIGHWAY","","Standalone","","","31 Jul 2018"