"Date Time","Transaction Type","Card Number","Vehicle Number","Driver Card Number","Product Type","Billing Type","Transaction Volume (Litres)","Transaction Amount (RM)","Station Name","Odometer","Card Type","Cost Centre","Cost Centre Name","Statement Month"
"31/07/2018 22:39","Purchase","'70838153003925821","WXR 8751","","PRIMAX 95","Un-billed","11.36","25.00","PSS MRR2 BATU CAVES","","Standalone","","","Unbilled Transaction"
"31/07/2018 22:38","Reload","'70838153003925821","WXR 8751","","","Un-billed","","-25.00","PSS MRR2 BATU CAVES","","Standalone","","","Unbilled Transaction"
"31/07/2018 08:08","Purchase","'70838153003925821","WXR 8751","","PRIMAX 95","Billed","7.73","17.00","PSS TAMAN DAYA KEPONG","","Standalone","","","31 Jul 2018"
"28/07/2018 17:53","Purchase","'70838153003925821","WXR 8751","","PRIMAX 95","Billed","15.00","33.00","PSS NKVE (SUBANG TOLL)","","Standalone","","","31 Jul 2018"
"28/07/2018 17:52","Reload","'70838153003925821","WXR 8751","","","Billed","","-50.00","PSS NKVE (SUBANG TOLL)","","Standalone","","","31 Jul 2018"
"21/07/2018 15:24","Purchase","'70838153003925821","WXR 8751","","PRIMAX 95","Billed","13.64","30.00","PSS MANJALARA","","Standalone","","","31 Jul 2018"
"21/07/2018 15:21","Reload","'70838153003925821","WXR 8751","","","Billed","","-30.00","PSS MANJALARA","","Standalone","","","31 Jul 2018"
"18/07/2018 20:27","Purchase","'70838153003925821","WXR 8751","","PRIMAX 95","Billed","16.37","36.00","PSS TAMAN DAYA KEPONG","","Standalone","","","31 Jul 2018"
"16/07/2018 08:50","Purchase","'70838153003925821","WXR 8751","","PRIMAX 95","Billed","10.00","22.00","PSS MANJALARA","","Standalone","","","31 Jul 2018"
"16/07/2018 08:48","Reload","'70838153003925821","WXR 8751","","","Billed","","-50.00","PSS MANJALARA","","Standalone","","","31 Jul 2018"
"14/07/2018 11:27","Purchase","'70838153003925821","WXR 8751","","PRIMAX 95","Billed","10.00","22.00","PSS MANJALARA","","Standalone","","","31 Jul 2018"
"14/07/2018 11:24","Reload","'70838153003925821","WXR 8751","","","Billed","","-30.00","PSS MANJALARA","","Standalone","","","31 Jul 2018"
"12/07/2018 22:21","Purchase","'70838153003925821","WXR 8751","","PRIMAX 95","Billed","9.09","20.00","PSS MANJALARA","","Standalone","","","31 Jul 2018"