"Date Time","Transaction Type","Card Number","Vehicle Number","Driver Card Number","Product Type","Billing Type","Transaction Volume (Litres)","Transaction Amount (RM)","Station Name","Odometer","Card Type","Cost Centre","Cost Centre Name","Statement Month"
"29/07/2018 18:22","Purchase","'70838153003422845","WXR77","","PRIMAX 95","Billed","22.85","50.26","PSS BANDAR BEHRANG","","Standalone","","","31 Jul 2018"
"29/07/2018 18:21","Reload","'70838153003422845","WXR77","","","Billed","","-100.00","PSS BANDAR BEHRANG","","Standalone","","","31 Jul 2018"
"28/07/2018 14:43","Purchase","'70838153003422845","WXR77","","PRIMAX 95","Billed","17.98","39.56","PSS TANDOP","","Standalone","","","31 Jul 2018"
"27/07/2018 13:08","Purchase","'70838153003422845","WXR77","","PRIMAX 95","Billed","27.47","60.44","PSS TAMAN SRI GOMBAK","","Standalone","","","31 Jul 2018"
"27/07/2018 13:07","Reload","'70838153003422845","WXR77","","","Billed","","-100.00","PSS TAMAN SRI GOMBAK","","Standalone","","","31 Jul 2018"
"23/07/2018 11:51","Purchase","'70838153003422845","WXR77","","PRIMAX 95","Billed","8.91","19.61","PSS LT911 ULU KLANG MRR2","","Standalone","","","31 Jul 2018"
"19/07/2018 17:50","Purchase","'70838153003422845","WXR77","","PRIMAX 95","Billed","9.25","20.36","PSS JALAN BUKIT BELACAN","","Standalone","","","31 Jul 2018"
"14/07/2018 11:16","Purchase","'70838153003422845","WXR77","","PRIMAX 95","Billed","27.29","60.03","PSS BANDAR BARU NILAI","","Standalone","","","31 Jul 2018"
"14/07/2018 11:14","Reload","'70838153003422845","WXR77","","","Billed","","-100.00","PSS BANDAR BARU NILAI","","Standalone","","","31 Jul 2018"
"08/07/2018 08:54","Purchase","'70838153003422845","WXR77","","PRIMAX 95","Billed","5.90","12.97","PSS BUKIT NANDING","","Standalone","","","31 Jul 2018"