"Date Time","Transaction Type","Card Number","Vehicle Number","Driver Card Number","Product Type","Billing Type","Transaction Volume (Litres)","Transaction Amount (RM)","Station Name","Odometer","Card Type","Cost Centre","Cost Centre Name","Statement Month"
"25/07/2018 17:28","Purchase","'70838153003874680","WXR 6625","","PRIMAX 95","Billed","7.73","17.00","PSS BATU 5 1/2 JALAN CHERAS","","Standalone","","","31 Jul 2018"
"23/07/2018 20:29","Purchase","'70838153003874680","WXR 6625","","PRIMAX 95","Billed","15.00","33.00","PSS LOT 4783 BUKIT JALIL","","Standalone","","","31 Jul 2018"
"23/07/2018 20:26","Reload","'70838153003874680","WXR 6625","","","Billed","","-50.00","PSS LOT 4783 BUKIT JALIL","","Standalone","","","31 Jul 2018"
"15/07/2018 21:39","Purchase","'70838153003874680","WXR 6625","","PRIMAX 95","Billed","9.09","20.00","PSS BUKIT JALIL TAMAN TEKNOLOGI MSIA 2","","Standalone","","","31 Jul 2018"
"14/07/2018 16:35","Purchase","'70838153003874680","WXR 6625","","PRIMAX 95","Billed","13.64","30.00","PSS BUKIT JALIL TAMAN TEKNOLOGI MSIA 2","","Standalone","","","31 Jul 2018"
"14/07/2018 16:34","Reload","'70838153003874680","WXR 6625","","","Billed","","-50.00","PSS BUKIT JALIL TAMAN TEKNOLOGI MSIA 2","","Standalone","","","31 Jul 2018"
"13/07/2018 15:47","Purchase","'70838153003874680","WXR 6625","","PRIMAX 95","Billed","9.09","20.00","PSS LOT 4783 BUKIT JALIL","","Standalone","","","31 Jul 2018"