"Date Time","Transaction Type","Card Number","Vehicle Number","Driver Card Number","Product Type","Billing Type","Transaction Volume (Litres)","Transaction Amount (RM)","Station Name","Odometer","Card Type","Cost Centre","Cost Centre Name","Statement Month"
"30/07/2018 10:09","Purchase","'70838153003713300","WXR 4018","","PRIMAX 95","Billed","33.18","73.00","PSS BT 9 TANJUNG KARANG","","Standalone","","","31 Jul 2018"
"27/07/2018 11:07","Purchase","'70838153003713300","WXR 4018","","PRIMAX 95","Billed","31.82","70.01","PSS BT 9 TANJUNG KARANG","","Standalone","","","31 Jul 2018"
"27/07/2018 11:06","Reload","'70838153003713300","WXR 4018","","","Billed","","-500.00","PSS BT 9 TANJUNG KARANG","","Standalone","","","31 Jul 2018"
"21/07/2018 10:58","Purchase","'70838153003713300","WXR 4018","","PRIMAX 95","Billed","26.98","59.36","PSS BT 9 TANJUNG KARANG","","Standalone","","","31 Jul 2018"
"20/07/2018 16:44","Purchase","'70838153003713300","WXR 4018","","PRIMAX 95","Billed","36.53","80.36","PSS BT 9 TANJUNG KARANG","","Standalone","","","31 Jul 2018"
"15/07/2018 19:43","Purchase","'70838153003713300","WXR 4018","","PRIMAX 95","Billed","33.78","74.32","PSS BT 9 TANJUNG KARANG","","Standalone","","","31 Jul 2018"
"11/07/2018 13:09","Purchase","'70838153003713300","WXR 4018","","PRIMAX 95","Billed","36.09","79.40","PSS  LATAR 2 (KLS ARAH KL)","","Standalone","","","31 Jul 2018"
"06/07/2018 11:05","Purchase","'70838153003713300","WXR 4018","","PRIMAX 95","Billed","29.50","64.90","PSS BT 9 TANJUNG KARANG","","Standalone","","","31 Jul 2018"
"06/07/2018 11:03","Reload","'70838153003713300","WXR 4018","","","Billed","","-300.00","PSS BT 9 TANJUNG KARANG","","Standalone","","","31 Jul 2018"
"03/07/2018 14:59","Purchase","'70838153003713300","WXR 4018","","PRIMAX 95","Billed","31.41","69.10","PSS TANJUNG KARANG 2","","Standalone","","","31 Jul 2018"