"Date Time","Transaction Type","Card Number","Vehicle Number","Driver Card Number","Product Type","Billing Type","Transaction Volume (Litres)","Transaction Amount (RM)","Station Name","Odometer","Card Type","Cost Centre","Cost Centre Name","Statement Month"
"31/07/2018 10:17","Purchase","'70838153003710421","WXR 4528","","PRIMAX 95","Billed","15.00","33.00","PSS HULU KELANG","","Standalone","","","31 Jul 2018"
"31/07/2018 10:16","Reload","'70838153003710421","WXR 4528","","","Billed","","-30.00","PSS HULU KELANG","","Standalone","","","31 Jul 2018"
"26/07/2018 18:19","Purchase","'70838153003710421","WXR 4528","","PRIMAX 95","Billed","15.00","33.00","PSS HULU KELANG","","Standalone","","","31 Jul 2018"
"26/07/2018 18:18","Reload","'70838153003710421","WXR 4528","","","Billed","","-40.00","PSS HULU KELANG","","Standalone","","","31 Jul 2018"
"25/07/2018 16:51","Purchase","'70838153003710421","WXR 4528","","PRIMAX 95","Billed","15.00","33.00","PSS MUTIARA DAMANSARA","","Standalone","","","31 Jul 2018"
"25/07/2018 16:49","Reload","'70838153003710421","WXR 4528","","","Billed","","-20.00","PSS MUTIARA DAMANSARA","","Standalone","","","31 Jul 2018"
"23/07/2018 16:20","Purchase","'70838153003710421","WXR 4528","","PRIMAX 95","Billed","15.00","33.00","PSS MANJALARA","","Standalone","","","31 Jul 2018"
"23/07/2018 16:18","Reload","'70838153003710421","WXR 4528","","","Billed","","-50.00","PSS MANJALARA","","Standalone","","","31 Jul 2018"
"12/07/2018 17:35","Purchase","'70838153003710421","WXR 4528","","PRIMAX 95","Billed","10.00","22.00","PSS HULU KELANG","","Standalone","","","31 Jul 2018"
"12/07/2018 17:34","Reload","'70838153003710421","WXR 4528","","","Billed","","-22.00","PSS HULU KELANG","","Standalone","","","31 Jul 2018"
"05/07/2018 18:13","Purchase","'70838153003710421","WXR 4528","","PRIMAX 95","Billed","15.00","33.00","PSS HULU KELANG","","Standalone","","","31 Jul 2018"
"05/07/2018 18:11","Reload","'70838153003710421","WXR 4528","","","Billed","","-23.00","PSS HULU KELANG","","Standalone","","","31 Jul 2018"
"04/07/2018 17:41","Purchase","'70838153003710421","WXR 4528","","PRIMAX 95","Billed","9.09","20.00","PSS HULU KELANG","","Standalone","","","31 Jul 2018"
"04/07/2018 17:37","Reload","'70838153003710421","WXR 4528","","","Billed","","-30.00","PSS HULU KELANG","","Standalone","","","31 Jul 2018"