"Date Time","Transaction Type","Card Number","Vehicle Number","Driver Card Number","Product Type","Billing Type","Transaction Volume (Litres)","Transaction Amount (RM)","Station Name","Odometer","Card Type","Cost Centre","Cost Centre Name","Statement Month"
"31/07/2018 12:30","Purchase","'70838153003857032","WXR 6111","","PRIMAX 95","Billed","27.27","60.00","PSS Batu 5 Gombak 2","1234","Standalone","","","31 Jul 2018"
"27/07/2018 08:50","Purchase","'70838153003857032","WXR 6111","","PRIMAX 95","Billed","22.73","50.00","PSS JALAN GOMBAK","","Standalone","","","31 Jul 2018"
"20/07/2018 14:38","Purchase","'70838153003857032","WXR 6111","","PRIMAX 95","Billed","22.73","50.00","PSS JALAN TUN RAZAK","","Standalone","","","31 Jul 2018"
"11/07/2018 08:04","Purchase","'70838153003857032","WXR 6111","","PRIMAX 95","Billed","31.82","70.00","PSS BATU 5 GOMBAK","","Standalone","","","31 Jul 2018"
"11/07/2018 08:01","Reload","'70838153003857032","WXR 6111","","","Billed","","-200.00","PSS BATU 5 GOMBAK","","Standalone","","","31 Jul 2018"
"07/07/2018 13:54","Purchase","'70838153003857032","WXR 6111","","PRIMAX 95","Billed","22.73","50.00","PSS BATU 5 GOMBAK","","Standalone","","","31 Jul 2018"
"07/07/2018 13:50","Reload","'70838153003857032","WXR 6111","","","Billed","","-50.00","PSS BATU 5 GOMBAK","","Standalone","","","31 Jul 2018"