"Date Time","Transaction Type","Card Number","Vehicle Number","Driver Card Number","Product Type","Billing Type","Transaction Volume (Litres)","Transaction Amount (RM)","Station Name","Odometer","Card Type","Cost Centre","Cost Centre Name","Statement Month"
"14/07/2018 13:34","Purchase","'70838153003580980","WXR1072","","PRIMAX 95","Billed","40.49","89.08","PSS PUCHONG GATEWAY","","Standalone","","","31 Jul 2018"
"14/07/2018 13:32","Reload","'70838153003580980","WXR1072","","","Billed","","-80.00","PSS PUCHONG GATEWAY","","Standalone","","","31 Jul 2018"
"08/07/2018 19:16","Purchase","'70838153003580980","WXR1072","","PRIMAX 95","Billed","22.73","50.00","PSS SEK 26 SHAH ALAM","","Standalone","","","31 Jul 2018"
"08/07/2018 19:15","Reload","'70838153003580980","WXR1072","","","Billed","","-50.00","PSS SEK 26 SHAH ALAM","","Standalone","","","31 Jul 2018"
"07/07/2018 17:08","Purchase","'70838153003580980","WXR1072","","PRIMAX 95","Billed","22.73","50.00","PSS PUCHONG GATEWAY","","Standalone","","","31 Jul 2018"
"07/07/2018 17:06","Reload","'70838153003580980","WXR1072","","","Billed","","-50.00","PSS PUCHONG GATEWAY","","Standalone","","","31 Jul 2018"