"Date Time","Transaction Type","Card Number","Vehicle Number","Driver Card Number","Product Type","Billing Type","Transaction Volume (Litres)","Transaction Amount (RM)","Station Name","Odometer","Card Type","Cost Centre","Cost Centre Name","Statement Month"
"28/07/2018 10:06","Purchase","'70838153003497706","WXR407","","PRIMAX 95","Billed","13.64","30.00","PSS JALAN SULTAN AZLAN SHAH","","Standalone","","","31 Jul 2018"
"28/07/2018 10:04","Reload","'70838153003497706","WXR407","","","Billed","","-30.00","PSS JALAN SULTAN AZLAN SHAH","","Standalone","","","31 Jul 2018"
"24/07/2018 15:43","Purchase","'70838153003497706","WXR407","","PRIMAX 95","Billed","13.64","30.00","PSS TAMAN PUTRA INDAH","","Standalone","","","31 Jul 2018"
"24/07/2018 15:40","Reload","'70838153003497706","WXR407","","","Billed","","-30.00","PSS TAMAN PUTRA INDAH","","Standalone","","","31 Jul 2018"
"20/07/2018 20:35","Purchase","'70838153003497706","WXR407","","PRIMAX 95","Billed","13.64","30.00","PSS TAMAN PUTRA INDAH","","Standalone","","","31 Jul 2018"
"20/07/2018 20:33","Reload","'70838153003497706","WXR407","","","Billed","","-30.00","PSS TAMAN PUTRA INDAH","","Standalone","","","31 Jul 2018"
"17/07/2018 11:55","Purchase","'70838153003497706","WXR407","","PRIMAX 95","Un-billed","13.64","30.00","PSS TAMAN PUTRA INDAH","","Standalone","","","Unbilled Transaction"
"17/07/2018 11:51","Reload","'70838153003497706","WXR407","","","Billed","","-30.00","PSS TAMAN PUTRA INDAH","","Standalone","","","31 Jul 2018"
"11/07/2018 15:08","Purchase","'70838153003497706","WXR407","","PRIMAX 95","Billed","13.64","30.00","PSS TAMAN PUTRA INDAH","","Standalone","","","31 Jul 2018"
"11/07/2018 15:06","Reload","'70838153003497706","WXR407","","","Billed","","-30.00","PSS TAMAN PUTRA INDAH","","Standalone","","","31 Jul 2018"
"06/07/2018 16:56","Purchase","'70838153003497706","WXR407","","PRIMAX 95","Billed","13.64","30.00","PSS TAMAN PUTRA INDAH","","Standalone","","","31 Jul 2018"
"06/07/2018 16:54","Reload","'70838153003497706","WXR407","","","Billed","","-20.00","PSS TAMAN PUTRA INDAH","","Standalone","","","31 Jul 2018"
"02/07/2018 23:14","Purchase","'70838153003497706","WXR407","","PRIMAX 95","Billed","13.64","30.00","PSS BANDAR MERU RAYA","","Standalone","","","31 Jul 2018"
"02/07/2018 21:44","Reload","'70838153003497706","WXR407","","","Billed","","-40.00","PSS TASEK","","Standalone","","","31 Jul 2018"