"Date Time","Transaction Type","Card Number","Vehicle Number","Driver Card Number","Product Type","Billing Type","Transaction Volume (Litres)","Transaction Amount (RM)","Station Name","Odometer","Card Type","Cost Centre","Cost Centre Name","Statement Month"
"26/07/2018 19:48","Purchase","'70838153003500459","WXR952","","PRIMAX 95","Billed","22.73","50.00","PSS LEBUHRAYA PASIR GUDANG 3","","Standalone","","","31 Jul 2018"
"26/07/2018 19:47","Reload","'70838153003500459","WXR952","","","Billed","","-40.00","PSS LEBUHRAYA PASIR GUDANG 3","","Standalone","","","31 Jul 2018"
"21/07/2018 21:09","Purchase","'70838153003500459","WXR952","","PRIMAX 95","Billed","22.73","50.00","PSS PARIT SULONG","","Standalone","","","31 Jul 2018"
"21/07/2018 21:08","Reload","'70838153003500459","WXR952","","","Billed","","-50.00","PSS PARIT SULONG","","Standalone","","","31 Jul 2018"
"19/07/2018 16:52","Purchase","'70838153003500459","WXR952","","PRIMAX 95","Billed","22.73","50.00","PSS SKUDAI RSA","","Standalone","","","31 Jul 2018"
"19/07/2018 16:50","Reload","'70838153003500459","WXR952","","","Billed","","-50.00","PSS SKUDAI RSA","","Standalone","","","31 Jul 2018"