"Date Time","Transaction Type","Card Number","Vehicle Number","Driver Card Number","Product Type","Billing Type","Transaction Volume (Litres)","Transaction Amount (RM)","Station Name","Odometer","Card Type","Cost Centre","Cost Centre Name","Statement Month"
"30/07/2018 16:16","Purchase","'70838153003582275","WXR1151","","PRIMAX 95","Billed","47.31","104.08","PSS BUKIT ANTARABANGSA","","Standalone","","","31 Jul 2018"
"20/07/2018 14:19","Purchase","'70838153003582275","WXR1151","","PRIMAX 95","Billed","13.64","30.00","PSS HULU KELANG","","Standalone","","","31 Jul 2018"
"19/07/2018 23:23","Purchase","'70838153003582275","WXR1151","","PRIMAX 95","Billed","12.05","26.50","PSS LT911 ULU KLANG MRR2","","Standalone","","","31 Jul 2018"
"18/07/2018 09:22","Purchase","'70838153003582275","WXR1151","","PRIMAX 95","Billed","30.46","67.00","PSS WANGSA MELAWATI","","Standalone","","","31 Jul 2018"
"15/07/2018 19:00","Purchase","'70838153003582275","WXR1151","","PRIMAX 95","Billed","47.00","103.40","PSS BUKIT ANTARABANGSA","","Standalone","","","31 Jul 2018"
"15/07/2018 18:59","Reload","'70838153003582275","WXR1151","","","Billed","","-300.00","PSS BUKIT ANTARABANGSA","","Standalone","","","31 Jul 2018"
"14/07/2018 11:43","Purchase","'70838153003582275","WXR1151","","PRIMAX 95","Billed","28.64","63.00","PSS BUKIT ANTARABANGSA","","Standalone","","","31 Jul 2018"
"12/07/2018 22:03","Purchase","'70838153003582275","WXR1151","","PRIMAX 95","Billed","48.19","106.02","PSS BUKIT ANTARABANGSA","","Standalone","","","31 Jul 2018"
"12/07/2018 21:30","Reload","'70838153003582275","WXR1151","","","Billed","","-200.00","PSS BUKIT ANTARABANGSA","","Standalone","","","31 Jul 2018"
"11/07/2018 10:10","Purchase","'70838153003582275","WXR1151","","PRIMAX 95","Billed","39.88","87.74","PSS BUKIT ANTARABANGSA","","Standalone","","","31 Jul 2018"
"08/07/2018 10:39","Purchase","'70838153003582275","WXR1151","","PRIMAX 95","Billed","45.00","99.00","PSS BUKIT ANTARABANGSA","","Standalone","","","31 Jul 2018"
"04/07/2018 22:15","Purchase","'70838153003582275","WXR1151","","PRIMAX 95","Billed","51.48","113.26","PSS BUKIT ANTARABANGSA","","Standalone","","","31 Jul 2018"
"04/07/2018 22:14","Reload","'70838153003582275","WXR1151","","","Billed","","-300.00","PSS BUKIT ANTARABANGSA","","Standalone","","","31 Jul 2018"
"04/07/2018 13:07","Purchase","'70838153003582275","WXR1151","","PRIMAX 95","Billed","4.50","9.90","PSS BUKIT ANTARABANGSA","","Standalone","","","31 Jul 2018"