"Date Time","Transaction Type","Card Number","Vehicle Number","Driver Card Number","Product Type","Billing Type","Transaction Volume (Litres)","Transaction Amount (RM)","Station Name","Odometer","Card Type","Cost Centre","Cost Centre Name","Statement Month"
"21/07/2018 20:24","Purchase","'70838153003498738","WXR440","","PRIMAX 95","Billed","1.35","2.98","PSS KOTA MASAI 2","9","Standalone","","","31 Jul 2018"
"19/07/2018 22:34","Purchase","'70838153003498738","WXR440","","PRIMAX 95","Billed","21.37","47.02","PSS BAYU SENIBONG","9","Standalone","","","31 Jul 2018"
"19/07/2018 22:32","Reload","'70838153003498738","WXR440","","","Billed","","-50.00","PSS BAYU SENIBONG","","Standalone","","","31 Jul 2018"
"07/07/2018 16:53","Purchase","'70838153003498738","WXR440","","PRIMAX 95","Billed","20.40","44.88","PSS KL-KARAK","","Standalone","","","31 Jul 2018"
"06/07/2018 15:39","Purchase","'70838153003498738","WXR440","","PRIMAX 95","Billed","31.20","68.64","PSS CHENG","","Standalone","","","31 Jul 2018"
"05/07/2018 14:11","Reload","'70838153003498738","WXR440","","","Billed","","-100.00","PSS AIR KEROH RSA NORTH BOUND","","Standalone","","","31 Jul 2018"