"Date Time","Transaction Type","Card Number","Vehicle Number","Driver Card Number","Product Type","Billing Type","Transaction Volume (Litres)","Transaction Amount (RM)","Station Name","Odometer","Card Type","Cost Centre","Cost Centre Name","Statement Month"
"13/07/2018 09:44","Purchase","'70838153003666631","WXR2003","","Diesel","Billed","11.64","25.38","PSS FAS","302042","Standalone","","","31 Jul 2018"
"12/07/2018 08:41","Purchase","'70838153003666631","WXR2003","","Diesel","Billed","78.66","171.48","PSS BAKAR ARANG SG PETANI","","Standalone","","","31 Jul 2018"
"11/07/2018 20:44","Purchase","'70838153003666631","WXR2003","","Diesel","Billed","27.52","60.00","PSS JALAN PLUMBUM","","Standalone","","","31 Jul 2018"
"10/07/2018 23:33","Purchase","'70838153003666631","WXR2003","","Diesel","Billed","64.23","140.03","PSS GAMBANG RSA WEST","","Standalone","","","31 Jul 2018"
"10/07/2018 10:46","Purchase","'70838153003666631","WXR2003","","Diesel","Billed","81.23","177.08","PSS KERTEH 2","299885","Standalone","","","31 Jul 2018"
"09/07/2018 18:02","Purchase","'70838153003666631","WXR2003","","Diesel","Billed","71.57","156.02","PSS JALAN PLUMBUM","299885","Standalone","","","31 Jul 2018"
"07/07/2018 13:39","Purchase","'70838153003666631","WXR2003","","Diesel","Billed","68.81","150.01","PSS TMN BUKIT DAHLIA","299335","Standalone","","","31 Jul 2018"
"07/07/2018 01:23","Purchase","'70838153003666631","WXR2003","","Diesel","Billed","55.05","120.01","PSS BATU 3 FEDERAL HIGHWAY","29891","Standalone","","","31 Jul 2018"
"07/07/2018 01:20","Reload","'70838153003666631","WXR2003","","","Billed","","-1,000.00","PSS BATU 3 FEDERAL HIGHWAY","","Standalone","","","31 Jul 2018"
"06/07/2018 22:13","Purchase","'70838153003666631","WXR2003","","Diesel","Billed","23.73","51.72","PSS JALAN PLUMBUM","29888","Standalone","","","31 Jul 2018"