"Date Time","Transaction Type","Card Number","Vehicle Number","Driver Card Number","Product Type","Billing Type","Transaction Volume (Litres)","Transaction Amount (RM)","Station Name","Odometer","Card Type","Cost Centre","Cost Centre Name","Statement Month"
"25/07/2018 10:18","Reload","'70838153003583810","WXR1469","","","Billed","","-50.00","PSS BUKIT BANDAR RAYA","","Standalone","","","31 Jul 2018"
"24/07/2018 09:19","Reload","'70838153003583810","WXR1469","","","Billed","","-50.00","PSS TAMAN DAGANG","","Standalone","","","31 Jul 2018"
"24/07/2018 09:17","Purchase","'70838153003583810","WXR1469","","PRIMAX 97","Billed","7.04","18.01","PSS TAMAN DAGANG","","Standalone","","","31 Jul 2018"
"19/07/2018 10:01","Reload","'70838153003583810","WXR1469","","","Billed","","-50.00","PSS BUKIT BANDAR RAYA","","Standalone","","","31 Jul 2018"
"10/07/2018 12:26","Reload","'70838153003583810","WXR1469","","","Billed","","-50.00","PSS TAMAN DAGANG","","Standalone","","","31 Jul 2018"
"10/07/2018 12:22","Purchase","'70838153003583810","WXR1469","","PRIMAX 97","Billed","3.10","8.00","PSS TAMAN DAGANG","","Standalone","","","31 Jul 2018"
"09/07/2018 13:07","Reload","'70838153003583810","WXR1469","","","Billed","","-100.00","PSS TAMAN DAGANG","","Standalone","","","31 Jul 2018"