"Date Time","Transaction Type","Card Number","Vehicle Number","Driver Card Number","Product Type","Billing Type","Transaction Volume (Litres)","Transaction Amount (RM)","Station Name","Odometer","Card Type","Cost Centre","Cost Centre Name","Statement Month"
"19/07/2018 07:14","Purchase","'70838153003732334","WXR 6018","","PRIMAX 97","Billed","2.35","6.00","PSS TMN EQUINE SERI KEMBANGAN","","Standalone","","","31 Jul 2018"
"17/07/2018 07:15","Purchase","'70838153003732334","WXR 6018","","PRIMAX 97","Billed","3.75","9.70","PSS TMN EQUINE SERI KEMBANGAN","","Standalone","","","31 Jul 2018"
"15/07/2018 14:19","Purchase","'70838153003732334","WXR 6018","","PRIMAX 97","Billed","3.48","9.01","PSS PUTERA BUDIMAN","","Standalone","","","31 Jul 2018"
"15/07/2018 14:18","Reload","'70838153003732334","WXR 6018","","","Billed","","-20.00","PSS PUTERA BUDIMAN","","Standalone","","","31 Jul 2018"
"12/07/2018 16:26","Purchase","'70838153003732334","WXR 6018","","PRIMAX 97","Billed","3.86","10.00","PSS SALAK JAYA","","Standalone","","","31 Jul 2018"
"10/07/2018 07:39","Purchase","'70838153003732334","WXR 6018","","PRIMAX 97","Billed","3.80","9.80","PSS SALAK SOUTH","","Standalone","","","31 Jul 2018"
"08/07/2018 14:25","Reload","'70838153003732334","WXR 6018","","","Billed","","-20.00","PSS PUTERA BUDIMAN","","Standalone","","","31 Jul 2018"
"08/07/2018 14:22","Purchase","'70838153003732334","WXR 6018","","PRIMAX 97","Billed","3.49","9.00","PSS PUTERA BUDIMAN","","Standalone","","","31 Jul 2018"
"02/07/2018 13:52","Purchase","'70838153003732334","WXR 6018","","PRIMAX 95","Billed","2.27","5.00","PSS TMN EQUINE SERI KEMBANGAN","","Standalone","","","31 Jul 2018"