"Date Time","Transaction Type","Card Number","Vehicle Number","Driver Card Number","Product Type","Billing Type","Transaction Volume (Litres)","Transaction Amount (RM)","Station Name","Odometer","Card Type","Cost Centre","Cost Centre Name","Statement Month"
"29/07/2018 15:54","Purchase","'70838153003500079","WXR666","","PRIMAX 95","Billed","22.73","50.00","PSS TAMAN DAYA","","Standalone","","","31 Jul 2018"
"29/07/2018 15:52","Reload","'70838153003500079","WXR666","","","Billed","","-50.00","PSS TAMAN DAYA","","Standalone","","","31 Jul 2018"
"28/07/2018 21:46","Purchase","'70838153003500079","WXR666","","PRIMAX 95","Billed","22.73","50.00","PSS TAMAN SETIA INDAH","","Standalone","","","31 Jul 2018"
"28/07/2018 21:45","Reload","'70838153003500079","WXR666","","","Billed","","-50.00","PSS TAMAN SETIA INDAH","","Standalone","","","31 Jul 2018"
"27/07/2018 18:35","Purchase","'70838153003500079","WXR666","","PRIMAX 95","Billed","45.46","100.00","PSS JALAN MENGKIBOL KLUANG","","Standalone","","","31 Jul 2018"
"27/07/2018 18:34","Reload","'70838153003500079","WXR666","","","Billed","","-100.00","PSS JALAN MENGKIBOL KLUANG","","Standalone","","","31 Jul 2018"
"26/07/2018 07:14","Purchase","'70838153003500079","WXR666","","PRIMAX 95","Billed","31.82","70.00","PSS TAMAN DAYA","","Standalone","","","31 Jul 2018"
"26/07/2018 07:13","Reload","'70838153003500079","WXR666","","","Billed","","-70.00","PSS TAMAN DAYA","","Standalone","","","31 Jul 2018"
"22/07/2018 11:18","Purchase","'70838153003500079","WXR666","","PRIMAX 95","Billed","22.73","50.00","PSS TAMAN DAYA","","Standalone","","","31 Jul 2018"
"22/07/2018 11:16","Reload","'70838153003500079","WXR666","","","Billed","","-50.00","PSS TAMAN DAYA","","Standalone","","","31 Jul 2018"
"20/07/2018 15:08","Purchase","'70838153003500079","WXR666","","PRIMAX 95","Billed","22.73","50.00","PSS JALAN ULU TIRAM","","Standalone","","","31 Jul 2018"
"18/07/2018 18:21","Purchase","'70838153003500079","WXR666","","PRIMAX 95","Billed","22.73","50.00","PSS TAMAN SETIA INDAH","","Standalone","","","31 Jul 2018"
"18/07/2018 18:20","Reload","'70838153003500079","WXR666","","","Billed","","-100.00","PSS TAMAN SETIA INDAH","","Standalone","","","31 Jul 2018"
"14/07/2018 19:16","Purchase","'70838153003500079","WXR666","","PRIMAX 95","Billed","22.73","50.00","PSS JLN SETIA 3","","Standalone","","","31 Jul 2018"
"14/07/2018 17:40","Purchase","'70838153003500079","WXR666","","PRIMAX 95","Billed","22.73","50.00","PSS TAMAN DAYA","","Standalone","","","31 Jul 2018"
"14/07/2018 17:38","Reload","'70838153003500079","WXR666","","","Billed","","-100.00","PSS TAMAN DAYA","","Standalone","","","31 Jul 2018"
"10/07/2018 21:03","Purchase","'70838153003500079","WXR666","","PRIMAX 95","Billed","22.73","50.00","PSS TAMAN SETIA INDAH","","Standalone","","","31 Jul 2018"
"10/07/2018 21:01","Reload","'70838153003500079","WXR666","","","Billed","","-50.00","PSS TAMAN SETIA INDAH","","Standalone","","","31 Jul 2018"
"07/07/2018 16:50","Purchase","'70838153003500079","WXR666","","PRIMAX 95","Billed","22.73","50.00","PSS JALAN MENGKIBOL KLUANG","","Standalone","","","31 Jul 2018"
"07/07/2018 16:48","Reload","'70838153003500079","WXR666","","","Billed","","-50.00","PSS JALAN MENGKIBOL KLUANG","","Standalone","","","31 Jul 2018"
"03/07/2018 22:00","Purchase","'70838153003500079","WXR666","","PRIMAX 95","Billed","22.73","50.00","PSS TAMAN SETIA INDAH","","Standalone","","","31 Jul 2018"
"03/07/2018 21:59","Reload","'70838153003500079","WXR666","","","Billed","","-50.00","PSS TAMAN SETIA INDAH","","Standalone","","","31 Jul 2018"
"01/07/2018 15:54","Purchase","'70838153003500079","WXR666","","PRIMAX 95","Billed","13.64","30.00","PSS TAMAN DAYA","","Standalone","","","31 Jul 2018"