"Date Time","Transaction Type","Card Number","Vehicle Number","Driver Card Number","Product Type","Billing Type","Transaction Volume (Litres)","Transaction Amount (RM)","Station Name","Odometer","Card Type","Cost Centre","Cost Centre Name","Statement Month"
"09/07/2018 09:42","Purchase","'70838153003856380","WXR 6184","","PRIMAX 95","Billed","2.27","5.00","PSS JALAN JAMBU JERTEH","","Standalone","","","31 Jul 2018"
"08/07/2018 08:37","Purchase","'70838153003856380","WXR 6184","","PRIMAX 95","Billed","2.27","5.00","PSS JINJANG","","Standalone","","","31 Jul 2018"
"07/07/2018 12:11","Reload","'70838153003856380","WXR 6184","","","Billed","","-10.00","PSS JALAN JAMBU JERTEH","","Standalone","","","31 Jul 2018"
"06/07/2018 17:29","Purchase","'70838153003856380","WXR 6184","","PRIMAX 95","Billed","1.83","4.02","PSS JALAN JAMBU JERTEH","","Standalone","","","31 Jul 2018"
"06/07/2018 08:22","Purchase","'70838153003856380","WXR 6184","","PRIMAX 95","Billed","2.27","5.00","PSS JALAN JAMBU JERTEH","","Standalone","","","31 Jul 2018"
"05/07/2018 07:27","Purchase","'70838153003856380","WXR 6184","","PRIMAX 95","Billed","1.36","3.00","PSS JINJANG","","Standalone","","","31 Jul 2018"
"03/07/2018 07:17","Purchase","'70838153003856380","WXR 6184","","PRIMAX 95","Billed","2.27","5.00","PSS JINJANG","","Standalone","","","31 Jul 2018"