"Date Time","Transaction Type","Card Number","Vehicle Number","Driver Card Number","Product Type","Billing Type","Transaction Volume (Litres)","Transaction Amount (RM)","Station Name","Odometer","Card Type","Cost Centre","Cost Centre Name","Statement Month"
"30/07/2018 18:44","Purchase","'70838153003424726","WXR133","","Diesel","Billed","9.17","20.00","PSS SUNGAI RAMBAI","13332","Standalone","","","31 Jul 2018"
"27/07/2018 22:03","Purchase","'70838153003424726","WXR133","","PRIMAX 95","Billed","22.73","50.00","PSS TAPAH ARAH UTARA","13344","Standalone","","","31 Jul 2018"
"27/07/2018 17:50","Purchase","'70838153003424726","WXR133","","PRIMAX 95","Billed","22.73","50.00","PSS SUNGAI RAMBAI","13333","Standalone","","","31 Jul 2018"
"27/07/2018 17:48","Reload","'70838153003424726","WXR133","","","Billed","","-100.00","PSS SUNGAI RAMBAI","","Standalone","","","31 Jul 2018"
"22/07/2018 12:36","Purchase","'70838153003424726","WXR133","","PRIMAX 95","Billed","18.18","40.00","PSS MERLIMAU","13344","Standalone","","","31 Jul 2018"
"22/07/2018 12:35","Reload","'70838153003424726","WXR133","","","Billed","","-50.00","PSS MERLIMAU","","Standalone","","","31 Jul 2018"
"21/07/2018 08:11","Purchase","'70838153003424726","WXR133","","PRIMAX 95","Billed","22.73","50.00","PSS RAWAT & REHAT (U) SBAN-KL","1333","Standalone","","","31 Jul 2018"
"19/07/2018 09:04","Purchase","'70838153003424726","WXR133","","PRIMAX 95","Billed","13.64","30.00","PSS MERLIMAU","11233","Standalone","","","31 Jul 2018"
"19/07/2018 09:03","Reload","'70838153003424726","WXR133","","","Billed","","-100.00","PSS MERLIMAU","","Standalone","","","31 Jul 2018"
"12/07/2018 09:03","Purchase","'70838153003424726","WXR133","","PRIMAX 95","Billed","22.73","50.00","PSS MERLIMAU","1223","Standalone","","","31 Jul 2018"
"12/07/2018 09:02","Reload","'70838153003424726","WXR133","","","Billed","","-50.00","PSS MERLIMAU","","Standalone","","","31 Jul 2018"
"09/07/2018 17:22","Purchase","'70838153003424726","WXR133","","PRIMAX 95","Billed","9.09","20.00","PSS BALAI PANJANG","1123","Standalone","","","31 Jul 2018"
"09/07/2018 12:23","Purchase","'70838153003424726","WXR133","","Diesel","Billed","13.76","30.00","PSS SUNGAI RAMBAI","1222","Standalone","","","31 Jul 2018"
"09/07/2018 12:21","Reload","'70838153003424726","WXR133","","","Billed","","-50.00","PSS SUNGAI RAMBAI","","Standalone","","","31 Jul 2018"
"08/07/2018 19:20","Purchase","'70838153003424726","WXR133","","PRIMAX 95","Billed","13.64","30.00","PSS Olak Lempik 2","11232","Standalone","","","31 Jul 2018"
"08/07/2018 11:32","Purchase","'70838153003424726","WXR133","","PRIMAX 95","Billed","22.73","50.00","PSS MERLIMAU","1223","Standalone","","","31 Jul 2018"
"08/07/2018 11:31","Reload","'70838153003424726","WXR133","","","Billed","","-50.00","PSS MERLIMAU","","Standalone","","","31 Jul 2018"
"05/07/2018 15:48","Purchase","'70838153003424726","WXR133","","PRIMAX 95","Billed","18.18","40.00","PSS MERLIMAU","2223","Standalone","","","31 Jul 2018"
"05/07/2018 15:46","Reload","'70838153003424726","WXR133","","","Billed","","-50.00","PSS MERLIMAU","","Standalone","","","31 Jul 2018"
"01/07/2018 13:26","Purchase","'70838153003424726","WXR133","","PRIMAX 95","Billed","22.73","50.00","PSS AIR KEROH 1","11233","Standalone","","","31 Jul 2018"
"01/07/2018 13:25","Reload","'70838153003424726","WXR133","","","Billed","","-50.00","PSS AIR KEROH 1","","Standalone","","","31 Jul 2018"