"Date Time","Transaction Type","Card Number","Vehicle Number","Driver Card Number","Product Type","Billing Type","Transaction Volume (Litres)","Transaction Amount (RM)","Station Name","Odometer","Card Type","Cost Centre","Cost Centre Name","Statement Month"
"31/07/2018 12:32","Purchase","'70838153003497276","WXR586","","PRIMAX 95","Billed","27.27","60.00","PSS BALIK PULAU 2 (LOT 106)","","Standalone","","","31 Jul 2018"
"31/07/2018 12:30","Reload","'70838153003497276","WXR586","","","Billed","","-60.00","PSS BALIK PULAU 2 (LOT 106)","","Standalone","","","31 Jul 2018"
"30/07/2018 09:28","Purchase","'70838153003497276","WXR586","","PRIMAX 95","Billed","22.73","50.00","PSS BATU FERINGGI","","Standalone","","","31 Jul 2018"
"30/07/2018 09:20","Reload","'70838153003497276","WXR586","","","Billed","","-60.00","PSS BATU FERINGGI","","Standalone","","","31 Jul 2018"
"28/07/2018 12:12","Purchase","'70838153003497276","WXR586","","PRIMAX 95","Billed","31.82","70.00","PSS BATU FERINGGI","","Standalone","","","31 Jul 2018"
"28/07/2018 12:11","Reload","'70838153003497276","WXR586","","","Billed","","-70.00","PSS BATU FERINGGI","","Standalone","","","31 Jul 2018"
"26/07/2018 13:41","Purchase","'70838153003497276","WXR586","","PRIMAX 95","Billed","31.82","70.00","PSS BATU FERINGGI","","Standalone","","","31 Jul 2018"
"26/07/2018 13:39","Reload","'70838153003497276","WXR586","","","Billed","","-70.00","PSS BATU FERINGGI","","Standalone","","","31 Jul 2018"
"24/07/2018 18:38","Purchase","'70838153003497276","WXR586","","PRIMAX 95","Billed","31.82","70.00","PSS JALAN MESJID NEGERI","","Standalone","","","31 Jul 2018"
"24/07/2018 18:36","Reload","'70838153003497276","WXR586","","","Billed","","-70.00","PSS JALAN MESJID NEGERI","","Standalone","","","31 Jul 2018"
"22/07/2018 20:54","Purchase","'70838153003497276","WXR586","","PRIMAX 95","Billed","31.82","70.00","PSS BATU FERINGGI","","Standalone","","","31 Jul 2018"
"22/07/2018 20:53","Reload","'70838153003497276","WXR586","","","Billed","","-70.00","PSS BATU FERINGGI","","Standalone","","","31 Jul 2018"
"21/07/2018 09:05","Purchase","'70838153003497276","WXR586","","PRIMAX 95","Billed","33.55","73.81","PSS BATU FERINGGI","","Standalone","","","31 Jul 2018"
"21/07/2018 09:04","Reload","'70838153003497276","WXR586","","","Billed","","-70.00","PSS BATU FERINGGI","","Standalone","","","31 Jul 2018"
"18/07/2018 18:20","Purchase","'70838153003497276","WXR586","","PRIMAX 95","Billed","34.09","75.00","PSS BATU FERINGGI","","Standalone","","","31 Jul 2018"
"18/07/2018 18:19","Reload","'70838153003497276","WXR586","","","Billed","","-70.00","PSS BATU FERINGGI","","Standalone","","","31 Jul 2018"
"17/07/2018 15:06","Purchase","'70838153003497276","WXR586","","PRIMAX 95","Billed","27.27","60.00","PSS TANJONG TOKONG","","Standalone","","","31 Jul 2018"
"17/07/2018 15:05","Reload","'70838153003497276","WXR586","","","Billed","","-60.00","PSS TANJONG TOKONG","","Standalone","","","31 Jul 2018"
"15/07/2018 17:46","Purchase","'70838153003497276","WXR586","","PRIMAX 95","Billed","31.82","70.00","PSS BAYAN BARU","","Standalone","","","31 Jul 2018"
"15/07/2018 17:43","Reload","'70838153003497276","WXR586","","","Billed","","-70.00","PSS BAYAN BARU","","Standalone","","","31 Jul 2018"
"13/07/2018 20:14","Purchase","'70838153003497276","WXR586","","PRIMAX 95","Billed","29.55","65.00","PSS TANJONG TOKONG","","Standalone","","","31 Jul 2018"
"13/07/2018 20:12","Reload","'70838153003497276","WXR586","","","Billed","","-60.00","PSS TANJONG TOKONG","","Standalone","","","31 Jul 2018"
"12/07/2018 12:30","Purchase","'70838153003497276","WXR586","","PRIMAX 95","Billed","27.27","60.00","PSS BATU FERINGGI","","Standalone","","","31 Jul 2018"
"12/07/2018 12:28","Reload","'70838153003497276","WXR586","","","Billed","","-65.00","PSS BATU FERINGGI","","Standalone","","","31 Jul 2018"
"11/07/2018 14:55","Purchase","'70838153003497276","WXR586","","PRIMAX 95","Billed","27.27","60.00","PSS BATU FERINGGI","","Standalone","","","31 Jul 2018"
"11/07/2018 14:54","Reload","'70838153003497276","WXR586","","","Billed","","-60.00","PSS BATU FERINGGI","","Standalone","","","31 Jul 2018"
"09/07/2018 20:23","Purchase","'70838153003497276","WXR586","","PRIMAX 95","Billed","31.82","70.00","PSS BAYAN BARU","","Standalone","","","31 Jul 2018"
"09/07/2018 20:22","Reload","'70838153003497276","WXR586","","","Billed","","-70.00","PSS BAYAN BARU","","Standalone","","","31 Jul 2018"
"07/07/2018 16:39","Purchase","'70838153003497276","WXR586","","PRIMAX 95","Billed","22.73","50.00","PSS JALAN MESJID NEGERI","","Standalone","","","31 Jul 2018"
"07/07/2018 16:38","Reload","'70838153003497276","WXR586","","","Billed","","-50.00","PSS JALAN MESJID NEGERI","","Standalone","","","31 Jul 2018"
"05/07/2018 21:04","Purchase","'70838153003497276","WXR586","","PRIMAX 95","Billed","31.82","70.00","PSS BATU FERINGGI","","Standalone","","","31 Jul 2018"
"05/07/2018 21:02","Reload","'70838153003497276","WXR586","","","Billed","","-60.00","PSS BATU FERINGGI","","Standalone","","","31 Jul 2018"
"04/07/2018 10:51","Purchase","'70838153003497276","WXR586","","PRIMAX 95","Billed","22.73","50.00","PSS BATU FERINGGI","","Standalone","","","31 Jul 2018"
"04/07/2018 10:49","Reload","'70838153003497276","WXR586","","","Billed","","-50.00","PSS BATU FERINGGI","","Standalone","","","31 Jul 2018"
"01/07/2018 08:53","Purchase","'70838153003497276","WXR586","","PRIMAX 95","Billed","27.27","60.00","PSS BATU FERINGGI","60","Standalone","","","31 Jul 2018"
"01/07/2018 08:51","Reload","'70838153003497276","WXR586","","","Billed","","-60.00","PSS BATU FERINGGI","","Standalone","","","31 Jul 2018"