"Date Time","Transaction Type","Card Number","Vehicle Number","Driver Card Number","Product Type","Billing Type","Transaction Volume (Litres)","Transaction Amount (RM)","Station Name","Odometer","Card Type","Cost Centre","Cost Centre Name","Statement Month"
"31/07/2018 14:07","Purchase","'70838153003495940","WXR337","","PRIMAX 95","Billed","13.64","30.00","PSS JALAN LARKIN","","Standalone","","","31 Jul 2018"
"31/07/2018 14:06","Reload","'70838153003495940","WXR337","","","Billed","","-30.00","PSS JALAN LARKIN","","Standalone","","","31 Jul 2018"
"31/07/2018 09:15","Purchase","'70838153003495940","WXR337","","PRIMAX 95","Billed","15.91","35.00","PSS JALAN DATIN HALIMAH","","Standalone","","","31 Jul 2018"
"31/07/2018 09:13","Reload","'70838153003495940","WXR337","","","Billed","","-35.00","PSS JALAN DATIN HALIMAH","","Standalone","","","31 Jul 2018"
"29/07/2018 13:09","Purchase","'70838153003495940","WXR337","","PRIMAX 95","Billed","13.64","30.00","PSS JALAN BUKIT KEMPAS 1","","Standalone","","","31 Jul 2018"
"29/07/2018 13:08","Reload","'70838153003495940","WXR337","","","Billed","","-20.00","PSS JALAN BUKIT KEMPAS 1","","Standalone","","","31 Jul 2018"
"28/07/2018 10:43","Purchase","'70838153003495940","WXR337","","PRIMAX 95","Billed","13.64","30.00","PSS TAMAN DAYA","","Standalone","","","31 Jul 2018"
"28/07/2018 10:42","Reload","'70838153003495940","WXR337","","","Billed","","-30.00","PSS TAMAN DAYA","","Standalone","","","31 Jul 2018"
"27/07/2018 13:21","Purchase","'70838153003495940","WXR337","","PRIMAX 95","Billed","13.64","30.00","PSS TAMAN DELIMA","","Standalone","","","31 Jul 2018"
"27/07/2018 13:20","Reload","'70838153003495940","WXR337","","","Billed","","-30.00","PSS TAMAN DELIMA","","Standalone","","","31 Jul 2018"
"26/07/2018 17:39","Purchase","'70838153003495940","WXR337","","PRIMAX 95","Billed","9.09","20.00","PSS TAMAN DELIMA","","Standalone","","","31 Jul 2018"
"26/07/2018 17:38","Reload","'70838153003495940","WXR337","","","Billed","","-20.00","PSS TAMAN DELIMA","","Standalone","","","31 Jul 2018"
"25/07/2018 21:16","Purchase","'70838153003495940","WXR337","","PRIMAX 95","Billed","13.64","30.00","PSS TAMAN DELIMA","","Standalone","","","31 Jul 2018"
"25/07/2018 21:13","Reload","'70838153003495940","WXR337","","","Billed","","-30.00","PSS TAMAN DELIMA","","Standalone","","","31 Jul 2018"
"25/07/2018 11:16","Purchase","'70838153003495940","WXR337","","PRIMAX 95","Billed","13.64","30.00","PSS TAMAN PERLING","","Standalone","","","31 Jul 2018"
"25/07/2018 11:15","Reload","'70838153003495940","WXR337","","","Billed","","-30.00","PSS TAMAN PERLING","","Standalone","","","31 Jul 2018"
"23/07/2018 17:32","Purchase","'70838153003495940","WXR337","","PRIMAX 95","Billed","13.64","30.00","PSS TAMAN TAMPOI UTAMA","","Standalone","","","31 Jul 2018"
"23/07/2018 17:31","Reload","'70838153003495940","WXR337","","","Billed","","-30.00","PSS TAMAN TAMPOI UTAMA","","Standalone","","","31 Jul 2018"
"22/07/2018 18:41","Purchase","'70838153003495940","WXR337","","PRIMAX 95","Billed","13.64","30.00","PSS TAMAN DELIMA","","Standalone","","","31 Jul 2018"
"22/07/2018 18:40","Reload","'70838153003495940","WXR337","","","Billed","","-30.00","PSS TAMAN DELIMA","","Standalone","","","31 Jul 2018"
"22/07/2018 07:47","Purchase","'70838153003495940","WXR337","","PRIMAX 95","Billed","13.64","30.00","PSS BANDAR BARU UDA 1","","Standalone","","","31 Jul 2018"
"22/07/2018 07:45","Reload","'70838153003495940","WXR337","","","Billed","","-30.00","PSS BANDAR BARU UDA 1","","Standalone","","","31 Jul 2018"
"21/07/2018 08:50","Purchase","'70838153003495940","WXR337","","PRIMAX 95","Billed","13.64","30.00","PSS TAMAN TAMPOI UTAMA","","Standalone","","","31 Jul 2018"
"21/07/2018 08:48","Reload","'70838153003495940","WXR337","","","Billed","","-30.00","PSS TAMAN TAMPOI UTAMA","","Standalone","","","31 Jul 2018"
"20/07/2018 08:48","Purchase","'70838153003495940","WXR337","","PRIMAX 95","Billed","18.18","40.00","PSS TAMAN DELIMA","","Standalone","","","31 Jul 2018"
"20/07/2018 08:47","Reload","'70838153003495940","WXR337","","","Billed","","-40.00","PSS TAMAN DELIMA","","Standalone","","","31 Jul 2018"
"19/07/2018 10:55","Purchase","'70838153003495940","WXR337","","PRIMAX 95","Billed","18.18","40.00","PSS TAMAN PERLING","","Standalone","","","31 Jul 2018"
"19/07/2018 10:54","Reload","'70838153003495940","WXR337","","","Billed","","-40.00","PSS TAMAN PERLING","","Standalone","","","31 Jul 2018"
"18/07/2018 15:42","Purchase","'70838153003495940","WXR337","","PRIMAX 97","Billed","11.58","30.00","PSS YAHYA AWAL","","Standalone","","","31 Jul 2018"
"18/07/2018 15:41","Reload","'70838153003495940","WXR337","","","Billed","","-30.00","PSS YAHYA AWAL","","Standalone","","","31 Jul 2018"
"17/07/2018 15:10","Purchase","'70838153003495940","WXR337","","PRIMAX 95","Billed","13.64","30.00","PSS TAMAN DELIMA","","Standalone","","","31 Jul 2018"
"17/07/2018 15:09","Reload","'70838153003495940","WXR337","","","Billed","","-30.00","PSS TAMAN DELIMA","","Standalone","","","31 Jul 2018"
"16/07/2018 08:39","Purchase","'70838153003495940","WXR337","","PRIMAX 95","Billed","18.18","40.00","PSS INNER RING ROAD","","Standalone","","","31 Jul 2018"
"16/07/2018 08:37","Reload","'70838153003495940","WXR337","'70838153003495940","","Billed","","-40.00","PSS INNER RING ROAD","","Standalone","","","31 Jul 2018"
"13/07/2018 09:18","Purchase","'70838153003495940","WXR337","","PRIMAX 95","Billed","13.64","30.00","PSS TAMAN DELIMA","","Standalone","","","31 Jul 2018"
"13/07/2018 09:17","Reload","'70838153003495940","WXR337","","","Billed","","-30.00","PSS TAMAN DELIMA","","Standalone","","","31 Jul 2018"
"12/07/2018 07:18","Purchase","'70838153003495940","WXR337","","PRIMAX 95","Billed","22.73","50.00","PSS TAMAN DELIMA","","Standalone","","","31 Jul 2018"
"12/07/2018 07:17","Reload","'70838153003495940","WXR337","","","Billed","","-50.00","PSS TAMAN DELIMA","","Standalone","","","31 Jul 2018"
"07/07/2018 08:26","Purchase","'70838153003495940","WXR337","","PRIMAX 95","Billed","13.64","30.00","PSS TAMAN DELIMA","","Standalone","","","31 Jul 2018"
"07/07/2018 08:25","Reload","'70838153003495940","WXR337","","","Billed","","-30.00","PSS TAMAN DELIMA","","Standalone","","","31 Jul 2018"
"02/07/2018 13:48","Purchase","'70838153003495940","WXR337","","PRIMAX 95","Billed","13.64","30.00","PSS JALAN LANGKASUKA","","Standalone","","","31 Jul 2018"
"02/07/2018 13:46","Reload","'70838153003495940","WXR337","","","Billed","","-30.00","PSS JALAN LANGKASUKA","","Standalone","","","31 Jul 2018"
"01/07/2018 17:34","Purchase","'70838153003495940","WXR337","","PRIMAX 95","Billed","9.09","20.00","PSS TAMAN DELIMA","","Standalone","","","31 Jul 2018"
"01/07/2018 17:33","Reload","'70838153003495940","WXR337","","","Billed","","-20.00","PSS TAMAN DELIMA","","Standalone","","","31 Jul 2018"