"Date Time","Transaction Type","Card Number","Vehicle Number","Driver Card Number","Product Type","Billing Type","Transaction Volume (Litres)","Transaction Amount (RM)","Station Name","Odometer","Card Type","Cost Centre","Cost Centre Name","Statement Month"
"25/07/2018 12:45","Purchase","'70838153003423819","WXR19","","PRIMAX 95","Billed","34.43","75.75","PSS LEBUHRAYA SPRINT","8","Standalone","","","31 Jul 2018"
"23/07/2018 14:46","Purchase","'70838153003423819","WXR19","","PRIMAX 95","Billed","49.10","108.02","PSS LEBUHRAYA SPRINT","321","Standalone","","","31 Jul 2018"
"23/07/2018 12:43","Reload","'70838153003423819","WXR19","","","Billed","","-200.00","PSS LEBUHRAYA SPRINT","","Standalone","","","31 Jul 2018"
"15/07/2018 12:38","Purchase","'70838153003423819","WXR19","","PRIMAX 95","Billed","47.22","103.88","PSS GRAND SAGA 2","96235","Standalone","","","31 Jul 2018"
"04/07/2018 12:24","Reload","'70838153003423819","WXR19","","","Billed","","-200.00","PSS LEBUHRAYA SPRINT","","Standalone","","","31 Jul 2018"