"Date Time","Transaction Type","Card Number","Vehicle Number","Driver Card Number","Product Type","Billing Type","Transaction Volume (Litres)","Transaction Amount (RM)","Station Name","Odometer","Card Type","Cost Centre","Cost Centre Name","Statement Month"
"28/07/2018 14:48","Purchase","'70838153003724117","WXR 5543","","PRIMAX 95","Billed","28.06","61.72","PSS TAMAN GASING INDAH","","Standalone","","","31 Jul 2018"
"19/07/2018 07:48","Reload","'70838153003724117","WXR 5543","","","Billed","","-200.00","PSS BUKIT BANDAR RAYA","","Standalone","","","31 Jul 2018"
"17/07/2018 20:04","Purchase","'70838153003724117","WXR 5543","","PRIMAX 95","Billed","22.73","50.00","PSS NPE PANTAI DALAM","","Standalone","","","31 Jul 2018"
"17/07/2018 20:03","Reload","'70838153003724117","WXR 5543","","","Billed","","-50.00","PSS NPE PANTAI DALAM","","Standalone","","","31 Jul 2018"
"13/07/2018 07:32","Purchase","'70838153003724117","WXR 5543","","PRIMAX 95","Billed","22.73","50.00","PSS BUKIT BANDAR RAYA","","Standalone","","","31 Jul 2018"
"13/07/2018 07:31","Reload","'70838153003724117","WXR 5543","","","Billed","","-50.00","PSS BUKIT BANDAR RAYA","","Standalone","","","31 Jul 2018"