"Date Time","Transaction Type","Card Number","Vehicle Number","Driver Card Number","Product Type","Billing Type","Transaction Volume (Litres)","Transaction Amount (RM)","Station Name","Odometer","Card Type","Cost Centre","Cost Centre Name","Statement Month"
"31/07/2018 12:18","Purchase","'70838153003886056","WXR 6886","","PRIMAX 95","Billed","9.09","20.00","PSS SETAPAK","80","Standalone","","","31 Jul 2018"
"31/07/2018 12:15","Reload","'70838153003886056","WXR 6886","","","Billed","","-15.00","PSS SETAPAK","","Standalone","","","31 Jul 2018"
"30/07/2018 15:23","Purchase","'70838153003886056","WXR 6886","","PRIMAX 95","Billed","6.82","15.00","PSS SETAPAK INDAH","850","Standalone","","","31 Jul 2018"
"30/07/2018 15:21","Reload","'70838153003886056","WXR 6886","","","Billed","","-20.00","PSS SETAPAK INDAH","","Standalone","","","31 Jul 2018"
"27/07/2018 23:37","Purchase","'70838153003886056","WXR 6886","","PRIMAX 95","Billed","18.18","40.00","PSS AIR KEROH 2","85","Standalone","","","31 Jul 2018"
"27/07/2018 23:35","Reload","'70838153003886056","WXR 6886","","","Billed","","-40.00","PSS AIR KEROH 2","","Standalone","","","31 Jul 2018"
"26/07/2018 18:34","Purchase","'70838153003886056","WXR 6886","","PRIMAX 95","Billed","18.18","40.00","PSS SETAPAK","8","Standalone","","","31 Jul 2018"
"25/07/2018 21:24","Purchase","'70838153003886056","WXR 6886","","PRIMAX 95","Billed","13.64","30.00","PSS WANGSA MELAWATI","8","Standalone","","","31 Jul 2018"
"25/07/2018 21:22","Reload","'70838153003886056","WXR 6886","","","Billed","","-50.00","PSS WANGSA MELAWATI","","Standalone","","","31 Jul 2018"
"25/07/2018 13:56","Purchase","'70838153003886056","WXR 6886","","PRIMAX 95","Billed","13.64","30.00","PSS BATU 3 FEDERAL HIGHWAY","950","Standalone","","","31 Jul 2018"
"25/07/2018 13:54","Reload","'70838153003886056","WXR 6886","","","Billed","","-50.00","PSS BATU 3 FEDERAL HIGHWAY","","Standalone","","","31 Jul 2018"
"24/07/2018 18:06","Purchase","'70838153003886056","WXR 6886","","PRIMAX 95","Billed","9.09","20.00","PSS SETAPAK","","Standalone","","","31 Jul 2018"
"24/07/2018 18:03","Reload","'70838153003886056","WXR 6886","","","Billed","","-10.00","PSS SETAPAK","","Standalone","","","31 Jul 2018"
"18/07/2018 18:49","Purchase","'70838153003886056","WXR 6886","","PRIMAX 95","Billed","9.09","20.00","PSS SETAPAK","55","Standalone","","","31 Jul 2018"
"18/07/2018 18:45","Reload","'70838153003886056","WXR 6886","","","Billed","","-30.00","PSS SETAPAK","","Standalone","","","31 Jul 2018"
"08/07/2018 20:47","Purchase","'70838153003886056","WXR 6886","","PRIMAX 95","Billed","6.82","15.00","PSS JALAN GENTING KLANG 2","","Standalone","","","31 Jul 2018"