"Date Time","Transaction Type","Card Number","Vehicle Number","Driver Card Number","Product Type","Billing Type","Transaction Volume (Litres)","Transaction Amount (RM)","Station Name","Odometer","Card Type","Cost Centre","Cost Centre Name","Statement Month"
"30/07/2018 20:20","Reload","'70838153003424866","WXR202","","","Billed","","-55.00","PSS BUKIT ANTARABANGSA","","Standalone","","","31 Jul 2018"
"30/07/2018 20:18","Purchase","'70838153003424866","WXR202","","PRIMAX 95","Billed","22.73","50.00","PSS BUKIT ANTARABANGSA","","Standalone","","","31 Jul 2018"
"28/07/2018 19:28","Reload","'70838153003424866","WXR202","","","Billed","","-100.00","PSS BUKIT ANTARABANGSA","","Standalone","","","31 Jul 2018"
"27/07/2018 06:34","Purchase","'70838153003424866","WXR202","","PRIMAX 97","Billed","26.24","66.64","PSS LT911 ULU KLANG MRR2","","Standalone","","","31 Jul 2018"
"27/07/2018 05:35","Purchase","'70838153003424866","WXR202","","PRIMAX 95","Billed","16.37","36.01","PSS BUKIT ANTARABANGSA","","Standalone","","","31 Jul 2018"
"27/07/2018 05:33","Reload","'70838153003424866","WXR202","","","Billed","","-100.00","PSS BUKIT ANTARABANGSA","","Standalone","","","31 Jul 2018"
"26/07/2018 17:38","Purchase","'70838153003424866","WXR202","","PRIMAX 95","Billed","22.56","49.63","PSS BUKIT ANTARABANGSA","","Standalone","","","31 Jul 2018"
"26/07/2018 05:29","Purchase","'70838153003424866","WXR202","","PRIMAX 95","Billed","34.09","75.00","PSS BUKIT ANTARABANGSA","","Standalone","","","31 Jul 2018"
"26/07/2018 04:55","Reload","'70838153003424866","WXR202","","","Billed","","-30.00","PSS BUKIT ANTARABANGSA","","Standalone","","","31 Jul 2018"
"26/07/2018 04:52","Purchase","'70838153003424866","WXR202","","PRIMAX 95","Billed","13.65","30.02","PSS BUKIT ANTARABANGSA","","Standalone","","","31 Jul 2018"
"26/07/2018 03:41","Reload","'70838153003424866","WXR202","","","Billed","","-100.00","PSS LT911 ULU KLANG MRR2","","Standalone","","","31 Jul 2018"
"23/07/2018 04:20","Purchase","'70838153003424866","WXR202","","PRIMAX 95","Billed","18.19","40.01","PSS LT911 ULU KLANG MRR2","","Standalone","","","31 Jul 2018"
"22/07/2018 17:19","Purchase","'70838153003424866","WXR202","","PRIMAX 95","Billed","25.03","55.07","PSS LT911 ULU KLANG MRR2","","Standalone","","","31 Jul 2018"
"22/07/2018 17:17","Reload","'70838153003424866","WXR202","","","Billed","","-100.00","PSS LT911 ULU KLANG MRR2","","Standalone","","","31 Jul 2018"
"21/07/2018 19:57","Purchase","'70838153003424866","WXR202","","PRIMAX 95","Billed","26.82","59.00","PSS BUKIT ANTARABANGSA","","Standalone","","","31 Jul 2018"
"21/07/2018 19:55","Reload","'70838153003424866","WXR202","","","Billed","","-50.00","PSS BUKIT ANTARABANGSA","","Standalone","","","31 Jul 2018"
"20/07/2018 04:02","Purchase","'70838153003424866","WXR202","","PRIMAX 95","Billed","9.09","20.00","PSS LT911 ULU KLANG MRR2","","Standalone","","","31 Jul 2018"
"19/07/2018 05:01","Reload","'70838153003424866","WXR202","","","Billed","","-50.00","PSS KL-KARAK","","Standalone","","","31 Jul 2018"
"18/07/2018 03:53","Purchase","'70838153003424866","WXR202","","PRIMAX 95","Billed","18.18","40.00","PSS LT911 ULU KLANG MRR2","","Standalone","","","31 Jul 2018"
"15/07/2018 05:50","Purchase","'70838153003424866","WXR202","","PRIMAX 95","Billed","24.55","54.01","PSS BUKIT ANTARABANGSA","","Standalone","","","31 Jul 2018"
"15/07/2018 05:48","Reload","'70838153003424866","WXR202","","","Billed","","-70.00","PSS BUKIT ANTARABANGSA","","Standalone","","","31 Jul 2018"
"15/07/2018 05:34","Purchase","'70838153003424866","WXR202","","PRIMAX 95","Billed","27.14","59.71","PSS BUKIT ANTARABANGSA","","Standalone","","","31 Jul 2018"
"15/07/2018 05:14","Purchase","'70838153003424866","WXR202","","PRIMAX 95","Billed","10.46","23.01","PSS KL-KARAK","","Standalone","","","31 Jul 2018"
"15/07/2018 04:13","Reload","'70838153003424866","WXR202","","","Billed","","-100.00","PSS LT911 ULU KLANG MRR2","","Standalone","","","31 Jul 2018"
"13/07/2018 03:51","Purchase","'70838153003424866","WXR202","","PRIMAX 95","Billed","10.01","22.02","PSS LT911 ULU KLANG MRR2","","Standalone","","","31 Jul 2018"
"13/07/2018 03:49","Reload","'70838153003424866","WXR202","","","Billed","","-50.00","PSS LT911 ULU KLANG MRR2","","Standalone","","","31 Jul 2018"
"11/07/2018 09:43","Purchase","'70838153003424866","WXR202","","PRIMAX 95","Billed","6.34","13.94","PSS BUKIT ANTARABANGSA","","Standalone","","","31 Jul 2018"
"08/07/2018 05:38","Purchase","'70838153003424866","WXR202","","PRIMAX 95","Billed","25.02","55.04","PSS BUKIT ANTARABANGSA","","Standalone","","","31 Jul 2018"
"08/07/2018 05:23","Purchase","'70838153003424866","WXR202","","PRIMAX 95","Billed","23.18","51.00","PSS BUKIT ANTARABANGSA","","Standalone","","","31 Jul 2018"
"08/07/2018 05:22","Reload","'70838153003424866","WXR202","","","Billed","","-60.00","PSS BUKIT ANTARABANGSA","","Standalone","","","31 Jul 2018"
"08/07/2018 04:02","Purchase","'70838153003424866","WXR202","","PRIMAX 95","Billed","9.09","20.00","PSS LT911 ULU KLANG MRR2","","Standalone","","","31 Jul 2018"
"08/07/2018 04:00","Reload","'70838153003424866","WXR202","","","Billed","","-40.00","PSS LT911 ULU KLANG MRR2","","Standalone","","","31 Jul 2018"
"07/07/2018 03:54","Purchase","'70838153003424866","WXR202","","PRIMAX 95","Billed","13.64","30.02","PSS LT911 ULU KLANG MRR2","","Standalone","","","31 Jul 2018"
"07/07/2018 03:54","Purchase","'70838153003424866","WXR202","","PRIMAX 95","Un-billed","13.64","30.02","PSS LT911 ULU KLANG MRR2","","Standalone","","","Unbilled Transaction"
"07/07/2018 03:53","Reload","'70838153003424866","WXR202","","","Billed","","-70.00","PSS LT911 ULU KLANG MRR2","","Standalone","","","31 Jul 2018"
"05/07/2018 03:49","Purchase","'70838153003424866","WXR202","","PRIMAX 95","Billed","8.18","18.00","PSS LT911 ULU KLANG MRR2","","Standalone","","","31 Jul 2018"
"04/07/2018 05:48","Purchase","'70838153003424866","WXR202","","PRIMAX 97","Billed","12.80","32.00","PSS BUKIT ANTARABANGSA","","Standalone","","","31 Jul 2018"
"03/07/2018 04:00","Reload","'70838153003424866","WXR202","","","Billed","","-50.00","PSS TAMAN MELATI","","Standalone","","","31 Jul 2018"
"02/07/2018 05:39","Purchase","'70838153003424866","WXR202","","PRIMAX 97","Billed","4.71","11.78","PSS BUKIT ANTARABANGSA","","Standalone","","","31 Jul 2018"
"01/07/2018 05:26","Purchase","'70838153003424866","WXR202","","PRIMAX 97","Billed","29.04","72.59","PSS BUKIT ANTARABANGSA","","Standalone","","","31 Jul 2018"
"01/07/2018 05:10","Purchase","'70838153003424866","WXR202","","PRIMAX 95","Billed","11.36","25.00","PSS BUKIT ANTARABANGSA","","Standalone","","","31 Jul 2018"
"01/07/2018 03:48","Reload","'70838153003424866","WXR202","","","Billed","","-100.00","PSS LT911 ULU KLANG MRR2","","Standalone","","","31 Jul 2018"