"Date Time","Transaction Type","Card Number","Vehicle Number","Driver Card Number","Product Type","Billing Type","Transaction Volume (Litres)","Transaction Amount (RM)","Station Name","Odometer","Card Type","Cost Centre","Cost Centre Name","Statement Month"
"31/07/2018 17:14","Purchase","'70838153003423462","WXR258","","PRIMAX 95","Un-billed","9.09","20.00","PSS JALAN RHU AMPANG","","Standalone","","","Unbilled Transaction"
"31/07/2018 17:13","Reload","'70838153003423462","WXR258","","","Un-billed","","-20.00","PSS JALAN RHU AMPANG","","Standalone","","","Unbilled Transaction"
"29/07/2018 00:12","Purchase","'70838153003423462","WXR258","","PRIMAX 95","Billed","9.09","20.00","PSS KOTA DAMANSARA 2","","Standalone","","","31 Jul 2018"
"29/07/2018 00:10","Reload","'70838153003423462","WXR258","","","Billed","","-20.00","PSS KOTA DAMANSARA 2","","Standalone","","","31 Jul 2018"
"27/07/2018 14:37","Purchase","'70838153003423462","WXR258","","PRIMAX 95","Billed","9.09","20.00","PSS LEBUHRAYA SPRINT","","Standalone","","","31 Jul 2018"
"27/07/2018 14:35","Reload","'70838153003423462","WXR258","","","Billed","","-20.00","PSS LEBUHRAYA SPRINT","","Standalone","","","31 Jul 2018"
"26/07/2018 07:47","Purchase","'70838153003423462","WXR258","","PRIMAX 95","Billed","9.09","20.00","PSS MUTIARA DAMANSARA","","Standalone","","","31 Jul 2018"
"26/07/2018 07:42","Reload","'70838153003423462","WXR258","","","Billed","","-20.00","PSS MUTIARA DAMANSARA","","Standalone","","","31 Jul 2018"
"24/07/2018 07:41","Purchase","'70838153003423462","WXR258","","PRIMAX 95","Billed","9.09","20.00","PSS MUTIARA DAMANSARA","","Standalone","","","31 Jul 2018"
"24/07/2018 07:40","Reload","'70838153003423462","WXR258","","","Billed","","-20.00","PSS MUTIARA DAMANSARA","","Standalone","","","31 Jul 2018"
"22/07/2018 11:36","Purchase","'70838153003423462","WXR258","","PRIMAX 95","Billed","9.09","20.00","PSS DAMANSARA JAYA 2","","Standalone","","","31 Jul 2018"
"22/07/2018 11:33","Reload","'70838153003423462","WXR258","","","Billed","","-20.00","PSS DAMANSARA JAYA 2","","Standalone","","","31 Jul 2018"
"20/07/2018 07:41","Purchase","'70838153003423462","WXR258","","PRIMAX 95","Billed","9.09","20.00","PSS MUTIARA DAMANSARA","","Standalone","","","31 Jul 2018"
"20/07/2018 07:40","Reload","'70838153003423462","WXR258","","","Billed","","-20.00","PSS MUTIARA DAMANSARA","","Standalone","","","31 Jul 2018"
"18/07/2018 15:30","Purchase","'70838153003423462","WXR258","","PRIMAX 95","Billed","9.09","20.00","PSS MUTIARA DAMANSARA","","Standalone","","","31 Jul 2018"
"18/07/2018 15:28","Reload","'70838153003423462","WXR258","","","Billed","","-20.00","PSS MUTIARA DAMANSARA","","Standalone","","","31 Jul 2018"
"17/07/2018 14:23","Purchase","'70838153003423462","WXR258","","PRIMAX 95","Billed","9.09","20.00","PSS LEBUHRAYA SPRINT","","Standalone","","","31 Jul 2018"
"17/07/2018 14:20","Reload","'70838153003423462","WXR258","","","Billed","","-20.00","PSS LEBUHRAYA SPRINT","","Standalone","","","31 Jul 2018"
"15/07/2018 22:15","Purchase","'70838153003423462","WXR258","","PRIMAX 95","Billed","9.09","20.00","PSS MUTIARA DAMANSARA","","Standalone","","","31 Jul 2018"
"15/07/2018 22:14","Reload","'70838153003423462","WXR258","","","Billed","","-20.00","PSS MUTIARA DAMANSARA","","Standalone","","","31 Jul 2018"
"13/07/2018 22:09","Purchase","'70838153003423462","WXR258","","PRIMAX 95","Billed","9.55","21.00","PSS TTDI","","Standalone","","","31 Jul 2018"
"13/07/2018 22:07","Reload","'70838153003423462","WXR258","","","Billed","","-20.00","PSS TTDI","","Standalone","","","31 Jul 2018"
"13/07/2018 11:13","Purchase","'70838153003423462","WXR258","","PRIMAX 95","Billed","10.00","22.00","PSS TTDI","","Standalone","","","31 Jul 2018"
"13/07/2018 11:12","Reload","'70838153003423462","WXR258","","","Billed","","-20.00","PSS TTDI","","Standalone","","","31 Jul 2018"
"12/07/2018 07:49","Purchase","'70838153003423462","WXR258","","PRIMAX 95","Billed","10.00","22.00","PSS MUTIARA DAMANSARA","","Standalone","","","31 Jul 2018"
"12/07/2018 07:41","Reload","'70838153003423462","WXR258","","","Billed","","-25.00","PSS MUTIARA DAMANSARA","","Standalone","","","31 Jul 2018"
"10/07/2018 22:23","Purchase","'70838153003423462","WXR258","","PRIMAX 95","Billed","9.38","20.64","PSS TTDI","","Standalone","","","31 Jul 2018"
"10/07/2018 22:22","Reload","'70838153003423462","WXR258","","","Billed","","-20.00","PSS TTDI","","Standalone","","","31 Jul 2018"
"09/07/2018 10:03","Purchase","'70838153003423462","WXR258","","PRIMAX 95","Billed","10.00","22.00","PSS MUTIARA DAMANSARA","","Standalone","","","31 Jul 2018"
"09/07/2018 10:02","Reload","'70838153003423462","WXR258","","","Billed","","-10.00","PSS MUTIARA DAMANSARA","","Standalone","","","31 Jul 2018"
"07/07/2018 22:21","Purchase","'70838153003423462","WXR258","","PRIMAX 95","Billed","10.00","22.00","PSS MUTIARA DAMANSARA","","Standalone","","","31 Jul 2018"
"07/07/2018 22:20","Reload","'70838153003423462","WXR258","","","Billed","","-20.00","PSS MUTIARA DAMANSARA","","Standalone","","","31 Jul 2018"
"06/07/2018 07:51","Purchase","'70838153003423462","WXR258","","PRIMAX 95","Billed","10.00","22.00","PSS MUTIARA DAMANSARA","","Standalone","","","31 Jul 2018"
"06/07/2018 07:45","Reload","'70838153003423462","WXR258","","","Billed","","-25.00","PSS MUTIARA DAMANSARA","","Standalone","","","31 Jul 2018"
"05/07/2018 11:30","Purchase","'70838153003423462","WXR258","","PRIMAX 95","Billed","10.00","22.00","PSS KM 0.7 BESRAYA ARAH UTARA","","Standalone","","","31 Jul 2018"
"05/07/2018 11:26","Reload","'70838153003423462","WXR258","","","Billed","","-20.00","PSS KM 0.7 BESRAYA ARAH UTARA","","Standalone","","","31 Jul 2018"
"04/07/2018 19:28","Purchase","'70838153003423462","WXR258","","PRIMAX 95","Billed","10.00","22.00","PSS TTDI","","Standalone","","","31 Jul 2018"
"04/07/2018 19:26","Reload","'70838153003423462","WXR258","","","Billed","","-25.00","PSS TTDI","","Standalone","","","31 Jul 2018"
"03/07/2018 20:18","Purchase","'70838153003423462","WXR258","","PRIMAX 95","Billed","10.00","22.00","PSS TTDI","","Standalone","","","31 Jul 2018"
"03/07/2018 20:16","Reload","'70838153003423462","WXR258","","","Billed","","-25.00","PSS TTDI","","Standalone","","","31 Jul 2018"
"02/07/2018 15:22","Purchase","'70838153003423462","WXR258","","PRIMAX 95","Billed","10.00","22.00","PSS KM5.75 PENCHALA LINK","","Standalone","","","31 Jul 2018"
"02/07/2018 15:18","Reload","'70838153003423462","WXR258","","","Billed","","-22.00","PSS KM5.75 PENCHALA LINK","","Standalone","","","31 Jul 2018"