"Date Time","Transaction Type","Card Number","Vehicle Number","Driver Card Number","Product Type","Billing Type","Transaction Volume (Litres)","Transaction Amount (RM)","Station Name","Odometer","Card Type","Cost Centre","Cost Centre Name","Statement Month"
"31/07/2018 09:18","Purchase","'70838153003424270","WXR294","","PRIMAX 95","Billed","13.64","30.00","PSS KESAS ARAH SUBANG","","Standalone","","","31 Jul 2018"
"31/07/2018 09:17","Reload","'70838153003424270","WXR294","","","Billed","","-50.00","PSS KESAS ARAH SUBANG","","Standalone","","","31 Jul 2018"
"15/07/2018 23:27","Purchase","'70838153003424270","WXR294","","PRIMAX 95","Billed","13.64","30.00","PSS BUKIT KEMUNING 2","","Standalone","","","31 Jul 2018"
"08/07/2018 22:22","Purchase","'70838153003424270","WXR294","","PRIMAX 95","Billed","13.64","30.00","PSS PUTRAJAYA PRECINT 9","","Standalone","","","31 Jul 2018"
"07/07/2018 17:44","Purchase","'70838153003424270","WXR294","","PRIMAX 95","Billed","13.64","30.00","PSS BUKIT KEMUNING 2","","Standalone","","","31 Jul 2018"
"07/07/2018 17:41","Reload","'70838153003424270","WXR294","","","Billed","","-50.00","PSS BUKIT KEMUNING 2","","Standalone","","","31 Jul 2018"