"Date Time","Transaction Type","Card Number","Vehicle Number","Driver Card Number","Product Type","Billing Type","Transaction Volume (Litres)","Transaction Amount (RM)","Station Name","Odometer","Card Type","Cost Centre","Cost Centre Name","Statement Month"
"27/07/2018 07:39","Purchase","'70838153003423926","WXR114","","PRIMAX 95","Billed","18.18","40.00","PSS KLIA 1","","Standalone","","","31 Jul 2018"
"27/07/2018 07:38","Reload","'70838153003423926","WXR114","","","Billed","","-50.00","PSS KLIA 1","","Standalone","","","31 Jul 2018"
"24/07/2018 19:18","Purchase","'70838153003423926","WXR114","","PRIMAX 95","Billed","18.18","40.00","PSS COCHRANE PERKASA","","Standalone","","","31 Jul 2018"
"24/07/2018 19:17","Reload","'70838153003423926","WXR114","","","Billed","","-50.00","PSS COCHRANE PERKASA","","Standalone","","","31 Jul 2018"
"09/07/2018 11:04","Purchase","'70838153003423926","WXR114","","PRIMAX 95","Billed","14.38","31.64","PSS COCHRANE PERKASA","","Standalone","","","31 Jul 2018"
"03/07/2018 16:47","Purchase","'70838153003423926","WXR114","","PRIMAX 95","Billed","13.64","30.00","PSS COCHRANE PERKASA","","Standalone","","","31 Jul 2018"
"03/07/2018 16:45","Reload","'70838153003423926","WXR114","","","Billed","","-50.00","PSS COCHRANE PERKASA","","Standalone","","","31 Jul 2018"