"Date Time","Transaction Type","Card Number","Vehicle Number","Driver Card Number","Product Type","Billing Type","Transaction Volume (Litres)","Transaction Amount (RM)","Station Name","Odometer","Card Type","Cost Centre","Cost Centre Name","Statement Month"
"31/07/2018 18:10","Purchase","'70838153003496104","WXR350","","PRIMAX 95","Un-billed","13.64","30.00","PSS JAYA GADING","","Standalone","","","Unbilled Transaction"
"31/07/2018 18:05","Reload","'70838153003496104","WXR350","","","Billed","","-50.00","PSS JAYA GADING","","Standalone","","","31 Jul 2018"
"31/07/2018 16:46","Purchase","'70838153003496104","WXR350","","PRIMAX 95","Billed","13.63","29.99","PSS BANDAR INDERA MAHKOTA","","Standalone","","","31 Jul 2018"
"24/07/2018 15:26","Purchase","'70838153003496104","WXR350","","PRIMAX 95","Billed","13.64","30.00","PSS KM 4 JALAN GAMBANG","","Standalone","","","31 Jul 2018"
"23/07/2018 21:35","Purchase","'70838153003496104","WXR350","","PRIMAX 95","Billed","13.64","30.00","PSS TELOK SISEK","","Standalone","","","31 Jul 2018"
"23/07/2018 10:56","Purchase","'70838153003496104","WXR350","","PRIMAX 95","Billed","36.37","80.01","PSS KM 16 JALAN GAMBANG","","Standalone","","","31 Jul 2018"
"19/07/2018 19:14","Purchase","'70838153003496104","WXR350","","PRIMAX 95","Billed","13.64","30.00","PSS BANDAR INDERA MAHKOTA","","Standalone","","","31 Jul 2018"
"19/07/2018 19:12","Reload","'70838153003496104","WXR350","","","Billed","","-200.00","PSS BANDAR INDERA MAHKOTA","","Standalone","","","31 Jul 2018"
"18/07/2018 21:42","Purchase","'70838153003496104","WXR350","","PRIMAX 95","Billed","9.09","20.00","PSS PERMATANG BADAK","","Standalone","","","31 Jul 2018"
"17/07/2018 12:53","Purchase","'70838153003496104","WXR350","","PRIMAX 95","Billed","22.73","50.00","PSS JALAN LIM HOE LEK","","Standalone","","","31 Jul 2018"
"17/07/2018 12:50","Reload","'70838153003496104","WXR350","","","Billed","","-50.00","PSS JALAN LIM HOE LEK","","Standalone","","","31 Jul 2018"
"12/07/2018 19:10","Purchase","'70838153003496104","WXR350","","PRIMAX 95","Billed","13.64","30.00","PSS JAYA GADING","","Standalone","","","31 Jul 2018"
"12/07/2018 19:03","Reload","'70838153003496104","WXR350","","","Billed","","-50.00","PSS JAYA GADING","","Standalone","","","31 Jul 2018"
"11/07/2018 11:57","Purchase","'70838153003496104","WXR350","","PRIMAX 95","Billed","21.98","48.35","PSS JALAN KUANTAN SG LEMBING","","Standalone","","","31 Jul 2018"
"10/07/2018 09:19","Purchase","'70838153003496104","WXR350","","PRIMAX 95","Billed","44.55","98.00","PSS KM 16 JALAN GAMBANG","","Standalone","","","31 Jul 2018"
"10/07/2018 09:19","Reload","'70838153003496104","WXR350","","","Billed","","-100.00","PSS KM 16 JALAN GAMBANG","","Standalone","","","31 Jul 2018"
"09/07/2018 08:43","Purchase","'70838153003496104","WXR350","","PRIMAX 95","Billed","47.12","103.65","PSS MARAN","","Standalone","","","31 Jul 2018"
"09/07/2018 08:41","Reload","'70838153003496104","WXR350","","","Billed","","-150.00","PSS MARAN","","Standalone","","","31 Jul 2018"
"08/07/2018 14:45","Purchase","'70838153003496104","WXR350","","PRIMAX 95","Billed","27.75","61.06","PSS PETRONAS KARAK REST","","Standalone","","","31 Jul 2018"
"07/07/2018 09:35","Purchase","'70838153003496104","WXR350","","PRIMAX 95","Billed","44.55","98.00","PSS JAYA GADING","","Standalone","","","31 Jul 2018"
"07/07/2018 09:33","Reload","'70838153003496104","WXR350","","","Billed","","-100.00","PSS JAYA GADING","","Standalone","","","31 Jul 2018"
"05/07/2018 14:23","Purchase","'70838153003496104","WXR350","","PRIMAX 95","Billed","22.73","50.00","PSS JAYA GADING","","Standalone","","","31 Jul 2018"
"05/07/2018 14:20","Reload","'70838153003496104","WXR350","","","Billed","","-100.00","PSS JAYA GADING","","Standalone","","","31 Jul 2018"