"Date Time","Transaction Type","Card Number","Vehicle Number","Driver Card Number","Product Type","Billing Type","Transaction Volume (Litres)","Transaction Amount (RM)","Station Name","Odometer","Card Type","Cost Centre","Cost Centre Name","Statement Month"
"30/07/2018 19:21","Purchase","'70838153003498118","WXR413","","PRIMAX 95","Billed","22.73","50.00","PSS AULONG","","Standalone","","","31 Jul 2018"
"30/07/2018 19:20","Reload","'70838153003498118","WXR413","","","Billed","","-50.00","PSS AULONG","","Standalone","","","31 Jul 2018"
"29/07/2018 17:49","Purchase","'70838153003498118","WXR413","","PRIMAX 95","Billed","22.73","50.00","PSS AULONG","","Standalone","","","31 Jul 2018"
"29/07/2018 17:47","Reload","'70838153003498118","WXR413","","","Billed","","-50.00","PSS AULONG","","Standalone","","","31 Jul 2018"
"27/07/2018 15:17","Purchase","'70838153003498118","WXR413","","PRIMAX 95","Billed","22.73","50.00","PSS R & R GUNUNG SEMANGGOL","","Standalone","","","31 Jul 2018"
"27/07/2018 15:15","Reload","'70838153003498118","WXR413","","","Billed","","-50.00","PSS R & R GUNUNG SEMANGGOL","","Standalone","","","31 Jul 2018"
"26/07/2018 13:24","Purchase","'70838153003498118","WXR413","","PRIMAX 95","Billed","22.73","50.00","PSS AULONG","","Standalone","","","31 Jul 2018"
"26/07/2018 13:22","Reload","'70838153003498118","WXR413","","","Billed","","-50.00","PSS AULONG","","Standalone","","","31 Jul 2018"
"25/07/2018 13:30","Purchase","'70838153003498118","WXR413","","PRIMAX 95","Billed","22.73","50.00","PSS CHAI LENG PARK","","Standalone","","","31 Jul 2018"
"25/07/2018 13:28","Reload","'70838153003498118","WXR413","","","Billed","","-50.00","PSS CHAI LENG PARK","","Standalone","","","31 Jul 2018"
"23/07/2018 19:02","Purchase","'70838153003498118","WXR413","","PRIMAX 95","Billed","22.73","50.00","PSS JALAN SIMPANG TAIPING","","Standalone","","","31 Jul 2018"
"23/07/2018 19:01","Reload","'70838153003498118","WXR413","","","Billed","","-50.00","PSS JALAN SIMPANG TAIPING","","Standalone","","","31 Jul 2018"
"22/07/2018 10:04","Purchase","'70838153003498118","WXR413","","PRIMAX 95","Billed","22.73","50.00","PSS AULONG","","Standalone","","","31 Jul 2018"
"22/07/2018 09:56","Reload","'70838153003498118","WXR413","","","Billed","","-50.00","PSS AULONG","","Standalone","","","31 Jul 2018"
"20/07/2018 11:42","Purchase","'70838153003498118","WXR413","","PRIMAX 95","Billed","22.73","50.00","PSS TUPAI","","Standalone","","","31 Jul 2018"
"20/07/2018 11:41","Reload","'70838153003498118","WXR413","","","Billed","","-50.00","PSS TUPAI","","Standalone","","","31 Jul 2018"
"19/07/2018 15:06","Purchase","'70838153003498118","WXR413","","PRIMAX 95","Billed","22.73","50.00","PSS AULONG","","Standalone","","","31 Jul 2018"
"19/07/2018 15:04","Reload","'70838153003498118","WXR413","","","Billed","","-50.00","PSS AULONG","","Standalone","","","31 Jul 2018"
"17/07/2018 13:46","Purchase","'70838153003498118","WXR413","","PRIMAX 95","Billed","22.73","50.00","PSS AULONG","","Standalone","","","31 Jul 2018"
"17/07/2018 13:44","Reload","'70838153003498118","WXR413","","","Billed","","-50.00","PSS AULONG","","Standalone","","","31 Jul 2018"
"16/07/2018 08:55","Purchase","'70838153003498118","WXR413","","PRIMAX 95","Billed","22.73","50.00","PSS AULONG","","Standalone","","","31 Jul 2018"
"16/07/2018 08:52","Reload","'70838153003498118","WXR413","","","Billed","","-50.00","PSS AULONG","","Standalone","","","31 Jul 2018"
"14/07/2018 21:26","Purchase","'70838153003498118","WXR413","","PRIMAX 95","Billed","22.73","50.00","PSS AULONG","","Standalone","","","31 Jul 2018"
"14/07/2018 21:25","Reload","'70838153003498118","WXR413","","","Billed","","-50.00","PSS AULONG","","Standalone","","","31 Jul 2018"
"13/07/2018 14:25","Purchase","'70838153003498118","WXR413","","PRIMAX 95","Billed","22.73","50.00","PSS AULONG","","Standalone","","","31 Jul 2018"
"13/07/2018 14:24","Reload","'70838153003498118","WXR413","","","Billed","","-50.00","PSS AULONG","","Standalone","","","31 Jul 2018"
"11/07/2018 21:06","Purchase","'70838153003498118","WXR413","","PRIMAX 95","Billed","22.73","50.00","PSS AULONG","","Standalone","","","31 Jul 2018"
"11/07/2018 21:05","Reload","'70838153003498118","WXR413","","","Billed","","-50.00","PSS AULONG","","Standalone","","","31 Jul 2018"
"10/07/2018 09:35","Purchase","'70838153003498118","WXR413","","PRIMAX 95","Billed","22.73","50.00","PSS AULONG","","Standalone","","","31 Jul 2018"
"10/07/2018 09:29","Reload","'70838153003498118","WXR413","","","Billed","","-50.00","PSS AULONG","","Standalone","","","31 Jul 2018"
"08/07/2018 20:01","Purchase","'70838153003498118","WXR413","","PRIMAX 95","Billed","22.73","50.00","PSS TUPAI","","Standalone","","","31 Jul 2018"
"08/07/2018 19:59","Reload","'70838153003498118","WXR413","","","Billed","","-50.00","PSS TUPAI","","Standalone","","","31 Jul 2018"
"07/07/2018 13:58","Purchase","'70838153003498118","WXR413","","PRIMAX 95","Billed","22.73","50.00","PSS AULONG","","Standalone","","","31 Jul 2018"
"07/07/2018 13:57","Reload","'70838153003498118","WXR413","","","Billed","","-50.00","PSS AULONG","","Standalone","","","31 Jul 2018"
"05/07/2018 15:46","Purchase","'70838153003498118","WXR413","","PRIMAX 95","Billed","22.73","50.00","PSS AULONG","","Standalone","","","31 Jul 2018"
"05/07/2018 15:45","Reload","'70838153003498118","WXR413","","","Billed","","-50.00","PSS AULONG","","Standalone","","","31 Jul 2018"
"03/07/2018 06:46","Purchase","'70838153003498118","WXR413","","PRIMAX 95","Billed","22.73","50.00","PSS AULONG","","Standalone","","","31 Jul 2018"
"02/07/2018 20:01","Purchase","'70838153003498118","WXR413","","PRIMAX 95","Billed","22.73","50.00","PSS AULONG","","Standalone","","","31 Jul 2018"
"02/07/2018 19:59","Reload","'70838153003498118","WXR413","","","Billed","","-100.00","PSS AULONG","","Standalone","","","31 Jul 2018"
"01/07/2018 13:04","Purchase","'70838153003498118","WXR413","","PRIMAX 95","Billed","30.59","67.30","PSS AULONG","","Standalone","","","31 Jul 2018"
"01/07/2018 13:03","Reload","'70838153003498118","WXR413","","","Billed","","-50.00","PSS AULONG","","Standalone","","","31 Jul 2018"