"Date Time","Transaction Type","Card Number","Vehicle Number","Driver Card Number","Product Type","Billing Type","Transaction Volume (Litres)","Transaction Amount (RM)","Station Name","Odometer","Card Type","Cost Centre","Cost Centre Name","Statement Month"
"21/07/2018 22:07","Purchase","'70838153003581855","WXR1409","","PRIMAX 95","Billed","18.18","40.00","PSS BUKIT JALIL TAMAN TEKNOLOGI MSIA 2","","Standalone","","","31 Jul 2018"
"19/07/2018 13:59","Purchase","'70838153003581855","WXR1409","","PRIMAX 95","Billed","7.64","16.80","PSS BATU 6 JALAN IPOH","","Standalone","","","31 Jul 2018"
"19/07/2018 13:56","Reload","'70838153003581855","WXR1409","","","Billed","","-100.00","PSS BATU 6 JALAN IPOH","","Standalone","","","31 Jul 2018"
"04/07/2018 17:58","Purchase","'70838153003581855","WXR1409","","PRIMAX 95","Billed","9.09","20.00","PSS TAMAN PELANGI SEMENYIH","55631","Standalone","","","31 Jul 2018"
"04/07/2018 17:56","Reload","'70838153003581855","WXR1409","","","Billed","","-30.00","PSS TAMAN PELANGI SEMENYIH","","Standalone","","","31 Jul 2018"
"04/07/2018 17:54","Purchase","'70838153003581855","WXR1409","","PRIMAX 95","Billed","4.55","10.00","PSS TAMAN PELANGI SEMENYIH","55631","Standalone","","","31 Jul 2018"