"Date Time","Transaction Type","Card Number","Vehicle Number","Driver Card Number","Product Type","Billing Type","Transaction Volume (Litres)","Transaction Amount (RM)","Station Name","Odometer","Card Type","Cost Centre","Cost Centre Name","Statement Month"
"30/07/2018 17:49","Purchase","'70838153003732805","WXR 5765","","PRIMAX 95","Billed","22.73","50.00","PSS KLEMAK ALOR GAJAH","","Standalone","","","31 Jul 2018"
"26/07/2018 08:47","Purchase","'70838153003732805","WXR 5765","","PRIMAX 95","Billed","22.73","50.00","PSS KLEMAK ALOR GAJAH","","Standalone","","","31 Jul 2018"
"26/07/2018 08:43","Reload","'70838153003732805","WXR 5765","","","Billed","","-100.00","PSS KLEMAK ALOR GAJAH","","Standalone","","","31 Jul 2018"
"23/07/2018 17:56","Purchase","'70838153003732805","WXR 5765","","PRIMAX 95","Billed","22.73","50.00","PSS SUNGAI PETAI ALOR GAJAH","","Standalone","","","31 Jul 2018"
"23/07/2018 17:55","Reload","'70838153003732805","WXR 5765","","","Billed","","-50.00","PSS SUNGAI PETAI ALOR GAJAH","","Standalone","","","31 Jul 2018"
"21/07/2018 00:48","Purchase","'70838153003732805","WXR 5765","","PRIMAX 95","Billed","22.73","50.00","PSS REMBIA","","Standalone","","","31 Jul 2018"
"21/07/2018 00:46","Reload","'70838153003732805","WXR 5765","","","Billed","","-50.00","PSS REMBIA","","Standalone","","","31 Jul 2018"
"15/07/2018 12:08","Purchase","'70838153003732805","WXR 5765","","PRIMAX 95","Billed","22.73","50.00","PSS LEBUH AMJ SG PETAI","","Standalone","","","31 Jul 2018"
"15/07/2018 12:06","Reload","'70838153003732805","WXR 5765","","","Billed","","-50.00","PSS LEBUH AMJ SG PETAI","","Standalone","","","31 Jul 2018"
"12/07/2018 12:43","Purchase","'70838153003732805","WXR 5765","","PRIMAX 95","Billed","22.73","50.00","PSS KLEMAK ALOR GAJAH","","Standalone","","","31 Jul 2018"
"12/07/2018 12:41","Reload","'70838153003732805","WXR 5765","","","Billed","","-50.00","PSS KLEMAK ALOR GAJAH","","Standalone","","","31 Jul 2018"
"01/07/2018 19:20","Purchase","'70838153003732805","WXR 5765","","PRIMAX 95","Billed","22.73","50.00","PSS REMBIA","","Standalone","","","31 Jul 2018"