"Date Time","Transaction Type","Card Number","Vehicle Number","Driver Card Number","Product Type","Billing Type","Transaction Volume (Litres)","Transaction Amount (RM)","Station Name","Odometer","Card Type","Cost Centre","Cost Centre Name","Statement Month"
"30/07/2018 20:40","Purchase","'70838153003667415","WXR 2081","","Diesel (EURO 5)","Billed","21.93","50.00","PSS MUTIARA DAMANSARA","154806","Standalone","","","31 Jul 2018"
"30/07/2018 20:38","Reload","'70838153003667415","WXR 2081","","","Billed","","-50.00","PSS MUTIARA DAMANSARA","","Standalone","","","31 Jul 2018"
"30/07/2018 17:13","Purchase","'70838153003667415","WXR 2081","","Diesel (EURO 5)","Billed","21.93","50.00","PSS MUTIARA DAMANSARA","154723","Standalone","","","31 Jul 2018"
"30/07/2018 17:12","Reload","'70838153003667415","WXR 2081","","","Billed","","-50.00","PSS MUTIARA DAMANSARA","","Standalone","","","31 Jul 2018"
"29/07/2018 18:49","Purchase","'70838153003667415","WXR 2081","","Diesel (EURO 5)","Billed","43.86","100.00","PSS MUTIARA DAMANSARA","154385","Standalone","","","31 Jul 2018"
"29/07/2018 18:47","Reload","'70838153003667415","WXR 2081","","","Billed","","-100.00","PSS MUTIARA DAMANSARA","","Standalone","","","31 Jul 2018"
"27/07/2018 18:56","Purchase","'70838153003667415","WXR 2081","","Diesel (EURO 5)","Billed","57.97","132.18","PSS MUTIARA DAMANSARA","153814","Standalone","","","31 Jul 2018"
"27/07/2018 18:54","Reload","'70838153003667415","WXR 2081","","","Billed","","-100.00","PSS MUTIARA DAMANSARA","","Standalone","","","31 Jul 2018"
"25/07/2018 15:33","Purchase","'70838153003667415","WXR 2081","","Diesel (EURO 5)","Billed","51.68","117.82","PSS HICOM SEK B SEK 27","153236","Standalone","","","31 Jul 2018"
"25/07/2018 12:39","Purchase","'70838153003667415","WXR 2081","","Diesel","Billed","22.94","50.00","PSS GLENMARIE TTDI JAYA","153164","Standalone","","","31 Jul 2018"
"25/07/2018 12:38","Reload","'70838153003667415","WXR 2081","","","Billed","","-200.00","PSS GLENMARIE TTDI JAYA","","Standalone","","","31 Jul 2018"
"24/07/2018 07:11","Purchase","'70838153003667415","WXR 2081","","Diesel (EURO 5)","Billed","21.93","50.00","PSS HICOM SEK B SEK 27","152802","Standalone","","","31 Jul 2018"
"24/07/2018 07:05","Reload","'70838153003667415","WXR 2081","","","Billed","","-50.00","PSS HICOM SEK B SEK 27","","Standalone","","","31 Jul 2018"
"22/07/2018 22:04","Purchase","'70838153003667415","WXR 2081","","Diesel (EURO 5)","Billed","30.70","70.00","PSS MUTIARA DAMANSARA","152524","Standalone","","","31 Jul 2018"
"22/07/2018 22:02","Reload","'70838153003667415","WXR 2081","","","Billed","","-70.00","PSS MUTIARA DAMANSARA","","Standalone","","","31 Jul 2018"
"21/07/2018 18:24","Purchase","'70838153003667415","WXR 2081","","Diesel (EURO 5)","Billed","43.86","100.00","PSS MUTIARA DAMANSARA","152310","Standalone","","","31 Jul 2018"
"21/07/2018 07:50","Purchase","'70838153003667415","WXR 2081","","Diesel","Billed","9.18","20.00","PSS KUANG","152185","Standalone","","","31 Jul 2018"
"21/07/2018 07:48","Reload","'70838153003667415","WXR 2081","'70838153003667415","","Billed","","-120.00","PSS KUANG","","Standalone","","","31 Jul 2018"
"19/07/2018 20:51","Purchase","'70838153003667415","WXR 2081","","Diesel (EURO 5)","Billed","43.86","100.00","PSS MUTIARA DAMANSARA","151808","Standalone","","","31 Jul 2018"
"19/07/2018 20:50","Reload","'70838153003667415","WXR 2081","","","Billed","","-100.00","PSS MUTIARA DAMANSARA","","Standalone","","","31 Jul 2018"
"18/07/2018 18:59","Purchase","'70838153003667415","WXR 2081","","Diesel (EURO 5)","Billed","43.86","100.00","PSS MUTIARA DAMANSARA","151246","Standalone","","","31 Jul 2018"
"18/07/2018 18:57","Reload","'70838153003667415","WXR 2081","","","Billed","","-100.00","PSS MUTIARA DAMANSARA","","Standalone","","","31 Jul 2018"
"17/07/2018 07:05","Purchase","'70838153003667415","WXR 2081","","Diesel (EURO 5)","Billed","43.86","100.00","PSS HICOM SEK B SEK 27","150874","Standalone","","","31 Jul 2018"
"17/07/2018 07:03","Reload","'70838153003667415","WXR 2081","","","Billed","","-100.00","PSS HICOM SEK B SEK 27","","Standalone","","","31 Jul 2018"
"14/07/2018 16:37","Purchase","'70838153003667415","WXR 2081","","Diesel (EURO 5)","Billed","43.86","100.00","PSS MUTIARA DAMANSARA","150386","Standalone","","","31 Jul 2018"
"14/07/2018 16:36","Reload","'70838153003667415","WXR 2081","","","Billed","","-100.00","PSS MUTIARA DAMANSARA","","Standalone","","","31 Jul 2018"
"12/07/2018 21:09","Purchase","'70838153003667415","WXR 2081","","Diesel (EURO 5)","Billed","43.86","100.00","PSS MUTIARA DAMANSARA","150050","Standalone","","","31 Jul 2018"
"12/07/2018 21:07","Reload","'70838153003667415","WXR 2081","","","Billed","","-100.00","PSS MUTIARA DAMANSARA","","Standalone","","","31 Jul 2018"
"11/07/2018 13:46","Purchase","'70838153003667415","WXR 2081","","Diesel (EURO 5)","Billed","43.86","100.00","PSS HICOM SEK B SEK 27","149705","Standalone","","","31 Jul 2018"
"11/07/2018 13:01","Reload","'70838153003667415","WXR 2081","","","Billed","","-100.00","PSS KG MELAYU SUBANG","","Standalone","","","31 Jul 2018"
"11/07/2018 03:54","Purchase","'70838153003667415","WXR 2081","","Diesel (EURO 5)","Billed","17.54","40.00","PSS MUTIARA DAMANSARA","149506","Standalone","","","31 Jul 2018"
"11/07/2018 03:52","Reload","'70838153003667415","WXR 2081","","","Billed","","-40.00","PSS MUTIARA DAMANSARA","","Standalone","","","31 Jul 2018"
"10/07/2018 15:13","Purchase","'70838153003667415","WXR 2081","","Diesel (EURO 5)","Billed","43.86","100.00","PSS HICOM SEK B SEK 27","148973","Standalone","","","31 Jul 2018"
"10/07/2018 15:12","Reload","'70838153003667415","WXR 2081","","","Billed","","-100.00","PSS HICOM SEK B SEK 27","","Standalone","","","31 Jul 2018"
"09/07/2018 07:04","Purchase","'70838153003667415","WXR 2081","","Diesel (EURO 5)","Billed","30.65","69.88","PSS HICOM SEK B SEK 27","148685","Standalone","","","31 Jul 2018"
"06/07/2018 18:56","Purchase","'70838153003667415","WXR 2081","","Diesel","Billed","22.94","50.00","PSS  LATAR 2 (KLS ARAH KL)","148088","Standalone","","","31 Jul 2018"
"06/07/2018 18:55","Reload","'70838153003667415","WXR 2081","","","Billed","","-100.00","PSS  LATAR 2 (KLS ARAH KL)","","Standalone","","","31 Jul 2018"
"03/07/2018 07:56","Purchase","'70838153003667415","WXR 2081","","Diesel (EURO 5)","Billed","57.07","130.12","PSS HICOM SEK B SEK 27","147444","Standalone","","","31 Jul 2018"
"03/07/2018 07:54","Reload","'70838153003667415","WXR 2081","","","Billed","","-150.00","PSS HICOM SEK B SEK 27","","Standalone","","","31 Jul 2018"
"01/07/2018 12:23","Purchase","'70838153003667415","WXR 2081","","Diesel (EURO 5)","Billed","53.58","122.16","PSS MUTIARA DAMANSARA","147018","Standalone","","","31 Jul 2018"
"01/07/2018 12:22","Reload","'70838153003667415","WXR 2081","","","Billed","","-100.00","PSS MUTIARA DAMANSARA","","Standalone","","","31 Jul 2018"