"Date Time","Transaction Type","Card Number","Vehicle Number","Driver Card Number","Product Type","Billing Type","Transaction Volume (Litres)","Transaction Amount (RM)","Station Name","Odometer","Card Type","Cost Centre","Cost Centre Name","Statement Month"
"30/07/2018 01:58","Purchase","'70838153003424999","WXR140","","PRIMAX 95","Billed","45.60","100.31","PSS LOT 4783 BUKIT JALIL","","Standalone","","","31 Jul 2018"
"30/07/2018 01:57","Reload","'70838153003424999","WXR140","","","Billed","","-100.00","PSS LOT 4783 BUKIT JALIL","","Standalone","","","31 Jul 2018"
"23/07/2018 17:42","Purchase","'70838153003424999","WXR140","","PRIMAX 95","Billed","27.27","59.99","PSS PRECINT 16 PUTRAJAYA","","Standalone","","","31 Jul 2018"
"23/07/2018 17:41","Reload","'70838153003424999","WXR140","","","Billed","","-100.00","PSS PRECINT 16 PUTRAJAYA","","Standalone","","","31 Jul 2018"
"19/07/2018 17:44","Purchase","'70838153003424999","WXR140","","PRIMAX 95","Billed","24.71","54.36","PSS PRECINT 16 PUTRAJAYA","23652","Standalone","","","31 Jul 2018"
"19/07/2018 17:43","Reload","'70838153003424999","WXR140","","","Billed","","-100.00","PSS PRECINT 16 PUTRAJAYA","","Standalone","","","31 Jul 2018"
"14/07/2018 11:03","Purchase","'70838153003424999","WXR140","","PRIMAX 95","Billed","12.96","28.50","PSS PPK DENGKIL","23300","Standalone","","","31 Jul 2018"
"11/07/2018 13:31","Purchase","'70838153003424999","WXR140","","PRIMAX 95","Billed","27.06","59.53","PSS CYBERJAYA","22800","Standalone","","","31 Jul 2018"
"11/07/2018 13:29","Reload","'70838153003424999","WXR140","","","Billed","","-50.00","PSS CYBERJAYA","","Standalone","","","31 Jul 2018"
"06/07/2018 18:57","Purchase","'70838153003424999","WXR140","","PRIMAX 95","Billed","28.17","61.97","PSS PUTRAJAYA PRECINT 9","22719","Standalone","","","31 Jul 2018"
"06/07/2018 18:56","Reload","'70838153003424999","WXR140","","","Billed","","-100.00","PSS PUTRAJAYA PRECINT 9","","Standalone","","","31 Jul 2018"
"04/07/2018 12:49","Purchase","'70838153003424999","WXR140","","PRIMAX 95","Billed","22.48","49.45","PSS PRECINT 9D","","Standalone","","","31 Jul 2018"