"Date Time","Transaction Type","Card Number","Vehicle Number","Driver Card Number","Product Type","Billing Type","Transaction Volume (Litres)","Transaction Amount (RM)","Station Name","Odometer","Card Type","Cost Centre","Cost Centre Name","Statement Month"
"29/07/2018 17:32","Purchase","'70838153003727185","WXR 5328","","PRIMAX 95","Billed","22.73","50.00","PSS TANAH LIAT","","Standalone","","","31 Jul 2018"
"23/07/2018 21:01","Purchase","'70838153003727185","WXR 5328","","PRIMAX 95","Billed","22.73","50.00","PSS DESA DAMAI SPT","","Standalone","","","31 Jul 2018"
"16/07/2018 14:17","Purchase","'70838153003727185","WXR 5328","","PRIMAX 95","Billed","22.73","50.00","PSS PERMATANG BATU SPT","","Standalone","","","31 Jul 2018"
"11/07/2018 17:55","Purchase","'70838153003727185","WXR 5328","","PRIMAX 95","Billed","22.73","50.00","PSS PERDA BUKIT MERTAJAM","","Standalone","","","31 Jul 2018"
"11/07/2018 17:53","Reload","'70838153003727185","WXR 5328","","","Billed","","-100.00","PSS PERDA BUKIT MERTAJAM","","Standalone","","","31 Jul 2018"
"04/07/2018 21:39","Purchase","'70838153003727185","WXR 5328","","PRIMAX 95","Billed","22.73","50.00","PSS PERMATANG BATU SPT","","Standalone","","","31 Jul 2018"