"Date Time","Transaction Type","Card Number","Vehicle Number","Driver Card Number","Product Type","Billing Type","Transaction Volume (Litres)","Transaction Amount (RM)","Station Name","Odometer","Card Type","Cost Centre","Cost Centre Name","Statement Month"
"31/07/2018 08:36","Purchase","'70838153003497763","WXR600","","PRIMAX 95","Billed","22.73","50.00","PSS KEDAWANG LANGKAWI","","Standalone","","","31 Jul 2018"
"31/07/2018 08:34","Reload","'70838153003497763","WXR600","","","Billed","","-100.00","PSS KEDAWANG LANGKAWI","","Standalone","","","31 Jul 2018"
"28/07/2018 10:05","Purchase","'70838153003497763","WXR600","","PRIMAX 95","Billed","22.73","50.00","PSS KEDAWANG LANGKAWI","","Standalone","","","31 Jul 2018"
"25/07/2018 11:23","Purchase","'70838153003497763","WXR600","","PRIMAX 95","Billed","22.73","50.00","PSS KEDAWANG LANGKAWI","1","Standalone","","","31 Jul 2018"
"25/07/2018 11:22","Reload","'70838153003497763","WXR600","","","Billed","","-100.00","PSS KEDAWANG LANGKAWI","","Standalone","","","31 Jul 2018"
"18/07/2018 15:48","Purchase","'70838153003497763","WXR600","","PRIMAX 95","Billed","3.63","7.99","PSS TOK SENIK","","Standalone","","","31 Jul 2018"
"17/07/2018 17:41","Purchase","'70838153003497763","WXR600","","PRIMAX 95","Billed","22.73","50.00","PSS KELEBANG LANGKAWI","","Standalone","","","31 Jul 2018"
"07/07/2018 09:56","Purchase","'70838153003497763","WXR600","","PRIMAX 95","Billed","22.73","50.00","PSS KELEBANG LANGKAWI","","Standalone","","","31 Jul 2018"
"04/07/2018 22:33","Purchase","'70838153003497763","WXR600","","PRIMAX 95","Billed","22.73","50.00","PSS KELEBANG LANGKAWI","","Standalone","","","31 Jul 2018"
"04/07/2018 22:32","Reload","'70838153003497763","WXR600","","","Billed","","-100.00","PSS KELEBANG LANGKAWI","","Standalone","","","31 Jul 2018"