"Date Time","Transaction Type","Card Number","Vehicle Number","Driver Card Number","Product Type","Billing Type","Transaction Volume (Litres)","Transaction Amount (RM)","Station Name","Odometer","Card Type","Cost Centre","Cost Centre Name","Statement Month"
"31/07/2018 13:42","Purchase","'70838153003884333","WXR 6774","","PRIMAX 95","Billed","3.18","7.00","PSS JALAN BESAR SERDANG","","Standalone","","","31 Jul 2018"
"31/07/2018 13:40","Reload","'70838153003884333","WXR 6774","","","Billed","","-100.00","PSS JALAN BESAR SERDANG","","Standalone","","","31 Jul 2018"
"28/07/2018 13:31","Purchase","'70838153003884333","WXR 6774","","PRIMAX 95","Billed","9.09","20.00","PSS TAMPIN","","Standalone","","","31 Jul 2018"
"27/07/2018 19:04","Reload","'70838153003884333","WXR 6774","","","Billed","","-20.00","PSS RAWAT & REHAT(S) KL- SEREMBAN","","Standalone","","","31 Jul 2018"
"27/07/2018 19:00","Purchase","'70838153003884333","WXR 6774","","PRIMAX 95","Billed","9.09","20.00","PSS RAWAT & REHAT(S) KL- SEREMBAN","","Standalone","","","31 Jul 2018"