"Date Time","Transaction Type","Card Number","Vehicle Number","Driver Card Number","Product Type","Billing Type","Transaction Volume (Litres)","Transaction Amount (RM)","Station Name","Odometer","Card Type","Cost Centre","Cost Centre Name","Statement Month"
"19/07/2018 19:02","Purchase","'70838153003680400","WXR 2302","","PRIMAX 95","Billed","23.59","51.90","PSS BDR SAUJANA PUTRA","","Standalone","","","31 Jul 2018"
"19/07/2018 19:01","Reload","'70838153003680400","WXR 2302","","","Billed","","-50.00","PSS BDR SAUJANA PUTRA","","Standalone","","","31 Jul 2018"
"18/07/2018 13:59","Purchase","'70838153003680400","WXR 2302","","PRIMAX 95","Billed","25.91","57.00","PSS KM 12.3 LEBUHRAYA PERSEKUTUAN","","Standalone","","","31 Jul 2018"
"18/07/2018 13:58","Reload","'70838153003680400","WXR 2302","","","Billed","","-30.00","PSS KM 12.3 LEBUHRAYA PERSEKUTUAN","","Standalone","","","31 Jul 2018"
"17/07/2018 13:09","Purchase","'70838153003680400","WXR 2302","","PRIMAX 95","Billed","22.73","50.00","PSS SEK 15 SHAH ALAM","","Standalone","","","31 Jul 2018"
"17/07/2018 13:07","Reload","'70838153003680400","WXR 2302","","","Billed","","-50.00","PSS SEK 15 SHAH ALAM","","Standalone","","","31 Jul 2018"
"16/07/2018 21:10","Purchase","'70838153003680400","WXR 2302","","PRIMAX 95","Billed","16.16","35.55","PSS BDR SAUJANA PUTRA","","Standalone","","","31 Jul 2018"
"16/07/2018 21:09","Reload","'70838153003680400","WXR 2302","","","Billed","","-50.00","PSS BDR SAUJANA PUTRA","","Standalone","","","31 Jul 2018"
"15/07/2018 14:22","Purchase","'70838153003680400","WXR 2302","","PRIMAX 95","Billed","22.97","50.53","PSS BDR SAUJANA PUTRA","","Standalone","","","31 Jul 2018"
"15/07/2018 14:20","Reload","'70838153003680400","WXR 2302","","","Billed","","-60.00","PSS BDR SAUJANA PUTRA","","Standalone","","","31 Jul 2018"
"08/07/2018 20:29","Purchase","'70838153003680400","WXR 2302","","PRIMAX 95","Billed","20.47","45.02","PSS KG JAWA KELANG","","Standalone","","","31 Jul 2018"
"08/07/2018 20:24","Reload","'70838153003680400","WXR 2302","","","Billed","","-50.00","PSS KG JAWA KELANG","","Standalone","","","31 Jul 2018"
"06/07/2018 12:46","Purchase","'70838153003680400","WXR 2302","","PRIMAX 95","Billed","18.18","40.00","PSS SEK 6 SHAH ALAM","","Standalone","","","31 Jul 2018"
"06/07/2018 12:45","Reload","'70838153003680400","WXR 2302","","","Billed","","-40.00","PSS SEK 6 SHAH ALAM","","Standalone","","","31 Jul 2018"
"05/07/2018 19:16","Purchase","'70838153003680400","WXR 2302","","PRIMAX 95","Billed","4.55","10.00","PSS BDR SAUJANA PUTRA","","Standalone","","","31 Jul 2018"
"05/07/2018 19:15","Reload","'70838153003680400","WXR 2302","","","Billed","","-10.00","PSS BDR SAUJANA PUTRA","","Standalone","","","31 Jul 2018"
"04/07/2018 19:41","Purchase","'70838153003680400","WXR 2302","","PRIMAX 95","Billed","9.09","20.00","PSS BDR SAUJANA PUTRA","","Standalone","","","31 Jul 2018"
"04/07/2018 19:40","Reload","'70838153003680400","WXR 2302","","","Billed","","-20.00","PSS BDR SAUJANA PUTRA","","Standalone","","","31 Jul 2018"
"02/07/2018 19:31","Purchase","'70838153003680400","WXR 2302","","PRIMAX 95","Billed","16.49","36.28","PSS BDR SAUJANA PUTRA","","Standalone","","","31 Jul 2018"
"02/07/2018 01:22","Purchase","'70838153003680400","WXR 2302","","PRIMAX 95","Billed","27.69","60.92","PSS BDR SAUJANA PUTRA","","Standalone","","","31 Jul 2018"
"01/07/2018 22:41","Purchase","'70838153003680400","WXR 2302","","PRIMAX 95","Billed","6.21","13.67","PSS JALAN KUANTAN SG LEMBING","","Standalone","","","31 Jul 2018"
"01/07/2018 15:27","Purchase","'70838153003680400","WXR 2302","","PRIMAX 95","Billed","8.32","18.31","PSS GELIGA","","Standalone","","","31 Jul 2018"
"01/07/2018 15:25","Reload","'70838153003680400","WXR 2302","","","Billed","","-20.00","PSS GELIGA","","Standalone","","","31 Jul 2018"