"Date Time","Transaction Type","Card Number","Vehicle Number","Driver Card Number","Product Type","Billing Type","Transaction Volume (Litres)","Transaction Amount (RM)","Station Name","Odometer","Card Type","Cost Centre","Cost Centre Name","Statement Month"
"19/07/2018 10:57","Purchase","'70838153003855309","WXR 6225","","PRIMAX 95","Billed","4.55","10.00","PSS LOT 59 JALAN AMPANG","22400","Standalone","","","31 Jul 2018"
"15/07/2018 12:38","Purchase","'70838153003855309","WXR 6225","","PRIMAX 95","Billed","4.55","10.00","PSS WANGSA MAJU SEK 2","22200","Standalone","","","31 Jul 2018"
"06/07/2018 14:00","Purchase","'70838153003855309","WXR 6225","","PRIMAX 95","Billed","4.55","10.00","PSS WANGSA MAJU SEK 2","22100","Standalone","","","31 Jul 2018"
"04/07/2018 07:49","Purchase","'70838153003855309","WXR 6225","","PRIMAX 95","Billed","4.55","10.00","PSS JALAN GENTING KLANG 2","22000","Standalone","","","31 Jul 2018"
"03/07/2018 16:21","Reload","'70838153003855309","WXR 6225","","","Billed","","-20.00","PSS WANGSA MAJU SEK 2","","Standalone","","","31 Jul 2018"