"Date Time","Transaction Type","Card Number","Vehicle Number","Driver Card Number","Product Type","Billing Type","Transaction Volume (Litres)","Transaction Amount (RM)","Station Name","Odometer","Card Type","Cost Centre","Cost Centre Name","Statement Month"
"30/07/2018 18:53","Purchase","'70838153003585492","WXR1784","","PRIMAX 95","Billed","3.01","6.63","PSS SENTUL","","Standalone","","","31 Jul 2018"
"29/07/2018 13:32","Purchase","'70838153003585492","WXR1784","","PRIMAX 95","Billed","10.00","22.00","PSS SLIM RIVER","","Standalone","","","31 Jul 2018"
"28/07/2018 16:26","Purchase","'70838153003585492","WXR1784","","PRIMAX 95","Billed","24.00","52.80","PSS SIMPANG PULAI ARAH UTARA","","Standalone","","","31 Jul 2018"
"28/07/2018 15:47","Reload","'70838153003585492","WXR1784","","","Billed","","-100.00","PSS BIDOR","","Standalone","","","31 Jul 2018"
"22/07/2018 12:07","Purchase","'70838153003585492","WXR1784","","PRIMAX 95","Billed","3.27","7.19","PSS SENTUL","","Standalone","","","31 Jul 2018"
"15/07/2018 16:48","Purchase","'70838153003585492","WXR1784","","PRIMAX 95","Billed","2.85","6.27","PSS SENTUL","","Standalone","","","31 Jul 2018"
"10/07/2018 19:09","Purchase","'70838153003585492","WXR1784","","PRIMAX 95","Billed","3.01","6.62","PSS SENTUL","","Standalone","","","31 Jul 2018"
"08/07/2018 16:56","Purchase","'70838153003585492","WXR1784","","PRIMAX 95","Billed","14.00","30.80","PSS BATU 8 JALAN IPOH","","Standalone","","","31 Jul 2018"
"08/07/2018 16:54","Reload","'70838153003585492","WXR1784","","","Billed","","-50.00","PSS BATU 8 JALAN IPOH","","Standalone","","","31 Jul 2018"
"05/07/2018 09:55","Purchase","'70838153003585492","WXR1784","","PRIMAX 95","Billed","3.01","6.61","PSS SENTUL","","Standalone","","","31 Jul 2018"
"01/07/2018 10:34","Purchase","'70838153003585492","WXR1784","","PRIMAX 95","Billed","19.00","41.81","PSS SLIM RIVER","","Standalone","","","31 Jul 2018"