"Date Time","Transaction Type","Card Number","Vehicle Number","Driver Card Number","Product Type","Billing Type","Transaction Volume (Litres)","Transaction Amount (RM)","Station Name","Odometer","Card Type","Cost Centre","Cost Centre Name","Statement Month"
"31/07/2018 21:11","Purchase","'70838153003853866","WXR 6256","","PRIMAX 95","Un-billed","2.73","6.00","PSS SENTUL","","Standalone","","","Unbilled Transaction"
"30/07/2018 12:04","Purchase","'70838153003853866","WXR 6256","","PRIMAX 95","Billed","2.28","5.00","PSS SENTUL","","Standalone","","","31 Jul 2018"
"27/07/2018 10:48","Purchase","'70838153003853866","WXR 6256","","PRIMAX 95","Billed","2.73","6.00","PSS JLN KUCHING","","Standalone","","","31 Jul 2018"
"27/07/2018 10:46","Reload","'70838153003853866","WXR 6256","","","Billed","","-20.00","PSS JLN KUCHING","","Standalone","","","31 Jul 2018"
"16/07/2018 09:00","Purchase","'70838153003853866","WXR 6256","","PRIMAX 95","Billed","2.46","5.40","PSS TAMAN SAMUDERA BATU CAVES","","Standalone","","","31 Jul 2018"
"14/07/2018 11:37","Purchase","'70838153003853866","WXR 6256","","PRIMAX 95","Billed","2.27","5.00","PSS BUKIT NANDING","","Standalone","","","31 Jul 2018"
"13/07/2018 09:44","Purchase","'70838153003853866","WXR 6256","","PRIMAX 97","Billed","3.09","8.00","PSS JLN KUCHING","8","Standalone","","","31 Jul 2018"