"Date Time","Transaction Type","Card Number","Vehicle Number","Driver Card Number","Product Type","Billing Type","Transaction Volume (Litres)","Transaction Amount (RM)","Station Name","Odometer","Card Type","Cost Centre","Cost Centre Name","Statement Month"
"29/07/2018 15:32","Purchase","'70838153003724471","WXR 5553","","PRIMAX 95","Billed","18.18","40.00","PSS BANGSAR","52513","Standalone","","","31 Jul 2018"
"23/07/2018 21:16","Reload","'70838153003724471","WXR 5553","","","Billed","","-20.00","PSS NPE PANTAI DALAM","","Standalone","","","31 Jul 2018"
"23/07/2018 21:13","Reload","'70838153003724471","WXR 5553","","","Billed","","-30.00","PSS NPE PANTAI DALAM","","Standalone","","","31 Jul 2018"
"20/07/2018 21:27","Purchase","'70838153003724471","WXR 5553","","PRIMAX 95","Billed","18.18","40.00","PSS BATU 3 FEDERAL HIGHWAY","52271","Standalone","","","31 Jul 2018"
"08/07/2018 16:40","Purchase","'70838153003724471","WXR 5553","","PRIMAX 95","Billed","13.64","30.00","PSS RASAH","51979","Standalone","","","31 Jul 2018"
"08/07/2018 16:38","Reload","'70838153003724471","WXR 5553","","","Billed","","-30.00","PSS RASAH","","Standalone","","","31 Jul 2018"
"07/07/2018 17:52","Purchase","'70838153003724471","WXR 5553","","PRIMAX 95","Billed","13.64","30.00","PSS RAWAT & REHAT(S) KL- SEREMBAN","51819","Standalone","","","31 Jul 2018"
"07/07/2018 17:50","Reload","'70838153003724471","WXR 5553","","","Billed","","-70.00","PSS RAWAT & REHAT(S) KL- SEREMBAN","","Standalone","","","31 Jul 2018"