"Date Time","Transaction Type","Card Number","Vehicle Number","Driver Card Number","Product Type","Billing Type","Transaction Volume (Litres)","Transaction Amount (RM)","Station Name","Odometer","Card Type","Cost Centre","Cost Centre Name","Statement Month"
"29/07/2018 18:18","Reload","'70838153003926043","WXR 8709","","","Billed","","-50.00","PSS KM5.75 PENCHALA LINK","","Standalone","","","31 Jul 2018"
"29/07/2018 18:15","Purchase","'70838153003926043","WXR 8709","","PRIMAX 95","Billed","18.18","40.00","PSS KM5.75 PENCHALA LINK","","Standalone","","","31 Jul 2018"
"21/07/2018 22:01","Reload","'70838153003926043","WXR 8709","","","Billed","","-50.00","PSS SEKSYEN 7 BANGI","","Standalone","","","31 Jul 2018"
"21/07/2018 21:57","Purchase","'70838153003926043","WXR 8709","","PRIMAX 95","Billed","22.73","50.00","PSS SEKSYEN 7 BANGI","50","Standalone","","","31 Jul 2018"
"14/07/2018 15:04","Reload","'70838153003926043","WXR 8709","","","Billed","","-50.00","PSS JLN KUCHING","","Standalone","","","31 Jul 2018"