"Date Time","Transaction Type","Card Number","Vehicle Number","Driver Card Number","Product Type","Billing Type","Transaction Volume (Litres)","Transaction Amount (RM)","Station Name","Odometer","Card Type","Cost Centre","Cost Centre Name","Statement Month"
"25/07/2018 11:41","Purchase","'70838153003424387","WXR120","","PRIMAX 95","Billed","15.00","33.00","PSS JALAN 222 PETALING JAYA","8","Standalone","","","31 Jul 2018"
"25/07/2018 11:39","Reload","'70838153003424387","WXR120","","","Billed","","-50.00","PSS JALAN 222 PETALING JAYA","","Standalone","","","31 Jul 2018"
"18/07/2018 12:28","Purchase","'70838153003424387","WXR120","","PRIMAX 97","Billed","0.95","2.47","PSS KM 12.3 LEBUHRAYA PERSEKUTUAN","","Standalone","","","31 Jul 2018"
"16/07/2018 14:43","Purchase","'70838153003424387","WXR120","","PRIMAX 95","Billed","22.73","50.00","PSS KLANG SENTRAL","","Standalone","","","31 Jul 2018"
"16/07/2018 14:42","Reload","'70838153003424387","WXR120","","","Billed","","-50.00","PSS KLANG SENTRAL","","Standalone","","","31 Jul 2018"