"Date Time","Transaction Type","Card Number","Vehicle Number","Driver Card Number","Product Type","Billing Type","Transaction Volume (Litres)","Transaction Amount (RM)","Station Name","Odometer","Card Type","Cost Centre","Cost Centre Name","Statement Month"
"30/07/2018 16:27","Purchase","'70838153003677208","WXR 2863","","PRIMAX 95","Billed","3.18","7.00","PSS KESAS ARAH KELANG","","Standalone","","","31 Jul 2018"
"26/07/2018 15:53","Purchase","'70838153003677208","WXR 2863","","PRIMAX 95","Billed","3.18","7.00","PSS KESAS ARAH KELANG","","Standalone","","","31 Jul 2018"
"25/07/2018 16:17","Purchase","'70838153003677208","WXR 2863","","PRIMAX 95","Billed","3.18","7.00","PSS KESAS ARAH KELANG","","Standalone","","","31 Jul 2018"
"20/07/2018 08:47","Purchase","'70838153003677208","WXR 2863","","PRIMAX 95","Billed","3.18","7.00","PSS KESAS ARAH KELANG","","Standalone","","","31 Jul 2018"
"19/07/2018 09:42","Purchase","'70838153003677208","WXR 2863","","PRIMAX 95","Billed","3.18","7.00","PSS KESAS ARAH KELANG","","Standalone","","","31 Jul 2018"
"18/07/2018 18:04","Purchase","'70838153003677208","WXR 2863","","PRIMAX 95","Billed","3.18","7.00","PSS KESAS ARAH KELANG","","Standalone","","","31 Jul 2018"
"17/07/2018 18:20","Purchase","'70838153003677208","WXR 2863","","PRIMAX 95","Billed","3.18","7.00","PSS KESAS ARAH KELANG","","Standalone","","","31 Jul 2018"
"17/07/2018 18:18","Reload","'70838153003677208","WXR 2863","","","Billed","","-50.00","PSS KESAS ARAH KELANG","","Standalone","","","31 Jul 2018"
"13/07/2018 16:40","Purchase","'70838153003677208","WXR 2863","","PRIMAX 95","Billed","2.32","5.10","PSS KESAS ARAH KELANG","","Standalone","","","31 Jul 2018"
"12/07/2018 09:36","Purchase","'70838153003677208","WXR 2863","","PRIMAX 95","Billed","3.18","7.00","PSS KESAS ARAH KELANG","","Standalone","","","31 Jul 2018"
"11/07/2018 09:15","Purchase","'70838153003677208","WXR 2863","","PRIMAX 95","Billed","3.18","7.00","PSS KESAS ARAH KELANG","","Standalone","","","31 Jul 2018"
"10/07/2018 15:53","Purchase","'70838153003677208","WXR 2863","","PRIMAX 95","Billed","2.73","6.00","PSS KESAS ARAH KELANG","","Standalone","","","31 Jul 2018"
"09/07/2018 09:41","Purchase","'70838153003677208","WXR 2863","","PRIMAX 95","Billed","3.18","7.00","PSS KESAS ARAH KELANG","","Standalone","","","31 Jul 2018"
"09/07/2018 09:38","Reload","'70838153003677208","WXR 2863","","","Billed","","-20.00","PSS KESAS ARAH KELANG","","Standalone","","","31 Jul 2018"
"06/07/2018 16:42","Purchase","'70838153003677208","WXR 2863","","PRIMAX 95","Billed","3.18","7.00","PSS KESAS ARAH KELANG","","Standalone","","","31 Jul 2018"
"05/07/2018 15:03","Purchase","'70838153003677208","WXR 2863","","PRIMAX 95","Billed","2.73","6.00","PSS KESAS ARAH KELANG","","Standalone","","","31 Jul 2018"
"04/07/2018 09:15","Purchase","'70838153003677208","WXR 2863","","PRIMAX 95","Billed","3.18","7.00","PSS KESAS ARAH KELANG","","Standalone","","","31 Jul 2018"
"03/07/2018 08:44","Purchase","'70838153003677208","WXR 2863","","PRIMAX 95","Billed","3.18","7.00","PSS KESAS ARAH KELANG","","Standalone","","","31 Jul 2018"
"03/07/2018 08:40","Reload","'70838153003677208","WXR 2863","","","Billed","","-20.00","PSS KESAS ARAH KELANG","","Standalone","","","31 Jul 2018"
"02/07/2018 16:40","Purchase","'70838153003677208","WXR 2863","","PRIMAX 95","Billed","3.18","7.00","PSS KESAS ARAH KELANG","","Standalone","","","31 Jul 2018"
"01/07/2018 14:58","Purchase","'70838153003677208","WXR 2863","","PRIMAX 95","Billed","3.18","7.00","PSS KESAS ARAH KELANG","","Standalone","","","31 Jul 2018"
"01/07/2018 14:55","Reload","'70838153003677208","WXR 2863","","","Billed","","-20.00","PSS KESAS ARAH KELANG","","Standalone","","","31 Jul 2018"