"Date Time","Transaction Type","Card Number","Vehicle Number","Driver Card Number","Product Type","Billing Type","Transaction Volume (Litres)","Transaction Amount (RM)","Station Name","Odometer","Card Type","Cost Centre","Cost Centre Name","Statement Month"
"16/07/2018 16:50","Purchase","'70838153003424916","WXR60","","PRIMAX 95","Billed","9.09","20.00","PSS JLN TANJONG BENDAHARA","","Standalone","","","31 Jul 2018"
"14/07/2018 08:17","Purchase","'70838153003424916","WXR60","","PRIMAX 95","Billed","9.09","20.00","PSS BANDAR MUTIARA","","Standalone","","","31 Jul 2018"
"14/07/2018 08:15","Reload","'70838153003424916","WXR60","","","Billed","","-40.00","PSS BANDAR MUTIARA","","Standalone","","","31 Jul 2018"
"11/07/2018 23:55","Purchase","'70838153003424916","WXR60","","PRIMAX 95","Billed","13.64","30.00","PSS BANDAR MUTIARA","","Standalone","","","31 Jul 2018"
"11/07/2018 23:54","Reload","'70838153003424916","WXR60","","","Billed","","-30.00","PSS BANDAR MUTIARA","","Standalone","","","31 Jul 2018"
"06/07/2018 20:51","Purchase","'70838153003424916","WXR60","","PRIMAX 95","Billed","22.75","50.04","PSS RAWANG RSA","","Standalone","","","31 Jul 2018"
"06/07/2018 07:29","Purchase","'70838153003424916","WXR60","","PRIMAX 95","Billed","47.74","105.02","PSS BANDAR MUTIARA","","Standalone","","","31 Jul 2018"
"06/07/2018 07:28","Reload","'70838153003424916","WXR60","","","Billed","","-150.00","PSS BANDAR MUTIARA","","Standalone","","","31 Jul 2018"