"Date Time","Transaction Type","Card Number","Vehicle Number","Driver Card Number","Product Type","Billing Type","Transaction Volume (Litres)","Transaction Amount (RM)","Station Name","Odometer","Card Type","Cost Centre","Cost Centre Name","Statement Month"
"31/07/2018 16:00","Purchase","'70838153003425285","WXR73","","PRIMAX 95","Billed","6.36","14.00","PSS BUKIT KANGKAR","","Standalone","","","31 Jul 2018"
"31/07/2018 15:59","Reload","'70838153003425285","WXR73","","","Billed","","-20.00","PSS BUKIT KANGKAR","","Standalone","","","31 Jul 2018"
"30/07/2018 20:32","Purchase","'70838153003425285","WXR73","","PRIMAX 95","Billed","7.27","16.00","PSS BUKIT KANGKAR","","Standalone","","","31 Jul 2018"
"30/07/2018 20:30","Reload","'70838153003425285","WXR73","","","Billed","","-50.00","PSS BUKIT KANGKAR","","Standalone","","","31 Jul 2018"
"27/07/2018 11:27","Purchase","'70838153003425285","WXR73","","PRIMAX 95","Billed","9.09","20.00","PSS TANGKAK","","Standalone","","","31 Jul 2018"
"27/07/2018 11:25","Reload","'70838153003425285","WXR73","","","Billed","","-20.00","PSS TANGKAK","","Standalone","","","31 Jul 2018"
"24/07/2018 21:59","Purchase","'70838153003425285","WXR73","","PRIMAX 95","Billed","13.64","30.00","PSS BUKIT KANGKAR","","Standalone","","","31 Jul 2018"
"24/07/2018 21:57","Reload","'70838153003425285","WXR73","","","Billed","","-30.00","PSS BUKIT KANGKAR","","Standalone","","","31 Jul 2018"
"23/07/2018 20:36","Purchase","'70838153003425285","WXR73","","PRIMAX 95","Billed","13.64","30.00","PSS BUKIT KANGKAR","","Standalone","","","31 Jul 2018"
"23/07/2018 08:43","Reload","'70838153003425285","WXR73","","","Billed","","-30.00","PSS KLUANG AIR HITAM","","Standalone","","","31 Jul 2018"
"23/07/2018 07:31","Purchase","'70838153003425285","WXR73","","PRIMAX 95","Billed","22.73","50.00","PSS BUKIT GAMBIR","","Standalone","","","31 Jul 2018"
"22/07/2018 20:47","Purchase","'70838153003425285","WXR73","","PRIMAX 95","Billed","6.36","14.00","PSS BUKIT KANGKAR","","Standalone","","","31 Jul 2018"
"22/07/2018 20:45","Reload","'70838153003425285","WXR73","","","Billed","","-30.00","PSS BUKIT KANGKAR","","Standalone","","","31 Jul 2018"
"21/07/2018 12:20","Purchase","'70838153003425285","WXR73","","PRIMAX 95","Billed","20.00","44.00","PSS BUKIT GAMBIR","","Standalone","","","31 Jul 2018"
"21/07/2018 12:18","Reload","'70838153003425285","WXR73","","","Billed","","-50.00","PSS BUKIT GAMBIR","","Standalone","","","31 Jul 2018"
"20/07/2018 03:25","Purchase","'70838153003425285","WXR73","","PRIMAX 95","Billed","10.00","22.00","PSS AIR KEROH RSA SOUTH BOUND","","Standalone","","","31 Jul 2018"
"20/07/2018 03:21","Reload","'70838153003425285","WXR73","","","Billed","","-50.00","PSS AIR KEROH RSA SOUTH BOUND","","Standalone","","","31 Jul 2018"
"19/07/2018 10:12","Purchase","'70838153003425285","WXR73","","PRIMAX 95","Billed","22.73","50.00","PSS AIR KEROH RSA NORTH BOUND","","Standalone","","","31 Jul 2018"
"16/07/2018 10:47","Reload","'70838153003425285","WXR73","","","Billed","","-50.00","PSS BUKIT KANGKAR","","Standalone","","","31 Jul 2018"
"15/07/2018 20:43","Purchase","'70838153003425285","WXR73","","PRIMAX 95","Billed","22.73","50.00","PSS BUKIT KANGKAR","","Standalone","","","31 Jul 2018"
"15/07/2018 15:45","Reload","'70838153003425285","WXR73","","","Billed","","-50.00","PSS TANGKAK","","Standalone","","","31 Jul 2018"
"12/07/2018 15:09","Purchase","'70838153003425285","WXR73","","PRIMAX 95","Billed","13.64","30.00","PSS BUKIT GAMBIR","","Standalone","","","31 Jul 2018"
"12/07/2018 15:07","Reload","'70838153003425285","WXR73","","","Billed","","-30.00","PSS BUKIT GAMBIR","","Standalone","","","31 Jul 2018"
"04/07/2018 10:52","Purchase","'70838153003425285","WXR73","","PRIMAX 95","Billed","4.55","10.00","PSS BUKIT KANGKAR","","Standalone","","","31 Jul 2018"
"04/07/2018 10:51","Reload","'70838153003425285","WXR73","","","Billed","","-10.00","PSS BUKIT KANGKAR","","Standalone","","","31 Jul 2018"
"01/07/2018 12:16","Purchase","'70838153003425285","WXR73","","PRIMAX 95","Billed","13.26","29.17","PSS MERLIMAU","","Standalone","","","31 Jul 2018"
"01/07/2018 12:15","Reload","'70838153003425285","WXR73","","","Billed","","-20.00","PSS MERLIMAU","","Standalone","","","31 Jul 2018"