"Date Time","Transaction Type","Card Number","Vehicle Number","Driver Card Number","Product Type","Billing Type","Transaction Volume (Litres)","Transaction Amount (RM)","Station Name","Odometer","Card Type","Cost Centre","Cost Centre Name","Statement Month"
"31/07/2018 06:49","Purchase","'70838153003496393","WXR355","","PRIMAX 95","Billed","22.73","50.00","PSS JALAN KUANTAN SG LEMBING","","Standalone","","","31 Jul 2018"
"31/07/2018 06:48","Reload","'70838153003496393","WXR355","","","Billed","","-50.00","PSS JALAN KUANTAN SG LEMBING","","Standalone","","","31 Jul 2018"
"28/07/2018 15:22","Purchase","'70838153003496393","WXR355","","PRIMAX 95","Billed","22.73","50.00","PSS JALAN KUANTAN SG LEMBING","","Standalone","","","31 Jul 2018"
"28/07/2018 15:21","Reload","'70838153003496393","WXR355","","","Billed","","-50.00","PSS JALAN KUANTAN SG LEMBING","","Standalone","","","31 Jul 2018"
"25/07/2018 06:47","Purchase","'70838153003496393","WXR355","","PRIMAX 95","Billed","22.73","50.00","PSS JALAN KUANTAN SG LEMBING","","Standalone","","","31 Jul 2018"
"25/07/2018 06:46","Reload","'70838153003496393","WXR355","","","Billed","","-50.00","PSS JALAN KUANTAN SG LEMBING","","Standalone","","","31 Jul 2018"
"23/07/2018 16:04","Purchase","'70838153003496393","WXR355","","PRIMAX 95","Billed","22.73","50.00","PSS KM 16 JALAN GAMBANG","","Standalone","","","31 Jul 2018"
"23/07/2018 16:02","Reload","'70838153003496393","WXR355","","","Billed","","-50.00","PSS KM 16 JALAN GAMBANG","","Standalone","","","31 Jul 2018"
"19/07/2018 08:32","Purchase","'70838153003496393","WXR355","","PRIMAX 95","Billed","22.73","50.00","PSS KUANTAN PUTRI","","Standalone","","","31 Jul 2018"
"19/07/2018 08:31","Reload","'70838153003496393","WXR355","","","Billed","","-50.00","PSS KUANTAN PUTRI","","Standalone","","","31 Jul 2018"
"16/07/2018 16:08","Purchase","'70838153003496393","WXR355","","PRIMAX 95","Billed","22.73","50.00","PSS JALAN KUANTAN SG LEMBING","","Standalone","","","31 Jul 2018"
"16/07/2018 16:07","Reload","'70838153003496393","WXR355","","","Billed","","-50.00","PSS JALAN KUANTAN SG LEMBING","","Standalone","","","31 Jul 2018"
"13/07/2018 17:11","Purchase","'70838153003496393","WXR355","","PRIMAX 95","Billed","18.18","40.00","PSS JALAN KUANTAN SG LEMBING","","Standalone","","","31 Jul 2018"
"13/07/2018 17:11","Reload","'70838153003496393","WXR355","","","Billed","","-40.00","PSS JALAN KUANTAN SG LEMBING","","Standalone","","","31 Jul 2018"
"11/07/2018 06:59","Purchase","'70838153003496393","WXR355","","PRIMAX 95","Billed","22.73","50.00","PSS JALAN KUANTAN SG LEMBING","","Standalone","","","31 Jul 2018"
"11/07/2018 06:58","Reload","'70838153003496393","WXR355","","","Billed","","-50.00","PSS JALAN KUANTAN SG LEMBING","","Standalone","","","31 Jul 2018"
"10/07/2018 01:45","Purchase","'70838153003496393","WXR355","","PRIMAX 95","Billed","22.73","50.00","PSS JALAN KUANTAN SG LEMBING","","Standalone","","","31 Jul 2018"
"10/07/2018 01:43","Reload","'70838153003496393","WXR355","","","Billed","","-50.00","PSS JALAN KUANTAN SG LEMBING","","Standalone","","","31 Jul 2018"
"05/07/2018 07:07","Purchase","'70838153003496393","WXR355","","PRIMAX 95","Billed","22.73","50.00","PSS JALAN KUANTAN SG LEMBING","","Standalone","","","31 Jul 2018"
"05/07/2018 07:06","Reload","'70838153003496393","WXR355","","","Billed","","-50.00","PSS JALAN KUANTAN SG LEMBING","","Standalone","","","31 Jul 2018"
"03/07/2018 17:39","Purchase","'70838153003496393","WXR355","","PRIMAX 95","Billed","22.73","50.00","PSS JALAN KUANTAN SG LEMBING","","Standalone","","","31 Jul 2018"
"03/07/2018 17:38","Reload","'70838153003496393","WXR355","","","Billed","","-50.00","PSS JALAN KUANTAN SG LEMBING","","Standalone","","","31 Jul 2018"
"01/07/2018 06:50","Purchase","'70838153003496393","WXR355","","PRIMAX 95","Billed","22.73","50.00","PSS JALAN KUANTAN SG LEMBING","","Standalone","","","31 Jul 2018"
"01/07/2018 06:49","Reload","'70838153003496393","WXR355","","","Billed","","-50.00","PSS JALAN KUANTAN SG LEMBING","","Standalone","","","31 Jul 2018"