"Date Time","Transaction Type","Card Number","Vehicle Number","Driver Card Number","Product Type","Billing Type","Transaction Volume (Litres)","Transaction Amount (RM)","Station Name","Odometer","Card Type","Cost Centre","Cost Centre Name","Statement Month"
"22/07/2018 20:24","Reload","'70838153003500244","WXR930","","","Billed","","-500.00","PSS JALAN JELATEK 2","","Standalone","","","31 Jul 2018"
"22/07/2018 20:21","Purchase","'70838153003500244","WXR930","","PRIMAX 97","Billed","27.40","70.15","PSS JALAN JELATEK 2","","Standalone","","","31 Jul 2018"
"20/07/2018 09:48","Purchase","'70838153003500244","WXR930","","PRIMAX 97","Billed","46.00","117.75","PSS BRICKFIELDS","99","Standalone","","","31 Jul 2018"
"13/07/2018 20:46","Purchase","'70838153003500244","WXR930","","PRIMAX 97","Billed","57.93","150.03","PSS KOTA DAMANSARA 2","","Standalone","","","31 Jul 2018"
"08/07/2018 21:34","Reload","'70838153003500244","WXR930","","","Billed","","-500.00","PSS JALAN JELATEK 2","","Standalone","","","31 Jul 2018"
"08/07/2018 21:33","Purchase","'70838153003500244","WXR930","","PRIMAX 97","Billed","65.89","170.00","PSS JALAN JELATEK 2","","Standalone","","","31 Jul 2018"
"07/07/2018 15:45","Purchase","'70838153003500244","WXR930","","PRIMAX 95","Billed","31.40","69.07","PSS JALAN JELATEK 2","","Standalone","","","31 Jul 2018"