"Date Time","Transaction Type","Card Number","Vehicle Number","Driver Card Number","Product Type","Billing Type","Transaction Volume (Litres)","Transaction Amount (RM)","Station Name","Odometer","Card Type","Cost Centre","Cost Centre Name","Statement Month"
"14/07/2018 13:12","Purchase","'70838153003710199","WXR 4507","","PRIMAX 95","Billed","9.09","20.00","PSS JALAN KOLAM AYER","100000","Standalone","","","31 Jul 2018"
"14/07/2018 13:10","Reload","'70838153003710199","WXR 4507","","","Billed","","-20.00","PSS JALAN KOLAM AYER","","Standalone","","","31 Jul 2018"
"14/07/2018 00:12","Purchase","'70838153003710199","WXR 4507","","PRIMAX 95","Billed","22.73","50.00","PSS JALAN KOLAM AYER","10000","Standalone","","","31 Jul 2018"
"14/07/2018 00:11","Reload","'70838153003710199","WXR 4507","","","Billed","","-20.00","PSS JALAN KOLAM AYER","","Standalone","","","31 Jul 2018"
"14/07/2018 00:09","Reload","'70838153003710199","WXR 4507","","","Billed","","-30.00","PSS JALAN KOLAM AYER","","Standalone","","","31 Jul 2018"
"13/07/2018 22:50","Purchase","'70838153003710199","WXR 4507","","PRIMAX 95","Billed","2.73","6.00","PSS AMPANG JAYA","100000","Standalone","","","31 Jul 2018"
"11/07/2018 22:47","Purchase","'70838153003710199","WXR 4507","","PRIMAX 95","Billed","2.73","6.00","PSS AMPANG JAYA","100000","Standalone","","","31 Jul 2018"