"Date Time","Transaction Type","Card Number","Vehicle Number","Driver Card Number","Product Type","Billing Type","Transaction Volume (Litres)","Transaction Amount (RM)","Station Name","Odometer","Card Type","Cost Centre","Cost Centre Name","Statement Month"
"29/07/2018 12:29","Purchase","'70838153003732722","WXR 5757","","Diesel","Billed","57.82","126.04","PSS POKOK SENA","","Standalone","","","31 Jul 2018"
"29/07/2018 12:28","Reload","'70838153003732722","WXR 5757","","","Billed","","-150.00","PSS POKOK SENA","","Standalone","","","31 Jul 2018"
"23/07/2018 14:38","Purchase","'70838153003732722","WXR 5757","","Diesel","Billed","53.90","117.50","PSS POKOK SENA","","Standalone","","","31 Jul 2018"
"23/07/2018 14:37","Reload","'70838153003732722","WXR 5757","","","Billed","","-100.00","PSS POKOK SENA","","Standalone","","","31 Jul 2018"
"17/07/2018 11:05","Purchase","'70838153003732722","WXR 5757","","Diesel","Billed","59.64","130.00","PSS POKOK SENA","","Standalone","","","31 Jul 2018"
"17/07/2018 11:04","Reload","'70838153003732722","WXR 5757","","","Billed","","-100.00","PSS POKOK SENA","","Standalone","","","31 Jul 2018"
"10/07/2018 14:27","Purchase","'70838153003732722","WXR 5757","","Diesel","Billed","55.05","120.00","PSS POKOK SENA","","Standalone","","","31 Jul 2018"
"10/07/2018 14:26","Reload","'70838153003732722","WXR 5757","","","Billed","","-150.00","PSS POKOK SENA","","Standalone","","","31 Jul 2018"