"Date Time","Transaction Type","Card Number","Vehicle Number","Driver Card Number","Product Type","Billing Type","Transaction Volume (Litres)","Transaction Amount (RM)","Station Name","Odometer","Card Type","Cost Centre","Cost Centre Name","Statement Month"
"28/07/2018 16:03","Purchase","'70838153003500947","WXR969","","PRIMAX 95","Billed","32.88","72.34","PSS MASJID TANAH","","Standalone","","","31 Jul 2018"
"28/07/2018 16:02","Reload","'70838153003500947","WXR969","","","Billed","","-150.00","PSS MASJID TANAH","","Standalone","","","31 Jul 2018"
"26/07/2018 21:29","Purchase","'70838153003500947","WXR969","","PRIMAX 95","Billed","31.82","70.00","PSS LUBUK CHINA","","Standalone","","","31 Jul 2018"
"24/07/2018 07:47","Purchase","'70838153003500947","WXR969","","PRIMAX 95","Billed","23.94","52.66","PSS MASJID TANAH","","Standalone","","","31 Jul 2018"
"21/07/2018 22:18","Purchase","'70838153003500947","WXR969","","PRIMAX 95","Billed","33.25","73.14","PSS LUBUK CHINA","","Standalone","","","31 Jul 2018"
"16/07/2018 22:27","Purchase","'70838153003500947","WXR969","","PRIMAX 95","Billed","22.73","50.00","PSS LUBUK CHINA","","Standalone","","","31 Jul 2018"
"16/07/2018 22:26","Reload","'70838153003500947","WXR969","","","Billed","","-300.00","PSS LUBUK CHINA","","Standalone","","","31 Jul 2018"
"16/07/2018 22:22","Purchase","'70838153003500947","WXR969","","PRIMAX 95","Billed","2.65","5.84","PSS LUBUK CHINA","","Standalone","","","31 Jul 2018"
"14/07/2018 11:52","Purchase","'70838153003500947","WXR969","","PRIMAX 95","Billed","33.23","73.10","PSS MASJID TANAH","","Standalone","","","31 Jul 2018"
"08/07/2018 08:24","Purchase","'70838153003500947","WXR969","","PRIMAX 95","Billed","13.81","30.38","PSS LUBUK CHINA","","Standalone","","","31 Jul 2018"
"07/07/2018 20:23","Purchase","'70838153003500947","WXR969","","PRIMAX 95","Billed","27.27","60.00","PSS LUBUK CHINA","","Standalone","","","31 Jul 2018"