"Date Time","Transaction Type","Card Number","Vehicle Number","Driver Card Number","Product Type","Billing Type","Transaction Volume (Litres)","Transaction Amount (RM)","Station Name","Odometer","Card Type","Cost Centre","Cost Centre Name","Statement Month"
"28/07/2018 22:14","Purchase","'70838153003500467","WXR951","","PRIMAX 97","Billed","23.62","60.00","PSS CHENG","209","Standalone","","","31 Jul 2018"
"28/07/2018 22:12","Reload","'70838153003500467","WXR951","","","Billed","","-200.00","PSS CHENG","","Standalone","","","31 Jul 2018"
"25/07/2018 20:47","Purchase","'70838153003500467","WXR951","","PRIMAX 95","Billed","22.73","50.00","PSS TAMAN SETIA INDAH","207","Standalone","","","31 Jul 2018"
"22/07/2018 17:38","Purchase","'70838153003500467","WXR951","","PRIMAX 95","Billed","13.64","30.00","PSS AYER KEROH 3","207","Standalone","","","31 Jul 2018"
"18/07/2018 18:37","Purchase","'70838153003500467","WXR951","","PRIMAX 95","Billed","18.18","40.00","PSS TAMAN SETIA INDAH","205","Standalone","","","31 Jul 2018"
"18/07/2018 18:35","Reload","'70838153003500467","WXR951","","","Billed","","-200.00","PSS TAMAN SETIA INDAH","","Standalone","","","31 Jul 2018"
"12/07/2018 17:40","Purchase","'70838153003500467","WXR951","","PRIMAX 95","Billed","8.94","19.66","PSS TAMAN SETIA INDAH","203","Standalone","","","31 Jul 2018"
"10/07/2018 16:01","Purchase","'70838153003500467","WXR951","","PRIMAX 95","Billed","13.64","30.00","PSS TAMAN SETIA INDAH","202","Standalone","","","31 Jul 2018"
"10/07/2018 16:01","Purchase","'70838153003500467","WXR951","","PRIMAX 95","Un-billed","13.64","30.00","PSS TAMAN SETIA INDAH","202","Standalone","","","Unbilled Transaction"
"06/07/2018 22:26","Purchase","'70838153003500467","WXR951","","PRIMAX 97","Billed","19.38","50.00","PSS MITC","200","Standalone","","","31 Jul 2018"
"05/07/2018 21:12","Purchase","'70838153003500467","WXR951","","PRIMAX 95","Billed","27.27","60.00","PSS TAMAN SETIA INDAH","60","Standalone","","","31 Jul 2018"