"Date Time","Transaction Type","Card Number","Vehicle Number","Driver Card Number","Product Type","Billing Type","Transaction Volume (Litres)","Transaction Amount (RM)","Station Name","Odometer","Card Type","Cost Centre","Cost Centre Name","Statement Month"
"28/07/2018 14:20","Purchase","'70838153003581095","WXR1083","","PRIMAX 95","Billed","11.36","25.00","PSS MASJID TANAH","","Standalone","","","31 Jul 2018"
"24/07/2018 14:38","Purchase","'70838153003581095","WXR1083","","PRIMAX 95","Billed","9.09","20.00","PSS MASJID TANAH","","Standalone","","","31 Jul 2018"
"19/07/2018 21:59","Purchase","'70838153003581095","WXR1083","","PRIMAX 95","Billed","11.36","25.00","PSS MASJID TANAH","","Standalone","","","31 Jul 2018"
"19/07/2018 21:57","Reload","'70838153003581095","WXR1083","","","Billed","","-100.00","PSS MASJID TANAH","","Standalone","","","31 Jul 2018"
"12/07/2018 18:59","Purchase","'70838153003581095","WXR1083","","PRIMAX 95","Billed","18.18","40.00","PSS TANGGA BATU","","Standalone","","","31 Jul 2018"
"12/07/2018 18:58","Reload","'70838153003581095","WXR1083","","","Billed","","-50.00","PSS TANGGA BATU","","Standalone","","","31 Jul 2018"
"07/07/2018 11:11","Purchase","'70838153003581095","WXR1083","","PRIMAX 95","Billed","18.18","40.00","PSS RASAH","","Standalone","","","31 Jul 2018"