"Date Time","Transaction Type","Card Number","Vehicle Number","Driver Card Number","Product Type","Billing Type","Transaction Volume (Litres)","Transaction Amount (RM)","Station Name","Odometer","Card Type","Cost Centre","Cost Centre Name","Statement Month"
"22/07/2018 17:40","Purchase","'70838153003674387","WXR 2164","","PRIMAX 95","Billed","11.82","25.99","PSS GUCHIL","1","Standalone","","","31 Jul 2018"
"15/07/2018 14:10","Purchase","'70838153003674387","WXR 2164","","PRIMAX 95","Billed","21.75","47.84","PSS GUCHIL","5","Standalone","","","31 Jul 2018"
"13/07/2018 21:30","Purchase","'70838153003674387","WXR 2164","","PRIMAX 95","Billed","24.46","53.80","PSS MACHANG BYPASS","7","Standalone","","","31 Jul 2018"
"13/07/2018 21:29","Reload","'70838153003674387","WXR 2164","","","Billed","","-100.00","PSS MACHANG BYPASS","","Standalone","","","31 Jul 2018"
"11/07/2018 13:16","Purchase","'70838153003674387","WXR 2164","","PRIMAX 95","Billed","25.68","56.49","PSS GUCHIL","5","Standalone","","","31 Jul 2018"
"08/07/2018 23:03","Purchase","'70838153003674387","WXR 2164","","PRIMAX 95","Billed","22.37","49.21","PSS GUCHIL JAYA KUALA KRAI","7","Standalone","","","31 Jul 2018"
"08/07/2018 13:49","Purchase","'70838153003674387","WXR 2164","","PRIMAX 95","Billed","19.19","42.22","PSS KL-KARAK","8","Standalone","","","31 Jul 2018"
"06/07/2018 15:51","Purchase","'70838153003674387","WXR 2164","","PRIMAX 95","Billed","17.71","38.95","PSS KETARI BENTONG","2","Standalone","","","31 Jul 2018"
"06/07/2018 10:18","Purchase","'70838153003674387","WXR 2164","","PRIMAX 95","Billed","24.62","54.17","PSS GUCHIL JAYA KUALA KRAI","1","Standalone","","","31 Jul 2018"
"06/07/2018 10:18","Reload","'70838153003674387","WXR 2164","","","Billed","","-200.00","PSS GUCHIL JAYA KUALA KRAI","","Standalone","","","31 Jul 2018"
"04/07/2018 15:05","Purchase","'70838153003674387","WXR 2164","","PRIMAX 95","Billed","22.73","50.00","PSS GUCHIL","5","Standalone","","","31 Jul 2018"
"01/07/2018 07:32","Purchase","'70838153003674387","WXR 2164","","PRIMAX 95","Billed","27.89","61.36","PSS GUCHIL","1","Standalone","","","31 Jul 2018"