"Date Time","Transaction Type","Card Number","Vehicle Number","Driver Card Number","Product Type","Billing Type","Transaction Volume (Litres)","Transaction Amount (RM)","Station Name","Odometer","Card Type","Cost Centre","Cost Centre Name","Statement Month"
"19/07/2018 17:13","Purchase","'70838153003500160","WXR669","","Diesel","Billed","137.61","300.00","PSS FELDA JENGKA 21","","Standalone","","","31 Jul 2018"
"11/07/2018 17:52","Reload","'70838153003500160","WXR669","","","Billed","","-1,000.00","PSS BANDAR JENGKA","","Standalone","","","31 Jul 2018"
"06/07/2018 18:27","Purchase","'70838153003500160","WXR669","","Diesel","Billed","137.61","300.00","PSS FELDA JENGKA 21","","Standalone","","","31 Jul 2018"
"05/07/2018 13:43","Purchase","'70838153003500160","WXR669","","Diesel","Billed","148.62","324.00","PSS BANDAR JENGKA","","Standalone","","","31 Jul 2018"
"04/07/2018 21:00","Purchase","'70838153003500160","WXR669","","Diesel","Billed","183.49","400.00","PSS FELDA JENGKA 21","","Standalone","","","31 Jul 2018"
"04/07/2018 16:39","Reload","'70838153003500160","WXR669","","","Billed","","-1,000.00","PSS BANDAR JENGKA","","Standalone","","","31 Jul 2018"