"Date Time","Transaction Type","Card Number","Vehicle Number","Driver Card Number","Product Type","Billing Type","Transaction Volume (Litres)","Transaction Amount (RM)","Station Name","Odometer","Card Type","Cost Centre","Cost Centre Name","Statement Month"
"22/07/2018 11:18","Purchase","'70838153003853791","WXR 6263","","PRIMAX 95","Billed","8.26","18.17","PSS LEBUHRAYA SILK","","Standalone","","","31 Jul 2018"
"21/07/2018 21:02","Purchase","'70838153003853791","WXR 6263","","PRIMAX 95","Billed","2.63","5.79","PSS JALAN TUN RAZAK","","Standalone","","","31 Jul 2018"
"19/07/2018 13:05","Purchase","'70838153003853791","WXR 6263","","PRIMAX 95","Billed","2.74","6.04","PSS JALAN TUN RAZAK","","Standalone","","","31 Jul 2018"
"17/07/2018 21:24","Purchase","'70838153003853791","WXR 6263","","PRIMAX 95","Billed","9.09","20.00","PSS PRECINT 16 PUTRAJAYA","","Standalone","","","31 Jul 2018"
"17/07/2018 10:51","Reload","'70838153003853791","WXR 6263","","","Billed","","-50.00","PSS SEKSYEN 7 BANGI","","Standalone","","","31 Jul 2018"
"16/07/2018 12:59","Purchase","'70838153003853791","WXR 6263","","PRIMAX 95","Billed","2.53","5.56","PSS JALAN TUN RAZAK","","Standalone","","","31 Jul 2018"
"12/07/2018 11:38","Purchase","'70838153003853791","WXR 6263","","PRIMAX 95","Billed","2.98","6.55","PSS JALAN TUN RAZAK","","Standalone","","","31 Jul 2018"
"06/07/2018 11:49","Purchase","'70838153003853791","WXR 6263","","PRIMAX 95","Billed","2.27","5.00","PSS JALAN TUN RAZAK","","Standalone","","","31 Jul 2018"
"03/07/2018 16:35","Purchase","'70838153003853791","WXR 6263","","PRIMAX 95","Billed","2.50","5.50","PSS JALAN TUN RAZAK","","Standalone","","","31 Jul 2018"
"03/07/2018 07:17","Reload","'70838153003853791","WXR 6263","","","Billed","","-20.00","PSS SEKSYEN 7 BANGI","","Standalone","","","31 Jul 2018"