"Date Time","Transaction Type","Card Number","Vehicle Number","Driver Card Number","Product Type","Billing Type","Transaction Volume (Litres)","Transaction Amount (RM)","Station Name","Odometer","Card Type","Cost Centre","Cost Centre Name","Statement Month"
"17/07/2018 14:18","Purchase","'70838153003498043","WXR613","","PRIMAX 95","Billed","9.09","20.00","PSS SENTUL","","Standalone","","","31 Jul 2018"
"15/07/2018 19:25","Purchase","'70838153003498043","WXR613","","PRIMAX 95","Billed","22.73","50.00","PSS TAMAN SAMUDERA BATU CAVES","","Standalone","","","31 Jul 2018"
"09/07/2018 23:38","Purchase","'70838153003498043","WXR613","","PRIMAX 95","Billed","22.73","50.00","PSS SENTUL","","Standalone","","","31 Jul 2018"
"09/07/2018 23:37","Reload","'70838153003498043","WXR613","","","Billed","","-100.00","PSS SENTUL","","Standalone","","","31 Jul 2018"
"02/07/2018 17:03","Purchase","'70838153003498043","WXR613","","PRIMAX 95","Billed","18.64","41.00","PSS TAMAN SAMUDERA BATU CAVES","","Standalone","","","31 Jul 2018"
"02/07/2018 17:01","Reload","'70838153003498043","WXR613","","","Billed","","-30.00","PSS TAMAN SAMUDERA BATU CAVES","","Standalone","","","31 Jul 2018"
"01/07/2018 18:12","Purchase","'70838153003498043","WXR613","","PRIMAX 95","Billed","30.91","68.00","PSS TAMAN SAMUDERA BATU CAVES","","Standalone","","","31 Jul 2018"
"01/07/2018 18:09","Reload","'70838153003498043","WXR613","","","Billed","","-50.00","PSS TAMAN SAMUDERA BATU CAVES","","Standalone","","","31 Jul 2018"