"Date Time","Transaction Type","Card Number","Vehicle Number","Driver Card Number","Product Type","Billing Type","Transaction Volume (Litres)","Transaction Amount (RM)","Station Name","Odometer","Card Type","Cost Centre","Cost Centre Name","Statement Month"
"29/07/2018 16:57","Purchase","'70838153003667019","WXR2028","","Diesel","Billed","45.87","100.00","PSS RINGLET","","Standalone","","","31 Jul 2018"
"29/07/2018 16:56","Reload","'70838153003667019","WXR2028","","","Billed","","-100.00","PSS RINGLET","","Standalone","","","31 Jul 2018"
"24/07/2018 19:32","Purchase","'70838153003667019","WXR2028","","Diesel (EURO 5)","Billed","65.79","150.00","PSS JALAN TRAS BENTONG","","Standalone","","","31 Jul 2018"
"24/07/2018 19:31","Reload","'70838153003667019","WXR2028","","","Billed","","-200.00","PSS JALAN TRAS BENTONG","","Standalone","","","31 Jul 2018"
"20/07/2018 10:45","Purchase","'70838153003667019","WXR2028","","Diesel","Billed","68.81","150.00","PSS SUNGKAI","","Standalone","","","31 Jul 2018"
"20/07/2018 10:43","Reload","'70838153003667019","WXR2028","","","Billed","","-150.00","PSS SUNGKAI","","Standalone","","","31 Jul 2018"
"18/07/2018 06:40","Purchase","'70838153003667019","WXR2028","","Diesel","Billed","68.81","150.00","PSS IJOK","","Standalone","","","31 Jul 2018"
"16/07/2018 18:37","Purchase","'70838153003667019","WXR2028","","Diesel","Billed","22.94","50.00","PSS LATAR 1 (KLS ARAH KUALA SEL)","","Standalone","","","31 Jul 2018"
"16/07/2018 18:36","Reload","'70838153003667019","WXR2028","","","Billed","","-200.00","PSS LATAR 1 (KLS ARAH KUALA SEL)","","Standalone","","","31 Jul 2018"
"11/07/2018 15:01","Purchase","'70838153003667019","WXR2028","","Diesel","Billed","73.17","159.50","PSS MUTIARA DAMANSARA","7777","Standalone","","","31 Jul 2018"
"11/07/2018 14:59","Reload","'70838153003667019","WXR2028","","","Billed","","-150.00","PSS MUTIARA DAMANSARA","","Standalone","","","31 Jul 2018"
"10/07/2018 10:57","Purchase","'70838153003667019","WXR2028","","Diesel","Billed","22.94","50.00","PSS IJOK","1067","Standalone","","","31 Jul 2018"
"10/07/2018 10:55","Reload","'70838153003667019","WXR2028","","","Billed","","-100.00","PSS IJOK","","Standalone","","","31 Jul 2018"
"09/07/2018 12:49","Purchase","'70838153003667019","WXR2028","","Diesel","Billed","10.41","22.70","PSS JALAN TUN RAZAK","","Standalone","","","31 Jul 2018"
"06/07/2018 10:38","Purchase","'70838153003667019","WXR2028","","Diesel","Billed","22.96","50.05","PSS IJOK","","Standalone","","","31 Jul 2018"
"05/07/2018 09:14","Purchase","'70838153003667019","WXR2028","","Diesel","Billed","22.94","50.00","PSS IJOK","","Standalone","","","31 Jul 2018"
"05/07/2018 09:13","Reload","'70838153003667019","WXR2028","","","Billed","","-100.00","PSS IJOK","","Standalone","","","31 Jul 2018"
"03/07/2018 13:25","Purchase","'70838153003667019","WXR2028","","Diesel","Billed","22.94","50.00","PSS SUNGAI SEMBILANG","","Standalone","","","31 Jul 2018"
"01/07/2018 14:36","Purchase","'70838153003667019","WXR2028","","PRIMAX 95","Billed","13.64","30.00","PSS  LATAR 2 (KLS ARAH KL)","8888","Standalone","","","31 Jul 2018"
"01/07/2018 14:35","Reload","'70838153003667019","WXR2028","","","Billed","","-100.00","PSS  LATAR 2 (KLS ARAH KL)","","Standalone","","","31 Jul 2018"