"Date Time","Transaction Type","Card Number","Vehicle Number","Driver Card Number","Product Type","Billing Type","Transaction Volume (Litres)","Transaction Amount (RM)","Station Name","Odometer","Card Type","Cost Centre","Cost Centre Name","Statement Month"
"31/07/2018 13:54","Purchase","'70838153003580667","WXR1059","","PRIMAX 95","Billed","22.73","50.00","PSS MASJID TANAH","","Standalone","","","31 Jul 2018"
"29/07/2018 17:14","Purchase","'70838153003580667","WXR1059","","PRIMAX 95","Billed","22.73","50.00","PSS TAMAN SAMUDERA MANJUNG","","Standalone","","","31 Jul 2018"
"29/07/2018 17:13","Reload","'70838153003580667","WXR1059","","","Billed","","-200.00","PSS TAMAN SAMUDERA MANJUNG","","Standalone","","","31 Jul 2018"
"27/07/2018 15:08","Purchase","'70838153003580667","WXR1059","","PRIMAX 95","Billed","22.73","50.00","PSS LUBUK CHINA","","Standalone","","","31 Jul 2018"
"23/07/2018 21:20","Purchase","'70838153003580667","WXR1059","","PRIMAX 95","Billed","22.73","50.00","PSS MASJID TANAH","","Standalone","","","31 Jul 2018"
"23/07/2018 11:40","Purchase","'70838153003580667","WXR1059","","PRIMAX 95","Billed","22.73","50.00","PSS MASJID TANAH","","Standalone","","","31 Jul 2018"
"21/07/2018 15:19","Purchase","'70838153003580667","WXR1059","","PRIMAX 95","Billed","22.73","50.00","PSS MASJID TANAH","","Standalone","","","31 Jul 2018"
"21/07/2018 15:18","Reload","'70838153003580667","WXR1059","","","Billed","","-200.00","PSS MASJID TANAH","","Standalone","","","31 Jul 2018"
"20/07/2018 16:24","Purchase","'70838153003580667","WXR1059","","PRIMAX 95","Billed","22.73","50.00","PSS MASJID TANAH","","Standalone","","","31 Jul 2018"
"16/07/2018 01:26","Purchase","'70838153003580667","WXR1059","","PRIMAX 95","Billed","22.73","50.00","PSS MASJID TANAH","","Standalone","","","31 Jul 2018"
"05/07/2018 15:12","Purchase","'70838153003580667","WXR1059","","PRIMAX 95","Billed","22.73","50.00","PSS MASJID TANAH","","Standalone","","","31 Jul 2018"
"02/07/2018 23:26","Purchase","'70838153003580667","WXR1059","","PRIMAX 95","Billed","22.73","50.00","PSS MASJID TANAH","","Standalone","","","31 Jul 2018"
"02/07/2018 12:46","Purchase","'70838153003580667","WXR1059","","PRIMAX 95","Billed","22.73","50.00","PSS MASJID TANAH","","Standalone","","","31 Jul 2018"
"02/07/2018 12:44","Reload","'70838153003580667","WXR1059","","","Billed","","-150.00","PSS MASJID TANAH","","Standalone","","","31 Jul 2018"