"Date Time","Transaction Type","Card Number","Vehicle Number","Driver Card Number","Product Type","Billing Type","Transaction Volume (Litres)","Transaction Amount (RM)","Station Name","Odometer","Card Type","Cost Centre","Cost Centre Name","Statement Month"
"30/07/2018 11:43","Purchase","'70838153003580972","WXR1071","","PRIMAX 95","Billed","9.09","20.00","PSS GRAND SAGA 3","","Standalone","","","31 Jul 2018"
"30/07/2018 11:41","Reload","'70838153003580972","WXR1071","","","Billed","","-20.00","PSS GRAND SAGA 3","","Standalone","","","31 Jul 2018"
"26/07/2018 09:51","Purchase","'70838153003580972","WXR1071","","PRIMAX 95","Billed","9.09","20.00","PSS PUCHONG BT 14","","Standalone","","","31 Jul 2018"
"26/07/2018 09:50","Reload","'70838153003580972","WXR1071","","","Billed","","-20.00","PSS PUCHONG BT 14","","Standalone","","","31 Jul 2018"
"25/07/2018 10:08","Purchase","'70838153003580972","WXR1071","","PRIMAX 95","Billed","9.82","21.60","PSS SUNGAI BESI - PUCHONG BYPASS","","Standalone","","","31 Jul 2018"
"25/07/2018 10:07","Reload","'70838153003580972","WXR1071","","","Billed","","-20.00","PSS SUNGAI BESI - PUCHONG BYPASS","","Standalone","","","31 Jul 2018"
"18/07/2018 11:55","Purchase","'70838153003580972","WXR1071","","PRIMAX 95","Billed","9.09","20.00","PSS PUCHONG PRIMA","","Standalone","","","31 Jul 2018"
"18/07/2018 11:53","Reload","'70838153003580972","WXR1071","","","Billed","","-20.00","PSS PUCHONG PRIMA","","Standalone","","","31 Jul 2018"
"06/07/2018 09:34","Purchase","'70838153003580972","WXR1071","","PRIMAX 95","Billed","9.09","20.00","PSS SUNGAI BESI - PUCHONG BYPASS","","Standalone","","","31 Jul 2018"
"06/07/2018 09:33","Reload","'70838153003580972","WXR1071","","","Billed","","-20.00","PSS SUNGAI BESI - PUCHONG BYPASS","","Standalone","","","31 Jul 2018"