"Date Time","Transaction Type","Card Number","Vehicle Number","Driver Card Number","Product Type","Billing Type","Transaction Volume (Litres)","Transaction Amount (RM)","Station Name","Odometer","Card Type","Cost Centre","Cost Centre Name","Statement Month"
"30/07/2018 10:13","Purchase","'70838153003582358","WXR1159","","PRIMAX 95","Billed","36.37","80.00","PSS JALAN PLUMBUM","177993","Standalone","","","31 Jul 2018"
"30/07/2018 10:08","Reload","'70838153003582358","WXR1159","","","Billed","","-100.00","PSS JALAN PLUMBUM","","Standalone","","","31 Jul 2018"
"28/07/2018 10:06","Purchase","'70838153003582358","WXR1159","","PRIMAX 95","Billed","13.40","29.48","PSS NKVE KLANG BOUND","177743","Standalone","","","31 Jul 2018"
"19/07/2018 12:52","Purchase","'70838153003582358","WXR1159","","Diesel","Billed","45.87","100.00","PSS ELITE HIGHWAY","","Standalone","","","31 Jul 2018"
"16/07/2018 16:21","Purchase","'70838153003582358","WXR1159","","PRIMAX 95","Billed","33.21","73.06","PSS SERENDAH","177418","Standalone","","","31 Jul 2018"
"06/07/2018 11:27","Purchase","'70838153003582358","WXR1159","","PRIMAX 95","Billed","22.73","50.00","PSS FAS","177226","Standalone","","","31 Jul 2018"
"04/07/2018 17:51","Purchase","'70838153003582358","WXR1159","","PRIMAX 95","Billed","22.73","50.00","PSS SKVE","176993","Standalone","","","31 Jul 2018"
"03/07/2018 19:37","Purchase","'70838153003582358","WXR1159","","PRIMAX 95","Billed","22.73","50.00","PSS NPE TAMAN DESA","176811","Standalone","","","31 Jul 2018"