"Date Time","Transaction Type","Card Number","Vehicle Number","Driver Card Number","Product Type","Billing Type","Transaction Volume (Litres)","Transaction Amount (RM)","Station Name","Odometer","Card Type","Cost Centre","Cost Centre Name","Statement Month"
"28/07/2018 14:30","Purchase","'70838153003581558","WXR1104","","PRIMAX 95","Billed","9.09","20.00","PSS BANDAR BARU UDA 2","","Standalone","","","31 Jul 2018"
"28/07/2018 14:29","Reload","'70838153003581558","WXR1104","","","Billed","","-20.00","PSS BANDAR BARU UDA 2","","Standalone","","","31 Jul 2018"
"24/07/2018 11:29","Purchase","'70838153003581558","WXR1104","","PRIMAX 95","Billed","9.09","20.00","PSS BANDAR BARU UDA 2","20","Standalone","","","31 Jul 2018"
"20/07/2018 08:03","Purchase","'70838153003581558","WXR1104","","PRIMAX 95","Billed","9.09","20.00","PSS BANDAR BARU UDA 2","","Standalone","","","31 Jul 2018"
"20/07/2018 08:01","Reload","'70838153003581558","WXR1104","","","Billed","","-20.00","PSS BANDAR BARU UDA 2","","Standalone","","","31 Jul 2018"
"20/07/2018 07:56","Reload","'70838153003581558","WXR1104","","","Billed","","-20.00","PSS BANDAR BARU UDA 2","","Standalone","","","31 Jul 2018"
"09/07/2018 21:36","Purchase","'70838153003581558","WXR1104","","PRIMAX 95","Billed","9.09","20.00","PSS INNER RING ROAD","","Standalone","","","31 Jul 2018"
"09/07/2018 21:36","Reload","'70838153003581558","WXR1104","'70838153003581558","","Billed","","-20.00","PSS INNER RING ROAD","","Standalone","","","31 Jul 2018"
"06/07/2018 09:39","Purchase","'70838153003581558","WXR1104","","PRIMAX 95","Billed","9.09","20.00","PSS BANDAR BARU UDA 2","","Standalone","","","31 Jul 2018"
"06/07/2018 09:38","Reload","'70838153003581558","WXR1104","","","Billed","","-20.00","PSS BANDAR BARU UDA 2","","Standalone","","","31 Jul 2018"
"01/07/2018 10:24","Purchase","'70838153003581558","WXR1104","","PRIMAX 95","Billed","9.09","20.00","PSS BANDAR BARU UDA 2","","Standalone","","","31 Jul 2018"
"01/07/2018 10:24","Reload","'70838153003581558","WXR1104","","","Billed","","-20.00","PSS BANDAR BARU UDA 2","","Standalone","","","31 Jul 2018"