"Date Time","Transaction Type","Card Number","Vehicle Number","Driver Card Number","Product Type","Billing Type","Transaction Volume (Litres)","Transaction Amount (RM)","Station Name","Odometer","Card Type","Cost Centre","Cost Centre Name","Statement Month"
"31/07/2018 13:47","Reload","'70838153003501556","WXR989","","","Un-billed","","-50.00","PSS LUBUK CHINA","","Standalone","","","Unbilled Transaction"
"31/07/2018 13:44","Purchase","'70838153003501556","WXR989","","PRIMAX 95","Un-billed","17.64","38.80","PSS LUBUK CHINA","","Standalone","","","Unbilled Transaction"
"28/07/2018 13:10","Purchase","'70838153003501556","WXR989","","PRIMAX 95","Billed","22.73","50.00","PSS LUBUK CHINA","","Standalone","","","31 Jul 2018"
"26/07/2018 12:12","Reload","'70838153003501556","WXR989","","","Billed","","-100.00","PSS LUBUK CHINA","","Standalone","","","31 Jul 2018"
"26/07/2018 07:57","Purchase","'70838153003501556","WXR989","","PRIMAX 95","Billed","22.73","50.00","PSS LUBUK CHINA","","Standalone","","","31 Jul 2018"
"20/07/2018 08:41","Purchase","'70838153003501556","WXR989","","PRIMAX 95","Billed","22.73","50.00","PSS MASJID TANAH","","Standalone","","","31 Jul 2018"
"17/07/2018 11:27","Reload","'70838153003501556","WXR989","","","Billed","","-100.00","PSS LUBUK CHINA","","Standalone","","","31 Jul 2018"
"17/07/2018 11:24","Purchase","'70838153003501556","WXR989","","PRIMAX 95","Billed","22.73","50.00","PSS LUBUK CHINA","","Standalone","","","31 Jul 2018"
"12/07/2018 11:47","Purchase","'70838153003501556","WXR989","","PRIMAX 95","Billed","22.73","50.00","PSS RAWAT & REHAT(S) KL- SEREMBAN","","Standalone","","","31 Jul 2018"
"04/07/2018 12:23","Reload","'70838153003501556","WXR989","","","Billed","","-100.00","PSS LUBUK CHINA","","Standalone","","","31 Jul 2018"
"04/07/2018 12:20","Purchase","'70838153003501556","WXR989","","PRIMAX 95","Billed","22.73","50.00","PSS LUBUK CHINA","","Standalone","","","31 Jul 2018"