"Date Time","Transaction Type","Card Number","Vehicle Number","Driver Card Number","Product Type","Billing Type","Transaction Volume (Litres)","Transaction Amount (RM)","Station Name","Odometer","Card Type","Cost Centre","Cost Centre Name","Statement Month"
"24/07/2018 06:43","Purchase","'70838153003582838","WXR1431","","PRIMAX 95","Billed","22.73","50.00","PSS PRIMA SAUJANA 1","","Standalone","","","31 Jul 2018"
"20/07/2018 06:55","Purchase","'70838153003582838","WXR1431","","PRIMAX 95","Billed","22.73","50.00","PSS PRIMA SAUJANA 1","","Standalone","","","31 Jul 2018"
"16/07/2018 15:28","Purchase","'70838153003582838","WXR1431","","PRIMAX 95","Billed","22.73","50.00","PSS JALAN TUN RAZAK","","Standalone","","","31 Jul 2018"
"13/07/2018 22:01","Purchase","'70838153003582838","WXR1431","","PRIMAX 95","Billed","22.73","50.00","PSS LAVENDER HEIGHTS","","Standalone","","","31 Jul 2018"
"11/07/2018 06:39","Purchase","'70838153003582838","WXR1431","","PRIMAX 95","Billed","22.73","50.00","PSS PRIMA SAUJANA 1","50","Standalone","","","31 Jul 2018"
"05/07/2018 13:09","Reload","'70838153003582838","WXR1431","","","Billed","","-200.00","PSS SEMENYIH","","Standalone","","","31 Jul 2018"
"04/07/2018 07:15","Reload","'70838153003582838","WXR1431","","","Billed","","-300.00","PSS PRIMA SAUJANA 1","","Standalone","","","31 Jul 2018"