"Date Time","Transaction Type","Card Number","Vehicle Number","Driver Card Number","Product Type","Billing Type","Transaction Volume (Litres)","Transaction Amount (RM)","Station Name","Odometer","Card Type","Cost Centre","Cost Centre Name","Statement Month"
"25/07/2018 11:48","Purchase","'70838153003424254","WXR36","","PRIMAX 95","Billed","30.43","66.95","PSS LEBUHRAYA SPRINT","","Standalone","","","31 Jul 2018"
"25/07/2018 11:44","Reload","'70838153003424254","WXR36","","","Billed","","-20.00","PSS LEBUHRAYA SPRINT","","Standalone","","","31 Jul 2018"
"19/07/2018 17:04","Purchase","'70838153003424254","WXR36","","PRIMAX 95","Billed","24.11","53.05","PSS LEBUHRAYA SPRINT","","Standalone","","","31 Jul 2018"
"19/07/2018 17:01","Reload","'70838153003424254","WXR36","","","Billed","","-100.00","PSS LEBUHRAYA SPRINT","","Standalone","","","31 Jul 2018"
"15/07/2018 12:55","Purchase","'70838153003424254","WXR36","","PRIMAX 95","Billed","13.64","30.00","PSS KESAS ARAH SUBANG","","Standalone","","","31 Jul 2018"
"10/07/2018 18:36","Purchase","'70838153003424254","WXR36","","PRIMAX 95","Billed","31.82","70.00","PSS KOTA DAMANSARA","","Standalone","","","31 Jul 2018"
"09/07/2018 09:37","Reload","'70838153003424254","WXR36","","","Billed","","-100.00","PSS LEBUHRAYA SPRINT","","Standalone","","","31 Jul 2018"
"08/07/2018 17:30","Purchase","'70838153003424254","WXR36","","PRIMAX 95","Billed","4.81","10.57","PSS MRR2 AMPANG","","Standalone","","","31 Jul 2018"
"03/07/2018 18:11","Purchase","'70838153003424254","WXR36","","PRIMAX 95","Billed","27.27","60.00","PSS LEBUHRAYA SPRINT","","Standalone","","","31 Jul 2018"
"03/07/2018 18:05","Reload","'70838153003424254","WXR36","","","Billed","","-50.00","PSS LEBUHRAYA SPRINT","","Standalone","","","31 Jul 2018"