"Date Time","Transaction Type","Card Number","Vehicle Number","Driver Card Number","Product Type","Billing Type","Transaction Volume (Litres)","Transaction Amount (RM)","Station Name","Odometer","Card Type","Cost Centre","Cost Centre Name","Statement Month"
"31/07/2018 09:26","Purchase","'70838153003667084","WXR2034","","Diesel","Billed","45.87","100.00","PSS KL-KARAK","","Standalone","","","31 Jul 2018"
"31/07/2018 09:25","Reload","'70838153003667084","WXR2034","","","Billed","","-100.00","PSS KL-KARAK","","Standalone","","","31 Jul 2018"
"25/07/2018 16:37","Purchase","'70838153003667084","WXR2034","","Diesel","Billed","36.70","80.00","PSS DESA MENTARI","","Standalone","","","31 Jul 2018"
"25/07/2018 16:35","Reload","'70838153003667084","WXR2034","","","Billed","","-50.00","PSS DESA MENTARI","","Standalone","","","31 Jul 2018"
"23/07/2018 12:01","Purchase","'70838153003667084","WXR2034","","PRIMAX 95","Billed","9.09","20.00","PSS JALAN TUN RAZAK","","Standalone","","","31 Jul 2018"
"23/07/2018 11:57","Reload","'70838153003667084","WXR2034","","","Billed","","-50.00","PSS JALAN TUN RAZAK","","Standalone","","","31 Jul 2018"
"20/07/2018 03:45","Purchase","'70838153003667084","WXR2034","","Diesel","Billed","45.87","100.00","PSS SIMPANG PULAI ARAH UTARA","","Standalone","","","31 Jul 2018"
"20/07/2018 03:42","Reload","'70838153003667084","WXR2034","","","Billed","","-100.00","PSS SIMPANG PULAI ARAH UTARA","","Standalone","","","31 Jul 2018"
"14/07/2018 20:27","Purchase","'70838153003667084","WXR2034","","PRIMAX 95","Billed","22.73","50.00","PSS TAMAN SETIAWANGSA","","Standalone","","","31 Jul 2018"
"14/07/2018 20:25","Reload","'70838153003667084","WXR2034","","","Billed","","-150.00","PSS TAMAN SETIAWANGSA","","Standalone","","","31 Jul 2018"
"13/07/2018 14:42","Purchase","'70838153003667084","WXR2034","","Diesel","Billed","45.87","100.00","PSS MANJALARA","","Standalone","","","31 Jul 2018"
"13/07/2018 14:41","Reload","'70838153003667084","WXR2034","","","Billed","","-100.00","PSS MANJALARA","","Standalone","","","31 Jul 2018"
"12/07/2018 08:49","Purchase","'70838153003667084","WXR2034","","Diesel","Billed","22.94","50.00","PSS TAMAN SETIAWANGSA","","Standalone","","","31 Jul 2018"
"12/07/2018 08:48","Reload","'70838153003667084","WXR2034","","","Billed","","-50.00","PSS TAMAN SETIAWANGSA","","Standalone","","","31 Jul 2018"
"10/07/2018 09:42","Purchase","'70838153003667084","WXR2034","","Diesel","Billed","25.23","55.00","PSS TAMAN SETIAWANGSA","","Standalone","","","31 Jul 2018"
"10/07/2018 09:40","Reload","'70838153003667084","WXR2034","","","Billed","","-55.00","PSS TAMAN SETIAWANGSA","","Standalone","","","31 Jul 2018"
"09/07/2018 08:18","Purchase","'70838153003667084","WXR2034","","Diesel","Billed","45.87","100.00","PSS TAMAN SETIAWANGSA","","Standalone","","","31 Jul 2018"
"09/07/2018 08:17","Reload","'70838153003667084","WXR2034","","","Billed","","-100.00","PSS TAMAN SETIAWANGSA","","Standalone","","","31 Jul 2018"
"05/07/2018 08:28","Purchase","'70838153003667084","WXR2034","","Diesel","Billed","45.87","100.00","PSS TAMAN SETIAWANGSA","","Standalone","","","31 Jul 2018"
"05/07/2018 08:26","Reload","'70838153003667084","WXR2034","","","Billed","","-90.00","PSS TAMAN SETIAWANGSA","","Standalone","","","31 Jul 2018"
"04/07/2018 23:04","Reload","'70838153003667084","WXR2034","","","Billed","","-10.00","PSS TAMAN SETIAWANGSA","","Standalone","","","31 Jul 2018"
"04/07/2018 07:54","Purchase","'70838153003667084","WXR2034","","PRIMAX 95","Billed","9.09","20.00","PSS TAMAN SETIAWANGSA","","Standalone","","","31 Jul 2018"
"04/07/2018 07:53","Reload","'70838153003667084","WXR2034","","","Billed","","-20.00","PSS TAMAN SETIAWANGSA","","Standalone","","","31 Jul 2018"
"03/07/2018 18:10","Purchase","'70838153003667084","WXR2034","","Diesel","Billed","45.87","100.00","PSS SETAPAK","","Standalone","","","31 Jul 2018"
"03/07/2018 18:09","Reload","'70838153003667084","WXR2034","","","Billed","","-100.00","PSS SETAPAK","","Standalone","","","31 Jul 2018"
"02/07/2018 18:43","Purchase","'70838153003667084","WXR2034","","Diesel","Billed","22.94","50.00","PSS TAMAN SETIAWANGSA","","Standalone","","","31 Jul 2018"
"02/07/2018 18:38","Reload","'70838153003667084","WXR2034","","","Billed","","-50.00","PSS TAMAN SETIAWANGSA","","Standalone","","","31 Jul 2018"