"Date Time","Transaction Type","Card Number","Vehicle Number","Driver Card Number","Product Type","Billing Type","Transaction Volume (Litres)","Transaction Amount (RM)","Station Name","Odometer","Card Type","Cost Centre","Cost Centre Name","Statement Month"
"23/07/2018 13:20","Purchase","'70838153003586193","WXR1601","","Diesel","Billed","171.54","373.96","PSS BAYAN BARU","597636","Standalone","","","31 Jul 2018"
"19/07/2018 12:06","Purchase","'70838153003586193","WXR1601","","Diesel","Billed","133.24","290.45","PSS BANDAR MUTIARA","596995","Standalone","","","31 Jul 2018"
"14/07/2018 15:42","Purchase","'70838153003586193","WXR1601","","Diesel","Billed","6.55","14.28","PSS BANDAR MUTIARA","596506","Standalone","","","31 Jul 2018"
"11/07/2018 09:40","Purchase","'70838153003586193","WXR1601","","Diesel","Billed","140.43","306.14","PSS BANDAR MUTIARA","595865","Standalone","","","31 Jul 2018"
"07/07/2018 13:19","Purchase","'70838153003586193","WXR1601","","Diesel","Billed","152.45","332.34","PSS BANDAR MUTIARA","","Standalone","","","31 Jul 2018"
"05/07/2018 14:01","Purchase","'70838153003586193","WXR1601","","Diesel","Billed","175.61","382.83","PSS BAYAN BARU","","Standalone","","","31 Jul 2018"
"02/07/2018 14:28","Purchase","'70838153003586193","WXR1601","","Diesel","Billed","137.62","300.00","PSS BANDAR TASEK MUTIARA","","Standalone","","","31 Jul 2018"