"Date Time","Transaction Type","Card Number","Vehicle Number","Driver Card Number","Product Type","Billing Type","Transaction Volume (Litres)","Transaction Amount (RM)","Station Name","Odometer","Card Type","Cost Centre","Cost Centre Name","Statement Month"
"28/07/2018 11:25","Purchase","'70838153003580329","WXR1321","","PRIMAX 95","Billed","47.02","103.44","PSS LOT 353 JLN CHERAS","75900","Standalone","","","31 Jul 2018"
"28/07/2018 11:23","Reload","'70838153003580329","WXR1321","","","Billed","","-100.00","PSS LOT 353 JLN CHERAS","","Standalone","","","31 Jul 2018"
"22/07/2018 14:10","Purchase","'70838153003580329","WXR1321","","PRIMAX 95","Billed","55.46","122.00","PSS CHANGKAT JONG","75604","Standalone","","","31 Jul 2018"
"22/07/2018 14:09","Reload","'70838153003580329","WXR1321","","","Billed","","-100.00","PSS CHANGKAT JONG","","Standalone","","","31 Jul 2018"
"15/07/2018 13:09","Purchase","'70838153003580329","WXR1321","","PRIMAX 95","Billed","25.02","55.05","PSS RAWANG TEMPLER","75266","Standalone","","","31 Jul 2018"