"Date Time","Transaction Type","Card Number","Vehicle Number","Driver Card Number","Product Type","Billing Type","Transaction Volume (Litres)","Transaction Amount (RM)","Station Name","Odometer","Card Type","Cost Centre","Cost Centre Name","Statement Month"
"30/07/2018 12:45","Purchase","'70838153003586177","WXR1602","","Diesel","Billed","25.67","55.97","PSS SIMPANG EMPAT SPT","","Standalone","","","31 Jul 2018"
"24/07/2018 11:30","Purchase","'70838153003586177","WXR1602","","Diesel","Billed","206.43","450.02","PSS BAYAN BARU","","Standalone","","","31 Jul 2018"
"17/07/2018 12:32","Purchase","'70838153003586177","WXR1602","","Diesel","Billed","167.43","365.00","PSS SIMPANG EMPAT SPT","","Standalone","","","31 Jul 2018"
"11/07/2018 13:33","Purchase","'70838153003586177","WXR1602","","Diesel","Billed","171.11","373.01","PSS TOK KANGAR","","Standalone","","","31 Jul 2018"
"06/07/2018 11:28","Purchase","'70838153003586177","WXR1602","","Diesel","Billed","158.72","346.00","PSS TOK KANGAR","","Standalone","","","31 Jul 2018"
"02/07/2018 09:45","Purchase","'70838153003586177","WXR1602","","Diesel","Billed","188.08","410.00","PSS TOK KANGAR","","Standalone","","","31 Jul 2018"