"Date Time","Transaction Type","Card Number","Vehicle Number","Driver Card Number","Product Type","Billing Type","Transaction Volume (Litres)","Transaction Amount (RM)","Station Name","Odometer","Card Type","Cost Centre","Cost Centre Name","Statement Month"
"30/07/2018 10:25","Purchase","'70838153003501978","WXR739","","PRIMAX 95","Billed","40.00","88.00","PSS SEKSYEN 16 BANDAR BARU BANGI","","Standalone","","","31 Jul 2018"
"30/07/2018 10:18","Reload","'70838153003501978","WXR739","","","Billed","","-100.00","PSS SEKSYEN 16 BANDAR BARU BANGI","","Standalone","","","31 Jul 2018"
"27/07/2018 10:03","Purchase","'70838153003501978","WXR739","","PRIMAX 95","Billed","40.00","88.00","PSS LOT 4783 BUKIT JALIL","","Standalone","","","31 Jul 2018"
"27/07/2018 10:01","Reload","'70838153003501978","WXR739","","","Billed","","-100.00","PSS LOT 4783 BUKIT JALIL","","Standalone","","","31 Jul 2018"
"25/07/2018 17:35","Purchase","'70838153003501978","WXR739","","PRIMAX 95","Billed","22.73","50.00","PSS SUNGAI PERAK (S)","","Standalone","","","31 Jul 2018"
"24/07/2018 15:35","Purchase","'70838153003501978","WXR739","","PRIMAX 95","Billed","30.00","66.00","PSS SIMPANG PULAI ARAH UTARA","","Standalone","","","31 Jul 2018"
"24/07/2018 15:34","Reload","'70838153003501978","WXR739","","","Billed","","-60.00","PSS SIMPANG PULAI ARAH UTARA","","Standalone","","","31 Jul 2018"
"23/07/2018 20:41","Purchase","'70838153003501978","WXR739","","PRIMAX 95","Billed","20.00","44.00","PSS TAMAN SETIAWANGSA","","Standalone","","","31 Jul 2018"
"23/07/2018 20:39","Reload","'70838153003501978","WXR739","","","Billed","","-100.00","PSS TAMAN SETIAWANGSA","","Standalone","","","31 Jul 2018"
"23/07/2018 09:10","Purchase","'70838153003501978","WXR739","","PRIMAX 95","Billed","10.44","22.96","PSS PUTRAJAYA PRECINT 9","","Standalone","","","31 Jul 2018"
"22/07/2018 22:31","Purchase","'70838153003501978","WXR739","","PRIMAX 95","Billed","15.00","33.00","PSS BANDAR SERI PUTRA","","Standalone","","","31 Jul 2018"
"22/07/2018 10:51","Purchase","'70838153003501978","WXR739","","PRIMAX 95","Billed","15.00","33.00","PSS BANDAR SERI PUTRA","","Standalone","","","31 Jul 2018"
"22/07/2018 10:49","Reload","'70838153003501978","WXR739","","","Billed","","-60.00","PSS BANDAR SERI PUTRA","","Standalone","","","31 Jul 2018"
"21/07/2018 08:53","Purchase","'70838153003501978","WXR739","","PRIMAX 95","Billed","10.00","22.00","PSS LOT 4783 BUKIT JALIL","","Standalone","","","31 Jul 2018"
"21/07/2018 08:51","Reload","'70838153003501978","WXR739","","","Billed","","-50.00","PSS LOT 4783 BUKIT JALIL","","Standalone","","","31 Jul 2018"
"19/07/2018 09:45","Purchase","'70838153003501978","WXR739","","PRIMAX 95","Billed","50.00","110.01","PSS BANDAR BARU AIR HITAM","","Standalone","","","31 Jul 2018"
"19/07/2018 09:43","Reload","'70838153003501978","WXR739","","","Billed","","-100.00","PSS BANDAR BARU AIR HITAM","","Standalone","","","31 Jul 2018"
"18/07/2018 10:43","Purchase","'70838153003501978","WXR739","","PRIMAX 95","Billed","30.02","66.03","PSS SEKSYEN 9-BANGI","","Standalone","","","31 Jul 2018"
"18/07/2018 10:41","Reload","'70838153003501978","WXR739","","","Billed","","-50.00","PSS SEKSYEN 9-BANGI","","Standalone","","","31 Jul 2018"
"16/07/2018 08:51","Purchase","'70838153003501978","WXR739","","PRIMAX 95","Billed","15.00","33.00","PSS BANDAR SERI PUTRA","","Standalone","","","31 Jul 2018"
"16/07/2018 08:49","Reload","'70838153003501978","WXR739","","","Billed","","-60.00","PSS BANDAR SERI PUTRA","","Standalone","","","31 Jul 2018"
"13/07/2018 11:22","Purchase","'70838153003501978","WXR739","","PRIMAX 95","Billed","56.42","124.12","PSS SEKSYEN 16 BANDAR BARU BANGI","","Standalone","","","31 Jul 2018"
"13/07/2018 11:20","Reload","'70838153003501978","WXR739","","","Billed","","-120.00","PSS SEKSYEN 16 BANDAR BARU BANGI","","Standalone","","","31 Jul 2018"
"08/07/2018 11:32","Purchase","'70838153003501978","WXR739","","PRIMAX 95","Billed","30.00","66.00","PSS TAMAN SETIAWANGSA","","Standalone","","","31 Jul 2018"
"08/07/2018 11:30","Reload","'70838153003501978","WXR739","","","Billed","","-60.00","PSS TAMAN SETIAWANGSA","","Standalone","","","31 Jul 2018"
"06/07/2018 07:58","Purchase","'70838153003501978","WXR739","","PRIMAX 95","Billed","25.00","55.00","PSS BANDAR SERI PUTRA","","Standalone","","","31 Jul 2018"
"06/07/2018 07:56","Reload","'70838153003501978","WXR739","","","Billed","","-50.00","PSS BANDAR SERI PUTRA","","Standalone","","","31 Jul 2018"
"04/07/2018 23:11","Purchase","'70838153003501978","WXR739","","PRIMAX 95","Billed","20.10","44.21","PSS KLIA 1","","Standalone","","","31 Jul 2018"
"04/07/2018 23:10","Reload","'70838153003501978","WXR739","","","Billed","","-50.00","PSS KLIA 1","","Standalone","","","31 Jul 2018"