"Date Time","Transaction Type","Card Number","Vehicle Number","Driver Card Number","Product Type","Billing Type","Transaction Volume (Litres)","Transaction Amount (RM)","Station Name","Odometer","Card Type","Cost Centre","Cost Centre Name","Statement Month"
"29/07/2018 20:08","Purchase","'70838153003497938","WXR858","","PRIMAX 95","Billed","2.73","6.00","PSS BANDAR SRI PERMAISURI","1203","Standalone","","","31 Jul 2018"
"26/07/2018 17:14","Purchase","'70838153003497938","WXR858","","PRIMAX 95","Billed","11.37","25.00","PSS BRICKFIELDS","2166","Standalone","","","31 Jul 2018"
"26/07/2018 11:29","Purchase","'70838153003497938","WXR858","","PRIMAX 97","Billed","51.06","129.70","PSS BRICKFIELDS","222","Standalone","","","31 Jul 2018"
"26/07/2018 05:23","Purchase","'70838153003497938","WXR858","","PRIMAX 95","Billed","9.09","20.00","PSS JALAN COCHRANE","1987","Standalone","","","31 Jul 2018"
"25/07/2018 11:07","Purchase","'70838153003497938","WXR858","","PRIMAX 95","Billed","2.73","6.00","PSS BANDAR SRI PERMAISURI","1203","Standalone","","","31 Jul 2018"
"22/07/2018 19:12","Reload","'70838153003497938","WXR858","","","Billed","","-100.00","PSS BANDAR SRI PERMAISURI","","Standalone","","","31 Jul 2018"
"22/07/2018 11:29","Purchase","'70838153003497938","WXR858","","PRIMAX 95","Billed","2.73","6.00","PSS BANDAR SRI PERMAISURI","1203","Standalone","","","31 Jul 2018"
"21/07/2018 15:16","Purchase","'70838153003497938","WXR858","","PRIMAX 95","Billed","22.73","50.00","PSS KUALA KETIL","","Standalone","","","31 Jul 2018"
"21/07/2018 15:15","Purchase","'70838153003497938","WXR858","","PRIMAX 97","Billed","39.09","100.07","PSS KUALA KETIL","222","Standalone","","","31 Jul 2018"
"20/07/2018 17:00","Purchase","'70838153003497938","WXR858","","PRIMAX 95","Billed","29.55","65.02","PSS RAWANG RSA","","Standalone","","","31 Jul 2018"
"20/07/2018 16:56","Purchase","'70838153003497938","WXR858","","PRIMAX 97","Billed","49.61","127.00","PSS RAWANG RSA","222","Standalone","","","31 Jul 2018"
"19/07/2018 09:11","Purchase","'70838153003497938","WXR858","","PRIMAX 97","Billed","19.57","50.10","PSS PAGOH","","Standalone","","","31 Jul 2018"
"18/07/2018 13:17","Purchase","'70838153003497938","WXR858","","PRIMAX 97","Billed","38.63","100.04","PSS TAMAN SEGAR","","Standalone","","","31 Jul 2018"
"17/07/2018 12:06","Purchase","'70838153003497938","WXR858","","PRIMAX 95","Billed","15.91","35.00","PSS BANDAR SRI PERMAISURI","2166","Standalone","","","31 Jul 2018"
"15/07/2018 16:15","Purchase","'70838153003497938","WXR858","","PRIMAX 95","Billed","24.09","53.00","PSS BANDAR SRI PERMAISURI","","Standalone","","","31 Jul 2018"
"14/07/2018 05:13","Purchase","'70838153003497938","WXR858","","PRIMAX 95","Billed","9.09","20.00","PSS JALAN COCHRANE","1987","Standalone","","","31 Jul 2018"
"13/07/2018 12:42","Purchase","'70838153003497938","WXR858","","PRIMAX 95","Billed","15.91","35.00","PSS LEBUHRAYA SPRINT","2166","Standalone","","","31 Jul 2018"
"11/07/2018 09:47","Purchase","'70838153003497938","WXR858","","PRIMAX 95","Billed","2.73","6.00","PSS BANDAR SRI PERMAISURI","1203","Standalone","","","31 Jul 2018"
"10/07/2018 12:33","Purchase","'70838153003497938","WXR858","","PRIMAX 95","Billed","13.64","30.00","PSS BANDAR SRI PERMAISURI","2166","Standalone","","","31 Jul 2018"
"09/07/2018 07:32","Purchase","'70838153003497938","WXR858","","PRIMAX 95","Billed","2.73","6.00","PSS BANDAR SRI PERMAISURI","1203","Standalone","","","31 Jul 2018"
"09/07/2018 05:48","Purchase","'70838153003497938","WXR858","","PRIMAX 95","Billed","9.09","20.00","PSS JALAN COCHRANE","1987","Standalone","","","31 Jul 2018"
"08/07/2018 15:00","Purchase","'70838153003497938","WXR858","","PRIMAX 97","Billed","52.23","134.76","PSS BUKIT GAMBIR","222","Standalone","","","31 Jul 2018"
"08/07/2018 14:55","Purchase","'70838153003497938","WXR858","","PRIMAX 95","Billed","0.16","0.35","PSS BUKIT GAMBIR","222","Standalone","","","31 Jul 2018"
"08/07/2018 14:54","Reload","'70838153003497938","WXR858","","","Billed","","-170.00","PSS BUKIT GAMBIR","","Standalone","","","31 Jul 2018"
"06/07/2018 15:45","Purchase","'70838153003497938","WXR858","","PRIMAX 97","Billed","51.56","133.02","PSS SALAK JAYA","222","Standalone","","","31 Jul 2018"
"04/07/2018 07:42","Purchase","'70838153003497938","WXR858","","PRIMAX 95","Billed","2.73","6.00","PSS BANDAR SRI PERMAISURI","1203","Standalone","","","31 Jul 2018"