"Date Time","Transaction Type","Card Number","Vehicle Number","Driver Card Number","Product Type","Billing Type","Transaction Volume (Litres)","Transaction Amount (RM)","Station Name","Odometer","Card Type","Cost Centre","Cost Centre Name","Statement Month"
"28/07/2018 10:01","Purchase","'70838153003501044","WXR961","","PRIMAX 95","Billed","2.27","5.00","PSS BATU 8 JALAN IPOH","5","Standalone","","","31 Jul 2018"
"28/07/2018 10:00","Reload","'70838153003501044","WXR961","","","Billed","","-20.00","PSS BATU 8 JALAN IPOH","","Standalone","","","31 Jul 2018"
"27/07/2018 11:53","Purchase","'70838153003501044","WXR961","","PRIMAX 95","Billed","2.28","5.00","PSS TAMAN SAMUDERA BATU CAVES","5","Standalone","","","31 Jul 2018"
"24/07/2018 07:32","Purchase","'70838153003501044","WXR961","","PRIMAX 95","Billed","2.27","5.00","PSS TAMAN SAMUDERA BATU CAVES","5","Standalone","","","31 Jul 2018"
"20/07/2018 18:11","Purchase","'70838153003501044","WXR961","","PRIMAX 95","Billed","2.28","5.00","PSS SENTUL","5","Standalone","","","31 Jul 2018"
"17/07/2018 07:42","Purchase","'70838153003501044","WXR961","","PRIMAX 95","Billed","2.27","5.00","PSS TAMAN SRI GOMBAK","5","Standalone","","","31 Jul 2018"
"12/07/2018 07:29","Purchase","'70838153003501044","WXR961","","PRIMAX 95","Billed","2.28","5.00","PSS TAMAN SAMUDERA BATU CAVES","5","Standalone","","","31 Jul 2018"
"12/07/2018 07:27","Reload","'70838153003501044","WXR961","","","Billed","","-20.00","PSS TAMAN SAMUDERA BATU CAVES","","Standalone","","","31 Jul 2018"
"06/07/2018 14:15","Purchase","'70838153003501044","WXR961","","PRIMAX 95","Billed","2.27","5.00","PSS JALAN JAMBU JERTEH","5","Standalone","","","31 Jul 2018"