"Date Time","Transaction Type","Card Number","Vehicle Number","Driver Card Number","Product Type","Billing Type","Transaction Volume (Litres)","Transaction Amount (RM)","Station Name","Odometer","Card Type","Cost Centre","Cost Centre Name","Statement Month"
"31/07/2018 17:30","Purchase","'70838153003422837","WXR76","","PRIMAX 95","Billed","36.36","80.00","PSS BUKIT KANGKAR","","Standalone","","","31 Jul 2018"
"27/07/2018 09:55","Purchase","'70838153003422837","WXR76","","PRIMAX 95","Billed","22.73","50.00","PSS SEREMBAN JAYA","","Standalone","","","31 Jul 2018"
"27/07/2018 09:54","Reload","'70838153003422837","WXR76","","","Billed","","-100.00","PSS SEREMBAN JAYA","","Standalone","","","31 Jul 2018"
"23/07/2018 09:18","Purchase","'70838153003422837","WXR76","","PRIMAX 95","Billed","36.37","80.00","PSS PARIT JAWA","","Standalone","","","31 Jul 2018"
"19/07/2018 21:19","Purchase","'70838153003422837","WXR76","","PRIMAX 95","Billed","36.36","80.00","PSS BUKIT KANGKAR","","Standalone","","","31 Jul 2018"
"19/07/2018 21:16","Reload","'70838153003422837","WXR76","","","Billed","","-150.00","PSS BUKIT KANGKAR","","Standalone","","","31 Jul 2018"
"14/07/2018 23:48","Purchase","'70838153003422837","WXR76","","PRIMAX 95","Billed","22.73","50.00","PSS TAMAN PELANGI SEMENYIH","","Standalone","","","31 Jul 2018"
"11/07/2018 13:55","Purchase","'70838153003422837","WXR76","","PRIMAX 95","Billed","18.18","40.00","PSS BUKIT KANGKAR","","Standalone","","","31 Jul 2018"
"11/07/2018 13:54","Reload","'70838153003422837","WXR76","","","Billed","","-150.00","PSS BUKIT KANGKAR","","Standalone","","","31 Jul 2018"
"11/07/2018 13:50","Purchase","'70838153003422837","WXR76","","PRIMAX 95","Billed","17.85","39.28","PSS BUKIT KANGKAR","","Standalone","","","31 Jul 2018"
"06/07/2018 16:09","Purchase","'70838153003422837","WXR76","","PRIMAX 95","Billed","21.19","46.61","PSS AIR KEROH RSA NORTH BOUND","","Standalone","","","31 Jul 2018"
"03/07/2018 20:09","Purchase","'70838153003422837","WXR76","","PRIMAX 95","Billed","27.27","60.00","PSS BUKIT KANGKAR","","Standalone","","","31 Jul 2018"
"03/07/2018 20:03","Purchase","'70838153003422837","WXR76","","PRIMAX 95","Billed","0.03","0.07","PSS BUKIT KANGKAR","","Standalone","","","31 Jul 2018"