"Date Time","Transaction Type","Card Number","Vehicle Number","Driver Card Number","Product Type","Billing Type","Transaction Volume (Litres)","Transaction Amount (RM)","Station Name","Odometer","Card Type","Cost Centre","Cost Centre Name","Statement Month"
"27/07/2018 15:52","Purchase","'70838153003677224","WXR 2234","","PRIMAX 95","Billed","19.55","43.00","PSS KUALA PILAH 2","","Standalone","","","31 Jul 2018"
"18/07/2018 12:51","Purchase","'70838153003677224","WXR 2234","","PRIMAX 95","Billed","23.96","52.71","PSS RAWAT & REHAT (U) SBAN-KL","","Standalone","","","31 Jul 2018"
"18/07/2018 12:49","Reload","'70838153003677224","WXR 2234","","","Billed","","-100.00","PSS RAWAT & REHAT (U) SBAN-KL","","Standalone","","","31 Jul 2018"
"10/07/2018 11:54","Purchase","'70838153003677224","WXR 2234","","PRIMAX 95","Billed","48.14","105.90","PSS RAWAT & REHAT (U) SBAN-KL","","Standalone","","","31 Jul 2018"
"06/07/2018 13:10","Purchase","'70838153003677224","WXR 2234","","PRIMAX 95","Billed","34.11","75.05","PSS NPE TAMAN DESA","","Standalone","","","31 Jul 2018"
"06/07/2018 13:08","Reload","'70838153003677224","WXR 2234","","","Billed","","-100.00","PSS NPE TAMAN DESA","","Standalone","","","31 Jul 2018"
"05/07/2018 14:22","Purchase","'70838153003677224","WXR 2234","","PRIMAX 95","Billed","22.73","50.00","PSS BATU 3 FEDERAL HIGHWAY","","Standalone","","","31 Jul 2018"