"Date Time","Transaction Type","Card Number","Vehicle Number","Driver Card Number","Product Type","Billing Type","Transaction Volume (Litres)","Transaction Amount (RM)","Station Name","Odometer","Card Type","Cost Centre","Cost Centre Name","Statement Month"
"31/07/2018 08:23","Purchase","'70838153003501218","WXR987","","PRIMAX 95","Billed","50.00","110.00","PSS JALAN PLUMBUM","","Standalone","","","31 Jul 2018"
"31/07/2018 08:22","Reload","'70838153003501218","WXR987","","","Billed","","-500.00","PSS JALAN PLUMBUM","","Standalone","","","31 Jul 2018"
"25/07/2018 07:34","Purchase","'70838153003501218","WXR987","","PRIMAX 95","Billed","35.35","77.76","PSS MUTIARA DAMANSARA","","Standalone","","","31 Jul 2018"
"18/07/2018 14:55","Purchase","'70838153003501218","WXR987","","PRIMAX 95","Billed","42.17","92.76","PSS BANDAR BARU SENDAYAN","","Standalone","","","31 Jul 2018"
"13/07/2018 12:10","Purchase","'70838153003501218","WXR987","","PRIMAX 95","Billed","33.46","73.60","PSS TAMAN PUTRA","","Standalone","","","31 Jul 2018"
"10/07/2018 20:36","Purchase","'70838153003501218","WXR987","","PRIMAX 95","Billed","41.82","92.01","PSS S2 GARDEN AVENUE","","Standalone","","","31 Jul 2018"
"08/07/2018 09:32","Purchase","'70838153003501218","WXR987","","PRIMAX 95","Billed","32.73","72.00","PSS LUBUK CHINA","1111","Standalone","","","31 Jul 2018"
"05/07/2018 10:20","Purchase","'70838153003501218","WXR987","","PRIMAX 95","Billed","37.12","81.66","PSS MUTIARA DAMANSARA","","Standalone","","","31 Jul 2018"
"03/07/2018 12:08","Reload","'70838153003501218","WXR987","","","Billed","","-500.00","PSS CHERAS PERDANA","","Standalone","","","31 Jul 2018"
"03/07/2018 07:36","Purchase","'70838153003501218","WXR987","","PRIMAX 95","Billed","13.56","29.84","PSS MUTIARA DAMANSARA","","Standalone","","","31 Jul 2018"