"Date Time","Transaction Type","Card Number","Vehicle Number","Driver Card Number","Product Type","Billing Type","Transaction Volume (Litres)","Transaction Amount (RM)","Station Name","Odometer","Card Type","Cost Centre","Cost Centre Name","Statement Month"
"29/07/2018 09:18","Purchase","'70838153003500897","WXR690","","PRIMAX 97","Billed","45.67","115.99","PSS GAMBANG RSA WEST","1122","Standalone","","","31 Jul 2018"
"29/07/2018 09:15","Reload","'70838153003500897","WXR690","","","Billed","","-200.00","PSS GAMBANG RSA WEST","","Standalone","","","31 Jul 2018"
"15/07/2018 11:19","Purchase","'70838153003500897","WXR690","","PRIMAX 95","Billed","32.01","70.41","PSS PPK DENGKIL","1122","Standalone","","","31 Jul 2018"
"13/07/2018 11:24","Purchase","'70838153003500897","WXR690","","PRIMAX 97","Billed","41.81","108.27","PSS GAMBANG RSA WEST","1122","Standalone","","","31 Jul 2018"
"13/07/2018 11:23","Reload","'70838153003500897","WXR690","","","Billed","","-200.00","PSS GAMBANG RSA WEST","","Standalone","","","31 Jul 2018"