"Date Time","Transaction Type","Card Number","Vehicle Number","Driver Card Number","Product Type","Billing Type","Transaction Volume (Litres)","Transaction Amount (RM)","Station Name","Odometer","Card Type","Cost Centre","Cost Centre Name","Statement Month"
"18/07/2018 22:08","Purchase","'70838153003498472","WXR872","","PRIMAX 95","Billed","22.73","50.00","PSS BANDAR INDERA MAHKOTA","","Standalone","","","31 Jul 2018"
"18/07/2018 22:06","Reload","'70838153003498472","WXR872","","","Billed","","-50.00","PSS BANDAR INDERA MAHKOTA","","Standalone","","","31 Jul 2018"
"18/07/2018 22:03","Purchase","'70838153003498472","WXR872","","PRIMAX 95","Billed","9.87","21.72","PSS BANDAR INDERA MAHKOTA","","Standalone","","","31 Jul 2018"
"11/07/2018 19:03","Purchase","'70838153003498472","WXR872","","PRIMAX 95","Billed","22.73","50.00","PSS BANDAR INDERA MAHKOTA","","Standalone","","","31 Jul 2018"
"11/07/2018 19:01","Reload","'70838153003498472","WXR872","","","Billed","","-50.00","PSS BANDAR INDERA MAHKOTA","","Standalone","","","31 Jul 2018"
"04/07/2018 19:34","Purchase","'70838153003498472","WXR872","","PRIMAX 95","Billed","36.37","80.02","PSS BANDAR INDERA MAHKOTA","","Standalone","","","31 Jul 2018"
"04/07/2018 19:32","Reload","'70838153003498472","WXR872","","","Billed","","-100.00","PSS BANDAR INDERA MAHKOTA","","Standalone","","","31 Jul 2018"