"Date Time","Transaction Type","Card Number","Vehicle Number","Driver Card Number","Product Type","Billing Type","Transaction Volume (Litres)","Transaction Amount (RM)","Station Name","Odometer","Card Type","Cost Centre","Cost Centre Name","Statement Month"
"31/07/2018 17:51","Purchase","'70838153003856752","WXR 6340","","PRIMAX 95","Billed","2.50","5.51","PSS KM5.5 JALAN CHERAS","155","Standalone","","","31 Jul 2018"
"30/07/2018 06:54","Purchase","'70838153003856752","WXR 6340","","PRIMAX 95","Billed","2.35","5.18","PSS TAMAN RAKAN","160","Standalone","","","31 Jul 2018"
"28/07/2018 13:13","Purchase","'70838153003856752","WXR 6340","","PRIMAX 95","Billed","27.78","61.12","PSS GRAND SAGA 3","45","Standalone","","","31 Jul 2018"
"28/07/2018 13:09","Reload","'70838153003856752","WXR 6340","","","Billed","","-100.00","PSS GRAND SAGA 3","","Standalone","","","31 Jul 2018"
"25/07/2018 06:49","Purchase","'70838153003856752","WXR 6340","","PRIMAX 95","Billed","2.24","4.93","PSS GRAND SAGA  KL BOUND","20","Standalone","","","31 Jul 2018"
"24/07/2018 06:51","Purchase","'70838153003856752","WXR 6340","","PRIMAX 95","Billed","2.27","5.00","PSS TAMAN RAKAN","15","Standalone","","","31 Jul 2018"
"20/07/2018 22:39","Purchase","'70838153003856752","WXR 6340","","PRIMAX 95","Billed","22.73","50.00","PSS GRAND SAGA  KL BOUND","10","Standalone","","","31 Jul 2018"
"20/07/2018 22:37","Reload","'70838153003856752","WXR 6340","","","Billed","","-50.00","PSS GRAND SAGA  KL BOUND","","Standalone","","","31 Jul 2018"
"20/07/2018 17:35","Purchase","'70838153003856752","WXR 6340","","PRIMAX 95","Billed","2.27","5.00","PSS KM5.5 JALAN CHERAS","5","Standalone","","","31 Jul 2018"
"20/07/2018 17:33","Reload","'70838153003856752","WXR 6340","","","Billed","","-20.00","PSS KM5.5 JALAN CHERAS","","Standalone","","","31 Jul 2018"