"Date Time","Transaction Type","Card Number","Vehicle Number","Driver Card Number","Product Type","Billing Type","Transaction Volume (Litres)","Transaction Amount (RM)","Station Name","Odometer","Card Type","Cost Centre","Cost Centre Name","Statement Month"
"26/07/2018 17:16","Purchase","'70838153003875604","WXR 6375","","PRIMAX 95","Billed","1.36","2.99","PSS KM5.5 JALAN CHERAS","","Standalone","","","31 Jul 2018"
"26/07/2018 17:13","Reload","'70838153003875604","WXR 6375","","","Billed","","-10.00","PSS KM5.5 JALAN CHERAS","","Standalone","","","31 Jul 2018"
"21/07/2018 16:09","Purchase","'70838153003875604","WXR 6375","","PRIMAX 95","Billed","0.92","2.03","PSS JALAN TUN RAZAK","","Standalone","","","31 Jul 2018"
"19/07/2018 18:56","Purchase","'70838153003875604","WXR 6375","","PRIMAX 95","Billed","1.36","2.99","PSS JALAN TUN RAZAK","","Standalone","","","31 Jul 2018"
"18/07/2018 15:41","Purchase","'70838153003875604","WXR 6375","","PRIMAX 95","Billed","0.91","2.01","PSS JALAN TUN RAZAK","","Standalone","","","31 Jul 2018"
"18/07/2018 10:59","Purchase","'70838153003875604","WXR 6375","","PRIMAX 95","Billed","1.00","2.20","PSS JALAN TUN RAZAK","","Standalone","","","31 Jul 2018"
"17/07/2018 18:56","Purchase","'70838153003875604","WXR 6375","","PRIMAX 95","Billed","2.00","4.40","PSS JALAN TUN RAZAK","","Standalone","","","31 Jul 2018"
"13/07/2018 10:22","Purchase","'70838153003875604","WXR 6375","","PRIMAX 95","Billed","2.00","4.40","PSS KM5.5 JALAN CHERAS","","Standalone","","","31 Jul 2018"