"Date Time","Transaction Type","Card Number","Vehicle Number","Driver Card Number","Product Type","Billing Type","Transaction Volume (Litres)","Transaction Amount (RM)","Station Name","Odometer","Card Type","Cost Centre","Cost Centre Name","Statement Month"
"29/07/2018 14:36","Purchase","'70838153003497391","WXR847","","PRIMAX 95","Billed","13.64","30.00","PSS BAKAR ARANG SG PETANI","3554","Standalone","","","31 Jul 2018"
"29/07/2018 14:34","Reload","'70838153003497391","WXR847","","","Billed","","-30.00","PSS BAKAR ARANG SG PETANI","","Standalone","","","31 Jul 2018"
"25/07/2018 10:19","Purchase","'70838153003497391","WXR847","","PRIMAX 95","Billed","13.64","30.00","PSS GURUN","3554","Standalone","","","31 Jul 2018"
"25/07/2018 10:17","Reload","'70838153003497391","WXR847","","","Billed","","-30.00","PSS GURUN","","Standalone","","","31 Jul 2018"
"20/07/2018 14:41","Purchase","'70838153003497391","WXR847","","PRIMAX 95","Billed","9.09","20.00","PSS TANDOP","3554","Standalone","","","31 Jul 2018"
"20/07/2018 14:39","Reload","'70838153003497391","WXR847","","","Billed","","-20.00","PSS TANDOP","","Standalone","","","31 Jul 2018"
"16/07/2018 09:17","Purchase","'70838153003497391","WXR847","","PRIMAX 95","Billed","18.18","40.00","PSS LAGUNA MERBUK","3554","Standalone","","","31 Jul 2018"
"16/07/2018 09:16","Reload","'70838153003497391","WXR847","","","Billed","","-5.00","PSS LAGUNA MERBUK","","Standalone","","","31 Jul 2018"
"16/07/2018 09:14","Reload","'70838153003497391","WXR847","","","Billed","","-35.00","PSS LAGUNA MERBUK","","Standalone","","","31 Jul 2018"
"14/07/2018 12:00","Purchase","'70838153003497391","WXR847","","PRIMAX 95","Billed","15.91","35.00","PSS GURUN","3554","Standalone","","","31 Jul 2018"
"14/07/2018 11:58","Reload","'70838153003497391","WXR847","","","Billed","","-40.00","PSS GURUN","","Standalone","","","31 Jul 2018"
"11/07/2018 09:29","Purchase","'70838153003497391","WXR847","","PRIMAX 95","Billed","13.64","30.00","PSS LAGUNA MERBUK","3554","Standalone","","","31 Jul 2018"
"11/07/2018 09:28","Reload","'70838153003497391","WXR847","","","Billed","","-30.00","PSS LAGUNA MERBUK","","Standalone","","","31 Jul 2018"
"09/07/2018 09:25","Purchase","'70838153003497391","WXR847","","PRIMAX 95","Billed","11.36","25.00","PSS LAGUNA MERBUK","3554","Standalone","","","31 Jul 2018"
"09/07/2018 09:23","Reload","'70838153003497391","WXR847","","","Billed","","-25.00","PSS LAGUNA MERBUK","","Standalone","","","31 Jul 2018"
"07/07/2018 18:27","Purchase","'70838153003497391","WXR847","","PRIMAX 95","Billed","13.64","30.00","PSS KAMPUNG BATU 2 GURUN","3554","Standalone","","","31 Jul 2018"
"07/07/2018 18:26","Reload","'70838153003497391","WXR847","","","Billed","","-30.00","PSS KAMPUNG BATU 2 GURUN","","Standalone","","","31 Jul 2018"
"04/07/2018 19:20","Purchase","'70838153003497391","WXR847","","PRIMAX 95","Billed","11.37","25.00","PSS GURUN","3554","Standalone","","","31 Jul 2018"
"04/07/2018 19:19","Reload","'70838153003497391","WXR847","","","Billed","","-25.00","PSS GURUN","","Standalone","","","31 Jul 2018"
"02/07/2018 18:53","Purchase","'70838153003497391","WXR847","","PRIMAX 95","Billed","15.87","34.90","PSS GURUN","3554","Standalone","","","31 Jul 2018"
"02/07/2018 18:52","Reload","'70838153003497391","WXR847","","","Billed","","-30.00","PSS GURUN","","Standalone","","","31 Jul 2018"