"Date Time","Transaction Type","Card Number","Vehicle Number","Driver Card Number","Product Type","Billing Type","Transaction Volume (Litres)","Transaction Amount (RM)","Station Name","Odometer","Card Type","Cost Centre","Cost Centre Name","Statement Month"
"26/07/2018 07:21","Purchase","'70838153003874953","WXR 6639","","PRIMAX 95","Billed","2.27","5.00","PSS NPE TAMAN DESA","","Standalone","","","31 Jul 2018"
"22/07/2018 19:59","Purchase","'70838153003874953","WXR 6639","","PRIMAX 95","Billed","18.18","40.00","PSS LOT 4783 BUKIT JALIL","","Standalone","","","31 Jul 2018"
"20/07/2018 20:30","Purchase","'70838153003874953","WXR 6639","","PRIMAX 95","Billed","18.18","40.00","PSS NPE TAMAN DESA","","Standalone","","","31 Jul 2018"
"20/07/2018 20:28","Reload","'70838153003874953","WXR 6639","","","Billed","","-50.00","PSS NPE TAMAN DESA","","Standalone","","","31 Jul 2018"
"20/07/2018 18:23","Purchase","'70838153003874953","WXR 6639","","PRIMAX 95","Billed","2.27","5.00","PSS NPE PANTAI DALAM","","Standalone","","","31 Jul 2018"
"17/07/2018 18:02","Purchase","'70838153003874953","WXR 6639","","PRIMAX 95","Billed","2.27","5.00","PSS NPE PANTAI DALAM","","Standalone","","","31 Jul 2018"
"15/07/2018 18:32","Purchase","'70838153003874953","WXR 6639","","PRIMAX 95","Billed","9.09","20.00","PSS LOT 4783 BUKIT JALIL","","Standalone","","","31 Jul 2018"
"15/07/2018 18:29","Reload","'70838153003874953","WXR 6639","","","Billed","","-50.00","PSS LOT 4783 BUKIT JALIL","","Standalone","","","31 Jul 2018"
"11/07/2018 10:41","Purchase","'70838153003874953","WXR 6639","","PRIMAX 95","Billed","2.27","5.00","PSS JALAN JELATEK 2","5","Standalone","","","31 Jul 2018"