"Date Time","Transaction Type","Card Number","Vehicle Number","Driver Card Number","Product Type","Billing Type","Transaction Volume (Litres)","Transaction Amount (RM)","Station Name","Odometer","Card Type","Cost Centre","Cost Centre Name","Statement Month"
"26/07/2018 18:27","Purchase","'70838153003585369","WXR1771","","PRIMAX 95","Billed","2.45","5.38","PSS KM 305 PLUS ARAH SELATAN","40663","Standalone","","","31 Jul 2018"
"25/07/2018 08:36","Purchase","'70838153003585369","WXR1771","","PRIMAX 95","Billed","2.73","6.00","PSS JALAN REKO2","40570","Standalone","","","31 Jul 2018"
"24/07/2018 20:58","Purchase","'70838153003585369","WXR1771","","PRIMAX 95","Billed","9.09","20.00","PSS KM 305 PLUS ARAH SELATAN","12405","Standalone","","","31 Jul 2018"
"24/07/2018 20:56","Reload","'70838153003585369","WXR1771","","","Billed","","-30.00","PSS KM 305 PLUS ARAH SELATAN","","Standalone","","","31 Jul 2018"
"23/07/2018 18:08","Purchase","'70838153003585369","WXR1771","","PRIMAX 95","Billed","2.65","5.82","PSS JALAN 222 PETALING JAYA","40425","Standalone","","","31 Jul 2018"
"19/07/2018 18:05","Purchase","'70838153003585369","WXR1771","","PRIMAX 95","Billed","2.73","6.00","PSS JALAN 222 PETALING JAYA","40130","Standalone","","","31 Jul 2018"
"18/07/2018 08:04","Purchase","'70838153003585369","WXR1771","","PRIMAX 95","Billed","2.73","6.00","PSS LOT 4783 BUKIT JALIL","40181","Standalone","","","31 Jul 2018"
"17/07/2018 13:54","Purchase","'70838153003585369","WXR1771","","PRIMAX 95","Billed","11.36","25.00","PSS CHANGKAT JONG","11956","Standalone","","","31 Jul 2018"
"17/07/2018 13:52","Reload","'70838153003585369","WXR1771","","","Billed","","-30.00","PSS CHANGKAT JONG","","Standalone","","","31 Jul 2018"
"16/07/2018 08:46","Purchase","'70838153003585369","WXR1771","","PRIMAX 95","Billed","11.36","25.00","PSS JALAN 222 PETALING JAYA","11769","Standalone","","","31 Jul 2018"
"15/07/2018 19:05","Purchase","'70838153003585369","WXR1771","","PRIMAX 95","Billed","18.18","40.00","PSS RAWAT & REHAT(S) KL- SEREMBAN","82827","Standalone","","","31 Jul 2018"
"15/07/2018 19:02","Reload","'70838153003585369","WXR1771","","","Billed","","-50.00","PSS RAWAT & REHAT(S) KL- SEREMBAN","","Standalone","","","31 Jul 2018"
"14/07/2018 15:17","Purchase","'70838153003585369","WXR1771","","PRIMAX 95","Billed","9.09","20.00","PSS PRIMA SAUJANA 1","80106","Standalone","","","31 Jul 2018"
"14/07/2018 15:14","Purchase","'70838153003585369","WXR1771","","PRIMAX 95","Billed","13.64","30.00","PSS PRIMA SAUJANA 1","11098","Standalone","","","31 Jul 2018"
"14/07/2018 15:12","Reload","'70838153003585369","WXR1771","","","Billed","","-70.00","PSS PRIMA SAUJANA 1","","Standalone","","","31 Jul 2018"
"13/07/2018 18:28","Purchase","'70838153003585369","WXR1771","","PRIMAX 95","Billed","2.27","5.00","PSS KM 305 PLUS ARAH SELATAN","40059","Standalone","","","31 Jul 2018"
"11/07/2018 19:00","Purchase","'70838153003585369","WXR1771","","PRIMAX 95","Billed","2.27","5.00","PSS KM 305 PLUS ARAH SELATAN","39862","Standalone","","","31 Jul 2018"
"10/07/2018 18:32","Purchase","'70838153003585369","WXR1771","","PRIMAX 95","Billed","2.73","6.00","PSS KM 305 PLUS ARAH SELATAN","341123","Standalone","","","31 Jul 2018"
"10/07/2018 18:30","Reload","'70838153003585369","WXR1771","","","Billed","","-20.00","PSS KM 305 PLUS ARAH SELATAN","","Standalone","","","31 Jul 2018"
"08/07/2018 21:00","Purchase","'70838153003585369","WXR1771","","PRIMAX 95","Billed","2.73","6.00","PSS KM 305 PLUS ARAH SELATAN","39629","Standalone","","","31 Jul 2018"
"08/07/2018 08:49","Purchase","'70838153003585369","WXR1771","","PRIMAX 95","Billed","13.64","30.00","PSS MRR2 AMPANG","11519","Standalone","","","31 Jul 2018"
"08/07/2018 08:47","Reload","'70838153003585369","WXR1771","","","Billed","","-30.00","PSS MRR2 AMPANG","","Standalone","","","31 Jul 2018"
"05/07/2018 10:55","Purchase","'70838153003585369","WXR1771","","PRIMAX 95","Billed","2.73","6.00","PSS JALAN TUN RAZAK","39496","Standalone","","","31 Jul 2018"