"Date Time","Transaction Type","Card Number","Vehicle Number","Driver Card Number","Product Type","Billing Type","Transaction Volume (Litres)","Transaction Amount (RM)","Station Name","Odometer","Card Type","Cost Centre","Cost Centre Name","Statement Month"
"26/07/2018 07:01","Purchase","'70838153003501952","WXR737","","PRIMAX 95","Billed","9.09","20.00","PSS LAVENDER HEIGHTS","737","Standalone","","","31 Jul 2018"
"24/07/2018 07:42","Purchase","'70838153003501952","WXR737","","PRIMAX 95","Billed","13.64","30.00","PSS SENAWANG - PAROI","737","Standalone","","","31 Jul 2018"
"20/07/2018 18:46","Purchase","'70838153003501952","WXR737","","PRIMAX 95","Billed","22.73","50.00","PSS JLN SEREMBAN-JELEBU","737","Standalone","","","31 Jul 2018"
"20/07/2018 18:44","Reload","'70838153003501952","WXR737","","","Billed","","-100.00","PSS JLN SEREMBAN-JELEBU","","Standalone","","","31 Jul 2018"
"18/07/2018 09:50","Purchase","'70838153003501952","WXR737","","PRIMAX 95","Billed","22.73","50.00","PSS PEKAN LUKUT","737","Standalone","","","31 Jul 2018"
"18/07/2018 09:48","Reload","'70838153003501952","WXR737","","","Billed","","-50.00","PSS PEKAN LUKUT","","Standalone","","","31 Jul 2018"
"15/07/2018 14:57","Purchase","'70838153003501952","WXR737","","PRIMAX 95","Billed","9.09","20.00","PSS JLN SEREMBAN-JELEBU","737","Standalone","","","31 Jul 2018"
"13/07/2018 10:47","Reload","'70838153003501952","WXR737","","","Billed","","-50.00","PSS AMPANGAN 2","","Standalone","","","31 Jul 2018"
"09/07/2018 18:37","Purchase","'70838153003501952","WXR737","","PRIMAX 95","Billed","9.09","20.00","PSS AMPANGAN UTAMA JALAN KUALA PILAH","737","Standalone","","","31 Jul 2018"
"03/07/2018 09:08","Purchase","'70838153003501952","WXR737","","PRIMAX 95","Billed","13.64","30.00","PSS AMPANGAN UTAMA JALAN KUALA PILAH","737","Standalone","","","31 Jul 2018"
"03/07/2018 09:06","Reload","'70838153003501952","WXR737","'70838153003501952","","Billed","","-50.00","PSS AMPANGAN UTAMA JALAN KUALA PILAH","","Standalone","","","31 Jul 2018"