"Date Time","Transaction Type","Card Number","Vehicle Number","Driver Card Number","Product Type","Billing Type","Transaction Volume (Litres)","Transaction Amount (RM)","Station Name","Odometer","Card Type","Cost Centre","Cost Centre Name","Statement Month"
"31/07/2018 20:21","Purchase","'70838153003890165","WXR 7038","","PRIMAX 95","Billed","2.74","6.04","PSS SETAPAK","","Standalone","","","31 Jul 2018"
"30/07/2018 19:15","Reload","'70838153003890165","WXR 7038","","","Billed","","-50.00","PSS SETAPAK","","Standalone","","","31 Jul 2018"
"27/07/2018 07:49","Purchase","'70838153003890165","WXR 7038","","PRIMAX 95","Billed","2.96","6.52","PSS JALAN GENTING KLANG 2","","Standalone","","","31 Jul 2018"
"24/07/2018 19:31","Purchase","'70838153003890165","WXR 7038","","PRIMAX 95","Billed","2.78","6.10","PSS JALAN KOLAM AYER","","Standalone","","","31 Jul 2018"
"21/07/2018 14:47","Purchase","'70838153003890165","WXR 7038","","PRIMAX 95","Billed","36.36","80.00","PSS HULU KELANG","","Standalone","","","31 Jul 2018"
"21/07/2018 14:46","Reload","'70838153003890165","WXR 7038","","","Billed","","-30.00","PSS HULU KELANG","","Standalone","","","31 Jul 2018"
"21/07/2018 06:13","Reload","'70838153003890165","WXR 7038","","","Billed","","-30.00","PSS LT911 ULU KLANG MRR2","","Standalone","","","31 Jul 2018"
"20/07/2018 18:12","Purchase","'70838153003890165","WXR 7038","","PRIMAX 95","Billed","2.76","6.08","PSS JALAN KOLAM AYER","","Standalone","","","31 Jul 2018"
"18/07/2018 08:01","Purchase","'70838153003890165","WXR 7038","","PRIMAX 95","Billed","2.35","5.17","PSS JALAN GENTING KLANG 2","","Standalone","","","31 Jul 2018"
"15/07/2018 23:15","Purchase","'70838153003890165","WXR 7038","","PRIMAX 95","Billed","2.80","6.16","PSS LT911 ULU KLANG MRR2","","Standalone","","","31 Jul 2018"
"14/07/2018 15:15","Purchase","'70838153003890165","WXR 7038","","PRIMAX 95","Billed","2.31","5.09","PSS KLANG GATE","","Standalone","","","31 Jul 2018"
"14/07/2018 00:10","Reload","'70838153003890165","WXR 7038","","","Billed","","-100.00","PSS LT911 ULU KLANG MRR2","","Standalone","","","31 Jul 2018"
"13/07/2018 07:54","Purchase","'70838153003890165","WXR 7038","","PRIMAX 95","Billed","2.47","5.43","PSS JALAN GENTING KLANG 2","","Standalone","","","31 Jul 2018"
"10/07/2018 17:47","Purchase","'70838153003890165","WXR 7038","","PRIMAX 95","Billed","2.27","5.00","PSS SETAPAK","","Standalone","","","31 Jul 2018"
"07/07/2018 10:32","Purchase","'70838153003890165","WXR 7038","","PRIMAX 95","Billed","9.09","20.00","PSS KLANG GATE","","Standalone","","","31 Jul 2018"
"06/07/2018 19:44","Reload","'70838153003890165","WXR 7038","","","Billed","","-50.00","PSS SETAPAK","","Standalone","","","31 Jul 2018"
"06/07/2018 19:40","Purchase","'70838153003890165","WXR 7038","","PRIMAX 95","Billed","2.27","5.00","PSS SETAPAK","","Standalone","","","31 Jul 2018"