"Date Time","Transaction Type","Card Number","Vehicle Number","Driver Card Number","Product Type","Billing Type","Transaction Volume (Litres)","Transaction Amount (RM)","Station Name","Odometer","Card Type","Cost Centre","Cost Centre Name","Statement Month"
"28/07/2018 00:59","Reload","'70838153003579669","WXR1030","","","Billed","","-33.00","PSS BIDOR TAPAH","","Standalone","","","31 Jul 2018"
"28/07/2018 00:55","Purchase","'70838153003579669","WXR1030","","PRIMAX 95","Billed","15.00","33.00","PSS BIDOR TAPAH","","Standalone","","","31 Jul 2018"
"26/07/2018 15:44","Purchase","'70838153003579669","WXR1030","","PRIMAX 95","Billed","3.03","6.67","PSS BIDOR TAPAH","","Standalone","","","31 Jul 2018"
"22/07/2018 14:03","Purchase","'70838153003579669","WXR1030","","PRIMAX 97","Billed","19.53","50.00","PSS BIDOR TAPAH","","Standalone","","","31 Jul 2018"
"21/07/2018 12:44","Purchase","'70838153003579669","WXR1030","","PRIMAX 95","Billed","1.07","2.35","PSS BIDOR TAPAH","","Standalone","","","31 Jul 2018"
"19/07/2018 14:28","Purchase","'70838153003579669","WXR1030","","PRIMAX 95","Billed","2.39","5.26","PSS BIDOR TAPAH","","Standalone","","","31 Jul 2018"
"17/07/2018 17:50","Reload","'70838153003579669","WXR1030","","","Billed","","-50.00","PSS BIDOR TAPAH","","Standalone","","","31 Jul 2018"
"17/07/2018 17:46","Purchase","'70838153003579669","WXR1030","","PRIMAX 95","Billed","2.01","4.42","PSS BIDOR TAPAH","","Standalone","","","31 Jul 2018"
"15/07/2018 15:14","Purchase","'70838153003579669","WXR1030","","PRIMAX 97","Billed","20.08","52.00","PSS BIDOR TAPAH","","Standalone","","","31 Jul 2018"
"12/07/2018 19:28","Purchase","'70838153003579669","WXR1030","","PRIMAX 95","Billed","2.11","4.64","PSS BIDOR TAPAH","","Standalone","","","31 Jul 2018"
"10/07/2018 12:13","Purchase","'70838153003579669","WXR1030","","PRIMAX 95","Billed","2.15","4.73","PSS BIDOR TAPAH","","Standalone","","","31 Jul 2018"
"08/07/2018 13:38","Reload","'70838153003579669","WXR1030","","","Billed","","-50.00","PSS BIDOR TAPAH","","Standalone","","","31 Jul 2018"
"08/07/2018 13:36","Purchase","'70838153003579669","WXR1030","","PRIMAX 97","Billed","39.55","102.03","PSS BIDOR TAPAH","","Standalone","","","31 Jul 2018"
"04/07/2018 18:05","Purchase","'70838153003579669","WXR1030","","PRIMAX 95","Billed","2.11","4.63","PSS BIDOR TAPAH","","Standalone","","","31 Jul 2018"
"02/07/2018 12:04","Purchase","'70838153003579669","WXR1030","","PRIMAX 95","Billed","2.01","4.41","PSS BIDOR TAPAH","","Standalone","","","31 Jul 2018"