"Date Time","Transaction Type","Card Number","Vehicle Number","Driver Card Number","Product Type","Billing Type","Transaction Volume (Litres)","Transaction Amount (RM)","Station Name","Odometer","Card Type","Cost Centre","Cost Centre Name","Statement Month"
"30/07/2018 16:18","Purchase","'70838153003497771","WXR601","","Diesel","Billed","32.11","70.00","PSS RAWANG RSA","","Standalone","","","31 Jul 2018"
"30/07/2018 16:16","Reload","'70838153003497771","WXR601","","","Billed","","-50.00","PSS RAWANG RSA","","Standalone","","","31 Jul 2018"
"30/07/2018 14:21","Purchase","'70838153003497771","WXR601","","Diesel","Billed","22.94","50.00","PSS NPE TAMAN DESA","","Standalone","","","31 Jul 2018"
"29/07/2018 16:55","Purchase","'70838153003497771","WXR601","","Diesel","Billed","29.87","65.11","PSS KLIA 1","","Standalone","","","31 Jul 2018"
"29/07/2018 16:54","Reload","'70838153003497771","WXR601","","","Billed","","-50.00","PSS KLIA 1","","Standalone","","","31 Jul 2018"
"29/07/2018 07:34","Purchase","'70838153003497771","WXR601","","Diesel","Billed","22.94","50.00","PSS GRAND SAGA  KL BOUND","","Standalone","","","31 Jul 2018"
"29/07/2018 07:33","Reload","'70838153003497771","WXR601","","","Billed","","-100.00","PSS GRAND SAGA  KL BOUND","","Standalone","","","31 Jul 2018"
"27/07/2018 00:07","Purchase","'70838153003497771","WXR601","","Diesel","Billed","22.94","50.00","PSS TAMAN RAKAN","","Standalone","","","31 Jul 2018"
"27/07/2018 00:05","Reload","'70838153003497771","WXR601","","","Billed","","-50.00","PSS TAMAN RAKAN","","Standalone","","","31 Jul 2018"
"25/07/2018 14:10","Purchase","'70838153003497771","WXR601","","Diesel","Billed","32.11","70.00","PSS BANDAR BARU SALAK TINGGI","","Standalone","","","31 Jul 2018"
"25/07/2018 14:08","Reload","'70838153003497771","WXR601","","","Billed","","-100.00","PSS BANDAR BARU SALAK TINGGI","","Standalone","","","31 Jul 2018"
"24/07/2018 10:45","Purchase","'70838153003497771","WXR601","","Diesel","Billed","48.68","106.12","PSS BATU FERINGGI","","Standalone","","","31 Jul 2018"
"24/07/2018 10:42","Reload","'70838153003497771","WXR601","","","Billed","","-100.00","PSS BATU FERINGGI","","Standalone","","","31 Jul 2018"
"23/07/2018 12:30","Purchase","'70838153003497771","WXR601","","Diesel","Billed","50.47","110.03","PSS BALAKONG II","","Standalone","","","31 Jul 2018"
"23/07/2018 12:27","Reload","'70838153003497771","WXR601","","","Billed","","-100.00","PSS BALAKONG II","","Standalone","","","31 Jul 2018"
"22/07/2018 09:39","Purchase","'70838153003497771","WXR601","","Diesel","Billed","50.96","111.08","PSS BATU FERINGGI","","Standalone","","","31 Jul 2018"
"22/07/2018 09:37","Reload","'70838153003497771","WXR601","","","Billed","","-100.00","PSS BATU FERINGGI","","Standalone","","","31 Jul 2018"
"21/07/2018 09:08","Purchase","'70838153003497771","WXR601","","Diesel","Billed","40.37","88.00","PSS SELAMA","","Standalone","","","31 Jul 2018"
"21/07/2018 09:07","Purchase","'70838153003497771","WXR601","","Diesel","Billed","1.37","2.99","PSS SELAMA","","Standalone","","","31 Jul 2018"
"21/07/2018 09:06","Reload","'70838153003497771","WXR601","","","Billed","","-100.00","PSS SELAMA","","Standalone","","","31 Jul 2018"
"19/07/2018 22:03","Purchase","'70838153003497771","WXR601","","Diesel","Billed","55.04","120.00","PSS KM5.5 JALAN CHERAS","","Standalone","","","31 Jul 2018"
"19/07/2018 22:02","Reload","'70838153003497771","WXR601","","","Billed","","-100.00","PSS KM5.5 JALAN CHERAS","","Standalone","","","31 Jul 2018"
"17/07/2018 16:18","Purchase","'70838153003497771","WXR601","","Diesel","Billed","22.94","50.00","PSS KM 0.7 BESRAYA ARAH UTARA","","Standalone","","","31 Jul 2018"
"17/07/2018 16:16","Reload","'70838153003497771","WXR601","","","Billed","","-50.00","PSS KM 0.7 BESRAYA ARAH UTARA","","Standalone","","","31 Jul 2018"
"17/07/2018 10:46","Purchase","'70838153003497771","WXR601","","Diesel","Billed","22.94","50.00","PSS KLIA 1","","Standalone","","","31 Jul 2018"
"17/07/2018 10:44","Reload","'70838153003497771","WXR601","","","Billed","","-50.00","PSS KLIA 1","","Standalone","","","31 Jul 2018"
"14/07/2018 11:49","Purchase","'70838153003497771","WXR601","","Diesel","Billed","27.52","60.00","PSS GRAND SAGA 3","","Standalone","","","31 Jul 2018"
"14/07/2018 11:47","Reload","'70838153003497771","WXR601","","","Billed","","-50.00","PSS GRAND SAGA 3","","Standalone","","","31 Jul 2018"
"09/07/2018 12:34","Purchase","'70838153003497771","WXR601","","Diesel","Billed","22.94","50.00","PSS MRR2 AMPANG","","Standalone","","","31 Jul 2018"
"09/07/2018 12:33","Reload","'70838153003497771","WXR601","","","Billed","","-50.00","PSS MRR2 AMPANG","","Standalone","","","31 Jul 2018"
"07/07/2018 09:49","Purchase","'70838153003497771","WXR601","","Diesel","Billed","51.37","111.98","PSS GRAND SAGA 3","","Standalone","","","31 Jul 2018"
"07/07/2018 09:48","Reload","'70838153003497771","WXR601","","","Billed","","-100.00","PSS GRAND SAGA 3","","Standalone","","","31 Jul 2018"
"05/07/2018 21:36","Purchase","'70838153003497771","WXR601","","Diesel","Billed","59.17","128.99","PSS BATU FERINGGI","","Standalone","","","31 Jul 2018"
"05/07/2018 21:34","Reload","'70838153003497771","WXR601","","","Billed","","-130.00","PSS BATU FERINGGI","","Standalone","","","31 Jul 2018"
"04/07/2018 09:56","Purchase","'70838153003497771","WXR601","","Diesel","Billed","22.94","50.00","PSS KLIA 2","","Standalone","","","31 Jul 2018"
"03/07/2018 13:51","Purchase","'70838153003497771","WXR601","","Diesel","Billed","22.94","50.00","PSS KLIA 2","","Standalone","","","31 Jul 2018"
"03/07/2018 13:46","Reload","'70838153003497771","WXR601","","","Billed","","-50.00","PSS KLIA 2","","Standalone","","","31 Jul 2018"
"02/07/2018 20:23","Purchase","'70838153003497771","WXR601","","Diesel","Billed","22.94","50.00","PSS BATU FERINGGI","","Standalone","","","31 Jul 2018"
"02/07/2018 20:22","Reload","'70838153003497771","WXR601","","","Billed","","-50.00","PSS BATU FERINGGI","","Standalone","","","31 Jul 2018"