"Date Time","Transaction Type","Card Number","Vehicle Number","Driver Card Number","Product Type","Billing Type","Transaction Volume (Litres)","Transaction Amount (RM)","Station Name","Odometer","Card Type","Cost Centre","Cost Centre Name","Statement Month"
"30/07/2018 13:07","Purchase","'70838153003503305","WXR744","","PRIMAX 97","Billed","15.75","40.00","PSS JALAN BATU PAHAT KLUANG","","Standalone","","","31 Jul 2018"
"30/07/2018 13:05","Reload","'70838153003503305","WXR744","","","Billed","","-50.00","PSS JALAN BATU PAHAT KLUANG","","Standalone","","","31 Jul 2018"
"27/07/2018 14:59","Purchase","'70838153003503305","WXR744","","PRIMAX 95","Billed","5.17","11.37","PSS JALAN BATU PAHAT KLUANG","","Standalone","","","31 Jul 2018"
"21/07/2018 17:21","Purchase","'70838153003503305","WXR744","","PRIMAX 95","Billed","13.64","30.00","PSS BANDAR BARU AIR HITAM","","Standalone","","","31 Jul 2018"
"17/07/2018 19:55","Purchase","'70838153003503305","WXR744","","PRIMAX 95","Billed","13.64","30.00","PSS TAMAN DESA KLUANG","","Standalone","","","31 Jul 2018"
"13/07/2018 11:11","Purchase","'70838153003503305","WXR744","","PRIMAX 97","Billed","27.03","70.00","PSS BANDAR SERI PUTRA","","Standalone","","","31 Jul 2018"
"13/07/2018 11:09","Reload","'70838153003503305","WXR744","","","Billed","","-50.00","PSS BANDAR SERI PUTRA","","Standalone","","","31 Jul 2018"
"13/07/2018 08:52","Purchase","'70838153003503305","WXR744","","PRIMAX 97","Billed","19.31","50.00","PSS BANDAR BARU AIR HITAM","","Standalone","","","31 Jul 2018"
"13/07/2018 08:47","Reload","'70838153003503305","WXR744","","","Billed","","-50.00","PSS BANDAR BARU AIR HITAM","","Standalone","","","31 Jul 2018"
"10/07/2018 17:09","Purchase","'70838153003503305","WXR744","","PRIMAX 97","Billed","19.38","50.00","PSS BANDAR BARU AIR HITAM","","Standalone","","","31 Jul 2018"
"10/07/2018 17:08","Reload","'70838153003503305","WXR744","","","Billed","","-50.00","PSS BANDAR BARU AIR HITAM","","Standalone","","","31 Jul 2018"
"08/07/2018 21:10","Purchase","'70838153003503305","WXR744","","PRIMAX 95","Billed","13.64","30.00","PSS JALAN BATU PAHAT KLUANG","","Standalone","","","31 Jul 2018"
"06/07/2018 09:13","Purchase","'70838153003503305","WXR744","","PRIMAX 95","Billed","9.09","20.00","PSS JALAN BATU PAHAT KLUANG","","Standalone","","","31 Jul 2018"
"05/07/2018 14:51","Purchase","'70838153003503305","WXR744","","PRIMAX 95","Billed","9.09","20.00","PSS BANDAR BARU AIR HITAM","","Standalone","","","31 Jul 2018"
"05/07/2018 14:50","Reload","'70838153003503305","WXR744","","","Billed","","-50.00","PSS BANDAR BARU AIR HITAM","","Standalone","","","31 Jul 2018"