"Date Time","Transaction Type","Card Number","Vehicle Number","Driver Card Number","Product Type","Billing Type","Transaction Volume (Litres)","Transaction Amount (RM)","Station Name","Odometer","Card Type","Cost Centre","Cost Centre Name","Statement Month"
"31/07/2018 18:55","Purchase","'70838153003425004","WXR141","","PRIMAX 95","Billed","9.09","20.00","PSS KOTA DAMANSARA 2","","Standalone","","","31 Jul 2018"
"31/07/2018 18:55","Reload","'70838153003425004","WXR141","","","Un-billed","","-20.00","PSS KOTA DAMANSARA 2","","Standalone","","","Unbilled Transaction"
"24/07/2018 23:08","Purchase","'70838153003425004","WXR141","","PRIMAX 95","Billed","22.73","50.00","PSS JALAN JAMBU JERTEH","","Standalone","","","31 Jul 2018"
"24/07/2018 23:07","Reload","'70838153003425004","WXR141","","","Billed","","-50.00","PSS JALAN JAMBU JERTEH","","Standalone","","","31 Jul 2018"
"23/07/2018 15:13","Purchase","'70838153003425004","WXR141","","PRIMAX 95","Billed","22.73","50.00","PSS JLN USJ 14/1L UEP","","Standalone","","","31 Jul 2018"
"23/07/2018 15:12","Reload","'70838153003425004","WXR141","","","Billed","","-50.00","PSS JLN USJ 14/1L UEP","","Standalone","","","31 Jul 2018"
"21/07/2018 08:01","Purchase","'70838153003425004","WXR141","","PRIMAX 95","Billed","22.73","50.00","PSS JALAN JAMBU JERTEH","","Standalone","","","31 Jul 2018"
"21/07/2018 07:59","Reload","'70838153003425004","WXR141","","","Billed","","-50.00","PSS JALAN JAMBU JERTEH","","Standalone","","","31 Jul 2018"
"20/07/2018 08:15","Purchase","'70838153003425004","WXR141","","PRIMAX 95","Billed","22.73","50.00","PSS JLN KUCHING","","Standalone","","","31 Jul 2018"
"20/07/2018 08:15","Reload","'70838153003425004","WXR141","","","Billed","","-50.00","PSS JLN KUCHING","","Standalone","","","31 Jul 2018"
"18/07/2018 11:52","Purchase","'70838153003425004","WXR141","","PRIMAX 95","Billed","12.35","27.17","PSS SRI KEMBANGAN 2","","Standalone","","","31 Jul 2018"
"18/07/2018 11:51","Reload","'70838153003425004","WXR141","","","Billed","","-20.00","PSS SRI KEMBANGAN 2","","Standalone","","","31 Jul 2018"
"15/07/2018 09:18","Purchase","'70838153003425004","WXR141","","PRIMAX 95","Billed","22.73","50.00","PSS KELANA JAYA 1","","Standalone","","","31 Jul 2018"
"15/07/2018 09:17","Reload","'70838153003425004","WXR141","","","Billed","","-50.00","PSS KELANA JAYA 1","","Standalone","","","31 Jul 2018"
"12/07/2018 23:24","Purchase","'70838153003425004","WXR141","","PRIMAX 95","Billed","22.84","50.25","PSS FAS","","Standalone","","","31 Jul 2018"
"12/07/2018 23:23","Reload","'70838153003425004","WXR141","","","Billed","","-50.00","PSS FAS","","Standalone","","","31 Jul 2018"
"11/07/2018 19:49","Purchase","'70838153003425004","WXR141","","PRIMAX 95","Billed","22.73","50.00","PSS JALAN JAMBU JERTEH","","Standalone","","","31 Jul 2018"
"11/07/2018 19:48","Reload","'70838153003425004","WXR141","","","Billed","","-50.00","PSS JALAN JAMBU JERTEH","","Standalone","","","31 Jul 2018"
"10/07/2018 20:29","Purchase","'70838153003425004","WXR141","","PRIMAX 95","Billed","22.73","50.00","PSS TAMAN SRI ANDALAS","","Standalone","","","31 Jul 2018"
"10/07/2018 20:28","Reload","'70838153003425004","WXR141","","","Billed","","-50.00","PSS TAMAN SRI ANDALAS","","Standalone","","","31 Jul 2018"
"09/07/2018 12:57","Purchase","'70838153003425004","WXR141","","PRIMAX 95","Billed","22.73","50.00","PSS DAMANSARA JAYA 2","","Standalone","","","31 Jul 2018"
"09/07/2018 12:56","Reload","'70838153003425004","WXR141","","","Billed","","-50.00","PSS DAMANSARA JAYA 2","","Standalone","","","31 Jul 2018"
"08/07/2018 01:52","Purchase","'70838153003425004","WXR141","","PRIMAX 95","Billed","22.73","50.00","PSS TAMAN CEMPAKA","","Standalone","","","31 Jul 2018"
"08/07/2018 01:51","Reload","'70838153003425004","WXR141","","","Billed","","-50.00","PSS TAMAN CEMPAKA","","Standalone","","","31 Jul 2018"
"07/07/2018 08:16","Purchase","'70838153003425004","WXR141","","PRIMAX 95","Billed","22.73","50.00","PSS DAMANSARA DAMAI","","Standalone","","","31 Jul 2018"
"07/07/2018 08:15","Reload","'70838153003425004","WXR141","","","Billed","","-50.00","PSS DAMANSARA DAMAI","","Standalone","","","31 Jul 2018"
"05/07/2018 18:15","Purchase","'70838153003425004","WXR141","","PRIMAX 95","Billed","23.23","51.10","PSS SETIA ALAM","","Standalone","","","31 Jul 2018"
"05/07/2018 18:14","Reload","'70838153003425004","WXR141","","","Billed","","-50.00","PSS SETIA ALAM","","Standalone","","","31 Jul 2018"
"04/07/2018 11:57","Purchase","'70838153003425004","WXR141","","PRIMAX 95","Billed","22.73","50.00","PSS JALAN JAMBU JERTEH","","Standalone","","","31 Jul 2018"
"04/07/2018 11:56","Reload","'70838153003425004","WXR141","","","Billed","","-50.00","PSS JALAN JAMBU JERTEH","","Standalone","","","31 Jul 2018"
"03/07/2018 07:01","Purchase","'70838153003425004","WXR141","","PRIMAX 95","Billed","22.74","50.02","PSS JINJANG","","Standalone","","","31 Jul 2018"
"03/07/2018 07:00","Reload","'70838153003425004","WXR141","","","Billed","","-50.00","PSS JINJANG","","Standalone","","","31 Jul 2018"