"Date Time","Transaction Type","Card Number","Vehicle Number","Driver Card Number","Product Type","Billing Type","Transaction Volume (Litres)","Transaction Amount (RM)","Station Name","Odometer","Card Type","Cost Centre","Cost Centre Name","Statement Month"
"19/07/2018 12:06","Purchase","'70838153003675970","WXR 2797","","PRIMAX 95","Billed","1.94","4.27","PSS BATU 8 JALAN IPOH","2797","Standalone","","","31 Jul 2018"
"18/07/2018 16:27","Purchase","'70838153003675970","WXR 2797","","PRIMAX 95","Billed","2.74","6.04","PSS SG TUA","2797","Standalone","","","31 Jul 2018"
"17/07/2018 08:27","Purchase","'70838153003675970","WXR 2797","","PRIMAX 95","Billed","2.61","5.73","PSS JALAN GOMBAK","2797","Standalone","","","31 Jul 2018"
"16/07/2018 07:45","Purchase","'70838153003675970","WXR 2797","","PRIMAX 95","Billed","2.80","6.16","PSS SUNWAY BATU CAVES","2797","Standalone","","","31 Jul 2018"
"14/07/2018 19:36","Purchase","'70838153003675970","WXR 2797","","PRIMAX 95","Billed","2.80","6.16","PSS SG TUA","2797","Standalone","","","31 Jul 2018"
"12/07/2018 08:05","Purchase","'70838153003675970","WXR 2797","","PRIMAX 95","Billed","2.46","5.41","PSS Batu 5 Gombak 2","2797","Standalone","","","31 Jul 2018"
"10/07/2018 16:45","Purchase","'70838153003675970","WXR 2797","","PRIMAX 95","Billed","2.83","6.22","PSS SG TUA","2797","Standalone","","","31 Jul 2018"
"07/07/2018 12:04","Purchase","'70838153003675970","WXR 2797","","PRIMAX 95","Billed","27.28","60.01","PSS SG TUA","2797","Standalone","","","31 Jul 2018"
"07/07/2018 12:03","Reload","'70838153003675970","WXR 2797","","","Billed","","-100.00","PSS SG TUA","","Standalone","","","31 Jul 2018"
"05/07/2018 19:21","Purchase","'70838153003675970","WXR 2797","","PRIMAX 95","Billed","1.43","3.14","PSS SG TUA","2797","Standalone","","","31 Jul 2018"
"04/07/2018 20:45","Purchase","'70838153003675970","WXR 2797","","PRIMAX 95","Billed","2.47","5.44","PSS TAMAN MELATI","2797","Standalone","","","31 Jul 2018"
"03/07/2018 18:25","Purchase","'70838153003675970","WXR 2797","","PRIMAX 95","Billed","2.68","5.90","PSS SG TUA","2797","Standalone","","","31 Jul 2018"
"02/07/2018 17:09","Purchase","'70838153003675970","WXR 2797","","PRIMAX 95","Billed","2.51","5.52","PSS JALAN GOMBAK","","Standalone","","","31 Jul 2018"