"Date Time","Transaction Type","Card Number","Vehicle Number","Driver Card Number","Product Type","Billing Type","Transaction Volume (Litres)","Transaction Amount (RM)","Station Name","Odometer","Card Type","Cost Centre","Cost Centre Name","Statement Month"
"31/07/2018 14:52","Purchase","'70838153003681663","WXR 2339","","PRIMAX 95","Billed","45.45","100.00","PSS SUNGAI MERAB KAJANG","","Standalone","","","31 Jul 2018"
"31/07/2018 14:51","Reload","'70838153003681663","WXR 2339","","","Billed","","-100.00","PSS SUNGAI MERAB KAJANG","","Standalone","","","31 Jul 2018"
"24/07/2018 14:31","Purchase","'70838153003681663","WXR 2339","","PRIMAX 95","Billed","45.46","100.00","PSS NKVE KLANG BOUND","","Standalone","","","31 Jul 2018"
"24/07/2018 14:29","Reload","'70838153003681663","WXR 2339","","","Billed","","-50.00","PSS NKVE KLANG BOUND","","Standalone","","","31 Jul 2018"
"22/07/2018 12:35","Purchase","'70838153003681663","WXR 2339","","PRIMAX 95","Billed","22.73","50.00","PSS FAS","","Standalone","","","31 Jul 2018"
"22/07/2018 12:34","Reload","'70838153003681663","WXR 2339","","","Billed","","-100.00","PSS FAS","","Standalone","","","31 Jul 2018"
"21/07/2018 14:43","Purchase","'70838153003681663","WXR 2339","","PRIMAX 95","Billed","22.73","50.00","PSS PANDAN INDAH","","Standalone","","","31 Jul 2018"
"21/07/2018 08:17","Purchase","'70838153003681663","WXR 2339","","PRIMAX 95","Billed","22.73","50.00","PSS NKVE KLANG BOUND","","Standalone","","","31 Jul 2018"
"21/07/2018 08:14","Reload","'70838153003681663","WXR 2339","","","Billed","","-100.00","PSS NKVE KLANG BOUND","","Standalone","","","31 Jul 2018"
"20/07/2018 19:30","Purchase","'70838153003681663","WXR 2339","","PRIMAX 95","Billed","22.73","50.00","PSS SETIA ALAM","","Standalone","","","31 Jul 2018"
"15/07/2018 19:40","Purchase","'70838153003681663","WXR 2339","","PRIMAX 95","Billed","45.46","100.00","PSS KLIA 2","","Standalone","","","31 Jul 2018"
"14/07/2018 21:44","Reload","'70838153003681663","WXR 2339","","","Billed","","-100.00","PSS SEK 7 SHAH ALAM","","Standalone","","","31 Jul 2018"
"14/07/2018 21:40","Purchase","'70838153003681663","WXR 2339","","PRIMAX 95","Billed","22.73","50.00","PSS SEK 7 SHAH ALAM","2","Standalone","","","31 Jul 2018"
"13/07/2018 11:23","Purchase","'70838153003681663","WXR 2339","","PRIMAX 95","Billed","22.73","50.00","PSS ELITE LAYBY","","Standalone","","","31 Jul 2018"
"13/07/2018 11:21","Reload","'70838153003681663","WXR 2339","","","Billed","","-100.00","PSS ELITE LAYBY","","Standalone","","","31 Jul 2018"