"Date Time","Transaction Type","Card Number","Vehicle Number","Driver Card Number","Product Type","Billing Type","Transaction Volume (Litres)","Transaction Amount (RM)","Station Name","Odometer","Card Type","Cost Centre","Cost Centre Name","Statement Month"
"13/07/2018 20:19","Purchase","'70838153003879903","WXR 6593","","PRIMAX 97","Billed","0.77","2.00","PSS FAS","","Standalone","","","31 Jul 2018"
"12/07/2018 07:05","Purchase","'70838153003879903","WXR 6593","","PRIMAX 97","Billed","2.32","6.00","PSS SEKSYEN 18","","Standalone","","","31 Jul 2018"
"10/07/2018 07:11","Purchase","'70838153003879903","WXR 6593","","PRIMAX 97","Billed","1.94","5.00","PSS SEKSYEN 18","","Standalone","","","31 Jul 2018"
"07/07/2018 20:53","Purchase","'70838153003879903","WXR 6593","","PRIMAX 95","Billed","9.09","20.00","PSS FAS","","Standalone","","","31 Jul 2018"
"07/07/2018 20:52","Reload","'70838153003879903","WXR 6593","","","Billed","","-20.00","PSS FAS","","Standalone","","","31 Jul 2018"
"07/07/2018 13:38","Purchase","'70838153003879903","WXR 6593","","PRIMAX 97","Billed","2.33","6.00","PSS FAS","","Standalone","","","31 Jul 2018"
"06/07/2018 15:59","Purchase","'70838153003879903","WXR 6593","","PRIMAX 97","Billed","1.94","5.00","PSS BATU 5 GOMBAK","","Standalone","","","31 Jul 2018"
"06/07/2018 08:06","Purchase","'70838153003879903","WXR 6593","","PRIMAX 97","Billed","2.33","6.00","PSS ELITE LAYBY","","Standalone","","","31 Jul 2018"
"05/07/2018 17:31","Reload","'70838153003879903","WXR 6593","","","Billed","","-10.00","PSS NKVE KLANG BOUND","","Standalone","","","31 Jul 2018"