"Date Time","Transaction Type","Card Number","Vehicle Number","Driver Card Number","Product Type","Billing Type","Transaction Volume (Litres)","Transaction Amount (RM)","Station Name","Odometer","Card Type","Cost Centre","Cost Centre Name","Statement Month"
"19/07/2018 19:17","Purchase","'70838153003501754","WXR727","","PRIMAX 95","Billed","45.46","100.00","PSS BIDOR","","Standalone","","","31 Jul 2018"
"19/07/2018 19:16","Reload","'70838153003501754","WXR727","","","Billed","","-100.00","PSS BIDOR","","Standalone","","","31 Jul 2018"
"13/07/2018 10:10","Purchase","'70838153003501754","WXR727","","PRIMAX 95","Billed","47.89","105.36","PSS BIDOR","","Standalone","","","31 Jul 2018"
"13/07/2018 10:06","Purchase","'70838153003501754","WXR727","","PRIMAX 95","Billed","0.23","0.51","PSS BIDOR","","Standalone","","","31 Jul 2018"
"13/07/2018 10:04","Reload","'70838153003501754","WXR727","","","Billed","","-100.00","PSS BIDOR","","Standalone","","","31 Jul 2018"