"Date Time","Transaction Type","Card Number","Vehicle Number","Driver Card Number","Product Type","Billing Type","Transaction Volume (Litres)","Transaction Amount (RM)","Station Name","Odometer","Card Type","Cost Centre","Cost Centre Name","Statement Month"
"29/07/2018 16:38","Purchase","'70838153003666672","WXR2007","","PRIMAX 95","Billed","3.74","8.22","PSS JALAN REKO2","","Standalone","","","31 Jul 2018"
"26/07/2018 09:11","Purchase","'70838153003666672","WXR2007","","PRIMAX 95","Billed","1.14","2.50","PSS BATU 1 JALAN SEMENYIH","","Standalone","","","31 Jul 2018"
"23/07/2018 13:05","Purchase","'70838153003666672","WXR2007","","PRIMAX 95","Billed","3.74","8.23","PSS JALAN REKO2","","Standalone","","","31 Jul 2018"
"22/07/2018 17:32","Reload","'70838153003666672","WXR2007","","","Billed","","-30.00","PSS RAWAT & REHAT (U) SBAN-KL","","Standalone","","","31 Jul 2018"
"22/07/2018 09:26","Purchase","'70838153003666672","WXR2007","","PRIMAX 95","Billed","15.01","33.01","PSS MACHANG BYPASS","","Standalone","","","31 Jul 2018"
"20/07/2018 09:13","Reload","'70838153003666672","WXR2007","","","Billed","","-20.00","PSS PETRONAS KARAK REST","","Standalone","","","31 Jul 2018"
"20/07/2018 09:10","Purchase","'70838153003666672","WXR2007","","PRIMAX 95","Billed","13.64","30.00","PSS PETRONAS KARAK REST","","Standalone","","","31 Jul 2018"
"17/07/2018 16:28","Purchase","'70838153003666672","WXR2007","","PRIMAX 95","Billed","7.01","15.43","PSS BATU 1 JALAN SEMENYIH","","Standalone","","","31 Jul 2018"
"07/07/2018 16:05","Purchase","'70838153003666672","WXR2007","","PRIMAX 95","Billed","6.01","13.22","PSS JALAN REKO2","","Standalone","","","31 Jul 2018"
"07/07/2018 16:02","Reload","'70838153003666672","WXR2007","","","Billed","","-40.00","PSS JALAN REKO2","","Standalone","","","31 Jul 2018"
"02/07/2018 21:02","Purchase","'70838153003666672","WXR2007","","PRIMAX 95","Billed","3.04","6.68","PSS JALAN REKO2","","Standalone","","","31 Jul 2018"
"02/07/2018 12:59","Purchase","'70838153003666672","WXR2007","","PRIMAX 95","Billed","8.01","17.61","PSS RAWAT & REHAT(S) KL- SEREMBAN","","Standalone","","","31 Jul 2018"