"Date Time","Transaction Type","Card Number","Vehicle Number","Driver Card Number","Product Type","Billing Type","Transaction Volume (Litres)","Transaction Amount (RM)","Station Name","Odometer","Card Type","Cost Centre","Cost Centre Name","Statement Month"
"23/07/2018 16:41","Purchase","'70838153003423280","WXR182","","PRIMAX 95","Billed","22.73","50.00","PSS PEKAN BARU SUBANG","","Standalone","","","31 Jul 2018"
"23/07/2018 16:39","Reload","'70838153003423280","WXR182","","","Billed","","-30.00","PSS PEKAN BARU SUBANG","","Standalone","","","31 Jul 2018"
"23/07/2018 16:39","Reload","'70838153003423280","WXR182","","","Billed","","-30.00","PSS PEKAN BARU SUBANG","","Standalone","","","31 Jul 2018"
"17/07/2018 14:21","Purchase","'70838153003423280","WXR182","","PRIMAX 95","Billed","22.73","50.00","PSS NKVE HIGHWAY","","Standalone","","","31 Jul 2018"
"12/07/2018 19:40","Purchase","'70838153003423280","WXR182","","PRIMAX 95","Billed","22.73","50.00","PSS BUKIT SUBANG","","Standalone","","","31 Jul 2018"
"12/07/2018 19:39","Reload","'70838153003423280","WXR182","","","Billed","","-100.00","PSS BUKIT SUBANG","","Standalone","","","31 Jul 2018"
"06/07/2018 21:57","Purchase","'70838153003423280","WXR182","","PRIMAX 95","Billed","22.73","50.00","PSS BUKIT SUBANG","","Standalone","","","31 Jul 2018"
"06/07/2018 21:54","Reload","'70838153003423280","WXR182","","","Billed","","-50.00","PSS BUKIT SUBANG","","Standalone","","","31 Jul 2018"
"01/07/2018 10:00","Purchase","'70838153003423280","WXR182","","PRIMAX 95","Billed","22.73","50.00","PSS KG MELAYU SUBANG","","Standalone","","","31 Jul 2018"
"01/07/2018 09:59","Reload","'70838153003423280","WXR182","","","Billed","","-50.00","PSS KG MELAYU SUBANG","","Standalone","","","31 Jul 2018"
"01/07/2018 09:57","Purchase","'70838153003423280","WXR182","","PRIMAX 95","Billed","1.81","3.98","PSS KG MELAYU SUBANG","","Standalone","","","31 Jul 2018"