"Date Time","Transaction Type","Card Number","Vehicle Number","Driver Card Number","Product Type","Billing Type","Transaction Volume (Litres)","Transaction Amount (RM)","Station Name","Odometer","Card Type","Cost Centre","Cost Centre Name","Statement Month"
"30/07/2018 21:27","Purchase","'70838153003583141","WXR1217","","PRIMAX 97","Billed","1.58","4.00","PSS KM 2 LDP","2604","Standalone","","","31 Jul 2018"
"29/07/2018 10:34","Purchase","'70838153003583141","WXR1217","","PRIMAX 97","Billed","1.97","5.00","PSS FAS","2604","Standalone","","","31 Jul 2018"
"27/07/2018 10:53","Purchase","'70838153003583141","WXR1217","","PRIMAX 97","Billed","2.36","6.00","PSS FAS","2604","Standalone","","","31 Jul 2018"
"24/07/2018 10:17","Purchase","'70838153003583141","WXR1217","","PRIMAX 97","Billed","2.77","7.08","PSS FAS","2604","Standalone","","","31 Jul 2018"
"22/07/2018 09:30","Purchase","'70838153003583141","WXR1217","","PRIMAX 97","Billed","2.34","6.00","PSS FAS","2604","Standalone","","","31 Jul 2018"
"20/07/2018 12:14","Purchase","'70838153003583141","WXR1217","","PRIMAX 97","Billed","1.95","5.00","PSS FAS","2604","Standalone","","","31 Jul 2018"
"19/07/2018 11:55","Purchase","'70838153003583141","WXR1217","","PRIMAX 97","Billed","2.34","6.00","PSS FAS","2604","Standalone","","","31 Jul 2018"
"18/07/2018 08:27","Purchase","'70838153003583141","WXR1217","","PRIMAX 97","Billed","1.93","5.00","PSS FAS","2604","Standalone","","","31 Jul 2018"
"17/07/2018 22:15","Purchase","'70838153003583141","WXR1217","","PRIMAX 97","Billed","1.16","3.00","PSS USJ 20","2604","Standalone","","","31 Jul 2018"
"16/07/2018 08:36","Purchase","'70838153003583141","WXR1217","","PRIMAX 97","Billed","2.32","6.00","PSS FAS","2604","Standalone","","","31 Jul 2018"
"15/07/2018 12:09","Purchase","'70838153003583141","WXR1217","","PRIMAX 97","Billed","2.32","6.00","PSS FAS","2604","Standalone","","","31 Jul 2018"
"14/07/2018 07:43","Purchase","'70838153003583141","WXR1217","","PRIMAX 97","Billed","1.93","5.00","PSS FAS","2604","Standalone","","","31 Jul 2018"
"13/07/2018 07:23","Purchase","'70838153003583141","WXR1217","","PRIMAX 97","Billed","2.32","6.00","PSS FAS","2604","Standalone","","","31 Jul 2018"
"12/07/2018 09:08","Purchase","'70838153003583141","WXR1217","","PRIMAX 97","Billed","2.70","7.00","PSS FAS","2604","Standalone","","","31 Jul 2018"
"10/07/2018 08:04","Purchase","'70838153003583141","WXR1217","","PRIMAX 97","Billed","2.06","5.30","PSS FAS","2604","Standalone","","","31 Jul 2018"
"09/07/2018 08:00","Purchase","'70838153003583141","WXR1217","","PRIMAX 97","Billed","1.94","5.00","PSS FAS","2604","Standalone","","","31 Jul 2018"
"08/07/2018 09:48","Purchase","'70838153003583141","WXR1217","","PRIMAX 97","Billed","1.55","4.00","PSS FAS","2604","Standalone","","","31 Jul 2018"
"07/07/2018 16:41","Reload","'70838153003583141","WXR1217","","","Billed","","-150.00","PSS USJ 20","","Standalone","","","31 Jul 2018"
"04/07/2018 16:15","Purchase","'70838153003583141","WXR1217","","PRIMAX 97","Billed","2.00","5.00","PSS FAS","2604","Standalone","","","31 Jul 2018"
"02/07/2018 09:54","Purchase","'70838153003583141","WXR1217","","PRIMAX 97","Billed","2.00","5.00","PSS FAS","2604","Standalone","","","31 Jul 2018"