"Date Time","Transaction Type","Card Number","Vehicle Number","Driver Card Number","Product Type","Billing Type","Transaction Volume (Litres)","Transaction Amount (RM)","Station Name","Odometer","Card Type","Cost Centre","Cost Centre Name","Statement Month"
"26/07/2018 23:50","Purchase","'70838153003588520","WXR1983","","PRIMAX 95","Billed","11.36","25.00","PSS NPE PANTAI DALAM","","Standalone","","","31 Jul 2018"
"26/07/2018 00:56","Purchase","'70838153003588520","WXR1983","","PRIMAX 95","Billed","5.00","11.00","PSS GRAND SAGA 3","","Standalone","","","31 Jul 2018"
"24/07/2018 10:39","Purchase","'70838153003588520","WXR1983","","PRIMAX 95","Billed","9.09","20.00","PSS PRIMA SAUJANA 2","","Standalone","","","31 Jul 2018"
"23/07/2018 23:53","Purchase","'70838153003588520","WXR1983","","PRIMAX 95","Billed","6.36","14.00","PSS NPE PANTAI DALAM","","Standalone","","","31 Jul 2018"
"22/07/2018 14:58","Purchase","'70838153003588520","WXR1983","","PRIMAX 95","Billed","5.00","11.00","PSS PRIMA SAUJANA 2","","Standalone","","","31 Jul 2018"
"22/07/2018 14:48","Reload","'70838153003588520","WXR1983","","","Billed","","-100.00","PSS GRAND SAGA 3","","Standalone","","","31 Jul 2018"
"12/07/2018 13:22","Purchase","'70838153003588520","WXR1983","","PRIMAX 95","Billed","3.18","7.00","PSS NPE PANTAI DALAM","","Standalone","","","31 Jul 2018"
"11/07/2018 14:39","Purchase","'70838153003588520","WXR1983","","PRIMAX 95","Billed","15.00","33.00","PSS GRAND SAGA 2","","Standalone","","","31 Jul 2018"
"06/07/2018 17:53","Reload","'70838153003588520","WXR1983","","","Billed","","-50.00","PSS KM5.5 JALAN CHERAS","","Standalone","","","31 Jul 2018"
"06/07/2018 17:51","Purchase","'70838153003588520","WXR1983","","PRIMAX 95","Billed","4.55","10.00","PSS KM5.5 JALAN CHERAS","","Standalone","","","31 Jul 2018"
"05/07/2018 10:53","Purchase","'70838153003588520","WXR1983","","PRIMAX 95","Billed","2.27","5.00","PSS BANGSAR","","Standalone","","","31 Jul 2018"