"Date Time","Transaction Type","Card Number","Vehicle Number","Driver Card Number","Product Type","Billing Type","Transaction Volume (Litres)","Transaction Amount (RM)","Station Name","Odometer","Card Type","Cost Centre","Cost Centre Name","Statement Month"
"31/07/2018 08:59","Purchase","'70838153003579305","WXR1009","","PRIMAX 95","Billed","13.64","30.00","PSS KG. GAUNG","218889","Standalone","","","31 Jul 2018"
"31/07/2018 08:58","Reload","'70838153003579305","WXR1009","","","Billed","","-30.00","PSS KG. GAUNG","","Standalone","","","31 Jul 2018"
"10/07/2018 21:36","Purchase","'70838153003579305","WXR1009","","PRIMAX 95","Billed","27.27","60.00","PSS KG. GAUNG","215545","Standalone","","","31 Jul 2018"
"10/07/2018 21:35","Reload","'70838153003579305","WXR1009","","","Billed","","-60.00","PSS KG. GAUNG","","Standalone","","","31 Jul 2018"
"08/07/2018 00:17","Purchase","'70838153003579305","WXR1009","","PRIMAX 95","Billed","13.64","30.00","PSS GUCHIL JAYA KUALA KRAI","216688","Standalone","","","31 Jul 2018"
"07/07/2018 19:25","Purchase","'70838153003579305","WXR1009","","PRIMAX 95","Billed","13.64","30.00","PSS PETRONAS KARAK REST","215577","Standalone","","","31 Jul 2018"
"05/07/2018 09:18","Reload","'70838153003579305","WXR1009","","","Billed","","-60.00","PSS MAKA","","Standalone","","","31 Jul 2018"