"Date Time","Transaction Type","Card Number","Vehicle Number","Driver Card Number","Product Type","Billing Type","Transaction Volume (Litres)","Transaction Amount (RM)","Station Name","Odometer","Card Type","Cost Centre","Cost Centre Name","Statement Month"
"28/07/2018 20:39","Purchase","'70838153003681358","WXR 2697","","PRIMAX 95","Billed","3.41","7.51","PSS KM 305 PLUS ARAH SELATAN","","Standalone","","","31 Jul 2018"
"28/07/2018 09:20","Purchase","'70838153003681358","WXR 2697","","PRIMAX 95","Billed","2.69","5.91","PSS RAWAT & REHAT (U) SBAN-KL","","Standalone","","","31 Jul 2018"
"25/07/2018 15:17","Purchase","'70838153003681358","WXR 2697","","PRIMAX 95","Billed","2.73","6.01","PSS KM 305 PLUS ARAH SELATAN","","Standalone","","","31 Jul 2018"
"24/07/2018 14:33","Purchase","'70838153003681358","WXR 2697","","PRIMAX 95","Billed","5.23","11.50","PSS KM 305 PLUS ARAH SELATAN","","Standalone","","","31 Jul 2018"
"22/07/2018 22:18","Purchase","'70838153003681358","WXR 2697","","PRIMAX 95","Billed","3.19","7.02","PSS PEDAS LINGGI LAYBY","","Standalone","","","31 Jul 2018"
"22/07/2018 10:59","Purchase","'70838153003681358","WXR 2697","","PRIMAX 95","Billed","1.82","4.00","PSS AIR KEROH RSA SOUTH BOUND","","Standalone","","","31 Jul 2018"
"18/07/2018 14:18","Purchase","'70838153003681358","WXR 2697","","PRIMAX 97","Billed","3.09","8.00","PSS Batu 5 Gombak 2","","Standalone","","","31 Jul 2018"
"14/07/2018 23:17","Purchase","'70838153003681358","WXR 2697","","PRIMAX 95","Billed","2.73","6.00","PSS JALAN RAHANG","","Standalone","","","31 Jul 2018"
"14/07/2018 17:24","Reload","'70838153003681358","WXR 2697","","","Billed","","-50.00","PSS KM 305 PLUS ARAH SELATAN","","Standalone","","","31 Jul 2018"
"14/07/2018 13:09","Purchase","'70838153003681358","WXR 2697","","PRIMAX 95","Billed","2.27","5.00","PSS RAWAT & REHAT (U) SBAN-KL","","Standalone","","","31 Jul 2018"
"13/07/2018 22:45","Purchase","'70838153003681358","WXR 2697","","PRIMAX 95","Billed","1.82","4.00","PSS SECT 15 BB BANGI","","Standalone","","","31 Jul 2018"
"13/07/2018 22:44","Purchase","'70838153003681358","WXR 2697","","PRIMAX 95","Billed","2.73","6.00","PSS SECT 15 BB BANGI","","Standalone","","","31 Jul 2018"
"10/07/2018 20:36","Purchase","'70838153003681358","WXR 2697","","PRIMAX 95","Billed","6.82","15.00","PSS RAWAT & REHAT (U) SBAN-KL","","Standalone","","","31 Jul 2018"
"08/07/2018 13:25","Purchase","'70838153003681358","WXR 2697","","PRIMAX 95","Billed","2.27","5.00","PSS AMPANGAN UTAMA JALAN KUALA PILAH","","Standalone","","","31 Jul 2018"
"08/07/2018 12:44","Purchase","'70838153003681358","WXR 2697","","PRIMAX 95","Billed","4.55","10.00","PSS SEREMBAN 2","","Standalone","","","31 Jul 2018"
"04/07/2018 03:48","Purchase","'70838153003681358","WXR 2697","","PRIMAX 95","Billed","2.27","5.00","PSS MATAHARI HEIGHTS","5","Standalone","","","31 Jul 2018"