"Date Time","Transaction Type","Card Number","Vehicle Number","Driver Card Number","Product Type","Billing Type","Transaction Volume (Litres)","Transaction Amount (RM)","Station Name","Odometer","Card Type","Cost Centre","Cost Centre Name","Statement Month"
"29/07/2018 20:14","Purchase","'70838153003497417","WXR845","","PRIMAX 95","Billed","23.00","50.60","PSS KANGAR","200713","Standalone","","","31 Jul 2018"
"29/07/2018 20:13","Reload","'70838153003497417","WXR845","","","Billed","","-50.00","PSS KANGAR","","Standalone","","","31 Jul 2018"
"15/07/2018 15:30","Purchase","'70838153003497417","WXR845","","PRIMAX 95","Billed","23.18","51.00","PSS KANGAR","174522","Standalone","","","31 Jul 2018"
"15/07/2018 15:29","Reload","'70838153003497417","WXR845","","","Billed","","-50.00","PSS KANGAR","","Standalone","","","31 Jul 2018"
"06/07/2018 22:22","Purchase","'70838153003497417","WXR845","","PRIMAX 95","Billed","23.00","50.60","PSS KANGAR","137700","Standalone","","","31 Jul 2018"
"06/07/2018 22:21","Reload","'70838153003497417","WXR845","","","Billed","","-50.00","PSS KANGAR","","Standalone","","","31 Jul 2018"