"Date Time","Transaction Type","Card Number","Vehicle Number","Driver Card Number","Product Type","Billing Type","Transaction Volume (Litres)","Transaction Amount (RM)","Station Name","Odometer","Card Type","Cost Centre","Cost Centre Name","Statement Month"
"28/07/2018 19:05","Purchase","'70838153003720446","WXR 5430","","PRIMAX 95","Billed","11.35","24.98","PSS BANTING","","Standalone","","","31 Jul 2018"
"25/07/2018 08:00","Purchase","'70838153003720446","WXR 5430","","PRIMAX 95","Billed","34.10","75.02","PSS TANJUNG SEPAT","","Standalone","","","31 Jul 2018"
"25/07/2018 07:59","Reload","'70838153003720446","WXR 5430","","","Billed","","-100.00","PSS TANJUNG SEPAT","","Standalone","","","31 Jul 2018"
"17/07/2018 08:06","Purchase","'70838153003720446","WXR 5430","","PRIMAX 95","Billed","9.09","20.00","PSS TANJUNG SEPAT","","Standalone","","","31 Jul 2018"
"17/07/2018 08:04","Reload","'70838153003720446","WXR 5430","","","Billed","","-20.00","PSS TANJUNG SEPAT","","Standalone","","","31 Jul 2018"
"07/07/2018 18:52","Purchase","'70838153003720446","WXR 5430","","PRIMAX 95","Billed","6.39","14.05","PSS TANJUNG SEPAT","","Standalone","","","31 Jul 2018"
"02/07/2018 13:47","Purchase","'70838153003720446","WXR 5430","","PRIMAX 95","Billed","22.73","50.00","PSS BANTING","","Standalone","","","31 Jul 2018"