"Date Time","Transaction Type","Card Number","Vehicle Number","Driver Card Number","Product Type","Billing Type","Transaction Volume (Litres)","Transaction Amount (RM)","Station Name","Odometer","Card Type","Cost Centre","Cost Centre Name","Statement Month"
"17/07/2018 20:42","Purchase","'70838153003581046","WXR1078","","PRIMAX 95","Billed","15.00","33.00","PSS JALAN TUN RAZAK","","Standalone","","","31 Jul 2018"
"17/07/2018 20:41","Reload","'70838153003581046","WXR1078","","","Billed","","-33.00","PSS JALAN TUN RAZAK","","Standalone","","","31 Jul 2018"
"15/07/2018 15:51","Purchase","'70838153003581046","WXR1078","","PRIMAX 95","Billed","10.00","22.00","PSS TAMAN TENAGA","","Standalone","","","31 Jul 2018"
"15/07/2018 15:50","Reload","'70838153003581046","WXR1078","","","Billed","","-20.00","PSS TAMAN TENAGA","","Standalone","","","31 Jul 2018"
"08/07/2018 22:36","Purchase","'70838153003581046","WXR1078","","PRIMAX 95","Billed","10.00","22.00","PSS BUKIT JALIL TAMAN TEKNOLOGI MSIA 2","","Standalone","","","31 Jul 2018"
"08/07/2018 22:35","Reload","'70838153003581046","WXR1078","","","Billed","","-20.00","PSS BUKIT JALIL TAMAN TEKNOLOGI MSIA 2","","Standalone","","","31 Jul 2018"
"05/07/2018 11:03","Purchase","'70838153003581046","WXR1078","","PRIMAX 95","Billed","10.00","22.00","PSS LOT 353 JLN CHERAS","","Standalone","","","31 Jul 2018"
"05/07/2018 11:01","Reload","'70838153003581046","WXR1078","","","Billed","","-22.00","PSS LOT 353 JLN CHERAS","","Standalone","","","31 Jul 2018"