"Date Time","Transaction Type","Card Number","Vehicle Number","Driver Card Number","Product Type","Billing Type","Transaction Volume (Litres)","Transaction Amount (RM)","Station Name","Odometer","Card Type","Cost Centre","Cost Centre Name","Statement Month"
"30/07/2018 17:59","Purchase","'70838153003582341","WXR1158","","Diesel","Billed","45.87","100.00","PSS KM 12.3 LEBUHRAYA PERSEKUTUAN","6262","Standalone","","","31 Jul 2018"
"27/07/2018 20:44","Reload","'70838153003582341","WXR1158","","","Billed","","-500.00","PSS ULU BERNAM","","Standalone","","","31 Jul 2018"
"27/07/2018 20:41","Purchase","'70838153003582341","WXR1158","","Diesel","Billed","59.72","130.19","PSS ULU BERNAM","305682","Standalone","","","31 Jul 2018"
"26/07/2018 10:18","Purchase","'70838153003582341","WXR1158","","Diesel","Billed","79.36","173.01","PSS Sungai Bakap layby SB","305221","Standalone","","","31 Jul 2018"
"25/07/2018 07:46","Purchase","'70838153003582341","WXR1158","","Diesel","Billed","74.82","163.10","PSS KM72 L/RAYA KARAK ARAH KL","304626","Standalone","","","31 Jul 2018"
"24/07/2018 10:04","Purchase","'70838153003582341","WXR1158","","Diesel","Billed","79.96","174.32","PSS KUALA BERANG","304555","Standalone","","","31 Jul 2018"
"24/07/2018 00:35","Purchase","'70838153003582341","WXR1158","","Diesel","Billed","78.00","170.03","PSS RAWAT & REHAT (U) SBAN-KL","303673","Standalone","","","31 Jul 2018"
"20/07/2018 19:15","Reload","'70838153003582341","WXR1158","","","Billed","","-1,000.00","PSS JALAN PLUMBUM","","Standalone","","","31 Jul 2018"
"20/07/2018 04:21","Purchase","'70838153003582341","WXR1158","","Diesel","Billed","51.12","111.44","PSS ULU BERNAM","303281","Standalone","","","31 Jul 2018"
"19/07/2018 17:31","Purchase","'70838153003582341","WXR1158","","Diesel","Billed","68.85","150.09","PSS KODIANG","302780","Standalone","","","31 Jul 2018"
"19/07/2018 04:24","Purchase","'70838153003582341","WXR1158","","Diesel","Billed","62.85","137.02","PSS TAPAH ARAH UTARA","302389","Standalone","","","31 Jul 2018"
"13/07/2018 09:51","Purchase","'70838153003582341","WXR1158","","Diesel","Billed","46.54","101.45","PSS FAS","302041","Standalone","","","31 Jul 2018"
"12/07/2018 08:46","Reload","'70838153003582341","WXR1158","","","Billed","","-500.00","PSS BAKAR ARANG SG PETANI","","Standalone","","","31 Jul 2018"
"11/07/2018 20:40","Purchase","'70838153003582341","WXR1158","","Diesel","Billed","12.88","28.08","PSS JALAN PLUMBUM","","Standalone","","","31 Jul 2018"
"01/07/2018 14:40","Purchase","'70838153003582341","WXR1158","","Diesel","Billed","69.33","151.14","PSS WANGSA MELAWATI","288393","Standalone","","","31 Jul 2018"