"Date Time","Transaction Type","Card Number","Vehicle Number","Driver Card Number","Product Type","Billing Type","Transaction Volume (Litres)","Transaction Amount (RM)","Station Name","Odometer","Card Type","Cost Centre","Cost Centre Name","Statement Month"
"29/07/2018 15:46","Purchase","'70838153003876339","WXR 6418","","PRIMAX 97","Billed","4.46","11.32","PSS JLN KUCHING","8","Standalone","","","31 Jul 2018"
"29/07/2018 15:45","Reload","'70838153003876339","WXR 6418","","","Billed","","-50.00","PSS JLN KUCHING","","Standalone","","","31 Jul 2018"
"27/07/2018 20:15","Purchase","'70838153003876339","WXR 6418","","PRIMAX 97","Billed","3.96","10.06","PSS TAMAN MALURI","3","Standalone","","","31 Jul 2018"
"27/07/2018 17:12","Purchase","'70838153003876339","WXR 6418","","PRIMAX 95","Billed","3.59","7.90","PSS KM5.5 JALAN CHERAS","12","Standalone","","","31 Jul 2018"
"21/07/2018 16:29","Purchase","'70838153003876339","WXR 6418","","PRIMAX 97","Billed","4.67","11.95","PSS TAMAN MALURI","3","Standalone","","","31 Jul 2018"
"20/07/2018 16:16","Purchase","'70838153003876339","WXR 6418","","PRIMAX 95","Billed","3.48","7.65","PSS KM5.5 JALAN CHERAS","12","Standalone","","","31 Jul 2018"
"18/07/2018 07:44","Purchase","'70838153003876339","WXR 6418","","PRIMAX 97","Billed","4.80","12.44","PSS LOT 353 JLN CHERAS","2","Standalone","","","31 Jul 2018"
"13/07/2018 15:38","Reload","'70838153003876339","WXR 6418","","","Billed","","-50.00","PSS KM5.5 JALAN CHERAS","","Standalone","","","31 Jul 2018"
"13/07/2018 15:36","Purchase","'70838153003876339","WXR 6418","","PRIMAX 95","Billed","2.96","6.50","PSS KM5.5 JALAN CHERAS","12","Standalone","","","31 Jul 2018"
"13/07/2018 07:19","Purchase","'70838153003876339","WXR 6418","","PRIMAX 97","Billed","5.00","12.96","PSS KM5.5 JALAN CHERAS","3","Standalone","","","31 Jul 2018"
"09/07/2018 23:50","Purchase","'70838153003876339","WXR 6418","","PRIMAX 97","Billed","4.65","11.99","PSS JLN KUCHING","7","Standalone","","","31 Jul 2018"
"06/07/2018 23:45","Purchase","'70838153003876339","WXR 6418","","PRIMAX 97","Billed","3.61","9.32","PSS NKVE (SUBANG TOLL)","10","Standalone","","","31 Jul 2018"
"05/07/2018 14:36","Purchase","'70838153003876339","WXR 6418","","PRIMAX 97","Billed","3.80","9.81","PSS LEBUHRAYA SPRINT","14","Standalone","","","31 Jul 2018"
"04/07/2018 13:38","Purchase","'70838153003876339","WXR 6418","","PRIMAX 97","Billed","4.69","11.72","PSS JINJANG","10","Standalone","","","31 Jul 2018"
"02/07/2018 15:59","Reload","'70838153003876339","WXR 6418","","","Billed","","-50.00","PSS KM5.5 JALAN CHERAS","","Standalone","","","31 Jul 2018"
"02/07/2018 15:57","Purchase","'70838153003876339","WXR 6418","","PRIMAX 95","Billed","3.50","7.70","PSS KM5.5 JALAN CHERAS","","Standalone","","","31 Jul 2018"