"Date Time","Transaction Type","Card Number","Vehicle Number","Driver Card Number","Product Type","Billing Type","Transaction Volume (Litres)","Transaction Amount (RM)","Station Name","Odometer","Card Type","Cost Centre","Cost Centre Name","Statement Month"
"31/07/2018 20:41","Purchase","'70838153003879655","WXR 6584","","PRIMAX 95","Billed","45.00","99.00","PSS BANDAR BARU SELAYANG FASA 2A","","Standalone","","","31 Jul 2018"
"31/07/2018 20:39","Reload","'70838153003879655","WXR 6584","","","Billed","","-200.00","PSS BANDAR BARU SELAYANG FASA 2A","","Standalone","","","31 Jul 2018"
"25/07/2018 18:42","Purchase","'70838153003879655","WXR 6584","","PRIMAX 95","Billed","45.00","99.00","PSS TAMAN MELATI","","Standalone","","","31 Jul 2018"
"25/07/2018 09:49","Purchase","'70838153003879655","WXR 6584","","PRIMAX 95","Billed","1.82","4.00","PSS JALAN COCHRANE","","Standalone","","","31 Jul 2018"
"17/07/2018 18:33","Reload","'70838153003879655","WXR 6584","","","Billed","","-100.00","PSS KLANG GATE","","Standalone","","","31 Jul 2018"