"Date Time","Transaction Type","Card Number","Vehicle Number","Driver Card Number","Product Type","Billing Type","Transaction Volume (Litres)","Transaction Amount (RM)","Station Name","Odometer","Card Type","Cost Centre","Cost Centre Name","Statement Month"
"31/07/2018 12:52","Purchase","'70838153003732938","WXR 5837","","PRIMAX 97","Billed","19.69","50.00","PSS KAMPUNG AWAH","","Standalone","","","31 Jul 2018"
"31/07/2018 12:51","Reload","'70838153003732938","WXR 5837","","","Billed","","-50.00","PSS KAMPUNG AWAH","","Standalone","","","31 Jul 2018"
"23/07/2018 19:06","Purchase","'70838153003732938","WXR 5837","","PRIMAX 95","Billed","22.73","50.00","PSS BANDAR JENGKA","","Standalone","","","31 Jul 2018"
"21/07/2018 22:25","Purchase","'70838153003732938","WXR 5837","","PRIMAX 97","Billed","27.74","71.00","PSS KM72 L/RAYA KARAK ARAH KL","","Standalone","","","31 Jul 2018"
"21/07/2018 22:23","Reload","'70838153003732938","WXR 5837","'70838153003732938","","Billed","","-100.00","PSS KM72 L/RAYA KARAK ARAH KL","","Standalone","","","31 Jul 2018"
"21/07/2018 15:27","Purchase","'70838153003732938","WXR 5837","","Diesel","Billed","45.87","100.00","PSS BANDAR JENGKA","","Standalone","","","31 Jul 2018"
"21/07/2018 15:24","Reload","'70838153003732938","WXR 5837","","","Billed","","-100.00","PSS BANDAR JENGKA","","Standalone","","","31 Jul 2018"
"18/07/2018 18:55","Purchase","'70838153003732938","WXR 5837","","PRIMAX 95","Billed","22.73","50.00","PSS LURAH SEMANTAN","","Standalone","","","31 Jul 2018"
"17/07/2018 12:31","Purchase","'70838153003732938","WXR 5837","","Diesel","Billed","45.87","100.00","PSS MUKIM BANGAU","","Standalone","","","31 Jul 2018"
"17/07/2018 12:30","Reload","'70838153003732938","WXR 5837","","","Billed","","-100.00","PSS MUKIM BANGAU","","Standalone","","","31 Jul 2018"
"09/07/2018 11:33","Reload","'70838153003732938","WXR 5837","","","Billed","","-50.00","PSS KAMPUNG AWAH","","Standalone","","","31 Jul 2018"
"09/07/2018 11:30","Purchase","'70838153003732938","WXR 5837","","PRIMAX 95","Billed","22.73","50.00","PSS KAMPUNG AWAH","","Standalone","","","31 Jul 2018"
"08/07/2018 17:12","Purchase","'70838153003732938","WXR 5837","","Diesel","Billed","45.87","100.00","PSS KUANTAN PUTRI","","Standalone","","","31 Jul 2018"
"08/07/2018 17:11","Reload","'70838153003732938","WXR 5837","","","Billed","","-100.00","PSS KUANTAN PUTRI","","Standalone","","","31 Jul 2018"