"Date Time","Transaction Type","Card Number","Vehicle Number","Driver Card Number","Product Type","Billing Type","Transaction Volume (Litres)","Transaction Amount (RM)","Station Name","Odometer","Card Type","Cost Centre","Cost Centre Name","Statement Month"
"31/07/2018 13:56","Purchase","'70838153003424684","WXR129","","PRIMAX 95","Billed","45.45","100.00","PSS BANDAR MENTAKAB","123456","Standalone","","","31 Jul 2018"
"31/07/2018 13:54","Reload","'70838153003424684","WXR129","","","Billed","","-100.00","PSS BANDAR MENTAKAB","","Standalone","","","31 Jul 2018"
"26/07/2018 12:32","Purchase","'70838153003424684","WXR129","","PRIMAX 95","Billed","22.73","50.00","PSS JAYA GADING","134568","Standalone","","","31 Jul 2018"
"26/07/2018 12:31","Reload","'70838153003424684","WXR129","","","Billed","","-50.00","PSS JAYA GADING","","Standalone","","","31 Jul 2018"
"17/07/2018 17:24","Purchase","'70838153003424684","WXR129","","PRIMAX 95","Billed","22.73","50.00","PSS MUKIM BANGAU","123456","Standalone","","","31 Jul 2018"
"17/07/2018 17:22","Reload","'70838153003424684","WXR129","","","Billed","","-50.00","PSS MUKIM BANGAU","","Standalone","","","31 Jul 2018"
"15/07/2018 23:54","Purchase","'70838153003424684","WXR129","","PRIMAX 95","Billed","22.73","50.00","PSS BANDAR MENTAKAB","123456","Standalone","","","31 Jul 2018"
"15/07/2018 23:53","Reload","'70838153003424684","WXR129","","","Billed","","-50.00","PSS BANDAR MENTAKAB","","Standalone","","","31 Jul 2018"
"13/07/2018 16:46","Purchase","'70838153003424684","WXR129","","PRIMAX 95","Billed","22.73","50.00","PSS KM72 L/RAYA KARAK ARAH KL","123456","Standalone","","","31 Jul 2018"
"13/07/2018 16:44","Reload","'70838153003424684","WXR129","'70838153003424684","","Billed","","-50.00","PSS KM72 L/RAYA KARAK ARAH KL","","Standalone","","","31 Jul 2018"
"07/07/2018 19:24","Purchase","'70838153003424684","WXR129","","PRIMAX 95","Billed","22.73","50.00","PSS KM72 L/RAYA KARAK ARAH KL","123456","Standalone","","","31 Jul 2018"
"07/07/2018 19:22","Reload","'70838153003424684","WXR129","'70838153003424684","","Billed","","-50.00","PSS KM72 L/RAYA KARAK ARAH KL","","Standalone","","","31 Jul 2018"
"07/07/2018 12:22","Purchase","'70838153003424684","WXR129","","PRIMAX 95","Billed","25.05","55.10","PSS BANDAR MENTAKAB","123456","Standalone","","","31 Jul 2018"
"07/07/2018 12:21","Reload","'70838153003424684","WXR129","","","Billed","","-50.00","PSS BANDAR MENTAKAB","","Standalone","","","31 Jul 2018"