"Date Time","Transaction Type","Card Number","Vehicle Number","Driver Card Number","Product Type","Billing Type","Transaction Volume (Litres)","Transaction Amount (RM)","Station Name","Odometer","Card Type","Cost Centre","Cost Centre Name","Statement Month"
"30/07/2018 15:04","Purchase","'70838153003499058","WXR644","","PRIMAX 95","Billed","3.18","7.00","PSS MRR2 BATU CAVES","8030","Standalone","","","31 Jul 2018"
"30/07/2018 15:04","Purchase","'70838153003499058","WXR644","","PRIMAX 95","Un-billed","3.18","7.00","PSS MRR2 BATU CAVES","8030","Standalone","","","Unbilled Transaction"
"23/07/2018 08:41","Purchase","'70838153003499058","WXR644","","PRIMAX 95","Billed","22.73","50.00","PSS BDR UTAMA BATANG KALI","8030","Standalone","","","31 Jul 2018"
"18/07/2018 11:38","Purchase","'70838153003499058","WXR644","","PRIMAX 95","Billed","13.64","30.00","PSS MRR2 BATU CAVES","8030","Standalone","","","31 Jul 2018"
"16/07/2018 22:03","Reload","'70838153003499058","WXR644","","","Billed","","-200.00","PSS MRR2 BATU CAVES","","Standalone","","","31 Jul 2018"
"13/07/2018 21:36","Purchase","'70838153003499058","WXR644","","PRIMAX 95","Billed","13.64","30.00","PSS BATU 5 GOMBAK","8030","Standalone","","","31 Jul 2018"
"05/07/2018 10:04","Purchase","'70838153003499058","WXR644","","PRIMAX 95","Billed","13.64","30.00","PSS BATU 6 JALAN IPOH","8030","Standalone","","","31 Jul 2018"
"03/07/2018 10:34","Purchase","'70838153003499058","WXR644","","PRIMAX 95","Billed","2.73","6.00","PSS MRR2 BATU CAVES","8030","Standalone","","","31 Jul 2018"
"02/07/2018 12:01","Purchase","'70838153003499058","WXR644","","PRIMAX 95","Billed","13.64","30.00","PSS TAMAN WILAYAH","8030","Standalone","","","31 Jul 2018"