"Date Time","Transaction Type","Card Number","Vehicle Number","Driver Card Number","Product Type","Billing Type","Transaction Volume (Litres)","Transaction Amount (RM)","Station Name","Odometer","Card Type","Cost Centre","Cost Centre Name","Statement Month"
"31/07/2018 14:03","Reload","'70838153003719505","WXR 4476","","","Billed","","-10.00","PSS PARIT SULONG","","Standalone","","","31 Jul 2018"
"14/07/2018 18:53","Purchase","'70838153003719505","WXR 4476","","PRIMAX 95","Billed","2.00","4.40","PSS TONGKANG PECAH","","Standalone","","","31 Jul 2018"
"08/07/2018 20:31","Purchase","'70838153003719505","WXR 4476","","PRIMAX 95","Billed","10.00","22.00","PSS TONGKANG PECAH","","Standalone","","","31 Jul 2018"
"08/07/2018 20:30","Reload","'70838153003719505","WXR 4476","","","Billed","","-30.00","PSS TONGKANG PECAH","","Standalone","","","31 Jul 2018"
"03/07/2018 19:36","Purchase","'70838153003719505","WXR 4476","","PRIMAX 95","Billed","2.00","4.40","PSS TAMAN UNIVERSITI","","Standalone","","","31 Jul 2018"