"Date Time","Transaction Type","Card Number","Vehicle Number","Driver Card Number","Product Type","Billing Type","Transaction Volume (Litres)","Transaction Amount (RM)","Station Name","Odometer","Card Type","Cost Centre","Cost Centre Name","Statement Month"
"23/07/2018 11:16","Purchase","'70838153003581566","WXR1105","","Diesel","Billed","229.36","500.00","PSS LEBUHRAYA SILK","","Standalone","","","31 Jul 2018"
"23/07/2018 11:09","Reload","'70838153003581566","WXR1105","","","Billed","","-500.00","PSS LEBUHRAYA SILK","","Standalone","","","31 Jul 2018"
"22/07/2018 13:15","Purchase","'70838153003581566","WXR1105","","PRIMAX 95","Billed","22.73","50.00","PSS GRAND SAGA 2","","Standalone","","","31 Jul 2018"
"22/07/2018 13:13","Reload","'70838153003581566","WXR1105","","","Billed","","-50.00","PSS GRAND SAGA 2","","Standalone","","","31 Jul 2018"
"20/07/2018 20:29","Purchase","'70838153003581566","WXR1105","","Diesel","Billed","22.94","50.00","PSS PRIMA SAUJANA 2","","Standalone","","","31 Jul 2018"
"20/07/2018 20:26","Purchase","'70838153003581566","WXR1105","","Diesel","Billed","0.13","0.28","PSS PRIMA SAUJANA 2","","Standalone","","","31 Jul 2018"
"20/07/2018 20:24","Reload","'70838153003581566","WXR1105","","","Billed","","-50.00","PSS PRIMA SAUJANA 2","","Standalone","","","31 Jul 2018"
"20/07/2018 06:49","Purchase","'70838153003581566","WXR1105","","Diesel","Billed","229.36","500.00","PSS PRIMA SAUJANA 1","","Standalone","","","31 Jul 2018"
"20/07/2018 06:48","Reload","'70838153003581566","WXR1105","","","Billed","","-500.00","PSS PRIMA SAUJANA 1","","Standalone","","","31 Jul 2018"
"19/07/2018 10:54","Purchase","'70838153003581566","WXR1105","","Diesel","Billed","22.94","50.00","PSS PRIMA SAUJANA 1","","Standalone","","","31 Jul 2018"
"19/07/2018 10:50","Purchase","'70838153003581566","WXR1105","","Diesel","Billed","23.83","51.95","PSS PRIMA SAUJANA 1","","Standalone","","","31 Jul 2018"
"19/07/2018 10:48","Reload","'70838153003581566","WXR1105","","","Billed","","-100.00","PSS PRIMA SAUJANA 1","","Standalone","","","31 Jul 2018"
"17/07/2018 14:34","Purchase","'70838153003581566","WXR1105","","Diesel","Billed","22.94","50.00","PSS PRIMA SAUJANA 1","","Standalone","","","31 Jul 2018"
"17/07/2018 14:32","Reload","'70838153003581566","WXR1105","","","Billed","","-50.00","PSS PRIMA SAUJANA 1","","Standalone","","","31 Jul 2018"
"17/07/2018 05:51","Purchase","'70838153003581566","WXR1105","","Diesel","Billed","183.49","400.00","PSS PRIMA SAUJANA 1","","Standalone","","","31 Jul 2018"
"17/07/2018 05:49","Reload","'70838153003581566","WXR1105","","","Billed","","-400.00","PSS PRIMA SAUJANA 1","","Standalone","","","31 Jul 2018"
"16/07/2018 17:34","Purchase","'70838153003581566","WXR1105","","Diesel","Billed","22.94","50.00","PSS PRIMA SAUJANA 1","","Standalone","","","31 Jul 2018"
"14/07/2018 14:29","Reload","'70838153003581566","WXR1105","","","Billed","","-50.00","PSS PRIMA SAUJANA 2","","Standalone","","","31 Jul 2018"
"14/07/2018 14:27","Purchase","'70838153003581566","WXR1105","","PRIMAX 95","Billed","45.46","100.00","PSS PRIMA SAUJANA 2","","Standalone","","","31 Jul 2018"
"12/07/2018 08:37","Purchase","'70838153003581566","WXR1105","","Diesel","Billed","229.36","500.00","PSS PRIMA SAUJANA 1","","Standalone","","","31 Jul 2018"
"12/07/2018 08:36","Reload","'70838153003581566","WXR1105","","","Billed","","-500.00","PSS PRIMA SAUJANA 1","","Standalone","","","31 Jul 2018"
"11/07/2018 15:54","Purchase","'70838153003581566","WXR1105","","Diesel","Billed","22.94","50.00","PSS LEBUHRAYA SILK","","Standalone","","","31 Jul 2018"
"11/07/2018 15:52","Reload","'70838153003581566","WXR1105","","","Billed","","-100.00","PSS LEBUHRAYA SILK","","Standalone","","","31 Jul 2018"
"09/07/2018 13:45","Purchase","'70838153003581566","WXR1105","","PRIMAX 95","Billed","22.73","50.00","PSS TANJUNG KARANG 2","","Standalone","","","31 Jul 2018"
"09/07/2018 13:43","Reload","'70838153003581566","WXR1105","","","Billed","","-50.00","PSS TANJUNG KARANG 2","","Standalone","","","31 Jul 2018"
"07/07/2018 15:36","Purchase","'70838153003581566","WXR1105","","Diesel","Billed","36.70","80.00","PSS SEMENYIH","","Standalone","","","31 Jul 2018"
"07/07/2018 15:33","Reload","'70838153003581566","WXR1105","","","Billed","","-80.00","PSS SEMENYIH","","Standalone","","","31 Jul 2018"
"07/07/2018 10:21","Purchase","'70838153003581566","WXR1105","","Diesel","Billed","229.36","500.00","PSS GRAND SAGA 2","","Standalone","","","31 Jul 2018"
"07/07/2018 10:20","Reload","'70838153003581566","WXR1105","","","Billed","","-500.00","PSS GRAND SAGA 2","","Standalone","","","31 Jul 2018"
"02/07/2018 13:13","Purchase","'70838153003581566","WXR1105","","Diesel","Billed","268.22","584.72","PSS GRAND SAGA 2","","Standalone","","","31 Jul 2018"
"02/07/2018 13:12","Reload","'70838153003581566","WXR1105","","","Billed","","-600.00","PSS GRAND SAGA 2","","Standalone","","","31 Jul 2018"