"Date Time","Transaction Type","Card Number","Vehicle Number","Driver Card Number","Product Type","Billing Type","Transaction Volume (Litres)","Transaction Amount (RM)","Station Name","Odometer","Card Type","Cost Centre","Cost Centre Name","Statement Month"
"30/07/2018 16:50","Purchase","'70838153003499074","WXR646","","PRIMAX 97","Billed","39.37","100.00","PSS ELITE HIGHWAY","","Standalone","","","31 Jul 2018"
"30/07/2018 16:45","Reload","'70838153003499074","WXR646","","","Billed","","-100.00","PSS ELITE HIGHWAY","","Standalone","","","31 Jul 2018"
"27/07/2018 00:23","Purchase","'70838153003499074","WXR646","","PRIMAX 97","Billed","7.87","20.00","PSS AMPANG JAYA","","Standalone","","","31 Jul 2018"
"27/07/2018 00:23","Reload","'70838153003499074","WXR646","","","Billed","","-10.00","PSS AMPANG JAYA","","Standalone","","","31 Jul 2018"
"27/07/2018 00:22","Reload","'70838153003499074","WXR646","","","Billed","","-10.00","PSS AMPANG JAYA","","Standalone","","","31 Jul 2018"
"25/07/2018 11:23","Purchase","'70838153003499074","WXR646","","PRIMAX 97","Billed","39.06","100.00","PSS AMPANG JAYA","","Standalone","","","31 Jul 2018"
"25/07/2018 11:22","Reload","'70838153003499074","WXR646","","","Billed","","-100.00","PSS AMPANG JAYA","","Standalone","","","31 Jul 2018"
"16/07/2018 16:29","Purchase","'70838153003499074","WXR646","","PRIMAX 97","Billed","30.89","80.00","PSS ELITE HIGHWAY","","Standalone","","","31 Jul 2018"
"16/07/2018 16:25","Reload","'70838153003499074","WXR646","","","Billed","","-80.00","PSS ELITE HIGHWAY","","Standalone","","","31 Jul 2018"
"15/07/2018 21:16","Purchase","'70838153003499074","WXR646","","PRIMAX 97","Billed","9.44","24.46","PSS ARA DAMANSARA","","Standalone","","","31 Jul 2018"
"15/07/2018 21:15","Reload","'70838153003499074","WXR646","","","Billed","","-20.00","PSS ARA DAMANSARA","","Standalone","","","31 Jul 2018"