"Date Time","Transaction Type","Card Number","Vehicle Number","Driver Card Number","Product Type","Billing Type","Transaction Volume (Litres)","Transaction Amount (RM)","Station Name","Odometer","Card Type","Cost Centre","Cost Centre Name","Statement Month"
"31/07/2018 09:41","Purchase","'70838153003495403","WXR540","","PRIMAX 95","Billed","20.00","44.00","PSS KUAH LANGKAWI","","Standalone","","","31 Jul 2018"
"31/07/2018 09:41","Reload","'70838153003495403","WXR540","","","Billed","","-30.00","PSS KUAH LANGKAWI","","Standalone","","","31 Jul 2018"
"30/07/2018 11:17","Purchase","'70838153003495403","WXR540","","PRIMAX 95","Billed","9.09","20.00","PSS KUAH LANGKAWI","","Standalone","","","31 Jul 2018"
"30/07/2018 11:14","Reload","'70838153003495403","WXR540","","","Billed","","-50.00","PSS KUAH LANGKAWI","","Standalone","","","31 Jul 2018"
"28/07/2018 08:59","Purchase","'70838153003495403","WXR540","","PRIMAX 95","Billed","20.00","44.00","PSS KUAH LANGKAWI","","Standalone","","","31 Jul 2018"
"26/07/2018 16:30","Purchase","'70838153003495403","WXR540","","PRIMAX 95","Billed","20.00","44.00","PSS TOK SENIK","","Standalone","","","31 Jul 2018"
"26/07/2018 16:28","Reload","'70838153003495403","WXR540","","","Billed","","-50.00","PSS TOK SENIK","","Standalone","","","31 Jul 2018"
"23/07/2018 08:29","Purchase","'70838153003495403","WXR540","","PRIMAX 95","Billed","20.00","44.00","PSS TOK SENIK","","Standalone","","","31 Jul 2018"
"23/07/2018 08:28","Reload","'70838153003495403","WXR540","","","Billed","","-50.00","PSS TOK SENIK","","Standalone","","","31 Jul 2018"
"21/07/2018 16:31","Purchase","'70838153003495403","WXR540","","PRIMAX 95","Billed","20.00","44.00","PSS TOK SENIK","","Standalone","","","31 Jul 2018"
"21/07/2018 16:30","Reload","'70838153003495403","WXR540","","","Billed","","-50.00","PSS TOK SENIK","","Standalone","","","31 Jul 2018"
"20/07/2018 08:46","Purchase","'70838153003495403","WXR540","","PRIMAX 95","Billed","20.00","44.00","PSS KUAH LANGKAWI","","Standalone","","","31 Jul 2018"
"20/07/2018 08:45","Reload","'70838153003495403","WXR540","","","Billed","","-50.00","PSS KUAH LANGKAWI","","Standalone","","","31 Jul 2018"
"19/07/2018 08:14","Purchase","'70838153003495403","WXR540","","PRIMAX 95","Billed","20.00","44.00","PSS KUAH LANGKAWI","","Standalone","","","31 Jul 2018"
"19/07/2018 08:13","Reload","'70838153003495403","WXR540","","","Billed","","-50.00","PSS KUAH LANGKAWI","","Standalone","","","31 Jul 2018"
"17/07/2018 14:22","Purchase","'70838153003495403","WXR540","","PRIMAX 95","Billed","20.00","44.00","PSS TOK SENIK","","Standalone","","","31 Jul 2018"
"17/07/2018 14:20","Reload","'70838153003495403","WXR540","","","Billed","","-50.00","PSS TOK SENIK","","Standalone","","","31 Jul 2018"
"17/07/2018 09:01","Purchase","'70838153003495403","WXR540","","Diesel","Billed","20.00","43.60","PSS KUAH LANGKAWI","","Standalone","","","31 Jul 2018"
"17/07/2018 09:00","Reload","'70838153003495403","WXR540","","","Billed","","-50.00","PSS KUAH LANGKAWI","","Standalone","","","31 Jul 2018"
"16/07/2018 11:36","Purchase","'70838153003495403","WXR540","","PRIMAX 95","Billed","20.00","44.00","PSS KUAH LANGKAWI","","Standalone","","","31 Jul 2018"
"16/07/2018 11:36","Reload","'70838153003495403","WXR540","","","Billed","","-50.00","PSS KUAH LANGKAWI","","Standalone","","","31 Jul 2018"
"15/07/2018 09:02","Purchase","'70838153003495403","WXR540","","PRIMAX 95","Billed","13.64","30.00","PSS KUAH LANGKAWI","","Standalone","","","31 Jul 2018"
"13/07/2018 18:11","Purchase","'70838153003495403","WXR540","","PRIMAX 95","Billed","20.00","44.00","PSS KUAH LANGKAWI","","Standalone","","","31 Jul 2018"
"13/07/2018 18:10","Reload","'70838153003495403","WXR540","","","Billed","","-50.00","PSS KUAH LANGKAWI","","Standalone","","","31 Jul 2018"
"13/07/2018 13:59","Purchase","'70838153003495403","WXR540","","PRIMAX 95","Billed","22.73","50.00","PSS KELEBANG LANGKAWI","","Standalone","","","31 Jul 2018"
"13/07/2018 10:57","Purchase","'70838153003495403","WXR540","","Diesel","Billed","20.00","43.60","PSS KUAH LANGKAWI","","Standalone","","","31 Jul 2018"
"13/07/2018 10:56","Reload","'70838153003495403","WXR540","","","Billed","","-100.00","PSS KUAH LANGKAWI","","Standalone","","","31 Jul 2018"
"11/07/2018 12:49","Purchase","'70838153003495403","WXR540","","PRIMAX 95","Billed","13.64","30.00","PSS KELEBANG LANGKAWI","","Standalone","","","31 Jul 2018"
"11/07/2018 12:48","Reload","'70838153003495403","WXR540","","","Billed","","-50.00","PSS KELEBANG LANGKAWI","","Standalone","","","31 Jul 2018"
"09/07/2018 21:00","Purchase","'70838153003495403","WXR540","","PRIMAX 95","Billed","15.91","35.00","PSS TOK SENIK","","Standalone","","","31 Jul 2018"
"04/07/2018 21:18","Purchase","'70838153003495403","WXR540","","Diesel","Billed","20.00","43.60","PSS KUAH LANGKAWI","","Standalone","","","31 Jul 2018"
"04/07/2018 11:38","Purchase","'70838153003495403","WXR540","","PRIMAX 95","Billed","20.00","44.00","PSS TOK SENIK","","Standalone","","","31 Jul 2018"