"Date Time","Transaction Type","Card Number","Vehicle Number","Driver Card Number","Product Type","Billing Type","Transaction Volume (Litres)","Transaction Amount (RM)","Station Name","Odometer","Card Type","Cost Centre","Cost Centre Name","Statement Month"
"13/07/2018 14:45","Purchase","'70838153003422944","WXR171","","PRIMAX 95","Billed","42.34","93.15","PSS RAWANG RSA","","Standalone","","","31 Jul 2018"
"10/07/2018 01:58","Purchase","'70838153003422944","WXR171","","PRIMAX 95","Billed","56.36","124.00","PSS RAWANG RSA","","Standalone","","","31 Jul 2018"
"07/07/2018 21:29","Purchase","'70838153003422944","WXR171","","PRIMAX 95","Billed","56.37","124.00","PSS GERIK","","Standalone","","","31 Jul 2018"
"05/07/2018 15:18","Purchase","'70838153003422944","WXR171","","PRIMAX 95","Billed","45.46","100.00","PSS TAPAH ARAH UTARA","","Standalone","","","31 Jul 2018"
"05/07/2018 15:13","Reload","'70838153003422944","WXR171","","","Billed","","-200.00","PSS TAPAH ARAH UTARA","","Standalone","","","31 Jul 2018"