"Date Time","Transaction Type","Card Number","Vehicle Number","Driver Card Number","Product Type","Billing Type","Transaction Volume (Litres)","Transaction Amount (RM)","Station Name","Odometer","Card Type","Cost Centre","Cost Centre Name","Statement Month"
"30/07/2018 18:15","Purchase","'70838153003855101","WXR 6216","","PRIMAX 95","Billed","15.00","33.00","PSS SKVE","","Standalone","","","31 Jul 2018"
"23/07/2018 20:48","Purchase","'70838153003855101","WXR 6216","","PRIMAX 95","Billed","5.00","11.00","PSS WANGSA MAJU SEK 2","","Standalone","","","31 Jul 2018"
"20/07/2018 22:25","Purchase","'70838153003855101","WXR 6216","","PRIMAX 95","Billed","15.00","33.00","PSS AU2 TAMAN KERAMAT","","Standalone","","","31 Jul 2018"
"20/07/2018 22:22","Reload","'70838153003855101","WXR 6216","","","Billed","","-100.00","PSS AU2 TAMAN KERAMAT","","Standalone","","","31 Jul 2018"
"11/07/2018 13:38","Purchase","'70838153003855101","WXR 6216","","PRIMAX 95","Billed","15.00","33.00","PSS PUNCAK ALAM 2","","Standalone","","","31 Jul 2018"
"11/07/2018 13:37","Reload","'70838153003855101","WXR 6216","","","Billed","","-50.00","PSS PUNCAK ALAM 2","","Standalone","","","31 Jul 2018"
"09/07/2018 19:31","Purchase","'70838153003855101","WXR 6216","","PRIMAX 95","Billed","9.09","20.00","PSS HULU KELANG","95","Standalone","","","31 Jul 2018"
"09/07/2018 19:27","Reload","'70838153003855101","WXR 6216","","","Billed","","-20.00","PSS HULU KELANG","","Standalone","","","31 Jul 2018"