"Date Time","Transaction Type","Card Number","Vehicle Number","Driver Card Number","Product Type","Billing Type","Transaction Volume (Litres)","Transaction Amount (RM)","Station Name","Odometer","Card Type","Cost Centre","Cost Centre Name","Statement Month"
"26/07/2018 21:48","Purchase","'70838153003500954","WXR968","","PRIMAX 95","Billed","22.73","50.00","PSS BUKIT NANDING","","Standalone","","","31 Jul 2018"
"21/07/2018 12:25","Purchase","'70838153003500954","WXR968","","PRIMAX 95","Billed","22.73","50.00","PSS BUKIT NANDING","","Standalone","","","31 Jul 2018"
"14/07/2018 16:41","Purchase","'70838153003500954","WXR968","","PRIMAX 95","Billed","22.73","50.00","PSS SEKSYEN 9-BANGI","50","Standalone","","","31 Jul 2018"
"13/07/2018 19:24","Reload","'70838153003500954","WXR968","","","Billed","","-100.00","PSS GRAND SAGA 3","","Standalone","","","31 Jul 2018"
"13/07/2018 19:22","Purchase","'70838153003500954","WXR968","","PRIMAX 95","Billed","22.73","50.00","PSS GRAND SAGA 3","","Standalone","","","31 Jul 2018"
"09/07/2018 15:34","Purchase","'70838153003500954","WXR968","","PRIMAX 95","Billed","22.73","50.00","PSS BUKIT NANDING","","Standalone","","","31 Jul 2018"
"04/07/2018 07:58","Purchase","'70838153003500954","WXR968","","PRIMAX 95","Billed","22.73","50.00","PSS BUKIT NANDING","","Standalone","","","31 Jul 2018"
"02/07/2018 16:47","Reload","'70838153003500954","WXR968","","","Billed","","-100.00","PSS BUKIT NANDING","","Standalone","","","31 Jul 2018"
"02/07/2018 16:45","Purchase","'70838153003500954","WXR968","","PRIMAX 95","Billed","22.73","50.00","PSS BUKIT NANDING","","Standalone","","","31 Jul 2018"
"01/07/2018 16:24","Purchase","'70838153003500954","WXR968","","PRIMAX 95","Billed","22.73","50.00","PSS AIR KEROH RSA NORTH BOUND","","Standalone","","","31 Jul 2018"