"Date Time","Transaction Type","Card Number","Vehicle Number","Driver Card Number","Product Type","Billing Type","Transaction Volume (Litres)","Transaction Amount (RM)","Station Name","Odometer","Card Type","Cost Centre","Cost Centre Name","Statement Month"
"27/07/2018 21:13","Purchase","'70838153003583448","WXR1232","","PRIMAX 95","Billed","1.37","3.00","PSS BUKIT JALIL TAMAN TEKNOLOGI MSIA 2","","Standalone","","","31 Jul 2018"
"25/07/2018 19:14","Purchase","'70838153003583448","WXR1232","","PRIMAX 95","Billed","3.64","8.00","PSS TEMASYA FEDERAL HIGHWAY","","Standalone","","","31 Jul 2018"
"23/07/2018 19:29","Purchase","'70838153003583448","WXR1232","","PRIMAX 95","Billed","2.73","6.00","PSS BUKIT JALIL TAMAN TEKNOLOGI MSIA 2","","Standalone","","","31 Jul 2018"
"20/07/2018 23:27","Purchase","'70838153003583448","WXR1232","","PRIMAX 95","Billed","4.55","10.00","PSS RNR KINRARA","","Standalone","","","31 Jul 2018"
"17/07/2018 18:29","Reload","'70838153003583448","WXR1232","","","Billed","","-20.00","PSS USJ 1 (SUBANG MEWAH)","","Standalone","","","31 Jul 2018"
"16/07/2018 18:11","Purchase","'70838153003583448","WXR1232","","PRIMAX 95","Billed","3.18","7.00","PSS USJ 1 (SUBANG MEWAH)","","Standalone","","","31 Jul 2018"
"13/07/2018 02:25","Purchase","'70838153003583448","WXR1232","","PRIMAX 95","Billed","2.73","6.00","PSS USJ 2 SUBANG JAYA","","Standalone","","","31 Jul 2018"