"Date Time","Transaction Type","Card Number","Vehicle Number","Driver Card Number","Product Type","Billing Type","Transaction Volume (Litres)","Transaction Amount (RM)","Station Name","Odometer","Card Type","Cost Centre","Cost Centre Name","Statement Month"
"23/07/2018 08:26","Purchase","'70838153003731484","WXR 5981","","PRIMAX 95","Billed","13.64","30.00","PSS GUCHIL JAYA KUALA KRAI","","Standalone","","","31 Jul 2018"
"23/07/2018 08:25","Reload","'70838153003731484","WXR 5981","","","Billed","","-30.00","PSS GUCHIL JAYA KUALA KRAI","","Standalone","","","31 Jul 2018"
"18/07/2018 08:26","Purchase","'70838153003731484","WXR 5981","","PRIMAX 95","Billed","6.82","15.00","PSS GUCHIL JAYA KUALA KRAI","","Standalone","","","31 Jul 2018"
"14/07/2018 10:59","Purchase","'70838153003731484","WXR 5981","","PRIMAX 95","Billed","9.09","20.00","PSS GUCHIL JAYA KUALA KRAI","","Standalone","","","31 Jul 2018"
"14/07/2018 10:57","Reload","'70838153003731484","WXR 5981","","","Billed","","-20.00","PSS GUCHIL JAYA KUALA KRAI","","Standalone","","","31 Jul 2018"
"09/07/2018 08:21","Purchase","'70838153003731484","WXR 5981","","PRIMAX 95","Billed","9.09","20.00","PSS GUCHIL JAYA KUALA KRAI","","Standalone","","","31 Jul 2018"
"09/07/2018 08:20","Reload","'70838153003731484","WXR 5981","","","Billed","","-20.00","PSS GUCHIL JAYA KUALA KRAI","","Standalone","","","31 Jul 2018"
"04/07/2018 08:27","Purchase","'70838153003731484","WXR 5981","","PRIMAX 95","Billed","13.64","30.00","PSS GUCHIL JAYA KUALA KRAI","","Standalone","","","31 Jul 2018"
"04/07/2018 08:26","Reload","'70838153003731484","WXR 5981","","","Billed","","-30.00","PSS GUCHIL JAYA KUALA KRAI","","Standalone","","","31 Jul 2018"