"Date Time","Transaction Type","Card Number","Vehicle Number","Driver Card Number","Product Type","Billing Type","Transaction Volume (Litres)","Transaction Amount (RM)","Station Name","Odometer","Card Type","Cost Centre","Cost Centre Name","Statement Month"
"28/07/2018 02:33","Purchase","'70838153003581525","WXR1101","","PRIMAX 95","Billed","27.27","60.00","PSS LEBUH AMJ BALAI PANJANG","54","Standalone","","","31 Jul 2018"
"22/07/2018 12:09","Purchase","'70838153003581525","WXR1101","","PRIMAX 95","Billed","22.74","50.02","PSS MITC","64","Standalone","","","31 Jul 2018"
"21/07/2018 08:12","Reload","'70838153003581525","WXR1101","","","Billed","","-300.00","PSS CHENG","","Standalone","","","31 Jul 2018"
"16/07/2018 07:09","Purchase","'70838153003581525","WXR1101","","PRIMAX 95","Billed","22.74","50.02","PSS CHENG","64","Standalone","","","31 Jul 2018"
"12/07/2018 07:15","Purchase","'70838153003581525","WXR1101","","PRIMAX 95","Billed","22.73","50.01","PSS CHENG","65","Standalone","","","31 Jul 2018"
"06/07/2018 18:45","Purchase","'70838153003581525","WXR1101","","PRIMAX 95","Billed","18.18","40.00","PSS TANGGA BATU","64","Standalone","","","31 Jul 2018"
"01/07/2018 22:13","Purchase","'70838153003581525","WXR1101","","PRIMAX 95","Billed","20.48","45.06","PSS CHENG","64","Standalone","","","31 Jul 2018"