"Date Time","Transaction Type","Card Number","Vehicle Number","Driver Card Number","Product Type","Billing Type","Transaction Volume (Litres)","Transaction Amount (RM)","Station Name","Odometer","Card Type","Cost Centre","Cost Centre Name","Statement Month"
"31/07/2018 21:14","Purchase","'70838153003674916","WXR 2794","","PRIMAX 95","Billed","13.64","30.00","PSS SUBANG BESTARI","","Standalone","","","31 Jul 2018"
"29/07/2018 18:07","Reload","'70838153003674916","WXR 2794","","","Billed","","-50.00","PSS SUBANG BESTARI","","Standalone","","","31 Jul 2018"
"29/07/2018 13:48","Purchase","'70838153003674916","WXR 2794","","PRIMAX 95","Billed","13.64","30.00","PSS JALAN RHU AMPANG","","Standalone","","","31 Jul 2018"
"28/07/2018 15:36","Purchase","'70838153003674916","WXR 2794","","PRIMAX 95","Billed","13.64","30.00","PSS SENTUL","","Standalone","","","31 Jul 2018"
"28/07/2018 15:34","Reload","'70838153003674916","WXR 2794","","","Billed","","-50.00","PSS SENTUL","","Standalone","","","31 Jul 2018"
"27/07/2018 00:02","Purchase","'70838153003674916","WXR 2794","","PRIMAX 95","Billed","9.09","20.00","PSS SUBANG BESTARI","","Standalone","","","31 Jul 2018"
"21/07/2018 10:50","Purchase","'70838153003674916","WXR 2794","","PRIMAX 95","Billed","13.64","30.00","PSS SUBANG BESTARI","","Standalone","","","31 Jul 2018"
"18/07/2018 23:17","Purchase","'70838153003674916","WXR 2794","","PRIMAX 95","Billed","18.18","40.00","PSS SETAPAK","","Standalone","","","31 Jul 2018"
"17/07/2018 11:27","Reload","'70838153003674916","WXR 2794","","","Billed","","-100.00","PSS SENTUL","","Standalone","","","31 Jul 2018"
"12/07/2018 23:18","Purchase","'70838153003674916","WXR 2794","","PRIMAX 95","Billed","9.09","20.00","PSS SENTUL","","Standalone","","","31 Jul 2018"
"07/07/2018 17:41","Purchase","'70838153003674916","WXR 2794","","PRIMAX 95","Billed","13.64","30.00","PSS SUBANG BESTARI","","Standalone","","","31 Jul 2018"
"03/07/2018 22:02","Purchase","'70838153003674916","WXR 2794","","PRIMAX 95","Billed","13.64","30.00","PSS WANGSA MELAWATI","","Standalone","","","31 Jul 2018"