"Date Time","Transaction Type","Card Number","Vehicle Number","Driver Card Number","Product Type","Billing Type","Transaction Volume (Litres)","Transaction Amount (RM)","Station Name","Odometer","Card Type","Cost Centre","Cost Centre Name","Statement Month"
"05/07/2018 21:35","Purchase","'70838153003500236","WXR931","","PRIMAX 95","Billed","22.73","50.00","PSS KL-KARAK","195600","Standalone","","","31 Jul 2018"
"05/07/2018 13:36","Purchase","'70838153003500236","WXR931","","PRIMAX 97","Billed","19.38","50.00","PSS SUNWAY BATU CAVES","195000","Standalone","","","31 Jul 2018"
"04/07/2018 15:26","Purchase","'70838153003500236","WXR931","","PRIMAX 95","Billed","22.73","50.00","PSS BDR SAUJANA PUTRA","195000","Standalone","","","31 Jul 2018"
"03/07/2018 17:55","Purchase","'70838153003500236","WXR931","","PRIMAX 97","Billed","20.00","50.00","PSS KL-KARAK","195000","Standalone","","","31 Jul 2018"
"03/07/2018 17:54","Reload","'70838153003500236","WXR931","","","Billed","","-300.00","PSS KL-KARAK","","Standalone","","","31 Jul 2018"
"03/07/2018 01:01","Purchase","'70838153003500236","WXR931","","PRIMAX 95","Billed","25.48","56.06","PSS KL-KARAK","194647","Standalone","","","31 Jul 2018"