"Date Time","Transaction Type","Card Number","Vehicle Number","Driver Card Number","Product Type","Billing Type","Transaction Volume (Litres)","Transaction Amount (RM)","Station Name","Odometer","Card Type","Cost Centre","Cost Centre Name","Statement Month"
"21/07/2018 11:50","Purchase","'70838153003586821","WXR1852","","PRIMAX 97","Billed","3.91","10.00","PSS TAMAN TENAGA","6670","Standalone","","","31 Jul 2018"
"14/07/2018 12:48","Purchase","'70838153003586821","WXR1852","","PRIMAX 97","Billed","3.86","10.00","PSS LEBUH PUTERI (BDR PUTERI PUCHONG)","66372","Standalone","","","31 Jul 2018"
"14/07/2018 12:43","Reload","'70838153003586821","WXR1852","","","Billed","","-20.00","PSS LEBUH PUTERI (BDR PUTERI PUCHONG)","","Standalone","","","31 Jul 2018"
"13/07/2018 07:16","Purchase","'70838153003586821","WXR1852","","PRIMAX 97","Billed","1.54","4.00","PSS PUCHONG JAYA","5","Standalone","","","31 Jul 2018"
"08/07/2018 12:17","Purchase","'70838153003586821","WXR1852","","PRIMAX 97","Billed","3.10","8.00","PSS LEN SENG","1","Standalone","","","31 Jul 2018"
"04/07/2018 11:37","Purchase","'70838153003586821","WXR1852","","PRIMAX 97","Billed","3.20","8.00","PSS BRICKFIELDS","","Standalone","","","31 Jul 2018"