"Date Time","Transaction Type","Card Number","Vehicle Number","Driver Card Number","Product Type","Billing Type","Transaction Volume (Litres)","Transaction Amount (RM)","Station Name","Odometer","Card Type","Cost Centre","Cost Centre Name","Statement Month"
"31/07/2018 09:19","Purchase","'70838153003856570","WXR 6203","","PRIMAX 95","Billed","2.27","5.00","PSS SEGAMBUT","","Standalone","","","31 Jul 2018"
"28/07/2018 16:37","Purchase","'70838153003856570","WXR 6203","","PRIMAX 97","Billed","19.69","50.00","PSS BUKIT KANGKAR","","Standalone","","","31 Jul 2018"
"28/07/2018 16:35","Reload","'70838153003856570","WXR 6203","","","Billed","","-50.00","PSS BUKIT KANGKAR","","Standalone","","","31 Jul 2018"
"26/07/2018 10:56","Purchase","'70838153003856570","WXR 6203","","PRIMAX 97","Billed","15.00","38.10","PSS SEGAMBUT","","Standalone","","","31 Jul 2018"
"21/07/2018 21:14","Purchase","'70838153003856570","WXR 6203","","PRIMAX 97","Billed","15.63","40.00","PSS SUBANG AIRPORT","","Standalone","","","31 Jul 2018"
"20/07/2018 19:39","Purchase","'70838153003856570","WXR 6203","","PRIMAX 95","Billed","3.64","8.00","PSS TAMAN WILAYAH","","Standalone","","","31 Jul 2018"
"20/07/2018 19:36","Reload","'70838153003856570","WXR 6203","","","Billed","","-100.00","PSS TAMAN WILAYAH","","Standalone","","","31 Jul 2018"
"15/07/2018 12:53","Purchase","'70838153003856570","WXR 6203","","PRIMAX 97","Billed","9.65","24.99","PSS CHERAS PERDANA","","Standalone","","","31 Jul 2018"
"14/07/2018 21:09","Purchase","'70838153003856570","WXR 6203","","PRIMAX 97","Billed","10.00","25.90","PSS MRR2 BATU CAVES","","Standalone","","","31 Jul 2018"
"14/07/2018 21:04","Reload","'70838153003856570","WXR 6203","","","Billed","","-20.00","PSS MRR2 BATU CAVES","","Standalone","","","31 Jul 2018"
"12/07/2018 08:53","Purchase","'70838153003856570","WXR 6203","","PRIMAX 95","Billed","2.27","5.00","PSS SEGAMBUT","","Standalone","","","31 Jul 2018"
"08/07/2018 12:26","Purchase","'70838153003856570","WXR 6203","","PRIMAX 97","Billed","10.00","25.80","PSS JINJANG","","Standalone","","","31 Jul 2018"
"08/07/2018 12:25","Reload","'70838153003856570","WXR 6203","","","Billed","","-30.00","PSS JINJANG","","Standalone","","","31 Jul 2018"
"07/07/2018 13:14","Purchase","'70838153003856570","WXR 6203","","PRIMAX 97","Billed","10.00","25.80","PSS SEGAMBUT","","Standalone","","","31 Jul 2018"
"07/07/2018 13:13","Reload","'70838153003856570","WXR 6203","","","Billed","","-30.00","PSS SEGAMBUT","","Standalone","","","31 Jul 2018"
"04/07/2018 13:58","Purchase","'70838153003856570","WXR 6203","","PRIMAX 97","Billed","20.00","50.00","PSS KM72 L/RAYA KARAK ARAH KL","","Standalone","","","31 Jul 2018"
"04/07/2018 13:57","Reload","'70838153003856570","WXR 6203","'70838153003856570","","Billed","","-50.00","PSS KM72 L/RAYA KARAK ARAH KL","","Standalone","","","31 Jul 2018"
"04/07/2018 08:32","Purchase","'70838153003856570","WXR 6203","","PRIMAX 97","Billed","19.24","48.11","PSS JALAN PAKA DUNGUN","","Standalone","","","31 Jul 2018"
"04/07/2018 08:31","Reload","'70838153003856570","WXR 6203","","","Billed","","-50.00","PSS JALAN PAKA DUNGUN","","Standalone","","","31 Jul 2018"
"04/07/2018 03:25","Purchase","'70838153003856570","WXR 6203","","PRIMAX 97","Billed","12.00","30.00","PSS GAMBANG RSA EAST","","Standalone","","","31 Jul 2018"
"04/07/2018 00:20","Purchase","'70838153003856570","WXR 6203","","PRIMAX 97","Billed","20.00","50.00","PSS MRR2 BATU CAVES","","Standalone","","","31 Jul 2018"
"04/07/2018 00:19","Reload","'70838153003856570","WXR 6203","","","Billed","","-100.00","PSS MRR2 BATU CAVES","","Standalone","","","31 Jul 2018"
"02/07/2018 11:02","Purchase","'70838153003856570","WXR 6203","","PRIMAX 97","Billed","10.00","25.00","PSS SEGAMBUT","","Standalone","","","31 Jul 2018"
"02/07/2018 11:01","Reload","'70838153003856570","WXR 6203","","","Billed","","-30.00","PSS SEGAMBUT","","Standalone","","","31 Jul 2018"