"Date Time","Transaction Type","Card Number","Vehicle Number","Driver Card Number","Product Type","Billing Type","Transaction Volume (Litres)","Transaction Amount (RM)","Station Name","Odometer","Card Type","Cost Centre","Cost Centre Name","Statement Month"
"30/07/2018 08:11","Purchase","'70838153003496468","WXR360","","PRIMAX 95","Billed","1.86","4.09","PSS GRAND SAGA  KL BOUND","","Standalone","","","31 Jul 2018"
"29/07/2018 11:07","Purchase","'70838153003496468","WXR360","","PRIMAX 95","Billed","4.55","10.01","PSS RANTAU","","Standalone","","","31 Jul 2018"
"29/07/2018 08:26","Purchase","'70838153003496468","WXR360","","PRIMAX 97","Billed","5.69","14.45","PSS PRIMA SAUJANA 2","","Standalone","","","31 Jul 2018"
"27/07/2018 15:43","Purchase","'70838153003496468","WXR360","","PRIMAX 95","Billed","3.09","6.80","PSS EAST-WEST LINK","","Standalone","","","31 Jul 2018"
"26/07/2018 14:55","Purchase","'70838153003496468","WXR360","","PRIMAX 95","Billed","2.49","5.48","PSS NPE PANTAI DALAM","","Standalone","","","31 Jul 2018"
"25/07/2018 17:08","Purchase","'70838153003496468","WXR360","","PRIMAX 95","Billed","2.90","6.37","PSS NPE PANTAI DALAM","","Standalone","","","31 Jul 2018"
"24/07/2018 16:59","Purchase","'70838153003496468","WXR360","","PRIMAX 95","Billed","2.62","5.77","PSS NPE PANTAI DALAM","","Standalone","","","31 Jul 2018"
"23/07/2018 13:26","Purchase","'70838153003496468","WXR360","","PRIMAX 95","Billed","2.40","5.28","PSS BANGSAR","","Standalone","","","31 Jul 2018"
"21/07/2018 22:46","Purchase","'70838153003496468","WXR360","","PRIMAX 95","Billed","9.09","20.00","PSS SEKSYEN 7 BANGI","","Standalone","","","31 Jul 2018"
"21/07/2018 22:44","Reload","'70838153003496468","WXR360","","","Billed","","-200.00","PSS SEKSYEN 7 BANGI","","Standalone","","","31 Jul 2018"
"21/07/2018 12:38","Purchase","'70838153003496468","WXR360","","PRIMAX 95","Billed","19.29","42.43","PSS SEKSYEN 9-BANGI","50","Standalone","","","31 Jul 2018"
"20/07/2018 16:29","Purchase","'70838153003496468","WXR360","","PRIMAX 95","Billed","2.78","6.12","PSS KM5.5 JALAN CHERAS","","Standalone","","","31 Jul 2018"
"19/07/2018 16:07","Purchase","'70838153003496468","WXR360","","PRIMAX 95","Billed","2.61","5.73","PSS NPE PANTAI DALAM","","Standalone","","","31 Jul 2018"
"17/07/2018 15:25","Purchase","'70838153003496468","WXR360","","PRIMAX 95","Billed","34.10","75.01","PSS GENTING SEMPAH","","Standalone","","","31 Jul 2018"
"16/07/2018 21:11","Purchase","'70838153003496468","WXR360","","PRIMAX 95","Billed","3.05","6.72","PSS NPE PANTAI DALAM","","Standalone","","","31 Jul 2018"
"15/07/2018 13:04","Purchase","'70838153003496468","WXR360","","PRIMAX 95","Billed","34.73","76.40","PSS SUNGAI PERAK (S)","","Standalone","","","31 Jul 2018"
"13/07/2018 06:01","Purchase","'70838153003496468","WXR360","","PRIMAX 95","Billed","22.73","50.00","PSS SUNGAI PERAK (U)","","Standalone","","","31 Jul 2018"
"13/07/2018 05:59","Reload","'70838153003496468","WXR360","","","Billed","","-200.00","PSS SUNGAI PERAK (U)","","Standalone","","","31 Jul 2018"
"11/07/2018 08:12","Purchase","'70838153003496468","WXR360","","PRIMAX 95","Billed","2.64","5.81","PSS NPE PANTAI DALAM","","Standalone","","","31 Jul 2018"
"10/07/2018 07:44","Purchase","'70838153003496468","WXR360","","PRIMAX 95","Billed","2.76","6.08","PSS KM 305 PLUS ARAH SELATAN","","Standalone","","","31 Jul 2018"
"09/07/2018 08:37","Purchase","'70838153003496468","WXR360","","PRIMAX 95","Billed","2.59","5.70","PSS NPE PANTAI DALAM","","Standalone","","","31 Jul 2018"
"08/07/2018 20:55","Purchase","'70838153003496468","WXR360","","PRIMAX 95","Billed","31.83","70.00","PSS SUNGKAI","","Standalone","","","31 Jul 2018"
"07/07/2018 08:01","Purchase","'70838153003496468","WXR360","","PRIMAX 95","Billed","22.73","50.00","PSS JLN RAJA DIHILIR","","Standalone","","","31 Jul 2018"
"07/07/2018 07:59","Reload","'70838153003496468","WXR360","","","Billed","","-200.00","PSS JLN RAJA DIHILIR","","Standalone","","","31 Jul 2018"
"07/07/2018 07:58","Purchase","'70838153003496468","WXR360","","PRIMAX 95","Billed","2.04","4.49","PSS JLN RAJA DIHILIR","","Standalone","","","31 Jul 2018"
"05/07/2018 01:20","Purchase","'70838153003496468","WXR360","","PRIMAX 95","Billed","22.73","50.00","PSS RAWANG RSA","","Standalone","","","31 Jul 2018"
"04/07/2018 08:01","Purchase","'70838153003496468","WXR360","","PRIMAX 95","Billed","2.98","6.55","PSS EAST-WEST LINK","","Standalone","","","31 Jul 2018"
"02/07/2018 11:34","Purchase","'70838153003496468","WXR360","","PRIMAX 95","Billed","2.36","5.20","PSS NPE PANTAI DALAM","","Standalone","","","31 Jul 2018"
"01/07/2018 17:33","Purchase","'70838153003496468","WXR360","","PRIMAX 95","Billed","18.18","40.00","PSS SLIM RIVER","","Standalone","","","31 Jul 2018"