"Date Time","Transaction Type","Card Number","Vehicle Number","Driver Card Number","Product Type","Billing Type","Transaction Volume (Litres)","Transaction Amount (RM)","Station Name","Odometer","Card Type","Cost Centre","Cost Centre Name","Statement Month"
"15/07/2018 22:47","Purchase","'70838153003728308","WXR 5658","","PRIMAX 95","Billed","22.73","50.00","PSS SG PELEK","","Standalone","","","31 Jul 2018"
"15/07/2018 22:46","Reload","'70838153003728308","WXR 5658","","","Billed","","-50.00","PSS SG PELEK","","Standalone","","","31 Jul 2018"
"13/07/2018 10:42","Purchase","'70838153003728308","WXR 5658","","PRIMAX 95","Billed","13.64","30.00","PSS PEKAN LUKUT","","Standalone","","","31 Jul 2018"
"08/07/2018 16:28","Purchase","'70838153003728308","WXR 5658","","PRIMAX 95","Billed","22.73","50.00","PSS PEKAN LUKUT","","Standalone","","","31 Jul 2018"
"07/07/2018 13:58","Purchase","'70838153003728308","WXR 5658","","PRIMAX 95","Billed","22.73","50.00","PSS PEKAN LUKUT","","Standalone","","","31 Jul 2018"
"07/07/2018 13:56","Reload","'70838153003728308","WXR 5658","","","Billed","","-100.00","PSS PEKAN LUKUT","","Standalone","","","31 Jul 2018"