"Date Time","Transaction Type","Card Number","Vehicle Number","Driver Card Number","Product Type","Billing Type","Transaction Volume (Litres)","Transaction Amount (RM)","Station Name","Odometer","Card Type","Cost Centre","Cost Centre Name","Statement Month"
"31/07/2018 19:20","Purchase","'70838153003874615","WXR 6618","","PRIMAX 95","Billed","13.64","30.00","PSS JALAN KUARI","","Standalone","","","31 Jul 2018"
"31/07/2018 19:19","Reload","'70838153003874615","WXR 6618","","","Un-billed","","-30.00","PSS JALAN KUARI","","Standalone","","","Unbilled Transaction"
"30/07/2018 08:02","Purchase","'70838153003874615","WXR 6618","","PRIMAX 95","Billed","2.27","5.00","PSS PANDAN INDAH","","Standalone","","","31 Jul 2018"
"30/07/2018 08:00","Reload","'70838153003874615","WXR 6618","","","Billed","","-5.00","PSS PANDAN INDAH","","Standalone","","","31 Jul 2018"
"27/07/2018 07:29","Purchase","'70838153003874615","WXR 6618","","PRIMAX 95","Billed","13.64","30.00","PSS JALAN KUARI","","Standalone","","","31 Jul 2018"
"27/07/2018 07:27","Reload","'70838153003874615","WXR 6618","","","Billed","","-30.00","PSS JALAN KUARI","","Standalone","","","31 Jul 2018"
"26/07/2018 16:18","Purchase","'70838153003874615","WXR 6618","","PRIMAX 95","Billed","2.73","6.00","PSS PANDAN INDAH","","Standalone","","","31 Jul 2018"
"26/07/2018 16:16","Reload","'70838153003874615","WXR 6618","","","Billed","","-6.00","PSS PANDAN INDAH","","Standalone","","","31 Jul 2018"
"20/07/2018 16:58","Purchase","'70838153003874615","WXR 6618","","PRIMAX 95","Billed","45.45","100.00","PSS TAMAN PUTRA","","Standalone","","","31 Jul 2018"
"20/07/2018 16:57","Reload","'70838153003874615","WXR 6618","","","Billed","","-100.00","PSS TAMAN PUTRA","","Standalone","","","31 Jul 2018"
"18/07/2018 14:06","Purchase","'70838153003874615","WXR 6618","","PRIMAX 95","Billed","2.27","5.00","PSS TAMAN PUTRA","","Standalone","","","31 Jul 2018"
"18/07/2018 14:05","Reload","'70838153003874615","WXR 6618","","","Billed","","-5.00","PSS TAMAN PUTRA","","Standalone","","","31 Jul 2018"
"14/07/2018 18:30","Purchase","'70838153003874615","WXR 6618","","PRIMAX 95","Billed","13.64","30.00","PSS TAMAN PUTRA","","Standalone","","","31 Jul 2018"
"14/07/2018 18:26","Reload","'70838153003874615","WXR 6618","","","Billed","","-30.00","PSS TAMAN PUTRA","","Standalone","","","31 Jul 2018"