"Date Time","Transaction Type","Card Number","Vehicle Number","Driver Card Number","Product Type","Billing Type","Transaction Volume (Litres)","Transaction Amount (RM)","Station Name","Odometer","Card Type","Cost Centre","Cost Centre Name","Statement Month"
"28/07/2018 15:14","Purchase","'70838153003422860","WXR79","","PRIMAX 95","Billed","18.18","40.00","PSS KAMPUNG AWAH","","Standalone","","","31 Jul 2018"
"28/07/2018 15:12","Reload","'70838153003422860","WXR79","","","Billed","","-50.00","PSS KAMPUNG AWAH","","Standalone","","","31 Jul 2018"
"22/07/2018 13:17","Purchase","'70838153003422860","WXR79","","PRIMAX 95","Billed","18.18","40.00","PSS PETRONAS KARAK REST","","Standalone","","","31 Jul 2018"
"22/07/2018 13:15","Reload","'70838153003422860","WXR79","","","Billed","","-100.00","PSS PETRONAS KARAK REST","","Standalone","","","31 Jul 2018"
"14/07/2018 10:20","Purchase","'70838153003422860","WXR79","","PRIMAX 95","Billed","22.73","50.00","PSS MARAN","","Standalone","","","31 Jul 2018"
"14/07/2018 10:18","Reload","'70838153003422860","WXR79","","","Billed","","-50.00","PSS MARAN","","Standalone","","","31 Jul 2018"
"07/07/2018 18:35","Purchase","'70838153003422860","WXR79","","PRIMAX 95","Billed","22.73","50.00","PSS KAMPUNG AWAH","","Standalone","","","31 Jul 2018"
"07/07/2018 18:34","Reload","'70838153003422860","WXR79","","","Billed","","-50.00","PSS KAMPUNG AWAH","","Standalone","","","31 Jul 2018"