"Date Time","Transaction Type","Card Number","Vehicle Number","Driver Card Number","Product Type","Billing Type","Transaction Volume (Litres)","Transaction Amount (RM)","Station Name","Odometer","Card Type","Cost Centre","Cost Centre Name","Statement Month"
"31/07/2018 15:23","Purchase","'70838153003498696","WXR437","","PRIMAX 95","Un-billed","13.64","30.00","PSS SRI DAMANSARA","","Standalone","","","Unbilled Transaction"
"31/07/2018 15:22","Reload","'70838153003498696","WXR437","","","Un-billed","","-50.00","PSS SRI DAMANSARA","","Standalone","","","Unbilled Transaction"
"31/07/2018 09:14","Purchase","'70838153003498696","WXR437","","PRIMAX 95","Billed","13.64","30.00","PSS SEK 15 SHAH ALAM","","Standalone","","","31 Jul 2018"
"30/07/2018 09:11","Purchase","'70838153003498696","WXR437","","PRIMAX 95","Billed","13.64","30.00","PSS GLENMARIE TTDI JAYA","","Standalone","","","31 Jul 2018"
"28/07/2018 11:31","Purchase","'70838153003498696","WXR437","","PRIMAX 95","Billed","13.64","30.00","PSS BUKIT JELUTONG RESIDENTIAL","","Standalone","","","31 Jul 2018"
"28/07/2018 11:30","Reload","'70838153003498696","WXR437","","","Billed","","-80.00","PSS BUKIT JELUTONG RESIDENTIAL","","Standalone","","","31 Jul 2018"
"27/07/2018 16:55","Purchase","'70838153003498696","WXR437","","PRIMAX 95","Billed","13.64","30.00","PSS SEKSYEN 13","","Standalone","","","31 Jul 2018"
"27/07/2018 16:54","Reload","'70838153003498696","WXR437","","","Billed","","-80.00","PSS SEKSYEN 13","","Standalone","","","31 Jul 2018"
"26/07/2018 10:03","Purchase","'70838153003498696","WXR437","","PRIMAX 95","Billed","22.73","50.00","PSS NKVE HIGHWAY","","Standalone","","","31 Jul 2018"
"25/07/2018 14:47","Purchase","'70838153003498696","WXR437","","PRIMAX 95","Billed","13.64","30.00","PSS KG MELAYU SUBANG","","Standalone","","","31 Jul 2018"
"25/07/2018 14:46","Reload","'70838153003498696","WXR437","","","Billed","","-30.00","PSS KG MELAYU SUBANG","","Standalone","","","31 Jul 2018"
"25/07/2018 08:22","Purchase","'70838153003498696","WXR437","","PRIMAX 95","Billed","13.64","30.00","PSS GLENMARIE TTDI JAYA","","Standalone","","","31 Jul 2018"
"25/07/2018 08:21","Reload","'70838153003498696","WXR437","","","Billed","","-30.00","PSS GLENMARIE TTDI JAYA","","Standalone","","","31 Jul 2018"
"23/07/2018 20:58","Purchase","'70838153003498696","WXR437","","PRIMAX 95","Billed","13.64","30.00","PSS BUKIT JELUTONG RESIDENTIAL","","Standalone","","","31 Jul 2018"
"23/07/2018 20:57","Reload","'70838153003498696","WXR437","","","Billed","","-50.00","PSS BUKIT JELUTONG RESIDENTIAL","","Standalone","","","31 Jul 2018"
"23/07/2018 08:13","Purchase","'70838153003498696","WXR437","","PRIMAX 95","Billed","13.64","30.00","PSS GLENMARIE TTDI JAYA","","Standalone","","","31 Jul 2018"
"22/07/2018 11:21","Purchase","'70838153003498696","WXR437","","PRIMAX 95","Billed","13.64","30.00","PSS NKVE KLANG BOUND","","Standalone","","","31 Jul 2018"
"20/07/2018 16:37","Purchase","'70838153003498696","WXR437","","PRIMAX 95","Billed","13.64","30.00","PSS NKVE KLANG BOUND","","Standalone","","","31 Jul 2018"
"20/07/2018 16:36","Reload","'70838153003498696","WXR437","","","Billed","","-30.00","PSS NKVE KLANG BOUND","","Standalone","","","31 Jul 2018"
"20/07/2018 08:25","Purchase","'70838153003498696","WXR437","","PRIMAX 95","Billed","13.64","30.00","PSS BUKIT JELUTONG RESIDENTIAL","","Standalone","","","31 Jul 2018"
"20/07/2018 08:23","Reload","'70838153003498696","WXR437","","","Billed","","-30.00","PSS BUKIT JELUTONG RESIDENTIAL","","Standalone","","","31 Jul 2018"
"19/07/2018 10:48","Purchase","'70838153003498696","WXR437","","PRIMAX 95","Billed","22.73","50.00","PSS RAWANG RSA","","Standalone","","","31 Jul 2018"
"19/07/2018 10:46","Reload","'70838153003498696","WXR437","","","Billed","","-50.00","PSS RAWANG RSA","","Standalone","","","31 Jul 2018"
"18/07/2018 14:55","Purchase","'70838153003498696","WXR437","","PRIMAX 95","Billed","13.64","30.00","PSS SEKSYEN 13","","Standalone","","","31 Jul 2018"
"18/07/2018 14:54","Reload","'70838153003498696","WXR437","","","Billed","","-30.00","PSS SEKSYEN 13","","Standalone","","","31 Jul 2018"
"17/07/2018 11:20","Purchase","'70838153003498696","WXR437","","PRIMAX 95","Billed","22.73","50.00","PSS SEKSYEN 13","","Standalone","","","31 Jul 2018"
"17/07/2018 11:19","Reload","'70838153003498696","WXR437","","","Billed","","-50.00","PSS SEKSYEN 13","","Standalone","","","31 Jul 2018"
"16/07/2018 13:23","Purchase","'70838153003498696","WXR437","","PRIMAX 95","Billed","13.64","30.00","PSS JALAN 20/1 SEKSYEN 20","","Standalone","","","31 Jul 2018"
"16/07/2018 13:22","Reload","'70838153003498696","WXR437","","","Billed","","-50.00","PSS JALAN 20/1 SEKSYEN 20","","Standalone","","","31 Jul 2018"
"15/07/2018 17:21","Purchase","'70838153003498696","WXR437","","PRIMAX 95","Billed","13.64","30.00","PSS TAMAN MARIDA","","Standalone","","","31 Jul 2018"
"14/07/2018 07:45","Purchase","'70838153003498696","WXR437","","PRIMAX 95","Billed","13.64","30.00","PSS KESAS ARAH SUBANG","","Standalone","","","31 Jul 2018"
"14/07/2018 07:43","Reload","'70838153003498696","WXR437","","","Billed","","-50.00","PSS KESAS ARAH SUBANG","","Standalone","","","31 Jul 2018"
"13/07/2018 12:28","Purchase","'70838153003498696","WXR437","","PRIMAX 95","Billed","22.73","50.00","PSS TEMASYA FEDERAL HIGHWAY","","Standalone","","","31 Jul 2018"
"13/07/2018 12:28","Reload","'70838153003498696","WXR437","","","Billed","","-50.00","PSS TEMASYA FEDERAL HIGHWAY","","Standalone","","","31 Jul 2018"
"12/07/2018 14:12","Purchase","'70838153003498696","WXR437","","PRIMAX 95","Billed","22.73","50.00","PSS JALAN JELATEK 2","","Standalone","","","31 Jul 2018"
"12/07/2018 14:10","Reload","'70838153003498696","WXR437","","","Billed","","-50.00","PSS JALAN JELATEK 2","","Standalone","","","31 Jul 2018"
"11/07/2018 09:16","Purchase","'70838153003498696","WXR437","","PRIMAX 95","Billed","22.73","50.00","PSS TEMASYA FEDERAL HIGHWAY","","Standalone","","","31 Jul 2018"
"11/07/2018 09:15","Reload","'70838153003498696","WXR437","","","Billed","","-50.00","PSS TEMASYA FEDERAL HIGHWAY","","Standalone","","","31 Jul 2018"
"09/07/2018 12:54","Purchase","'70838153003498696","WXR437","","PRIMAX 95","Billed","22.73","50.00","PSS SUBANG AIRPORT","","Standalone","","","31 Jul 2018"
"09/07/2018 12:51","Reload","'70838153003498696","WXR437","","","Billed","","-50.00","PSS SUBANG AIRPORT","","Standalone","","","31 Jul 2018"
"08/07/2018 11:22","Purchase","'70838153003498696","WXR437","","PRIMAX 95","Billed","18.18","40.00","PSS HULU KELANG","","Standalone","","","31 Jul 2018"
"08/07/2018 11:21","Reload","'70838153003498696","WXR437","","","Billed","","-90.00","PSS HULU KELANG","","Standalone","","","31 Jul 2018"
"07/07/2018 10:09","Purchase","'70838153003498696","WXR437","","PRIMAX 95","Billed","18.18","40.00","PSS PEKAN BARU SUBANG","","Standalone","","","31 Jul 2018"
"07/07/2018 10:09","Reload","'70838153003498696","WXR437","","","Billed","","-50.00","PSS PEKAN BARU SUBANG","","Standalone","","","31 Jul 2018"
"06/07/2018 09:24","Purchase","'70838153003498696","WXR437","","PRIMAX 95","Billed","22.73","50.00","PSS GLENMARIE TTDI JAYA","","Standalone","","","31 Jul 2018"
"05/07/2018 10:51","Reload","'70838153003498696","WXR437","","","Billed","","-50.00","PSS JALAN 20/1 SEKSYEN 20","","Standalone","","","31 Jul 2018"
"05/07/2018 09:40","Purchase","'70838153003498696","WXR437","","PRIMAX 95","Billed","22.73","50.00","PSS WANGSA MELAWATI","","Standalone","","","31 Jul 2018"
"04/07/2018 12:26","Purchase","'70838153003498696","WXR437","","PRIMAX 95","Billed","18.18","40.00","PSS BANDAR TUN HUSSEIN ONN 1","","Standalone","","","31 Jul 2018"
"04/07/2018 12:25","Reload","'70838153003498696","WXR437","","","Billed","","-50.00","PSS BANDAR TUN HUSSEIN ONN 1","","Standalone","","","31 Jul 2018"
"03/07/2018 10:28","Purchase","'70838153003498696","WXR437","","PRIMAX 95","Billed","18.18","40.00","PSS TEMASYA FEDERAL HIGHWAY","","Standalone","","","31 Jul 2018"
"03/07/2018 10:27","Reload","'70838153003498696","WXR437","","","Billed","","-40.00","PSS TEMASYA FEDERAL HIGHWAY","","Standalone","","","31 Jul 2018"
"02/07/2018 09:52","Purchase","'70838153003498696","WXR437","","PRIMAX 95","Billed","18.18","40.00","PSS GLENMARIE TTDI JAYA","","Standalone","","","31 Jul 2018"
"02/07/2018 09:51","Reload","'70838153003498696","WXR437","","","Billed","","-50.00","PSS GLENMARIE TTDI JAYA","","Standalone","","","31 Jul 2018"