"Date Time","Transaction Type","Card Number","Vehicle Number","Driver Card Number","Product Type","Billing Type","Transaction Volume (Litres)","Transaction Amount (RM)","Station Name","Odometer","Card Type","Cost Centre","Cost Centre Name","Statement Month"
"29/07/2018 15:52","Purchase","'70838153003500848","WXR525","","PRIMAX 95","Billed","20.00","44.00","PSS KELEBANG LANGKAWI","","Standalone","","","31 Jul 2018"
"29/07/2018 09:20","Purchase","'70838153003500848","WXR525","","PRIMAX 95","Billed","25.00","55.00","PSS KELEBANG LANGKAWI","","Standalone","","","31 Jul 2018"
"29/07/2018 09:19","Reload","'70838153003500848","WXR525","","","Billed","","-100.00","PSS KELEBANG LANGKAWI","","Standalone","","","31 Jul 2018"
"28/07/2018 01:21","Purchase","'70838153003500848","WXR525","","PRIMAX 95","Billed","20.00","44.00","PSS TOK SENIK","","Standalone","","","31 Jul 2018"
"28/07/2018 01:20","Reload","'70838153003500848","WXR525","","","Billed","","-50.00","PSS TOK SENIK","","Standalone","","","31 Jul 2018"
"27/07/2018 19:51","Purchase","'70838153003500848","WXR525","","PRIMAX 95","Billed","5.46","12.00","PSS PANTAI KOK","","Standalone","","","31 Jul 2018"
"23/07/2018 12:17","Purchase","'70838153003500848","WXR525","","PRIMAX 95","Billed","20.00","44.00","PSS TOK SENIK","","Standalone","","","31 Jul 2018"
"21/07/2018 19:23","Purchase","'70838153003500848","WXR525","","PRIMAX 95","Billed","20.00","44.00","PSS KUAH LANGKAWI","","Standalone","","","31 Jul 2018"
"21/07/2018 19:22","Reload","'70838153003500848","WXR525","","","Billed","","-100.00","PSS KUAH LANGKAWI","","Standalone","","","31 Jul 2018"
"20/07/2018 18:27","Purchase","'70838153003500848","WXR525","","PRIMAX 95","Billed","10.91","24.00","PSS TOK SENIK","","Standalone","","","31 Jul 2018"
"19/07/2018 08:55","Purchase","'70838153003500848","WXR525","","PRIMAX 95","Billed","20.00","44.00","PSS KELEBANG LANGKAWI","","Standalone","","","31 Jul 2018"
"16/07/2018 17:24","Purchase","'70838153003500848","WXR525","","PRIMAX 95","Billed","20.00","44.00","PSS PANTAI KOK","","Standalone","","","31 Jul 2018"
"16/07/2018 17:22","Reload","'70838153003500848","WXR525","","","Billed","","-100.00","PSS PANTAI KOK","","Standalone","","","31 Jul 2018"
"15/07/2018 09:00","Purchase","'70838153003500848","WXR525","","PRIMAX 95","Billed","20.00","44.00","PSS KUAH LANGKAWI","","Standalone","","","31 Jul 2018"
"13/07/2018 08:02","Purchase","'70838153003500848","WXR525","","PRIMAX 95","Billed","20.00","44.00","PSS KUAH LANGKAWI","","Standalone","","","31 Jul 2018"
"13/07/2018 08:01","Reload","'70838153003500848","WXR525","","","Billed","","-100.00","PSS KUAH LANGKAWI","","Standalone","","","31 Jul 2018"
"11/07/2018 19:53","Purchase","'70838153003500848","WXR525","","PRIMAX 95","Billed","22.02","48.44","PSS TOK SENIK","","Standalone","","","31 Jul 2018"
"10/07/2018 16:28","Purchase","'70838153003500848","WXR525","","PRIMAX 95","Billed","25.00","55.00","PSS TOK SENIK","","Standalone","","","31 Jul 2018"
"10/07/2018 16:26","Reload","'70838153003500848","WXR525","","","Billed","","-100.00","PSS TOK SENIK","","Standalone","","","31 Jul 2018"
"06/07/2018 20:36","Purchase","'70838153003500848","WXR525","","PRIMAX 95","Billed","25.00","55.00","PSS KELEBANG LANGKAWI","","Standalone","","","31 Jul 2018"
"04/07/2018 09:48","Purchase","'70838153003500848","WXR525","","PRIMAX 95","Billed","22.73","50.00","PSS KUAH LANGKAWI","","Standalone","","","31 Jul 2018"
"04/07/2018 09:47","Reload","'70838153003500848","WXR525","","","Billed","","-50.00","PSS KUAH LANGKAWI","","Standalone","","","31 Jul 2018"
"03/07/2018 07:02","Purchase","'70838153003500848","WXR525","","PRIMAX 95","Billed","20.00","44.00","PSS KUAH LANGKAWI","","Standalone","","","31 Jul 2018"
"03/07/2018 07:01","Reload","'70838153003500848","WXR525","","","Billed","","-100.00","PSS KUAH LANGKAWI","","Standalone","","","31 Jul 2018"