"Date Time","Transaction Type","Card Number","Vehicle Number","Driver Card Number","Product Type","Billing Type","Transaction Volume (Litres)","Transaction Amount (RM)","Station Name","Odometer","Card Type","Cost Centre","Cost Centre Name","Statement Month"
"28/07/2018 15:01","Purchase","'70838153003424635","WXR49","","PRIMAX 95","Billed","20.00","44.00","PSS BAGAN JERMAL","801352","Standalone","","","31 Jul 2018"
"28/07/2018 14:59","Reload","'70838153003424635","WXR49","","","Billed","","-50.00","PSS BAGAN JERMAL","","Standalone","","","31 Jul 2018"
"26/07/2018 16:25","Purchase","'70838153003424635","WXR49","","PRIMAX 95","Billed","13.64","30.00","PSS LAGUNA MERBUK","80000","Standalone","","","31 Jul 2018"
"26/07/2018 16:24","Reload","'70838153003424635","WXR49","","","Billed","","-30.00","PSS LAGUNA MERBUK","","Standalone","","","31 Jul 2018"
"24/07/2018 16:25","Purchase","'70838153003424635","WXR49","","PRIMAX 95","Billed","20.00","44.00","PSS LAGUNA MERBUK","79779","Standalone","","","31 Jul 2018"
"24/07/2018 16:24","Reload","'70838153003424635","WXR49","","","Billed","","-50.00","PSS LAGUNA MERBUK","","Standalone","","","31 Jul 2018"
"21/07/2018 21:35","Purchase","'70838153003424635","WXR49","","PRIMAX 95","Billed","20.00","44.00","PSS DATUK KUMBAR","79555","Standalone","","","31 Jul 2018"
"21/07/2018 21:33","Reload","'70838153003424635","WXR49","","","Billed","","-50.00","PSS DATUK KUMBAR","","Standalone","","","31 Jul 2018"
"18/07/2018 16:49","Purchase","'70838153003424635","WXR49","","PRIMAX 95","Billed","22.73","50.00","PSS ALOR MERAH","74200","Standalone","","","31 Jul 2018"
"18/07/2018 16:47","Reload","'70838153003424635","WXR49","","","Billed","","-50.00","PSS ALOR MERAH","","Standalone","","","31 Jul 2018"
"13/07/2018 19:24","Purchase","'70838153003424635","WXR49","","PRIMAX 95","Billed","20.00","44.00","PSS LAGUNA MERBUK","79000","Standalone","","","31 Jul 2018"
"13/07/2018 19:21","Reload","'70838153003424635","WXR49","","","Billed","","-50.00","PSS LAGUNA MERBUK","","Standalone","","","31 Jul 2018"
"07/07/2018 13:49","Purchase","'70838153003424635","WXR49","","PRIMAX 95","Billed","21.82","48.00","PSS ALOR MERAH","7858","Standalone","","","31 Jul 2018"
"07/07/2018 13:48","Reload","'70838153003424635","WXR49","","","Billed","","-50.00","PSS ALOR MERAH","","Standalone","","","31 Jul 2018"