"Date Time","Transaction Type","Card Number","Vehicle Number","Driver Card Number","Product Type","Billing Type","Transaction Volume (Litres)","Transaction Amount (RM)","Station Name","Odometer","Card Type","Cost Centre","Cost Centre Name","Statement Month"
"16/07/2018 11:58","Purchase","'70838153003498423","WXR876","","PRIMAX 95","Billed","22.73","50.00","PSS LEBUHRAYA SILK","","Standalone","","","31 Jul 2018"
"16/07/2018 11:56","Reload","'70838153003498423","WXR876","","","Billed","","-50.00","PSS LEBUHRAYA SILK","","Standalone","","","31 Jul 2018"
"12/07/2018 17:11","Purchase","'70838153003498423","WXR876","","PRIMAX 95","Billed","22.73","50.00","PSS LEBUHRAYA SILK","","Standalone","","","31 Jul 2018"
"12/07/2018 17:10","Reload","'70838153003498423","WXR876","","","Billed","","-50.00","PSS LEBUHRAYA SILK","","Standalone","","","31 Jul 2018"
"06/07/2018 16:36","Purchase","'70838153003498423","WXR876","","PRIMAX 95","Billed","22.73","50.00","PSS LEBUHRAYA SILK","","Standalone","","","31 Jul 2018"
"06/07/2018 16:35","Reload","'70838153003498423","WXR876","","","Billed","","-50.00","PSS LEBUHRAYA SILK","","Standalone","","","31 Jul 2018"