"Date Time","Transaction Type","Card Number","Vehicle Number","Driver Card Number","Product Type","Billing Type","Transaction Volume (Litres)","Transaction Amount (RM)","Station Name","Odometer","Card Type","Cost Centre","Cost Centre Name","Statement Month"
"31/07/2018 09:57","Purchase","'70838153003496070","WXR348","","PRIMAX 95","Billed","22.73","50.00","PSS AWANA KIJAL","999","Standalone","","","31 Jul 2018"
"29/07/2018 18:31","Purchase","'70838153003496070","WXR348","","PRIMAX 95","Billed","22.73","50.00","PSS TOK JIRING","999","Standalone","","","31 Jul 2018"
"29/07/2018 18:29","Reload","'70838153003496070","WXR348","","","Billed","","-100.00","PSS TOK JIRING","","Standalone","","","31 Jul 2018"
"29/07/2018 07:45","Purchase","'70838153003496070","WXR348","","PRIMAX 95","Billed","22.73","50.00","PSS PAKA 2","999","Standalone","","","31 Jul 2018"
"27/07/2018 15:11","Purchase","'70838153003496070","WXR348","","PRIMAX 95","Billed","22.73","50.00","PSS KUANTAN DAMANSARA","999","Standalone","","","31 Jul 2018"
"27/07/2018 15:09","Reload","'70838153003496070","WXR348","","","Billed","","-100.00","PSS KUANTAN DAMANSARA","","Standalone","","","31 Jul 2018"
"26/07/2018 17:59","Purchase","'70838153003496070","WXR348","","PRIMAX 95","Billed","26.64","58.60","PSS KUANTAN DAMANSARA","999","Standalone","","","31 Jul 2018"
"26/07/2018 12:27","Purchase","'70838153003496070","WXR348","","PRIMAX 95","Billed","27.27","60.00","PSS TOK JIRING","999","Standalone","","","31 Jul 2018"
"26/07/2018 12:23","Reload","'70838153003496070","WXR348","","","Billed","","-100.00","PSS TOK JIRING","","Standalone","","","31 Jul 2018"
"25/07/2018 09:24","Purchase","'70838153003496070","WXR348","","PRIMAX 95","Billed","22.73","50.00","PSS SURA 2","999","Standalone","","","31 Jul 2018"
"24/07/2018 19:14","Purchase","'70838153003496070","WXR348","","PRIMAX 95","Billed","22.73","50.00","PSS BATU BURUK","999","Standalone","","","31 Jul 2018"
"24/07/2018 19:13","Reload","'70838153003496070","WXR348","","","Billed","","-100.00","PSS BATU BURUK","","Standalone","","","31 Jul 2018"
"24/07/2018 00:23","Purchase","'70838153003496070","WXR348","","PRIMAX 95","Billed","37.00","81.40","PSS CHENDERING","999","Standalone","","","31 Jul 2018"
"24/07/2018 00:22","Reload","'70838153003496070","WXR348","","","Billed","","-100.00","PSS CHENDERING","","Standalone","","","31 Jul 2018"
"23/07/2018 10:47","Purchase","'70838153003496070","WXR348","","PRIMAX 95","Billed","22.73","50.00","PSS KERTEH 2","999","Standalone","","","31 Jul 2018"
"22/07/2018 09:44","Purchase","'70838153003496070","WXR348","","PRIMAX 95","Billed","22.73","50.00","PSS KERTEH 2","999","Standalone","","","31 Jul 2018"
"22/07/2018 09:42","Reload","'70838153003496070","WXR348","","","Billed","","-100.00","PSS KERTEH 2","","Standalone","","","31 Jul 2018"
"21/07/2018 15:06","Purchase","'70838153003496070","WXR348","","PRIMAX 95","Billed","22.73","50.00","PSS KUANTAN DAMANSARA","999","Standalone","","","31 Jul 2018"
"21/07/2018 15:04","Reload","'70838153003496070","WXR348","","","Billed","","-50.00","PSS KUANTAN DAMANSARA","","Standalone","","","31 Jul 2018"
"20/07/2018 14:15","Purchase","'70838153003496070","WXR348","","PRIMAX 95","Billed","22.73","50.00","PSS KUANTAN DAMANSARA","999","Standalone","","","31 Jul 2018"
"20/07/2018 14:13","Reload","'70838153003496070","WXR348","","","Billed","","-50.00","PSS KUANTAN DAMANSARA","","Standalone","","","31 Jul 2018"
"19/07/2018 08:39","Purchase","'70838153003496070","WXR348","","PRIMAX 95","Billed","22.73","50.00","PSS KERTEH 2","999","Standalone","","","31 Jul 2018"
"17/07/2018 17:54","Purchase","'70838153003496070","WXR348","","PRIMAX 95","Billed","22.73","50.00","PSS KERTEH 2","999","Standalone","","","31 Jul 2018"
"17/07/2018 17:53","Reload","'70838153003496070","WXR348","","","Billed","","-100.00","PSS KERTEH 2","","Standalone","","","31 Jul 2018"
"16/07/2018 15:48","Purchase","'70838153003496070","WXR348","","PRIMAX 95","Billed","13.64","30.00","PSS KERTEH 2","999","Standalone","","","31 Jul 2018"
"15/07/2018 14:45","Purchase","'70838153003496070","WXR348","","PRIMAX 95","Billed","9.09","20.00","PSS BANDAR BARU KERTEH","999","Standalone","","","31 Jul 2018"
"15/07/2018 12:17","Purchase","'70838153003496070","WXR348","","PRIMAX 95","Billed","22.73","50.00","PSS KERTEH 2","999","Standalone","","","31 Jul 2018"
"15/07/2018 12:16","Reload","'70838153003496070","WXR348","","","Billed","","-100.00","PSS KERTEH 2","","Standalone","","","31 Jul 2018"
"14/07/2018 15:58","Purchase","'70838153003496070","WXR348","","PRIMAX 95","Billed","22.73","50.00","PSS BINJAI","999","Standalone","","","31 Jul 2018"
"14/07/2018 15:56","Reload","'70838153003496070","WXR348","","","Billed","","-50.00","PSS BINJAI","","Standalone","","","31 Jul 2018"
"12/07/2018 16:08","Purchase","'70838153003496070","WXR348","","PRIMAX 95","Billed","22.73","50.00","PSS TOK JIRING","999","Standalone","","","31 Jul 2018"
"12/07/2018 09:35","Purchase","'70838153003496070","WXR348","","PRIMAX 95","Billed","22.73","50.00","PSS AWANA KIJAL","999","Standalone","","","31 Jul 2018"
"12/07/2018 09:33","Reload","'70838153003496070","WXR348","","","Billed","","-100.00","PSS AWANA KIJAL","","Standalone","","","31 Jul 2018"
"10/07/2018 15:56","Purchase","'70838153003496070","WXR348","","PRIMAX 95","Billed","22.73","50.00","PSS KERTEH 2","999","Standalone","","","31 Jul 2018"
"10/07/2018 15:55","Reload","'70838153003496070","WXR348","","","Billed","","-50.00","PSS KERTEH 2","","Standalone","","","31 Jul 2018"
"09/07/2018 17:39","Purchase","'70838153003496070","WXR348","","PRIMAX 95","Billed","22.73","50.00","PSS CHENDERING","999","Standalone","","","31 Jul 2018"
"08/07/2018 18:22","Purchase","'70838153003496070","WXR348","","PRIMAX 95","Billed","22.73","50.00","PSS AWANA KIJAL","999","Standalone","","","31 Jul 2018"
"08/07/2018 18:20","Reload","'70838153003496070","WXR348","","","Billed","","-100.00","PSS AWANA KIJAL","","Standalone","","","31 Jul 2018"
"08/07/2018 00:13","Purchase","'70838153003496070","WXR348","","PRIMAX 95","Billed","45.46","100.00","PSS CHENDERING","999","Standalone","","","31 Jul 2018"
"08/07/2018 00:12","Reload","'70838153003496070","WXR348","","","Billed","","-100.00","PSS CHENDERING","","Standalone","","","31 Jul 2018"
"07/07/2018 20:03","Purchase","'70838153003496070","WXR348","","PRIMAX 95","Billed","22.73","50.00","PSS KUANTAN DAMANSARA","999","Standalone","","","31 Jul 2018"
"05/07/2018 11:39","Purchase","'70838153003496070","WXR348","","PRIMAX 95","Billed","22.73","50.00","PSS KERTEH 2","999","Standalone","","","31 Jul 2018"
"05/07/2018 11:37","Reload","'70838153003496070","WXR348","","","Billed","","-100.00","PSS KERTEH 2","","Standalone","","","31 Jul 2018"
"04/07/2018 08:39","Purchase","'70838153003496070","WXR348","","PRIMAX 95","Billed","22.73","50.00","PSS AWANA KIJAL","999","Standalone","","","31 Jul 2018"
"03/07/2018 07:30","Purchase","'70838153003496070","WXR348","","PRIMAX 95","Billed","22.73","50.00","PSS KERTEH 2","999","Standalone","","","31 Jul 2018"
"03/07/2018 07:28","Reload","'70838153003496070","WXR348","","","Billed","","-100.00","PSS KERTEH 2","","Standalone","","","31 Jul 2018"
"02/07/2018 11:34","Purchase","'70838153003496070","WXR348","","PRIMAX 95","Billed","22.73","50.00","PSS KERTEH 2","999","Standalone","","","31 Jul 2018"
"02/07/2018 11:33","Reload","'70838153003496070","WXR348","","","Billed","","-50.00","PSS KERTEH 2","","Standalone","","","31 Jul 2018"
"01/07/2018 07:18","Purchase","'70838153003496070","WXR348","","PRIMAX 95","Billed","50.58","111.28","PSS AWANA KIJAL","999","Standalone","","","31 Jul 2018"
"01/07/2018 07:16","Reload","'70838153003496070","WXR348","","","Billed","","-100.00","PSS AWANA KIJAL","","Standalone","","","31 Jul 2018"