"Date Time","Transaction Type","Card Number","Vehicle Number","Driver Card Number","Product Type","Billing Type","Transaction Volume (Litres)","Transaction Amount (RM)","Station Name","Odometer","Card Type","Cost Centre","Cost Centre Name","Statement Month"
"28/07/2018 18:36","Purchase","'70838153003498357","WXR882","","Diesel","Billed","39.45","85.99","PSS ULU BERNAM","101310","Standalone","","","31 Jul 2018"
"27/07/2018 10:41","Purchase","'70838153003498357","WXR882","","Diesel","Billed","50.46","110.00","PSS MUKIM ARAU","100753","Standalone","","","31 Jul 2018"
"26/07/2018 08:37","Purchase","'70838153003498357","WXR882","","PRIMAX 95","Billed","22.73","50.00","PSS KETARI BENTONG","270751","Standalone","","","31 Jul 2018"
"25/07/2018 22:16","Purchase","'70838153003498357","WXR882","","Diesel (EURO 5)","Billed","35.09","80.00","PSS PETRONAS KARAK REST","100220","Standalone","","","31 Jul 2018"
"24/07/2018 17:48","Purchase","'70838153003498357","WXR882","","Diesel (EURO 5)","Billed","51.76","118.01","PSS PETRONAS KARAK REST","99890","Standalone","","","31 Jul 2018"
"24/07/2018 17:47","Reload","'70838153003498357","WXR882","","","Billed","","-300.00","PSS PETRONAS KARAK REST","","Standalone","","","31 Jul 2018"
"22/07/2018 10:20","Purchase","'70838153003498357","WXR882","","PRIMAX 95","Billed","2.73","6.00","PSS KETARI BENTONG","187886","Standalone","","","31 Jul 2018"
"19/07/2018 13:08","Purchase","'70838153003498357","WXR882","","PRIMAX 95","Billed","22.73","50.00","PSS KL-KARAK","270539","Standalone","","","31 Jul 2018"
"19/07/2018 13:06","Reload","'70838153003498357","WXR882","","","Billed","","-200.00","PSS KL-KARAK","","Standalone","","","31 Jul 2018"
"18/07/2018 19:19","Purchase","'70838153003498357","WXR882","","PRIMAX 95","Billed","20.66","45.45","PSS HULU KELANG","270320","Standalone","","","31 Jul 2018"
"18/07/2018 08:04","Purchase","'70838153003498357","WXR882","","PRIMAX 95","Billed","2.73","6.00","PSS KETARI BENTONG","186685","Standalone","","","31 Jul 2018"
"17/07/2018 15:35","Purchase","'70838153003498357","WXR882","","Diesel","Billed","38.99","85.00","PSS CYBERJAYA","99438","Standalone","","","31 Jul 2018"
"16/07/2018 08:34","Purchase","'70838153003498357","WXR882","","PRIMAX 95","Billed","22.73","50.00","PSS KETARI BENTONG","27170","Standalone","","","31 Jul 2018"
"12/07/2018 22:35","Purchase","'70838153003498357","WXR882","","PRIMAX 95","Billed","2.73","6.00","PSS KETARI BENTONG","185751","Standalone","","","31 Jul 2018"
"09/07/2018 12:51","Purchase","'70838153003498357","WXR882","","PRIMAX 95","Billed","27.31","60.08","PSS KETARI BENTONG","269877","Standalone","","","31 Jul 2018"
"08/07/2018 09:38","Reload","'70838153003498357","WXR882","","","Billed","","-200.00","PSS JALAN TRAS BENTONG","","Standalone","","","31 Jul 2018"
"05/07/2018 17:23","Purchase","'70838153003498357","WXR882","","PRIMAX 95","Billed","22.73","50.01","PSS JALAN TRAS BENTONG","269784","Standalone","","","31 Jul 2018"
"04/07/2018 12:12","Purchase","'70838153003498357","WXR882","","PRIMAX 95","Billed","2.73","6.00","PSS KETARI BENTONG","184624","Standalone","","","31 Jul 2018"
"02/07/2018 12:10","Purchase","'70838153003498357","WXR882","","PRIMAX 95","Billed","22.73","50.00","PSS MRR2 BATU CAVES","269221","Standalone","","","31 Jul 2018"
"01/07/2018 15:47","Purchase","'70838153003498357","WXR882","","Diesel","Billed","41.30","90.03","PSS BUKIT KAYU HITAM","98557","Standalone","","","31 Jul 2018"