"Date Time","Transaction Type","Card Number","Vehicle Number","Driver Card Number","Product Type","Billing Type","Transaction Volume (Litres)","Transaction Amount (RM)","Station Name","Odometer","Card Type","Cost Centre","Cost Centre Name","Statement Month"
"31/07/2018 09:13","Purchase","'70838153003580337","WXR1322","","PRIMAX 95","Un-billed","2.73","6.00","PSS MRR2 AMPANG","","Standalone","","","Unbilled Transaction"
"29/07/2018 06:29","Purchase","'70838153003580337","WXR1322","","PRIMAX 95","Billed","2.73","6.00","PSS SEGAMBUT","","Standalone","","","31 Jul 2018"
"27/07/2018 11:35","Purchase","'70838153003580337","WXR1322","","PRIMAX 95","Billed","2.73","6.00","PSS SEGAMBUT","","Standalone","","","31 Jul 2018"
"26/07/2018 07:17","Purchase","'70838153003580337","WXR1322","","PRIMAX 97","Billed","1.58","4.00","PSS JALAN JELATEK 2","","Standalone","","","31 Jul 2018"
"24/07/2018 14:16","Purchase","'70838153003580337","WXR1322","","PRIMAX 95","Billed","2.73","6.00","PSS SEGAMBUT","","Standalone","","","31 Jul 2018"
"19/07/2018 06:31","Purchase","'70838153003580337","WXR1322","","PRIMAX 95","Billed","2.73","6.00","PSS SEGAMBUT","","Standalone","","","31 Jul 2018"
"17/07/2018 15:12","Purchase","'70838153003580337","WXR1322","","PRIMAX 95","Billed","2.73","6.00","PSS JALAN TUN RAZAK","","Standalone","","","31 Jul 2018"
"13/07/2018 11:13","Purchase","'70838153003580337","WXR1322","","PRIMAX 97","Billed","19.31","50.00","PSS MANJALARA","","Standalone","","","31 Jul 2018"
"13/07/2018 08:44","Reload","'70838153003580337","WXR1322","","","Billed","","-50.00","PSS SEGAMBUT","","Standalone","","","31 Jul 2018"
"12/07/2018 10:47","Purchase","'70838153003580337","WXR1322","","PRIMAX 95","Billed","2.73","6.00","PSS TAMAN MALURI","","Standalone","","","31 Jul 2018"
"09/07/2018 14:27","Reload","'70838153003580337","WXR1322","","","Billed","","-50.00","PSS SEGAMBUT","","Standalone","","","31 Jul 2018"
"05/07/2018 17:26","Purchase","'70838153003580337","WXR1322","","PRIMAX 95","Billed","2.73","6.00","PSS TAMAN MALURI","85236","Standalone","","","31 Jul 2018"
"02/07/2018 11:39","Purchase","'70838153003580337","WXR1322","","PRIMAX 95","Billed","2.73","6.00","PSS JALAN JELATEK 2","","Standalone","","","31 Jul 2018"