"Date Time","Transaction Type","Card Number","Vehicle Number","Driver Card Number","Product Type","Billing Type","Transaction Volume (Litres)","Transaction Amount (RM)","Station Name","Odometer","Card Type","Cost Centre","Cost Centre Name","Statement Month"
"25/07/2018 23:58","Purchase","'70838153003582325","WXR1156","","PRIMAX 95","Billed","16.54","36.39","PSS COCHRANE PERKASA","","Standalone","","","31 Jul 2018"
"25/07/2018 23:58","Purchase","'70838153003582325","WXR1156","","PRIMAX 95","Un-billed","16.54","36.39","PSS COCHRANE PERKASA","","Standalone","","","Unbilled Transaction"
"13/07/2018 23:41","Purchase","'70838153003582325","WXR1156","","PRIMAX 95","Billed","11.44","25.16","PSS KESAS ARAH KELANG","","Standalone","","","31 Jul 2018"
"13/07/2018 23:38","Purchase","'70838153003582325","WXR1156","","PRIMAX 95","Billed","8.50","18.70","PSS KESAS ARAH KELANG","","Standalone","","","31 Jul 2018"
"06/07/2018 14:24","Purchase","'70838153003582325","WXR1156","","PRIMAX 95","Billed","19.56","43.03","PSS SECT 15 BB BANGI","","Standalone","","","31 Jul 2018"