"Date Time","Transaction Type","Card Number","Vehicle Number","Driver Card Number","Product Type","Billing Type","Transaction Volume (Litres)","Transaction Amount (RM)","Station Name","Odometer","Card Type","Cost Centre","Cost Centre Name","Statement Month"
"27/07/2018 23:37","Purchase","'70838153003581079","WXR1081","","PRIMAX 95","Billed","45.45","100.00","PSS MASJID TANAH","529694","Standalone","","","31 Jul 2018"
"27/07/2018 23:35","Reload","'70838153003581079","WXR1081","","","Billed","","-100.00","PSS MASJID TANAH","","Standalone","","","31 Jul 2018"
"25/07/2018 14:16","Purchase","'70838153003581079","WXR1081","","PRIMAX 97","Billed","39.06","100.00","PSS RAWAT & REHAT (U) SBAN-KL","76","Standalone","","","31 Jul 2018"
"25/07/2018 14:15","Reload","'70838153003581079","WXR1081","","","Billed","","-100.00","PSS RAWAT & REHAT (U) SBAN-KL","","Standalone","","","31 Jul 2018"
"20/07/2018 22:38","Purchase","'70838153003581079","WXR1081","","PRIMAX 95","Billed","45.45","100.00","PSS MASJID TANAH","529971","Standalone","","","31 Jul 2018"
"20/07/2018 22:36","Reload","'70838153003581079","WXR1081","","","Billed","","-100.00","PSS MASJID TANAH","","Standalone","","","31 Jul 2018"
"16/07/2018 19:24","Purchase","'70838153003581079","WXR1081","","PRIMAX 95","Billed","45.45","100.00","PSS MASJID TANAH","528935","Standalone","","","31 Jul 2018"
"16/07/2018 19:22","Reload","'70838153003581079","WXR1081","","","Billed","","-100.00","PSS MASJID TANAH","","Standalone","","","31 Jul 2018"
"15/07/2018 13:44","Purchase","'70838153003581079","WXR1081","","PRIMAX 95","Billed","31.82","70.00","PSS MITC","528684","Standalone","","","31 Jul 2018"
"10/07/2018 14:54","Purchase","'70838153003581079","WXR1081","","PRIMAX 95","Billed","45.45","100.00","PSS MASJID TANAH","52824","Standalone","","","31 Jul 2018"
"10/07/2018 14:51","Reload","'70838153003581079","WXR1081","","","Billed","","-100.00","PSS MASJID TANAH","","Standalone","","","31 Jul 2018"
"07/07/2018 09:47","Purchase","'70838153003581079","WXR1081","","PRIMAX 95","Billed","45.45","100.00","PSS MASJID TANAH","825527","Standalone","","","31 Jul 2018"
"07/07/2018 09:34","Reload","'70838153003581079","WXR1081","","","Billed","","-100.00","PSS MASJID TANAH","","Standalone","","","31 Jul 2018"
"04/07/2018 10:44","Purchase","'70838153003581079","WXR1081","","PRIMAX 95","Billed","45.45","100.00","PSS SIMPANG EMPAT","527302","Standalone","","","31 Jul 2018"
"04/07/2018 10:42","Reload","'70838153003581079","WXR1081","","","Billed","","-100.00","PSS SIMPANG EMPAT","","Standalone","","","31 Jul 2018"
"01/07/2018 15:28","Purchase","'70838153003581079","WXR1081","","PRIMAX 95","Billed","45.46","100.00","PSS RASAH","526912","Standalone","","","31 Jul 2018"
"01/07/2018 15:26","Reload","'70838153003581079","WXR1081","","","Billed","","-100.00","PSS RASAH","","Standalone","","","31 Jul 2018"