"Date Time","Transaction Type","Card Number","Vehicle Number","Driver Card Number","Product Type","Billing Type","Transaction Volume (Litres)","Transaction Amount (RM)","Station Name","Odometer","Card Type","Cost Centre","Cost Centre Name","Statement Month"
"17/07/2018 16:48","Purchase","'70838153003498027","WXR611","","Diesel","Billed","32.11","70.00","PSS SEKINCHAN","","Standalone","","","31 Jul 2018"
"17/07/2018 16:47","Reload","'70838153003498027","WXR611","","","Billed","","-100.00","PSS SEKINCHAN","","Standalone","","","31 Jul 2018"
"17/07/2018 09:10","Purchase","'70838153003498027","WXR611","","Diesel","Billed","22.94","50.00","PSS KAMPUNG KOH","","Standalone","","","31 Jul 2018"
"03/07/2018 11:54","Purchase","'70838153003498027","WXR611","","Diesel","Billed","22.94","50.00","PSS  LATAR 2 (KLS ARAH KL)","","Standalone","","","31 Jul 2018"
"03/07/2018 08:34","Purchase","'70838153003498027","WXR611","","Diesel","Billed","22.94","50.00","PSS BDR SRI MANJUNG 2","","Standalone","","","31 Jul 2018"
"03/07/2018 08:33","Reload","'70838153003498027","WXR611","","","Billed","","-100.00","PSS BDR SRI MANJUNG 2","","Standalone","","","31 Jul 2018"