"Date Time","Transaction Type","Card Number","Vehicle Number","Driver Card Number","Product Type","Billing Type","Transaction Volume (Litres)","Transaction Amount (RM)","Station Name","Odometer","Card Type","Cost Centre","Cost Centre Name","Statement Month"
"31/07/2018 18:30","Purchase","'70838153003424973","WXR138","","Diesel","Billed","22.94","50.00","PSS TELUK INTAN I (JLN SULTAN ABDULLAH)","","Standalone","","","31 Jul 2018"
"31/07/2018 18:29","Reload","'70838153003424973","WXR138","'70838153003424973","","Un-billed","","-50.00","PSS TELUK INTAN I (JLN SULTAN ABDULLAH)","","Standalone","","","Unbilled Transaction"
"25/07/2018 21:37","Purchase","'70838153003424973","WXR138","","Diesel","Billed","22.94","50.00","PSS TELUK INTAN I (JLN SULTAN ABDULLAH)","","Standalone","","","31 Jul 2018"
"25/07/2018 21:35","Reload","'70838153003424973","WXR138","'70838153003424973","","Billed","","-50.00","PSS TELUK INTAN I (JLN SULTAN ABDULLAH)","","Standalone","","","31 Jul 2018"
"22/07/2018 09:12","Purchase","'70838153003424973","WXR138","","PRIMAX 95","Billed","6.82","15.00","PSS TELUK INTAN I (JLN SULTAN ABDULLAH)","","Standalone","","","31 Jul 2018"
"22/07/2018 09:11","Purchase","'70838153003424973","WXR138","","Diesel","Billed","22.94","50.00","PSS TELUK INTAN I (JLN SULTAN ABDULLAH)","","Standalone","","","31 Jul 2018"
"22/07/2018 09:09","Reload","'70838153003424973","WXR138","'70838153003424973","","Billed","","-65.00","PSS TELUK INTAN I (JLN SULTAN ABDULLAH)","","Standalone","","","31 Jul 2018"
"07/07/2018 14:32","Purchase","'70838153003424973","WXR138","","Diesel","Billed","22.94","50.00","PSS TELUK INTAN I (JLN SULTAN ABDULLAH)","","Standalone","","","31 Jul 2018"
"07/07/2018 14:31","Reload","'70838153003424973","WXR138","'70838153003424973","","Billed","","-50.00","PSS TELUK INTAN I (JLN SULTAN ABDULLAH)","","Standalone","","","31 Jul 2018"
"06/07/2018 15:53","Purchase","'70838153003424973","WXR138","","Diesel","Billed","36.70","80.00","PSS TELUK INTAN I (JLN SULTAN ABDULLAH)","","Standalone","","","31 Jul 2018"
"06/07/2018 15:52","Reload","'70838153003424973","WXR138","'70838153003424973","","Billed","","-50.00","PSS TELUK INTAN I (JLN SULTAN ABDULLAH)","","Standalone","","","31 Jul 2018"