"Date Time","Transaction Type","Card Number","Vehicle Number","Driver Card Number","Product Type","Billing Type","Transaction Volume (Litres)","Transaction Amount (RM)","Station Name","Odometer","Card Type","Cost Centre","Cost Centre Name","Statement Month"
"28/07/2018 21:03","Purchase","'70838153003583877","WXR1475","","PRIMAX 95","Billed","27.25","59.94","PSS JALAN GENTING KLANG 2","","Standalone","","","31 Jul 2018"
"28/07/2018 20:59","Reload","'70838153003583877","WXR1475","","","Billed","","-100.00","PSS JALAN GENTING KLANG 2","","Standalone","","","31 Jul 2018"
"22/07/2018 15:17","Purchase","'70838153003583877","WXR1475","","PRIMAX 95","Billed","21.29","46.84","PSS SETAPAK INDAH","","Standalone","","","31 Jul 2018"
"22/07/2018 15:15","Reload","'70838153003583877","WXR1475","","","Billed","","-50.00","PSS SETAPAK INDAH","","Standalone","","","31 Jul 2018"
"17/07/2018 19:37","Purchase","'70838153003583877","WXR1475","","PRIMAX 95","Billed","26.37","58.02","PSS SETAPAK","","Standalone","","","31 Jul 2018"
"11/07/2018 19:57","Reload","'70838153003583877","WXR1475","","","Billed","","-50.00","PSS SETAPAK","","Standalone","","","31 Jul 2018"