"Date Time","Transaction Type","Card Number","Vehicle Number","Driver Card Number","Product Type","Billing Type","Transaction Volume (Litres)","Transaction Amount (RM)","Station Name","Odometer","Card Type","Cost Centre","Cost Centre Name","Statement Month"
"31/07/2018 13:33","Purchase","'70838153003711379","WXR 4543","","PRIMAX 97","Billed","6.79","17.25","PSS JALAN SULTANAH SAMBONGAN","","Standalone","","","31 Jul 2018"
"30/07/2018 20:22","Purchase","'70838153003711379","WXR 4543","","PRIMAX 97","Billed","7.17","18.22","PSS KUALA KEDAH","","Standalone","","","31 Jul 2018"
"30/07/2018 20:18","Reload","'70838153003711379","WXR 4543","","","Billed","","-30.00","PSS KUALA KEDAH","","Standalone","","","31 Jul 2018"
"29/07/2018 15:54","Purchase","'70838153003711379","WXR 4543","","PRIMAX 97","Billed","9.59","24.36","PSS TAMAN PKNK (ALOR MALAI)","","Standalone","","","31 Jul 2018"
"29/07/2018 15:52","Reload","'70838153003711379","WXR 4543","","","Billed","","-30.00","PSS TAMAN PKNK (ALOR MALAI)","","Standalone","","","31 Jul 2018"
"26/07/2018 21:21","Purchase","'70838153003711379","WXR 4543","","PRIMAX 97","Billed","5.91","15.00","PSS KUALA KEDAH","","Standalone","","","31 Jul 2018"
"26/07/2018 21:20","Reload","'70838153003711379","WXR 4543","","","Billed","","-15.00","PSS KUALA KEDAH","","Standalone","","","31 Jul 2018"
"26/07/2018 12:04","Purchase","'70838153003711379","WXR 4543","","PRIMAX 97","Billed","7.88","20.00","PSS MERGONG (STESEN SERVICES PETRONAS )","","Standalone","","","31 Jul 2018"
"26/07/2018 12:03","Reload","'70838153003711379","WXR 4543","","","Billed","","-20.00","PSS MERGONG (STESEN SERVICES PETRONAS )","","Standalone","","","31 Jul 2018"
"25/07/2018 17:26","Purchase","'70838153003711379","WXR 4543","","PRIMAX 97","Billed","7.82","20.00","PSS MERGONG (STESEN SERVICES PETRONAS )","","Standalone","","","31 Jul 2018"
"25/07/2018 17:24","Reload","'70838153003711379","WXR 4543","","","Billed","","-20.00","PSS MERGONG (STESEN SERVICES PETRONAS )","","Standalone","","","31 Jul 2018"
"24/07/2018 14:11","Purchase","'70838153003711379","WXR 4543","","PRIMAX 97","Billed","7.81","20.00","PSS KUALA KEDAH","","Standalone","","","31 Jul 2018"
"24/07/2018 14:07","Reload","'70838153003711379","WXR 4543","","","Billed","","-20.00","PSS KUALA KEDAH","","Standalone","","","31 Jul 2018"
"20/07/2018 22:17","Purchase","'70838153003711379","WXR 4543","","PRIMAX 97","Billed","7.81","20.00","PSS KUALA KEDAH","","Standalone","","","31 Jul 2018"
"20/07/2018 22:15","Reload","'70838153003711379","WXR 4543","","","Billed","","-20.00","PSS KUALA KEDAH","","Standalone","","","31 Jul 2018"
"20/07/2018 17:18","Purchase","'70838153003711379","WXR 4543","","PRIMAX 97","Billed","6.25","15.99","PSS KUALA KEDAH","","Standalone","","","31 Jul 2018"
"19/07/2018 18:40","Purchase","'70838153003711379","WXR 4543","","PRIMAX 97","Billed","3.91","10.00","PSS TAMAN RAKYAT MERGONG","","Standalone","","","31 Jul 2018"
"17/07/2018 18:28","Purchase","'70838153003711379","WXR 4543","","PRIMAX 97","Billed","6.34","16.41","PSS KUALA KEDAH","","Standalone","","","31 Jul 2018"
"15/07/2018 12:10","Purchase","'70838153003711379","WXR 4543","","PRIMAX 97","Billed","3.78","9.80","PSS KUALA KEDAH","","Standalone","","","31 Jul 2018"
"14/07/2018 14:53","Purchase","'70838153003711379","WXR 4543","","PRIMAX 97","Billed","4.53","11.74","PSS KUALA KEDAH","","Standalone","","","31 Jul 2018"
"14/07/2018 14:52","Reload","'70838153003711379","WXR 4543","","","Billed","","-50.00","PSS KUALA KEDAH","","Standalone","","","31 Jul 2018"
"12/07/2018 19:48","Purchase","'70838153003711379","WXR 4543","","PRIMAX 97","Billed","7.80","20.19","PSS KUALA KEDAH","","Standalone","","","31 Jul 2018"
"12/07/2018 19:44","Reload","'70838153003711379","WXR 4543","","","Billed","","-20.00","PSS KUALA KEDAH","","Standalone","","","31 Jul 2018"
"10/07/2018 14:24","Purchase","'70838153003711379","WXR 4543","","PRIMAX 97","Billed","6.12","15.78","PSS KUALA KEDAH","","Standalone","","","31 Jul 2018"
"05/07/2018 11:56","Purchase","'70838153003711379","WXR 4543","","PRIMAX 97","Billed","12.97","33.46","PSS TAMAN PKNK (ALOR MALAI)","","Standalone","","","31 Jul 2018"
"05/07/2018 11:54","Reload","'70838153003711379","WXR 4543","","","Billed","","-30.00","PSS TAMAN PKNK (ALOR MALAI)","","Standalone","","","31 Jul 2018"
"04/07/2018 13:56","Purchase","'70838153003711379","WXR 4543","","PRIMAX 97","Billed","10.19","25.46","PSS KUALA KEDAH","","Standalone","","","31 Jul 2018"
"04/07/2018 13:54","Reload","'70838153003711379","WXR 4543","","","Billed","","-30.00","PSS KUALA KEDAH","","Standalone","","","31 Jul 2018"