"Date Time","Transaction Type","Card Number","Vehicle Number","Driver Card Number","Product Type","Billing Type","Transaction Volume (Litres)","Transaction Amount (RM)","Station Name","Odometer","Card Type","Cost Centre","Cost Centre Name","Statement Month"
"26/07/2018 07:33","Purchase","'70838153003734371","WXR 5944","","PRIMAX 95","Billed","3.19","7.01","PSS BATU 5 GOMBAK","","Standalone","","","31 Jul 2018"
"24/07/2018 14:03","Purchase","'70838153003734371","WXR 5944","","PRIMAX 95","Billed","3.64","8.01","PSS JALAN TUN RAZAK","","Standalone","","","31 Jul 2018"
"21/07/2018 18:30","Purchase","'70838153003734371","WXR 5944","","PRIMAX 95","Billed","13.64","30.00","PSS SUNWAY BATU CAVES","","Standalone","","","31 Jul 2018"
"19/07/2018 12:17","Purchase","'70838153003734371","WXR 5944","","PRIMAX 95","Billed","3.64","8.01","PSS SUNWAY BATU CAVES","","Standalone","","","31 Jul 2018"
"16/07/2018 16:30","Reload","'70838153003734371","WXR 5944","","","Billed","","-50.00","PSS SUNWAY BATU CAVES","","Standalone","","","31 Jul 2018"
"05/07/2018 13:35","Purchase","'70838153003734371","WXR 5944","","PRIMAX 95","Billed","4.09","9.00","PSS SUNWAY BATU CAVES","","Standalone","","","31 Jul 2018"
"03/07/2018 16:04","Purchase","'70838153003734371","WXR 5944","","PRIMAX 95","Billed","2.60","5.71","PSS SUNWAY BATU CAVES","","Standalone","","","31 Jul 2018"