"Date Time","Transaction Type","Card Number","Vehicle Number","Driver Card Number","Product Type","Billing Type","Transaction Volume (Litres)","Transaction Amount (RM)","Station Name","Odometer","Card Type","Cost Centre","Cost Centre Name","Statement Month"
"31/07/2018 10:05","Purchase","'70838153003425079","WXR62","","PRIMAX 95","Billed","9.09","20.00","PSS SUNGAI LALANG 2","","Standalone","","","31 Jul 2018"
"30/07/2018 11:27","Purchase","'70838153003425079","WXR62","","PRIMAX 95","Billed","9.12","20.05","PSS BANDAR MUTIARA","","Standalone","","","31 Jul 2018"
"29/07/2018 10:35","Purchase","'70838153003425079","WXR62","","PRIMAX 95","Billed","9.09","20.00","PSS SUNGAI LALANG 2","","Standalone","","","31 Jul 2018"
"27/07/2018 09:50","Purchase","'70838153003425079","WXR62","","PRIMAX 95","Billed","9.09","20.00","PSS TAMAN RIA SG PETANI","","Standalone","","","31 Jul 2018"
"26/07/2018 11:36","Purchase","'70838153003425079","WXR62","","PRIMAX 95","Billed","13.64","30.00","PSS BANDAR MUTIARA","","Standalone","","","31 Jul 2018"
"24/07/2018 10:25","Purchase","'70838153003425079","WXR62","","PRIMAX 95","Billed","9.11","20.04","PSS BANDAR MUTIARA","","Standalone","","","31 Jul 2018"
"24/07/2018 10:23","Purchase","'70838153003425079","WXR62","","PRIMAX 95","Billed","3.58","7.87","PSS BANDAR MUTIARA","","Standalone","","","31 Jul 2018"
"24/07/2018 10:21","Reload","'70838153003425079","WXR62","","","Billed","","-150.00","PSS BANDAR MUTIARA","","Standalone","","","31 Jul 2018"
"05/07/2018 10:03","Purchase","'70838153003425079","WXR62","","PRIMAX 95","Billed","24.14","53.10","PSS SUNGAI LALANG 2","","Standalone","","","31 Jul 2018"
"02/07/2018 19:10","Purchase","'70838153003425079","WXR62","","PRIMAX 95","Billed","13.64","30.00","PSS BRINCHANG","","Standalone","","","31 Jul 2018"
"02/07/2018 13:15","Purchase","'70838153003425079","WXR62","","PRIMAX 95","Billed","9.09","20.00","PSS SIMPANG PULAI LOJING","","Standalone","","","31 Jul 2018"
"02/07/2018 13:14","Reload","'70838153003425079","WXR62","","","Billed","","-100.00","PSS SIMPANG PULAI LOJING","","Standalone","","","31 Jul 2018"