"Date Time","Transaction Type","Card Number","Vehicle Number","Driver Card Number","Product Type","Billing Type","Transaction Volume (Litres)","Transaction Amount (RM)","Station Name","Odometer","Card Type","Cost Centre","Cost Centre Name","Statement Month"
"28/07/2018 17:00","Purchase","'70838153003729546","WXR 5067","","PRIMAX 95","Billed","10.00","22.00","PSS TAMAN PUTRA","10","Standalone","","","31 Jul 2018"
"28/07/2018 16:59","Reload","'70838153003729546","WXR 5067","","","Billed","","-40.00","PSS TAMAN PUTRA","","Standalone","","","31 Jul 2018"
"21/07/2018 08:47","Purchase","'70838153003729546","WXR 5067","","PRIMAX 95","Billed","20.00","44.00","PSS PANDAN INDAH","20","Standalone","","","31 Jul 2018"
"17/07/2018 20:12","Purchase","'70838153003729546","WXR 5067","","PRIMAX 95","Billed","20.00","44.00","PSS SALAK JAYA","20","Standalone","","","31 Jul 2018"
"17/07/2018 16:03","Reload","'70838153003729546","WXR 5067","","","Billed","","-100.00","PSS TAMAN PUTRA","","Standalone","","","31 Jul 2018"
"15/07/2018 16:39","Purchase","'70838153003729546","WXR 5067","","PRIMAX 95","Billed","20.00","44.00","PSS NUSA PERINTIS","20","Standalone","","","31 Jul 2018"
"13/07/2018 17:19","Purchase","'70838153003729546","WXR 5067","","PRIMAX 95","Billed","25.46","56.00","PSS KM 305 PLUS ARAH SELATAN","30","Standalone","","","31 Jul 2018"
"13/07/2018 17:14","Reload","'70838153003729546","WXR 5067","","","Billed","","-100.00","PSS KM 305 PLUS ARAH SELATAN","","Standalone","","","31 Jul 2018"
"06/07/2018 22:35","Purchase","'70838153003729546","WXR 5067","","PRIMAX 95","Billed","10.00","22.00","PSS AU2 TAMAN KERAMAT","10","Standalone","","","31 Jul 2018"
"06/07/2018 22:34","Reload","'70838153003729546","WXR 5067","","","Billed","","-10.00","PSS AU2 TAMAN KERAMAT","","Standalone","","","31 Jul 2018"