"Date Time","Transaction Type","Card Number","Vehicle Number","Driver Card Number","Product Type","Billing Type","Transaction Volume (Litres)","Transaction Amount (RM)","Station Name","Odometer","Card Type","Cost Centre","Cost Centre Name","Statement Month"
"26/07/2018 13:26","Purchase","'70838153003501036","WXR962","","PRIMAX 95","Billed","0.96","2.11","PSS JALAN TUN RAZAK","","Standalone","","","31 Jul 2018"
"24/07/2018 18:10","Purchase","'70838153003501036","WXR962","","PRIMAX 97","Billed","1.56","4.00","PSS JALAN TUN RAZAK","","Standalone","","","31 Jul 2018"
"06/07/2018 07:02","Purchase","'70838153003501036","WXR962","","PRIMAX 95","Billed","1.36","3.00","PSS TAMAN TENAGA","","Standalone","","","31 Jul 2018"
"03/07/2018 07:08","Purchase","'70838153003501036","WXR962","","PRIMAX 95","Billed","2.82","6.19","PSS JALAN COCHRANE","","Standalone","","","31 Jul 2018"
"01/07/2018 12:04","Purchase","'70838153003501036","WXR962","","PRIMAX 95","Billed","1.37","3.00","PSS JALAN COCHRANE","","Standalone","","","31 Jul 2018"