"Date Time","Transaction Type","Card Number","Vehicle Number","Driver Card Number","Product Type","Billing Type","Transaction Volume (Litres)","Transaction Amount (RM)","Station Name","Odometer","Card Type","Cost Centre","Cost Centre Name","Statement Month"
"30/07/2018 22:58","Purchase","'70838153003666615","WXR2001","","Diesel","Billed","22.94","50.00","PSS RAWAT & REHAT (U) SBAN-KL","","Standalone","","","31 Jul 2018"
"30/07/2018 12:36","Purchase","'70838153003666615","WXR2001","","Diesel","Billed","64.22","140.00","PSS JALAN SEMAMBU","50309","Standalone","","","31 Jul 2018"
"29/07/2018 03:48","Purchase","'70838153003666615","WXR2001","","Diesel","Billed","61.93","135.00","PSS JELI","","Standalone","","","31 Jul 2018"
"28/07/2018 13:19","Purchase","'70838153003666615","WXR2001","","Diesel","Billed","65.62","143.06","PSS BATU GAJAH","","Standalone","","","31 Jul 2018"
"27/07/2018 20:12","Reload","'70838153003666615","WXR2001","","","Billed","","-600.00","PSS JALAN PLUMBUM","","Standalone","","","31 Jul 2018"
"26/07/2018 23:46","Purchase","'70838153003666615","WXR2001","","Diesel","Billed","32.11","70.00","PSS PEDAS LINGGI LAYBY","162621","Standalone","","","31 Jul 2018"
"26/07/2018 11:12","Purchase","'70838153003666615","WXR2001","","Diesel","Billed","77.46","168.86","PSS MACHAP ARAH SELATAN","162241","Standalone","","","31 Jul 2018"
"25/07/2018 23:40","Purchase","'70838153003666615","WXR2001","","Diesel","Billed","45.88","100.02","PSS RAWAT & REHAT (U) SBAN-KL","","Standalone","","","31 Jul 2018"
"25/07/2018 21:12","Reload","'70838153003666615","WXR2001","","","Billed","","-500.00","PSS MACHAP ARAH UTARA","","Standalone","","","31 Jul 2018"
"25/07/2018 17:43","Purchase","'70838153003666615","WXR2001","","Diesel","Billed","70.87","154.50","PSS PONTIAN JALAN JOHOR","","Standalone","","","31 Jul 2018"
"25/07/2018 01:59","Purchase","'70838153003666615","WXR2001","","Diesel","Billed","68.81","150.00","PSS RAWAT & REHAT(S) KL- SEREMBAN","","Standalone","","","31 Jul 2018"
"24/07/2018 18:03","Purchase","'70838153003666615","WXR2001","","Diesel","Billed","57.81","126.02","PSS ELITE HIGHWAY","","Standalone","","","31 Jul 2018"
"24/07/2018 17:58","Purchase","'70838153003666615","WXR2001","","Diesel","Billed","3.67","8.00","PSS ELITE HIGHWAY","","Standalone","","","31 Jul 2018"
"24/07/2018 10:42","Purchase","'70838153003666615","WXR2001","","Diesel","Billed","59.64","130.02","PSS LEBUHRAYA PASIR GUDANG 1","","Standalone","","","31 Jul 2018"
"24/07/2018 10:39","Reload","'70838153003666615","WXR2001","","","Billed","","-350.00","PSS LEBUHRAYA PASIR GUDANG 1","","Standalone","","","31 Jul 2018"
"23/07/2018 14:51","Purchase","'70838153003666615","WXR2001","","Diesel","Billed","48.63","106.02","PSS JALAN PLUMBUM","","Standalone","","","31 Jul 2018"
"21/07/2018 17:48","Purchase","'70838153003666615","WXR2001","","Diesel","Billed","56.42","123.00","PSS BANDAR BARU KAMPAR","","Standalone","","","31 Jul 2018"
"21/07/2018 11:24","Purchase","'70838153003666615","WXR2001","","Diesel","Billed","45.87","100.00","PSS NKVE HIGHWAY","","Standalone","","","31 Jul 2018"
"21/07/2018 11:18","Reload","'70838153003666615","WXR2001","","","Billed","","-500.00","PSS NKVE HIGHWAY","","Standalone","","","31 Jul 2018"
"20/07/2018 23:21","Purchase","'70838153003666615","WXR2001","","Diesel","Billed","65.14","142.00","PSS RAWAT & REHAT (U) SBAN-KL","","Standalone","","","31 Jul 2018"
"20/07/2018 10:25","Purchase","'70838153003666615","WXR2001","","Diesel","Billed","59.64","130.01","PSS SIMPANG RENGGAM","","Standalone","","","31 Jul 2018"
"20/07/2018 03:03","Purchase","'70838153003666615","WXR2001","","Diesel","Billed","64.77","141.19","PSS RAWAT & REHAT(S) KL- SEREMBAN","","Standalone","","","31 Jul 2018"
"19/07/2018 21:41","Reload","'70838153003666615","WXR2001","","","Billed","","-500.00","PSS USJ 20","","Standalone","","","31 Jul 2018"
"19/07/2018 12:49","Purchase","'70838153003666615","WXR2001","","Diesel","Billed","31.51","68.70","PSS ELITE HIGHWAY","","Standalone","","","31 Jul 2018"
"18/07/2018 15:42","Purchase","'70838153003666615","WXR2001","","Diesel","Billed","63.40","138.21","PSS JALAN SULAIMAN MUAR","","Standalone","","","31 Jul 2018"
"18/07/2018 01:22","Purchase","'70838153003666615","WXR2001","","Diesel","Billed","45.87","100.00","PSS RAWAT & REHAT(S) KL- SEREMBAN","","Standalone","","","31 Jul 2018"
"17/07/2018 19:42","Purchase","'70838153003666615","WXR2001","","Diesel","Billed","48.17","105.01","PSS KM 2 LDP","","Standalone","","","31 Jul 2018"
"13/07/2018 18:55","Purchase","'70838153003666615","WXR2001","","Diesel","Billed","40.40","88.08","PSS MACHAP ARAH UTARA","","Standalone","","","31 Jul 2018"
"13/07/2018 17:20","Reload","'70838153003666615","WXR2001","","","Billed","","-500.00","PSS SKUDAI RSA","","Standalone","","","31 Jul 2018"
"13/07/2018 10:18","Purchase","'70838153003666615","WXR2001","","Diesel","Billed","46.84","102.12","PSS LEBUHRAYA PASIR GUDANG 3","","Standalone","","","31 Jul 2018"
"12/07/2018 22:38","Purchase","'70838153003666615","WXR2001","","Diesel","Billed","57.48","125.31","PSS JALAN PLUMBUM","","Standalone","","","31 Jul 2018"
"10/07/2018 17:21","Purchase","'70838153003666615","WXR2001","","Diesel","Billed","41.13","89.66","PSS SIMPANG RENGGAM","","Standalone","","","31 Jul 2018"
"10/07/2018 10:36","Purchase","'70838153003666615","WXR2001","","Diesel","Billed","71.57","156.02","PSS MACHAP ARAH SELATAN","","Standalone","","","31 Jul 2018"
"07/07/2018 06:16","Purchase","'70838153003666615","WXR2001","","Diesel","Billed","62.84","137.00","PSS NKVE KLANG BOUND","","Standalone","","","31 Jul 2018"
"06/07/2018 18:41","Purchase","'70838153003666615","WXR2001","","Diesel","Billed","67.85","147.90","PSS Jalan Dato Ismail Hashim","","Standalone","","","31 Jul 2018"
"05/07/2018 02:48","Purchase","'70838153003666615","WXR2001","","Diesel","Billed","58.28","127.04","PSS SIMPANG PULAI ARAH UTARA","","Standalone","","","31 Jul 2018"
"05/07/2018 00:04","Purchase","'70838153003666615","WXR2001","","Diesel","Billed","45.87","100.00","PSS NKVE HIGHWAY","","Standalone","","","31 Jul 2018"
"04/07/2018 18:36","Purchase","'70838153003666615","WXR2001","","Diesel","Billed","62.85","137.02","PSS JALAN PLUMBUM","","Standalone","","","31 Jul 2018"
"03/07/2018 14:38","Purchase","'70838153003666615","WXR2001","","Diesel","Billed","37.63","82.03","PSS MACHAP ARAH UTARA","","Standalone","","","31 Jul 2018"
"03/07/2018 14:36","Reload","'70838153003666615","WXR2001","","","Billed","","-500.00","PSS MACHAP ARAH UTARA","","Standalone","","","31 Jul 2018"
"03/07/2018 03:19","Purchase","'70838153003666615","WXR2001","","Diesel","Billed","44.04","96.00","PSS MACHAP ARAH SELATAN","","Standalone","","","31 Jul 2018"
"03/07/2018 03:15","Reload","'70838153003666615","WXR2001","","","Billed","","-500.00","PSS MACHAP ARAH SELATAN","","Standalone","","","31 Jul 2018"
"02/07/2018 19:28","Purchase","'70838153003666615","WXR2001","","Diesel","Billed","38.54","84.01","PSS JALAN PLUMBUM","","Standalone","","","31 Jul 2018"