"Date Time","Transaction Type","Card Number","Vehicle Number","Driver Card Number","Product Type","Billing Type","Transaction Volume (Litres)","Transaction Amount (RM)","Station Name","Odometer","Card Type","Cost Centre","Cost Centre Name","Statement Month"
"31/07/2018 11:26","Purchase","'70838153003499751","WXR920","","PRIMAX 95","Billed","13.64","30.00","PSS SEK 26 SHAH ALAM","","Standalone","","","31 Jul 2018"
"31/07/2018 11:25","Reload","'70838153003499751","WXR920","","","Billed","","-30.00","PSS SEK 26 SHAH ALAM","","Standalone","","","31 Jul 2018"
"29/07/2018 23:02","Purchase","'70838153003499751","WXR920","","PRIMAX 95","Billed","13.64","30.00","PSS USJ 20","","Standalone","","","31 Jul 2018"
"29/07/2018 23:01","Reload","'70838153003499751","WXR920","","","Billed","","-30.00","PSS USJ 20","","Standalone","","","31 Jul 2018"
"28/07/2018 22:09","Purchase","'70838153003499751","WXR920","","PRIMAX 95","Billed","13.64","30.00","PSS USJ 20","","Standalone","","","31 Jul 2018"
"28/07/2018 22:06","Reload","'70838153003499751","WXR920","","","Billed","","-30.00","PSS USJ 20","","Standalone","","","31 Jul 2018"
"26/07/2018 23:02","Purchase","'70838153003499751","WXR920","","PRIMAX 95","Billed","13.64","30.00","PSS USJ 20","","Standalone","","","31 Jul 2018"
"26/07/2018 23:02","Purchase","'70838153003499751","WXR920","","PRIMAX 95","Un-billed","13.64","30.00","PSS USJ 20","","Standalone","","","Unbilled Transaction"
"26/07/2018 23:00","Reload","'70838153003499751","WXR920","","","Billed","","-30.00","PSS USJ 20","","Standalone","","","31 Jul 2018"
"22/07/2018 10:31","Purchase","'70838153003499751","WXR920","","PRIMAX 95","Billed","13.64","30.00","PSS HICOM SEK B SEK 27","","Standalone","","","31 Jul 2018"
"21/07/2018 10:27","Reload","'70838153003499751","WXR920","","","Billed","","-30.00","PSS SEKSYEN 13","","Standalone","","","31 Jul 2018"
"20/07/2018 16:52","Purchase","'70838153003499751","WXR920","","PRIMAX 95","Billed","13.64","30.00","PSS KLIA 1","","Standalone","","","31 Jul 2018"
"20/07/2018 16:51","Reload","'70838153003499751","WXR920","","","Billed","","-30.00","PSS KLIA 1","","Standalone","","","31 Jul 2018"
"20/07/2018 08:59","Purchase","'70838153003499751","WXR920","","PRIMAX 95","Billed","13.87","30.52","PSS HICOM SEK B SEK 27","","Standalone","","","31 Jul 2018"
"20/07/2018 08:57","Reload","'70838153003499751","WXR920","","","Billed","","-30.00","PSS HICOM SEK B SEK 27","","Standalone","","","31 Jul 2018"
"18/07/2018 22:36","Purchase","'70838153003499751","WXR920","","PRIMAX 95","Billed","9.09","20.00","PSS USJ 20","","Standalone","","","31 Jul 2018"
"18/07/2018 22:34","Reload","'70838153003499751","WXR920","","","Billed","","-20.00","PSS USJ 20","","Standalone","","","31 Jul 2018"
"09/07/2018 11:50","Purchase","'70838153003499751","WXR920","","PRIMAX 95","Billed","13.64","30.00","PSS KESAS ARAH SUBANG","","Standalone","","","31 Jul 2018"
"09/07/2018 11:47","Reload","'70838153003499751","WXR920","","","Billed","","-30.00","PSS KESAS ARAH SUBANG","","Standalone","","","31 Jul 2018"
"03/07/2018 23:20","Purchase","'70838153003499751","WXR920","","PRIMAX 95","Billed","13.64","30.00","PSS USJ 20","","Standalone","","","31 Jul 2018"
"03/07/2018 23:17","Reload","'70838153003499751","WXR920","","","Billed","","-30.00","PSS USJ 20","","Standalone","","","31 Jul 2018"
"01/07/2018 23:34","Purchase","'70838153003499751","WXR920","","PRIMAX 95","Billed","22.73","50.00","PSS USJ 20","","Standalone","","","31 Jul 2018"
"01/07/2018 23:33","Reload","'70838153003499751","WXR920","","","Billed","","-40.00","PSS USJ 20","","Standalone","","","31 Jul 2018"