"Date Time","Transaction Type","Card Number","Vehicle Number","Driver Card Number","Product Type","Billing Type","Transaction Volume (Litres)","Transaction Amount (RM)","Station Name","Odometer","Card Type","Cost Centre","Cost Centre Name","Statement Month"
"31/07/2018 08:11","Purchase","'70838153003498985","WXR639","","PRIMAX 95","Un-billed","22.73","50.00","PSS TAMAN WILAYAH","199217","Standalone","","","Unbilled Transaction"
"24/07/2018 07:59","Purchase","'70838153003498985","WXR639","","PRIMAX 95","Billed","22.73","50.00","PSS TAMAN WILAYAH","199121","Standalone","","","31 Jul 2018"
"24/07/2018 07:57","Reload","'70838153003498985","WXR639","","","Billed","","-100.00","PSS TAMAN WILAYAH","","Standalone","","","31 Jul 2018"
"20/07/2018 09:37","Purchase","'70838153003498985","WXR639","","PRIMAX 95","Billed","22.73","50.00","PSS MRR2 BATU CAVES","199007","Standalone","","","31 Jul 2018"
"20/07/2018 09:35","Reload","'70838153003498985","WXR639","","","Billed","","-50.00","PSS MRR2 BATU CAVES","","Standalone","","","31 Jul 2018"
"16/07/2018 13:07","Purchase","'70838153003498985","WXR639","","PRIMAX 95","Billed","22.73","50.00","PSS TAMAN WILAYAH","198872","Standalone","","","31 Jul 2018"
"16/07/2018 13:06","Reload","'70838153003498985","WXR639","","","Billed","","-50.00","PSS TAMAN WILAYAH","","Standalone","","","31 Jul 2018"
"10/07/2018 10:41","Purchase","'70838153003498985","WXR639","","PRIMAX 95","Billed","22.73","50.00","PSS TAMAN WILAYAH","198693","Standalone","","","31 Jul 2018"
"10/07/2018 10:37","Reload","'70838153003498985","WXR639","","","Billed","","-50.00","PSS TAMAN WILAYAH","","Standalone","","","31 Jul 2018"
"04/07/2018 09:33","Purchase","'70838153003498985","WXR639","","PRIMAX 95","Billed","22.73","50.00","PSS TAMAN WILAYAH","198506","Standalone","","","31 Jul 2018"
"04/07/2018 09:32","Reload","'70838153003498985","WXR639","","","Billed","","-50.00","PSS TAMAN WILAYAH","","Standalone","","","31 Jul 2018"
"02/07/2018 11:56","Purchase","'70838153003498985","WXR639","","PRIMAX 95","Billed","22.73","50.00","PSS SELAYANG BARU","198389","Standalone","","","31 Jul 2018"
"02/07/2018 11:55","Reload","'70838153003498985","WXR639","","","Billed","","-50.00","PSS SELAYANG BARU","","Standalone","","","31 Jul 2018"