"Date Time","Transaction Type","Card Number","Vehicle Number","Driver Card Number","Product Type","Billing Type","Transaction Volume (Litres)","Transaction Amount (RM)","Station Name","Odometer","Card Type","Cost Centre","Cost Centre Name","Statement Month"
"24/07/2018 07:31","Purchase","'70838153003498217","WXR421","","PRIMAX 95","Billed","22.73","50.00","PSS AULONG","","Standalone","","","31 Jul 2018"
"20/07/2018 13:23","Purchase","'70838153003498217","WXR421","","PRIMAX 95","Billed","22.73","50.00","PSS AULONG","","Standalone","","","31 Jul 2018"
"20/07/2018 13:21","Reload","'70838153003498217","WXR421","","","Billed","","-50.00","PSS AULONG","","Standalone","","","31 Jul 2018"
"15/07/2018 15:04","Purchase","'70838153003498217","WXR421","","PRIMAX 95","Billed","22.73","50.00","PSS AULONG","","Standalone","","","31 Jul 2018"
"13/07/2018 13:47","Reload","'70838153003498217","WXR421","","","Billed","","-100.00","PSS AULONG","","Standalone","","","31 Jul 2018"
"11/07/2018 21:57","Purchase","'70838153003498217","WXR421","","PRIMAX 95","Billed","24.11","53.04","PSS AULONG","","Standalone","","","31 Jul 2018"
"10/07/2018 12:59","Purchase","'70838153003498217","WXR421","","PRIMAX 95","Billed","22.73","50.00","PSS AULONG","","Standalone","","","31 Jul 2018"
"10/07/2018 12:58","Reload","'70838153003498217","WXR421","","","Billed","","-100.00","PSS AULONG","","Standalone","","","31 Jul 2018"