"Date Time","Transaction Type","Card Number","Vehicle Number","Driver Card Number","Product Type","Billing Type","Transaction Volume (Litres)","Transaction Amount (RM)","Station Name","Odometer","Card Type","Cost Centre","Cost Centre Name","Statement Month"
"31/07/2018 08:05","Purchase","'70838153003582135","WXR1137","","PRIMAX 95","Billed","9.09","20.00","PSS SERI ISKANDAR","","Standalone","","","31 Jul 2018"
"29/07/2018 10:23","Purchase","'70838153003582135","WXR1137","","PRIMAX 95","Billed","13.64","30.00","PSS SUNWAY CITY","","Standalone","","","31 Jul 2018"
"29/07/2018 10:22","Reload","'70838153003582135","WXR1137","","","Billed","","-50.00","PSS SUNWAY CITY","","Standalone","","","31 Jul 2018"
"28/07/2018 10:17","Purchase","'70838153003582135","WXR1137","","PRIMAX 95","Billed","9.09","20.00","PSS SUNWAY CITY","","Standalone","","","31 Jul 2018"
"28/07/2018 10:16","Reload","'70838153003582135","WXR1137","","","Billed","","-20.00","PSS SUNWAY CITY","","Standalone","","","31 Jul 2018"
"24/07/2018 17:53","Purchase","'70838153003582135","WXR1137","","PRIMAX 95","Billed","9.09","20.00","PSS SUNWAY CITY","","Standalone","","","31 Jul 2018"
"24/07/2018 17:51","Reload","'70838153003582135","WXR1137","","","Billed","","-20.00","PSS SUNWAY CITY","","Standalone","","","31 Jul 2018"
"20/07/2018 15:26","Purchase","'70838153003582135","WXR1137","","PRIMAX 95","Billed","13.64","30.00","PSS SUNWAY CITY","","Standalone","","","31 Jul 2018"
"20/07/2018 15:24","Reload","'70838153003582135","WXR1137","","","Billed","","-30.00","PSS SUNWAY CITY","","Standalone","","","31 Jul 2018"
"10/07/2018 18:34","Purchase","'70838153003582135","WXR1137","","PRIMAX 95","Billed","9.09","20.00","PSS JALAN GOPENG II","","Standalone","","","31 Jul 2018"
"10/07/2018 18:32","Reload","'70838153003582135","WXR1137","","","Billed","","-20.00","PSS JALAN GOPENG II","","Standalone","","","31 Jul 2018"