"Date Time","Transaction Type","Card Number","Vehicle Number","Driver Card Number","Product Type","Billing Type","Transaction Volume (Litres)","Transaction Amount (RM)","Station Name","Odometer","Card Type","Cost Centre","Cost Centre Name","Statement Month"
"30/07/2018 23:25","Purchase","'70838153003588017","WXR1707","","PRIMAX 95","Billed","46.47","102.23","PSS AIR KEROH RSA NORTH BOUND","192006","Standalone","","","31 Jul 2018"
"30/07/2018 23:20","Reload","'70838153003588017","WXR1707","","","Billed","","-100.00","PSS AIR KEROH RSA NORTH BOUND","","Standalone","","","31 Jul 2018"
"18/07/2018 21:42","Purchase","'70838153003588017","WXR1707","","PRIMAX 95","Billed","22.73","50.00","PSS USJ 4 UEP SUBANG JAYA","","Standalone","","","31 Jul 2018"
"18/07/2018 21:38","Reload","'70838153003588017","WXR1707","","","Billed","","-50.00","PSS USJ 4 UEP SUBANG JAYA","","Standalone","","","31 Jul 2018"
"09/07/2018 18:01","Purchase","'70838153003588017","WXR1707","","PRIMAX 95","Billed","22.73","50.00","PSS USJ 4 UEP SUBANG JAYA","311541","Standalone","","","31 Jul 2018"
"09/07/2018 17:58","Reload","'70838153003588017","WXR1707","","","Billed","","-50.00","PSS USJ 4 UEP SUBANG JAYA","","Standalone","","","31 Jul 2018"