"Date Time","Transaction Type","Card Number","Vehicle Number","Driver Card Number","Product Type","Billing Type","Transaction Volume (Litres)","Transaction Amount (RM)","Station Name","Odometer","Card Type","Cost Centre","Cost Centre Name","Statement Month"
"30/07/2018 06:41","Purchase","'70838153003498852","WXR894","","PRIMAX 95","Billed","27.28","60.01","PSS BAGAN SERAI","1153","Standalone","","","31 Jul 2018"
"30/07/2018 06:39","Reload","'70838153003498852","WXR894","","","Billed","","-80.00","PSS BAGAN SERAI","","Standalone","","","31 Jul 2018"
"27/07/2018 09:49","Purchase","'70838153003498852","WXR894","","PRIMAX 95","Billed","19.10","42.01","PSS BAGAN SERAI","1153","Standalone","","","31 Jul 2018"
"26/07/2018 08:42","Purchase","'70838153003498852","WXR894","","PRIMAX 95","Billed","3.63","7.99","PSS BAGAN SERAI","1153","Standalone","","","31 Jul 2018"
"26/07/2018 08:41","Reload","'70838153003498852","WXR894","","","Billed","","-50.00","PSS BAGAN SERAI","","Standalone","","","31 Jul 2018"
"17/07/2018 11:38","Purchase","'70838153003498852","WXR894","","PRIMAX 95","Billed","5.93","13.05","PSS BAGAN SERAI","1153","Standalone","","","31 Jul 2018"
"14/07/2018 06:49","Purchase","'70838153003498852","WXR894","","PRIMAX 95","Billed","3.73","8.21","PSS BAGAN SERAI","1153","Standalone","","","31 Jul 2018"
"09/07/2018 06:36","Purchase","'70838153003498852","WXR894","","PRIMAX 95","Billed","27.52","60.55","PSS BAGAN SERAI","1153","Standalone","","","31 Jul 2018"
"09/07/2018 06:34","Reload","'70838153003498852","WXR894","","","Billed","","-40.00","PSS BAGAN SERAI","","Standalone","","","31 Jul 2018"
"07/07/2018 22:25","Purchase","'70838153003498852","WXR894","","PRIMAX 95","Billed","3.72","8.19","PSS BAGAN SERAI","1153","Standalone","","","31 Jul 2018"
"07/07/2018 22:24","Reload","'70838153003498852","WXR894","","","Billed","","-50.00","PSS BAGAN SERAI","","Standalone","","","31 Jul 2018"
"05/07/2018 10:38","Purchase","'70838153003498852","WXR894","","PRIMAX 95","Billed","12.15","26.73","PSS BAGAN SERAI","1153","Standalone","","","31 Jul 2018"