"Date Time","Transaction Type","Card Number","Vehicle Number","Driver Card Number","Product Type","Billing Type","Transaction Volume (Litres)","Transaction Amount (RM)","Station Name","Odometer","Card Type","Cost Centre","Cost Centre Name","Statement Month"
"23/07/2018 17:06","Purchase","'70838153003705918","WXR 3538","","PRIMAX 97","Billed","1.33","3.40","PSS BUKIT BATU","","Standalone","","","31 Jul 2018"
"19/07/2018 17:42","Purchase","'70838153003705918","WXR 3538","","PRIMAX 97","Billed","3.48","8.90","PSS BUKIT BATU","","Standalone","","","31 Jul 2018"
"17/07/2018 18:05","Purchase","'70838153003705918","WXR 3538","","PRIMAX 97","Billed","2.97","7.70","PSS BUKIT BATU","","Standalone","","","31 Jul 2018"
"17/07/2018 18:04","Reload","'70838153003705918","WXR 3538","","","Billed","","-20.00","PSS BUKIT BATU","","Standalone","","","31 Jul 2018"
"07/07/2018 13:56","Purchase","'70838153003705918","WXR 3538","","PRIMAX 97","Billed","1.38","3.57","PSS BUKIT BATU","","Standalone","","","31 Jul 2018"
"02/07/2018 18:21","Purchase","'70838153003705918","WXR 3538","","PRIMAX 97","Billed","3.16","7.90","PSS BUKIT BATU","","Standalone","","","31 Jul 2018"
"02/07/2018 18:20","Reload","'70838153003705918","WXR 3538","","","Billed","","-10.00","PSS BUKIT BATU","","Standalone","","","31 Jul 2018"