"Date Time","Transaction Type","Card Number","Vehicle Number","Driver Card Number","Product Type","Billing Type","Transaction Volume (Litres)","Transaction Amount (RM)","Station Name","Odometer","Card Type","Cost Centre","Cost Centre Name","Statement Month"
"31/07/2018 20:08","Purchase","'70838153003923123","WXR 8495","","PRIMAX 95","Un-billed","2.27","5.00","PSS TTDI","12345","Standalone","","","Unbilled Transaction"
"26/07/2018 10:39","Purchase","'70838153003923123","WXR 8495","","PRIMAX 95","Billed","2.27","5.00","PSS BATU 5 GOMBAK","11111","Standalone","","","31 Jul 2018"
"25/07/2018 23:47","Purchase","'70838153003923123","WXR 8495","","PRIMAX 97","Billed","1.95","5.00","PSS Batu 5 Gombak 2","12345","Standalone","","","31 Jul 2018"
"25/07/2018 17:46","Purchase","'70838153003923123","WXR 8495","","PRIMAX 95","Billed","9.09","20.00","PSS SETIA ALAM","1000","Standalone","","","31 Jul 2018"
"25/07/2018 17:42","Reload","'70838153003923123","WXR 8495","","","Billed","","-30.00","PSS SETIA ALAM","","Standalone","","","31 Jul 2018"
"24/07/2018 08:41","Purchase","'70838153003923123","WXR 8495","","PRIMAX 95","Billed","2.27","5.00","PSS BATU 5 GOMBAK","35422","Standalone","","","31 Jul 2018"
"22/07/2018 13:38","Purchase","'70838153003923123","WXR 8495","","PRIMAX 95","Billed","4.55","10.00","PSS BATU 5 GOMBAK","35318","Standalone","","","31 Jul 2018"
"22/07/2018 13:35","Reload","'70838153003923123","WXR 8495","","","Billed","","-30.00","PSS BATU 5 GOMBAK","","Standalone","","","31 Jul 2018"