"Date Time","Transaction Type","Card Number","Vehicle Number","Driver Card Number","Product Type","Billing Type","Transaction Volume (Litres)","Transaction Amount (RM)","Station Name","Odometer","Card Type","Cost Centre","Cost Centre Name","Statement Month"
"29/07/2018 21:40","Purchase","'70838153003585997","WXR1809","","PRIMAX 95","Billed","13.64","30.00","PSS BATU 6 JALAN IPOH","","Standalone","","","31 Jul 2018"
"29/07/2018 21:39","Reload","'70838153003585997","WXR1809","","","Billed","","-30.00","PSS BATU 6 JALAN IPOH","","Standalone","","","31 Jul 2018"
"29/07/2018 11:01","Purchase","'70838153003585997","WXR1809","","PRIMAX 95","Billed","4.55","10.00","PSS BANDAR BARU SELAYANG FASA 2A","","Standalone","","","31 Jul 2018"
"29/07/2018 11:00","Reload","'70838153003585997","WXR1809","","","Billed","","-30.00","PSS BANDAR BARU SELAYANG FASA 2A","","Standalone","","","31 Jul 2018"
"24/07/2018 07:43","Purchase","'70838153003585997","WXR1809","","PRIMAX 95","Billed","2.27","5.00","PSS SG TUA","","Standalone","","","31 Jul 2018"
"21/07/2018 22:32","Purchase","'70838153003585997","WXR1809","","PRIMAX 95","Billed","9.09","20.00","PSS SELAYANG BARU","","Standalone","","","31 Jul 2018"
"21/07/2018 22:31","Reload","'70838153003585997","WXR1809","","","Billed","","-20.00","PSS SELAYANG BARU","","Standalone","","","31 Jul 2018"
"20/07/2018 21:50","Purchase","'70838153003585997","WXR1809","","PRIMAX 95","Billed","9.09","20.00","PSS SELAYANG BARU","","Standalone","","","31 Jul 2018"
"20/07/2018 21:49","Reload","'70838153003585997","WXR1809","","","Billed","","-20.00","PSS SELAYANG BARU","","Standalone","","","31 Jul 2018"
"19/07/2018 23:36","Purchase","'70838153003585997","WXR1809","","PRIMAX 95","Billed","4.55","10.00","PSS SG TUA","","Standalone","","","31 Jul 2018"
"11/07/2018 08:25","Purchase","'70838153003585997","WXR1809","","PRIMAX 95","Billed","4.55","10.00","PSS BANDAR BARU SELAYANG FASA 2A","","Standalone","","","31 Jul 2018"
"11/07/2018 08:24","Reload","'70838153003585997","WXR1809","","","Billed","","-20.00","PSS BANDAR BARU SELAYANG FASA 2A","","Standalone","","","31 Jul 2018"
"07/07/2018 20:41","Purchase","'70838153003585997","WXR1809","","PRIMAX 95","Billed","9.09","20.00","PSS SUNWAY BATU CAVES","","Standalone","","","31 Jul 2018"
"07/07/2018 20:40","Reload","'70838153003585997","WXR1809","","","Billed","","-20.00","PSS SUNWAY BATU CAVES","","Standalone","","","31 Jul 2018"
"07/07/2018 18:57","Purchase","'70838153003585997","WXR1809","","PRIMAX 95","Billed","4.55","10.00","PSS JALAN TUN RAZAK","","Standalone","","","31 Jul 2018"
"07/07/2018 10:04","Reload","'70838153003585997","WXR1809","","","Billed","","-20.00","PSS SELAYANG BARU","","Standalone","","","31 Jul 2018"
"07/07/2018 10:02","Purchase","'70838153003585997","WXR1809","","PRIMAX 95","Billed","2.27","5.00","PSS SELAYANG BARU","","Standalone","","","31 Jul 2018"
"03/07/2018 07:15","Purchase","'70838153003585997","WXR1809","","PRIMAX 95","Billed","2.27","5.00","PSS SG TUA","","Standalone","","","31 Jul 2018"
"02/07/2018 22:48","Purchase","'70838153003585997","WXR1809","","PRIMAX 95","Billed","13.64","30.00","PSS SG TUA","","Standalone","","","31 Jul 2018"
"02/07/2018 22:39","Reload","'70838153003585997","WXR1809","","","Billed","","-40.00","PSS SG TUA","","Standalone","","","31 Jul 2018"
"02/07/2018 10:45","Purchase","'70838153003585997","WXR1809","","PRIMAX 95","Billed","9.09","20.00","PSS BANDAR BARU SELAYANG FASA 2A","","Standalone","","","31 Jul 2018"
"01/07/2018 07:08","Purchase","'70838153003585997","WXR1809","","PRIMAX 95","Billed","9.09","20.00","PSS BANDAR BARU SELAYANG FASA 2A","","Standalone","","","31 Jul 2018"
"01/07/2018 07:06","Reload","'70838153003585997","WXR1809","","","Billed","","-40.00","PSS BANDAR BARU SELAYANG FASA 2A","","Standalone","","","31 Jul 2018"