"Date Time","Transaction Type","Card Number","Vehicle Number","Driver Card Number","Product Type","Billing Type","Transaction Volume (Litres)","Transaction Amount (RM)","Station Name","Odometer","Card Type","Cost Centre","Cost Centre Name","Statement Month"
"23/07/2018 16:16","Purchase","'70838153003584826","WXR1542","","PRIMAX 95","Billed","26.37","58.01","PSS TANJUNG KARANG 2","","Standalone","","","31 Jul 2018"
"23/07/2018 16:13","Reload","'70838153003584826","WXR1542","","","Billed","","-100.00","PSS TANJUNG KARANG 2","","Standalone","","","31 Jul 2018"
"17/07/2018 18:09","Purchase","'70838153003584826","WXR1542","","PRIMAX 95","Billed","21.36","47.00","PSS BT 9 TANJUNG KARANG","","Standalone","","","31 Jul 2018"
"13/07/2018 07:21","Purchase","'70838153003584826","WXR1542","","PRIMAX 95","Billed","22.73","50.00","PSS TANJUNG KARANG 2","","Standalone","","","31 Jul 2018"
"09/07/2018 10:25","Purchase","'70838153003584826","WXR1542","","PRIMAX 95","Billed","30.05","66.11","PSS TANJUNG KARANG 2","","Standalone","","","31 Jul 2018"
"04/07/2018 07:20","Purchase","'70838153003584826","WXR1542","","PRIMAX 95","Billed","34.13","75.08","PSS TANJUNG KARANG 2","","Standalone","","","31 Jul 2018"