"Date Time","Transaction Type","Card Number","Vehicle Number","Driver Card Number","Product Type","Billing Type","Transaction Volume (Litres)","Transaction Amount (RM)","Station Name","Odometer","Card Type","Cost Centre","Cost Centre Name","Statement Month"
"28/07/2018 19:24","Purchase","'70838153003498761","WXR443","","PRIMAX 95","Billed","33.18","73.00","PSS LDP PUCHONG UTAMA","","Standalone","","","31 Jul 2018"
"28/07/2018 19:23","Reload","'70838153003498761","WXR443","","","Billed","","-500.00","PSS LDP PUCHONG UTAMA","","Standalone","","","31 Jul 2018"
"24/07/2018 08:54","Purchase","'70838153003498761","WXR443","","PRIMAX 95","Billed","29.55","65.01","PSS PUCHONG GATEWAY","","Standalone","","","31 Jul 2018"
"17/07/2018 21:15","Purchase","'70838153003498761","WXR443","","PRIMAX 95","Billed","30.37","66.80","PSS KM 12.3 LEBUHRAYA PERSEKUTUAN","","Standalone","","","31 Jul 2018"
"15/07/2018 19:31","Purchase","'70838153003498761","WXR443","","PRIMAX 95","Billed","45.46","100.00","PSS KM 305 PLUS ARAH SELATAN","","Standalone","","","31 Jul 2018"
"12/07/2018 13:57","Purchase","'70838153003498761","WXR443","","PRIMAX 95","Billed","33.32","73.30","PSS LDP PUCHONG UTAMA","","Standalone","","","31 Jul 2018"
"05/07/2018 12:48","Purchase","'70838153003498761","WXR443","","PRIMAX 95","Billed","26.78","58.90","PSS NKVE HIGHWAY","","Standalone","","","31 Jul 2018"
"01/07/2018 16:23","Purchase","'70838153003498761","WXR443","","PRIMAX 95","Billed","30.59","67.30","PSS RNR KINRARA","","Standalone","","","31 Jul 2018"