"Date Time","Transaction Type","Card Number","Vehicle Number","Driver Card Number","Product Type","Billing Type","Transaction Volume (Litres)","Transaction Amount (RM)","Station Name","Odometer","Card Type","Cost Centre","Cost Centre Name","Statement Month"
"27/07/2018 22:38","Purchase","'70838153003423959","WXR284","","PRIMAX 95","Billed","9.09","20.00","PSS KM 11 JALAN SKUDAI","","Standalone","","","31 Jul 2018"
"26/07/2018 21:26","Purchase","'70838153003423959","WXR284","","PRIMAX 95","Billed","13.64","30.00","PSS BANDAR BARU AIR HITAM","","Standalone","","","31 Jul 2018"
"26/07/2018 21:24","Reload","'70838153003423959","WXR284","","","Billed","","-50.00","PSS BANDAR BARU AIR HITAM","","Standalone","","","31 Jul 2018"
"21/07/2018 20:25","Purchase","'70838153003423959","WXR284","","PRIMAX 95","Billed","22.73","50.00","PSS TAMAN TAMPOI UTAMA","","Standalone","","","31 Jul 2018"
"21/07/2018 20:24","Reload","'70838153003423959","WXR284","","","Billed","","-50.00","PSS TAMAN TAMPOI UTAMA","","Standalone","","","31 Jul 2018"
"19/07/2018 22:22","Purchase","'70838153003423959","WXR284","","PRIMAX 95","Billed","9.09","20.00","PSS NUSA BESTARI","","Standalone","","","31 Jul 2018"
"14/07/2018 13:25","Purchase","'70838153003423959","WXR284","","Diesel","Billed","45.87","100.00","PSS MUADZAM SHAH 2 (KM 78)","","Standalone","","","31 Jul 2018"
"14/07/2018 13:23","Reload","'70838153003423959","WXR284","","","Billed","","-50.00","PSS MUADZAM SHAH 2 (KM 78)","","Standalone","","","31 Jul 2018"
"14/07/2018 13:14","Reload","'70838153003423959","WXR284","","","Billed","","-70.00","PSS MUADZAM SHAH 2 (KM 78)","","Standalone","","","31 Jul 2018"
"13/07/2018 17:52","Purchase","'70838153003423959","WXR284","","Diesel","Billed","22.94","50.00","PSS BANDAR INDERA MAHKOTA","","Standalone","","","31 Jul 2018"
"13/07/2018 17:49","Reload","'70838153003423959","WXR284","","","Billed","","-50.00","PSS BANDAR INDERA MAHKOTA","","Standalone","","","31 Jul 2018"
"07/07/2018 10:52","Purchase","'70838153003423959","WXR284","","PRIMAX 95","Billed","18.18","40.00","PSS LEBUHRAYA PASIR GUDANG 3","","Standalone","","","31 Jul 2018"
"07/07/2018 10:50","Reload","'70838153003423959","WXR284","","","Billed","","-40.00","PSS LEBUHRAYA PASIR GUDANG 3","","Standalone","","","31 Jul 2018"
"01/07/2018 15:58","Purchase","'70838153003423959","WXR284","","PRIMAX 97","Billed","12.00","30.00","PSS KM 11 JALAN SKUDAI","","Standalone","","","31 Jul 2018"
"01/07/2018 15:56","Reload","'70838153003423959","WXR284","","","Billed","","-50.00","PSS KM 11 JALAN SKUDAI","","Standalone","","","31 Jul 2018"