"Date Time","Transaction Type","Card Number","Vehicle Number","Driver Card Number","Product Type","Billing Type","Transaction Volume (Litres)","Transaction Amount (RM)","Station Name","Odometer","Card Type","Cost Centre","Cost Centre Name","Statement Month"
"30/07/2018 09:10","Purchase","'70838153003422951","WXR172","","PRIMAX 95","Billed","4.44","9.77","PSS PADANG MAT SIRAT","","Standalone","","","31 Jul 2018"
"28/07/2018 16:11","Purchase","'70838153003422951","WXR172","","PRIMAX 95","Billed","22.73","50.00","PSS TOK SENIK","","Standalone","","","31 Jul 2018"
"28/07/2018 16:09","Reload","'70838153003422951","WXR172","","","Billed","","-40.00","PSS TOK SENIK","","Standalone","","","31 Jul 2018"
"25/07/2018 15:04","Purchase","'70838153003422951","WXR172","","PRIMAX 95","Billed","9.27","20.38","PSS TOK SENIK","","Standalone","","","31 Jul 2018"
"24/07/2018 11:31","Purchase","'70838153003422951","WXR172","","PRIMAX 95","Billed","31.82","70.00","PSS PANTAI KOK","","Standalone","","","31 Jul 2018"
"24/07/2018 11:30","Reload","'70838153003422951","WXR172","","","Billed","","-50.00","PSS PANTAI KOK","","Standalone","","","31 Jul 2018"
"20/07/2018 20:23","Purchase","'70838153003422951","WXR172","","PRIMAX 95","Billed","38.64","85.01","PSS PANTAI KOK","","Standalone","","","31 Jul 2018"
"20/07/2018 20:20","Reload","'70838153003422951","WXR172","","","Billed","","-100.00","PSS PANTAI KOK","","Standalone","","","31 Jul 2018"
"16/07/2018 11:47","Purchase","'70838153003422951","WXR172","","PRIMAX 95","Billed","27.28","60.00","PSS PANTAI KOK","","Standalone","","","31 Jul 2018"
"16/07/2018 11:42","Reload","'70838153003422951","WXR172","","","Billed","","-100.00","PSS PANTAI KOK","","Standalone","","","31 Jul 2018"
"12/07/2018 12:22","Purchase","'70838153003422951","WXR172","","PRIMAX 95","Billed","36.37","80.00","PSS PANTAI KOK","","Standalone","","","31 Jul 2018"