"Date Time","Transaction Type","Card Number","Vehicle Number","Driver Card Number","Product Type","Billing Type","Transaction Volume (Litres)","Transaction Amount (RM)","Station Name","Odometer","Card Type","Cost Centre","Cost Centre Name","Statement Month"
"31/07/2018 17:51","Purchase","'70838153003732284","WXR 6016","","PRIMAX 97","Un-billed","2.36","6.00","PSS MERBAU INDAH","","Standalone","","","Unbilled Transaction"
"30/07/2018 17:57","Purchase","'70838153003732284","WXR 6016","","PRIMAX 97","Billed","2.36","6.00","PSS MERBAU INDAH","","Standalone","","","31 Jul 2018"
"27/07/2018 17:50","Purchase","'70838153003732284","WXR 6016","","PRIMAX 97","Billed","2.36","6.00","PSS MERBAU INDAH","","Standalone","","","31 Jul 2018"
"26/07/2018 17:45","Purchase","'70838153003732284","WXR 6016","","PRIMAX 97","Billed","2.36","6.00","PSS MERBAU INDAH","","Standalone","","","31 Jul 2018"
"25/07/2018 17:47","Purchase","'70838153003732284","WXR 6016","","PRIMAX 97","Billed","2.74","7.00","PSS MERBAU INDAH","","Standalone","","","31 Jul 2018"
"25/07/2018 17:46","Reload","'70838153003732284","WXR 6016","","","Billed","","-130.00","PSS MERBAU INDAH","","Standalone","","","31 Jul 2018"
"24/07/2018 17:53","Purchase","'70838153003732284","WXR 6016","","PRIMAX 97","Billed","2.34","6.00","PSS MERBAU INDAH","","Standalone","","","31 Jul 2018"
"23/07/2018 18:12","Purchase","'70838153003732284","WXR 6016","","PRIMAX 97","Billed","2.35","6.00","PSS MERBAU INDAH","","Standalone","","","31 Jul 2018"
"21/07/2018 10:38","Purchase","'70838153003732284","WXR 6016","","PRIMAX 95","Billed","18.18","40.00","PSS  LATAR 2 (KLS ARAH KL)","","Standalone","","","31 Jul 2018"
"21/07/2018 10:36","Reload","'70838153003732284","WXR 6016","","","Billed","","-60.00","PSS  LATAR 2 (KLS ARAH KL)","","Standalone","","","31 Jul 2018"
"20/07/2018 17:59","Purchase","'70838153003732284","WXR 6016","","PRIMAX 97","Billed","2.34","6.00","PSS MERBAU INDAH","","Standalone","","","31 Jul 2018"
"18/07/2018 17:54","Purchase","'70838153003732284","WXR 6016","","PRIMAX 97","Billed","2.32","6.00","PSS MERBAU INDAH","","Standalone","","","31 Jul 2018"
"17/07/2018 17:55","Purchase","'70838153003732284","WXR 6016","","PRIMAX 97","Billed","2.32","6.00","PSS MERBAU INDAH","","Standalone","","","31 Jul 2018"
"16/07/2018 17:45","Purchase","'70838153003732284","WXR 6016","","PRIMAX 97","Billed","2.32","6.00","PSS MERBAU INDAH","","Standalone","","","31 Jul 2018"
"14/07/2018 18:04","Purchase","'70838153003732284","WXR 6016","","PRIMAX 95","Billed","22.73","50.00","PSS PUNCAK ALAM","","Standalone","","","31 Jul 2018"
"14/07/2018 18:03","Reload","'70838153003732284","WXR 6016","","","Billed","","-50.00","PSS PUNCAK ALAM","","Standalone","","","31 Jul 2018"
"13/07/2018 17:48","Purchase","'70838153003732284","WXR 6016","","PRIMAX 97","Billed","2.32","6.00","PSS MERBAU INDAH","","Standalone","","","31 Jul 2018"
"12/07/2018 17:56","Purchase","'70838153003732284","WXR 6016","","PRIMAX 97","Billed","2.32","6.00","PSS MERBAU INDAH","","Standalone","","","31 Jul 2018"
"11/07/2018 17:51","Purchase","'70838153003732284","WXR 6016","","PRIMAX 97","Billed","2.33","6.00","PSS MERBAU INDAH","","Standalone","","","31 Jul 2018"
"10/07/2018 17:55","Purchase","'70838153003732284","WXR 6016","","PRIMAX 97","Billed","2.71","7.00","PSS MERBAU INDAH","","Standalone","","","31 Jul 2018"
"10/07/2018 17:50","Purchase","'70838153003732284","WXR 6016","","PRIMAX 97","Billed","0.05","0.12","PSS MERBAU INDAH","","Standalone","","","31 Jul 2018"
"10/07/2018 17:49","Reload","'70838153003732284","WXR 6016","","","Billed","","-40.00","PSS MERBAU INDAH","","Standalone","","","31 Jul 2018"
"09/07/2018 13:10","Purchase","'70838153003732284","WXR 6016","","PRIMAX 97","Billed","3.10","8.00","PSS MERBAU INDAH","","Standalone","","","31 Jul 2018"
"09/07/2018 13:09","Reload","'70838153003732284","WXR 6016","","","Billed","","-20.00","PSS MERBAU INDAH","","Standalone","","","31 Jul 2018"
"06/07/2018 17:52","Purchase","'70838153003732284","WXR 6016","","PRIMAX 97","Billed","1.16","3.00","PSS MERBAU INDAH","","Standalone","","","31 Jul 2018"
"06/07/2018 12:55","Purchase","'70838153003732284","WXR 6016","","PRIMAX 97","Billed","1.94","5.00","PSS BANGSAR","","Standalone","","","31 Jul 2018"
"05/07/2018 17:50","Purchase","'70838153003732284","WXR 6016","","PRIMAX 97","Billed","2.33","6.00","PSS MERBAU INDAH","","Standalone","","","31 Jul 2018"