"Date Time","Transaction Type","Card Number","Vehicle Number","Driver Card Number","Product Type","Billing Type","Transaction Volume (Litres)","Transaction Amount (RM)","Station Name","Odometer","Card Type","Cost Centre","Cost Centre Name","Statement Month"
"11/07/2018 22:27","Purchase","'70838153003677075","WXR 2856","","PRIMAX 95","Billed","0.24","0.53","PSS JLN KUCHING","160736","Standalone","","","31 Jul 2018"
"09/07/2018 15:04","Purchase","'70838153003677075","WXR 2856","","PRIMAX 95","Billed","0.04","0.08","PSS ALAM SUTERA","29034","Standalone","","","31 Jul 2018"
"09/07/2018 14:56","Purchase","'70838153003677075","WXR 2856","","PRIMAX 95","Billed","0.89","1.94","PSS ALAM SUTERA","29034","Standalone","","","31 Jul 2018"
"05/07/2018 18:18","Purchase","'70838153003677075","WXR 2856","","PRIMAX 95","Billed","2.73","6.00","PSS SETAPAK","28873","Standalone","","","31 Jul 2018"
"03/07/2018 15:51","Purchase","'70838153003677075","WXR 2856","","PRIMAX 95","Billed","3.68","8.10","PSS RAWANG TEMPLER","28671","Standalone","","","31 Jul 2018"