"Date Time","Transaction Type","Card Number","Vehicle Number","Driver Card Number","Product Type","Billing Type","Transaction Volume (Litres)","Transaction Amount (RM)","Station Name","Odometer","Card Type","Cost Centre","Cost Centre Name","Statement Month"
"27/07/2018 06:47","Purchase","'70838153003728183","WXR 5398","","PRIMAX 95","Billed","14.55","32.00","PSS JALAN SEGAMA","","Standalone","","","31 Jul 2018"
"21/07/2018 18:25","Purchase","'70838153003728183","WXR 5398","","PRIMAX 95","Billed","20.00","44.00","PSS JALAN SEGAMA","4255","Standalone","","","31 Jul 2018"
"21/07/2018 18:23","Reload","'70838153003728183","WXR 5398","","","Billed","","-50.00","PSS JALAN SEGAMA","","Standalone","","","31 Jul 2018"
"16/07/2018 17:16","Purchase","'70838153003728183","WXR 5398","","PRIMAX 95","Billed","20.00","44.00","PSS JALAN SEGAMA","44","Standalone","","","31 Jul 2018"
"16/07/2018 17:12","Reload","'70838153003728183","WXR 5398","","","Billed","","-50.00","PSS JALAN SEGAMA","","Standalone","","","31 Jul 2018"