"Date Time","Transaction Type","Card Number","Vehicle Number","Driver Card Number","Product Type","Billing Type","Transaction Volume (Litres)","Transaction Amount (RM)","Station Name","Odometer","Card Type","Cost Centre","Cost Centre Name","Statement Month"
"25/07/2018 21:01","Purchase","'70838153003677281","WXR 2238","","PRIMAX 95","Billed","30.75","67.66","PSS RAWAT & REHAT(S) KL- SEREMBAN","193496","Standalone","","","31 Jul 2018"
"25/07/2018 21:00","Reload","'70838153003677281","WXR 2238","","","Billed","","-100.00","PSS RAWAT & REHAT(S) KL- SEREMBAN","","Standalone","","","31 Jul 2018"
"23/07/2018 18:37","Purchase","'70838153003677281","WXR 2238","","PRIMAX 95","Billed","34.68","76.30","PSS DATO SERI HJ MOHD ZAIN","193192","Standalone","","","31 Jul 2018"
"20/07/2018 15:12","Purchase","'70838153003677281","WXR 2238","","PRIMAX 95","Billed","26.92","59.22","PSS AIR KEROH 1","192860","Standalone","","","31 Jul 2018"
"19/07/2018 13:05","Purchase","'70838153003677281","WXR 2238","","PRIMAX 95","Billed","17.28","38.02","PSS RAWAT & REHAT (U) SBAN-KL","192537","Standalone","","","31 Jul 2018"
"18/07/2018 12:03","Purchase","'70838153003677281","WXR 2238","","PRIMAX 95","Billed","33.58","73.87","PSS MITC","192167","Standalone","","","31 Jul 2018"
"14/07/2018 17:15","Purchase","'70838153003677281","WXR 2238","","PRIMAX 95","Billed","23.91","52.59","PSS RAWAT & REHAT(S) KL- SEREMBAN","191499","Standalone","","","31 Jul 2018"
"14/07/2018 17:13","Reload","'70838153003677281","WXR 2238","","","Billed","","-300.00","PSS RAWAT & REHAT(S) KL- SEREMBAN","","Standalone","","","31 Jul 2018"
"14/07/2018 13:41","Purchase","'70838153003677281","WXR 2238","","PRIMAX 95","Billed","6.30","13.87","PSS SIMPANG EMPAT","191407","Standalone","","","31 Jul 2018"
"12/07/2018 16:01","Purchase","'70838153003677281","WXR 2238","","PRIMAX 95","Billed","33.17","72.98","PSS DURIAN TUNGGAL","191206","Standalone","","","31 Jul 2018"
"09/07/2018 16:10","Purchase","'70838153003677281","WXR 2238","","PRIMAX 95","Billed","37.17","81.78","PSS MITC","190854","Standalone","","","31 Jul 2018"
"07/07/2018 15:36","Purchase","'70838153003677281","WXR 2238","","PRIMAX 95","Billed","36.18","79.59","PSS MITC","190445","Standalone","","","31 Jul 2018"
"03/07/2018 12:32","Purchase","'70838153003677281","WXR 2238","","PRIMAX 95","Billed","35.83","78.82","PSS AYER KEROH 3","190131","Standalone","","","31 Jul 2018"