"Date Time","Transaction Type","Card Number","Vehicle Number","Driver Card Number","Product Type","Billing Type","Transaction Volume (Litres)","Transaction Amount (RM)","Station Name","Odometer","Card Type","Cost Centre","Cost Centre Name","Statement Month"
"26/07/2018 20:24","Purchase","'70838153003582283","WXR1152","","PRIMAX 97","Billed","19.69","50.00","PSS KELANA JAYA 2","3327","Standalone","","","31 Jul 2018"
"21/07/2018 08:34","Purchase","'70838153003582283","WXR1152","","PRIMAX 97","Billed","19.53","50.00","PSS KELANA JAYA 2","3327","Standalone","","","31 Jul 2018"
"21/07/2018 08:32","Reload","'70838153003582283","WXR1152","","","Billed","","-100.00","PSS KELANA JAYA 2","","Standalone","","","31 Jul 2018"
"21/07/2018 08:30","Purchase","'70838153003582283","WXR1152","","PRIMAX 97","Billed","5.28","13.50","PSS KELANA JAYA 2","3327","Standalone","","","31 Jul 2018"
"14/07/2018 10:21","Purchase","'70838153003582283","WXR1152","","PRIMAX 97","Billed","19.31","50.00","PSS KELANA JAYA 2","3327","Standalone","","","31 Jul 2018"
"07/07/2018 10:33","Purchase","'70838153003582283","WXR1152","","PRIMAX 97","Billed","19.38","50.00","PSS KELANA JAYA 2","3327","Standalone","","","31 Jul 2018"
"07/07/2018 10:31","Reload","'70838153003582283","WXR1152","","","Billed","","-100.00","PSS KELANA JAYA 2","","Standalone","","","31 Jul 2018"