"Date Time","Transaction Type","Card Number","Vehicle Number","Driver Card Number","Product Type","Billing Type","Transaction Volume (Litres)","Transaction Amount (RM)","Station Name","Odometer","Card Type","Cost Centre","Cost Centre Name","Statement Month"
"31/07/2018 23:10","Purchase","'70838153003580840","WXR1061","","PRIMAX 95","Un-billed","22.73","50.00","PSS BANDAR TIRAM","568456","Standalone","","","Unbilled Transaction"
"29/07/2018 07:11","Purchase","'70838153003580840","WXR1061","","PRIMAX 95","Billed","13.64","30.00","PSS TAMAN DAYA","55859","Standalone","","","31 Jul 2018"
"29/07/2018 07:10","Reload","'70838153003580840","WXR1061","","","Billed","","-100.00","PSS TAMAN DAYA","","Standalone","","","31 Jul 2018"
"28/07/2018 12:45","Purchase","'70838153003580840","WXR1061","","PRIMAX 95","Billed","9.09","20.00","PSS JALAN ULU TIRAM","565898","Standalone","","","31 Jul 2018"
"27/07/2018 17:13","Reload","'70838153003580840","WXR1061","","","Billed","","-30.00","PSS TAMAN SETIA INDAH","","Standalone","","","31 Jul 2018"