"Date Time","Transaction Type","Card Number","Vehicle Number","Driver Card Number","Product Type","Billing Type","Transaction Volume (Litres)","Transaction Amount (RM)","Station Name","Odometer","Card Type","Cost Centre","Cost Centre Name","Statement Month"
"28/07/2018 17:54","Purchase","'70838153003732797","WXR 5764","","PRIMAX 95","Billed","27.27","60.00","PSS CHANGLOON","","Standalone","","","31 Jul 2018"
"28/07/2018 17:53","Reload","'70838153003732797","WXR 5764","","","Billed","","-60.00","PSS CHANGLOON","","Standalone","","","31 Jul 2018"
"21/07/2018 20:07","Purchase","'70838153003732797","WXR 5764","","PRIMAX 95","Billed","27.27","60.00","PSS CHANGLOON","","Standalone","","","31 Jul 2018"
"21/07/2018 20:06","Reload","'70838153003732797","WXR 5764","","","Billed","","-60.00","PSS CHANGLOON","","Standalone","","","31 Jul 2018"
"14/07/2018 20:51","Purchase","'70838153003732797","WXR 5764","","PRIMAX 95","Billed","27.27","60.00","PSS TMN TENGKU MAHERAN","","Standalone","","","31 Jul 2018"
"14/07/2018 20:50","Reload","'70838153003732797","WXR 5764","","","Billed","","-60.00","PSS TMN TENGKU MAHERAN","","Standalone","","","31 Jul 2018"