"Date Time","Transaction Type","Card Number","Vehicle Number","Driver Card Number","Product Type","Billing Type","Transaction Volume (Litres)","Transaction Amount (RM)","Station Name","Odometer","Card Type","Cost Centre","Cost Centre Name","Statement Month"
"28/07/2018 12:46","Purchase","'70838153003924550","WXR 8610","","PRIMAX 95","Billed","7.73","17.00","PSS TAMAN DAGANG","","Standalone","","","31 Jul 2018"
"24/07/2018 15:50","Purchase","'70838153003924550","WXR 8610","","PRIMAX 95","Billed","2.73","6.00","PSS TAMAN DAGANG","","Standalone","","","31 Jul 2018"
"18/07/2018 14:39","Reload","'70838153003924550","WXR 8610","","","Billed","","-20.00","PSS TAMAN CEMPAKA","","Standalone","","","31 Jul 2018"
"12/07/2018 11:08","Purchase","'70838153003924550","WXR 8610","","PRIMAX 95","Billed","2.28","5.00","PSS TAMAN DAGANG","","Standalone","","","31 Jul 2018"
"09/07/2018 18:14","Reload","'70838153003924550","WXR 8610","","","Billed","","-10.00","PSS TAMAN CEMPAKA","","Standalone","","","31 Jul 2018"
"07/07/2018 14:27","Purchase","'70838153003924550","WXR 8610","","PRIMAX 95","Billed","9.09","20.00","PSS PANDAN INDAH","","Standalone","","","31 Jul 2018"