"Date Time","Transaction Type","Card Number","Vehicle Number","Driver Card Number","Product Type","Billing Type","Transaction Volume (Litres)","Transaction Amount (RM)","Station Name","Odometer","Card Type","Cost Centre","Cost Centre Name","Statement Month"
"22/07/2018 10:41","Purchase","'70838153003580584","WXR1055","","PRIMAX 95","Billed","36.36","80.00","PSS LUBUK CHINA","","Standalone","","","31 Jul 2018"
"22/07/2018 10:40","Reload","'70838153003580584","WXR1055","","","Billed","","-100.00","PSS LUBUK CHINA","","Standalone","","","31 Jul 2018"
"19/07/2018 15:21","Purchase","'70838153003580584","WXR1055","","PRIMAX 95","Billed","27.27","60.00","PSS LUBUK CHINA","","Standalone","","","31 Jul 2018"
"19/07/2018 15:19","Reload","'70838153003580584","WXR1055","","","Billed","","-60.00","PSS LUBUK CHINA","","Standalone","","","31 Jul 2018"
"15/07/2018 12:51","Purchase","'70838153003580584","WXR1055","","PRIMAX 95","Billed","22.73","50.00","PSS LUBUK CHINA","","Standalone","","","31 Jul 2018"
"15/07/2018 12:49","Reload","'70838153003580584","WXR1055","","","Billed","","-50.00","PSS LUBUK CHINA","","Standalone","","","31 Jul 2018"
"07/07/2018 12:52","Purchase","'70838153003580584","WXR1055","","PRIMAX 95","Billed","31.82","70.00","PSS LUBUK CHINA","","Standalone","","","31 Jul 2018"
"07/07/2018 12:51","Reload","'70838153003580584","WXR1055","","","Billed","","-50.00","PSS LUBUK CHINA","","Standalone","","","31 Jul 2018"
"01/07/2018 11:45","Purchase","'70838153003580584","WXR1055","","PRIMAX 95","Billed","18.18","40.00","PSS RAWAT & REHAT (U) SBAN-KL","","Standalone","","","31 Jul 2018"
"01/07/2018 11:44","Reload","'70838153003580584","WXR1055","","","Billed","","-50.00","PSS RAWAT & REHAT (U) SBAN-KL","","Standalone","","","31 Jul 2018"