"Date Time","Transaction Type","Card Number","Vehicle Number","Driver Card Number","Product Type","Billing Type","Transaction Volume (Litres)","Transaction Amount (RM)","Station Name","Odometer","Card Type","Cost Centre","Cost Centre Name","Statement Month"
"15/07/2018 21:44","Purchase","'70838153003500293","WXR673","","PRIMAX 95","Billed","22.73","50.00","PSS BANDAR JERTEH","","Standalone","","","31 Jul 2018"
"15/07/2018 21:43","Reload","'70838153003500293","WXR673","","","Billed","","-50.00","PSS BANDAR JERTEH","","Standalone","","","31 Jul 2018"
"14/07/2018 16:59","Purchase","'70838153003500293","WXR673","","PRIMAX 95","Billed","9.09","20.00","PSS BANDAR JERTEH","","Standalone","","","31 Jul 2018"
"13/07/2018 18:57","Purchase","'70838153003500293","WXR673","","PRIMAX 95","Billed","13.64","30.00","PSS KAMPUNG RAJA BESUT","","Standalone","","","31 Jul 2018"
"13/07/2018 18:54","Reload","'70838153003500293","WXR673","'70838153003500293","","Billed","","-50.00","PSS KAMPUNG RAJA BESUT","","Standalone","","","31 Jul 2018"
"10/07/2018 14:12","Purchase","'70838153003500293","WXR673","","PRIMAX 95","Billed","13.64","30.00","PSS MERANG","","Standalone","","","31 Jul 2018"
"09/07/2018 16:46","Purchase","'70838153003500293","WXR673","","PRIMAX 95","Billed","9.09","20.00","PSS BANDAR JERTEH","","Standalone","","","31 Jul 2018"
"09/07/2018 16:45","Reload","'70838153003500293","WXR673","","","Billed","","-50.00","PSS BANDAR JERTEH","","Standalone","","","31 Jul 2018"
"09/07/2018 16:43","Purchase","'70838153003500293","WXR673","","PRIMAX 95","Billed","3.98","8.75","PSS BANDAR JERTEH","","Standalone","","","31 Jul 2018"
"07/07/2018 07:52","Purchase","'70838153003500293","WXR673","","PRIMAX 95","Billed","18.18","40.00","PSS KAMPUNG RAJA BESUT","","Standalone","","","31 Jul 2018"
"05/07/2018 08:37","Purchase","'70838153003500293","WXR673","","PRIMAX 95","Billed","13.64","30.00","PSS KAMPUNG RAJA BESUT","","Standalone","","","31 Jul 2018"
"05/07/2018 08:36","Reload","'70838153003500293","WXR673","'70838153003500293","","Billed","","-50.00","PSS KAMPUNG RAJA BESUT","","Standalone","","","31 Jul 2018"
"03/07/2018 10:23","Purchase","'70838153003500293","WXR673","","PRIMAX 95","Billed","13.64","30.00","PSS BANDAR JERTEH","30","Standalone","","","31 Jul 2018"
"03/07/2018 10:21","Reload","'70838153003500293","WXR673","","","Billed","","-50.00","PSS BANDAR JERTEH","","Standalone","","","31 Jul 2018"