"Date Time","Transaction Type","Card Number","Vehicle Number","Driver Card Number","Product Type","Billing Type","Transaction Volume (Litres)","Transaction Amount (RM)","Station Name","Odometer","Card Type","Cost Centre","Cost Centre Name","Statement Month"
"14/07/2018 21:02","Purchase","'70838153003729512","WXR 5064","","PRIMAX 95","Billed","9.09","20.00","PSS PEKAN BARU SUBANG","8434","Standalone","","","31 Jul 2018"
"14/07/2018 21:01","Reload","'70838153003729512","WXR 5064","","","Billed","","-20.00","PSS PEKAN BARU SUBANG","","Standalone","","","31 Jul 2018"
"14/07/2018 15:39","Purchase","'70838153003729512","WXR 5064","","PRIMAX 95","Billed","25.00","55.00","PSS SUBANG BESTARI","8434","Standalone","","","31 Jul 2018"
"14/07/2018 15:37","Reload","'70838153003729512","WXR 5064","","","Billed","","-60.00","PSS SUBANG BESTARI","","Standalone","","","31 Jul 2018"
"11/07/2018 13:07","Purchase","'70838153003729512","WXR 5064","","PRIMAX 95","Billed","9.09","20.00","PSS PEKAN BARU SUBANG","8434","Standalone","","","31 Jul 2018"
"11/07/2018 13:06","Reload","'70838153003729512","WXR 5064","","","Billed","","-20.00","PSS PEKAN BARU SUBANG","","Standalone","","","31 Jul 2018"
"05/07/2018 22:10","Purchase","'70838153003729512","WXR 5064","","PRIMAX 95","Billed","25.00","55.00","PSS PEKAN BARU SUBANG","8434","Standalone","","","31 Jul 2018"
"05/07/2018 22:09","Reload","'70838153003729512","WXR 5064","","","Billed","","-60.00","PSS PEKAN BARU SUBANG","","Standalone","","","31 Jul 2018"