"Date Time","Transaction Type","Card Number","Vehicle Number","Driver Card Number","Product Type","Billing Type","Transaction Volume (Litres)","Transaction Amount (RM)","Station Name","Odometer","Card Type","Cost Centre","Cost Centre Name","Statement Month"
"31/07/2018 14:21","Purchase","'70838153003580600","WXR1057","","PRIMAX 95","Billed","2.47","5.42","PSS SEKSYEN 16 BANDAR BARU BANGI","","Standalone","","","31 Jul 2018"
"29/07/2018 16:26","Purchase","'70838153003580600","WXR1057","","PRIMAX 95","Billed","22.73","50.00","PSS SECT 15 BB BANGI","","Standalone","","","31 Jul 2018"
"28/07/2018 11:24","Purchase","'70838153003580600","WXR1057","","PRIMAX 95","Billed","13.64","30.00","PSS ELITE HIGHWAY","","Standalone","","","31 Jul 2018"
"25/07/2018 19:05","Reload","'70838153003580600","WXR1057","","","Billed","","-100.00","PSS SECT 15 BB BANGI","","Standalone","","","31 Jul 2018"
"24/07/2018 19:08","Purchase","'70838153003580600","WXR1057","","PRIMAX 95","Billed","15.45","34.00","PSS LUBUK CHINA","","Standalone","","","31 Jul 2018"
"23/07/2018 19:57","Purchase","'70838153003580600","WXR1057","","PRIMAX 95","Billed","22.73","50.00","PSS SIMPANG PULAI ARAH SELATAN","","Standalone","","","31 Jul 2018"
"23/07/2018 19:55","Purchase","'70838153003580600","WXR1057","","PRIMAX 95","Billed","30.00","66.00","PSS SIMPANG PULAI ARAH SELATAN","","Standalone","","","31 Jul 2018"
"23/07/2018 12:03","Reload","'70838153003580600","WXR1057","","","Billed","","-150.00","PSS JALAN KUALA PERLIS","","Standalone","","","31 Jul 2018"
"22/07/2018 08:37","Purchase","'70838153003580600","WXR1057","","PRIMAX 95","Billed","5.50","12.09","PSS KELEBANG LANGKAWI","","Standalone","","","31 Jul 2018"
"21/07/2018 21:22","Purchase","'70838153003580600","WXR1057","","PRIMAX 95","Billed","4.55","10.00","PSS KELEBANG LANGKAWI","","Standalone","","","31 Jul 2018"
"21/07/2018 16:54","Purchase","'70838153003580600","WXR1057","","PRIMAX 95","Billed","10.00","22.00","PSS KUAH LANGKAWI","","Standalone","","","31 Jul 2018"
"21/07/2018 13:47","Purchase","'70838153003580600","WXR1057","","PRIMAX 95","Billed","30.36","66.80","PSS MUKIM ARAU","","Standalone","","","31 Jul 2018"
"20/07/2018 22:24","Purchase","'70838153003580600","WXR1057","","PRIMAX 95","Billed","27.28","60.01","PSS SECT 15 BB BANGI","","Standalone","","","31 Jul 2018"
"20/07/2018 22:20","Purchase","'70838153003580600","WXR1057","","PRIMAX 95","Billed","36.37","80.00","PSS SECT 15 BB BANGI","","Standalone","","","31 Jul 2018"
"20/07/2018 22:19","Reload","'70838153003580600","WXR1057","","","Billed","","-250.00","PSS SECT 15 BB BANGI","","Standalone","","","31 Jul 2018"
"07/07/2018 15:55","Purchase","'70838153003580600","WXR1057","","PRIMAX 95","Billed","11.03","24.27","PSS SECT 15 BB BANGI","","Standalone","","","31 Jul 2018"
"06/07/2018 18:13","Purchase","'70838153003580600","WXR1057","","PRIMAX 95","Billed","13.64","30.00","PSS SECT 15 BB BANGI","","Standalone","","","31 Jul 2018"