"Date Time","Transaction Type","Card Number","Vehicle Number","Driver Card Number","Product Type","Billing Type","Transaction Volume (Litres)","Transaction Amount (RM)","Station Name","Odometer","Card Type","Cost Centre","Cost Centre Name","Statement Month"
"31/07/2018 12:00","Purchase","'70838153003496096","WXR349","","PRIMAX 95","Billed","36.37","80.00","PSS MAMBANG DI AWAN","1122","Standalone","","","31 Jul 2018"
"31/07/2018 11:58","Reload","'70838153003496096","WXR349","","","Billed","","-80.00","PSS MAMBANG DI AWAN","","Standalone","","","31 Jul 2018"
"26/07/2018 23:43","Purchase","'70838153003496096","WXR349","","PRIMAX 95","Billed","22.73","50.00","PSS BANDAR INDERA MAHKOTA","1122","Standalone","","","31 Jul 2018"
"26/07/2018 23:40","Reload","'70838153003496096","WXR349","","","Billed","","-50.00","PSS BANDAR INDERA MAHKOTA","","Standalone","","","31 Jul 2018"
"25/07/2018 12:56","Purchase","'70838153003496096","WXR349","","PRIMAX 95","Billed","22.73","50.00","PSS JALAN GAMBANG","1122","Standalone","","","31 Jul 2018"
"25/07/2018 12:53","Reload","'70838153003496096","WXR349","","","Billed","","-50.00","PSS JALAN GAMBANG","","Standalone","","","31 Jul 2018"
"20/07/2018 13:50","Purchase","'70838153003496096","WXR349","","PRIMAX 95","Billed","31.82","70.00","PSS KAMPUNG AWAH","1122","Standalone","","","31 Jul 2018"
"20/07/2018 13:49","Reload","'70838153003496096","WXR349","","","Billed","","-50.00","PSS KAMPUNG AWAH","","Standalone","","","31 Jul 2018"
"19/07/2018 12:41","Purchase","'70838153003496096","WXR349","","PRIMAX 95","Billed","38.20","84.04","PSS CHENDERING","1122","Standalone","","","31 Jul 2018"
"19/07/2018 12:40","Reload","'70838153003496096","WXR349","","","Billed","","-100.00","PSS CHENDERING","","Standalone","","","31 Jul 2018"
"17/07/2018 14:07","Purchase","'70838153003496096","WXR349","","PRIMAX 95","Billed","45.45","100.00","PSS JALAN GAMBANG","1122","Standalone","","","31 Jul 2018"
"17/07/2018 13:55","Reload","'70838153003496096","WXR349","","","Billed","","-100.00","PSS JALAN GAMBANG","","Standalone","","","31 Jul 2018"
"14/07/2018 14:30","Purchase","'70838153003496096","WXR349","","PRIMAX 95","Billed","22.73","50.00","PSS JALAN GAMBANG","1122","Standalone","","","31 Jul 2018"
"14/07/2018 14:29","Reload","'70838153003496096","WXR349","","","Billed","","-50.00","PSS JALAN GAMBANG","","Standalone","","","31 Jul 2018"
"12/07/2018 09:47","Purchase","'70838153003496096","WXR349","","PRIMAX 95","Billed","22.73","50.00","PSS JALAN GAMBANG","1122","Standalone","","","31 Jul 2018"
"12/07/2018 09:38","Reload","'70838153003496096","WXR349","","","Billed","","-50.00","PSS JALAN GAMBANG","","Standalone","","","31 Jul 2018"
"09/07/2018 12:15","Purchase","'70838153003496096","WXR349","","PRIMAX 95","Billed","22.73","50.00","PSS JALAN GAMBANG","1122","Standalone","","","31 Jul 2018"
"09/07/2018 12:13","Reload","'70838153003496096","WXR349","","","Billed","","-50.00","PSS JALAN GAMBANG","","Standalone","","","31 Jul 2018"