"Date Time","Transaction Type","Card Number","Vehicle Number","Driver Card Number","Product Type","Billing Type","Transaction Volume (Litres)","Transaction Amount (RM)","Station Name","Odometer","Card Type","Cost Centre","Cost Centre Name","Statement Month"
"30/07/2018 21:12","Purchase","'70838153003681655","WXR 2338","","PRIMAX 95","Billed","22.73","50.00","PSS KOTA DAMANSARA 2","","Standalone","","","31 Jul 2018"
"30/07/2018 21:07","Reload","'70838153003681655","WXR 2338","","","Billed","","-50.00","PSS KOTA DAMANSARA 2","","Standalone","","","31 Jul 2018"
"28/07/2018 09:16","Purchase","'70838153003681655","WXR 2338","","PRIMAX 95","Billed","31.82","70.00","PSS PETRONAS KARAK REST","","Standalone","","","31 Jul 2018"
"28/07/2018 09:15","Reload","'70838153003681655","WXR 2338","","","Billed","","-70.00","PSS PETRONAS KARAK REST","","Standalone","","","31 Jul 2018"
"27/07/2018 07:44","Purchase","'70838153003681655","WXR 2338","","PRIMAX 95","Billed","22.73","50.00","PSS PANDAN INDAH","","Standalone","","","31 Jul 2018"
"25/07/2018 17:12","Purchase","'70838153003681655","WXR 2338","","PRIMAX 95","Billed","22.73","50.00","PSS KLIA 2","","Standalone","","","31 Jul 2018"
"25/07/2018 17:03","Reload","'70838153003681655","WXR 2338","","","Billed","","-100.00","PSS KLIA 2","","Standalone","","","31 Jul 2018"
"20/07/2018 15:17","Purchase","'70838153003681655","WXR 2338","","PRIMAX 95","Billed","22.73","50.00","PSS KLIA 2","","Standalone","","","31 Jul 2018"
"20/07/2018 15:16","Reload","'70838153003681655","WXR 2338","","","Billed","","-50.00","PSS KLIA 2","","Standalone","","","31 Jul 2018"
"17/07/2018 11:45","Purchase","'70838153003681655","WXR 2338","","PRIMAX 95","Billed","22.73","50.00","PSS SUBANG AIRPORT","","Standalone","","","31 Jul 2018"
"17/07/2018 11:43","Reload","'70838153003681655","WXR 2338","","","Billed","","-50.00","PSS SUBANG AIRPORT","","Standalone","","","31 Jul 2018"