"Date Time","Transaction Type","Card Number","Vehicle Number","Driver Card Number","Product Type","Billing Type","Transaction Volume (Litres)","Transaction Amount (RM)","Station Name","Odometer","Card Type","Cost Centre","Cost Centre Name","Statement Month"
"29/07/2018 09:16","Purchase","'70838153003500681","WXR512","","PRIMAX 95","Billed","24.26","53.37","PSS KUAH LANGKAWI","","Standalone","","","31 Jul 2018"
"28/07/2018 18:27","Purchase","'70838153003500681","WXR512","","Diesel","Billed","32.55","70.96","PSS KELEBANG LANGKAWI","","Standalone","","","31 Jul 2018"
"22/07/2018 09:33","Purchase","'70838153003500681","WXR512","","PRIMAX 95","Billed","22.73","50.00","PSS KUAH LANGKAWI","","Standalone","","","31 Jul 2018"
"22/07/2018 09:32","Reload","'70838153003500681","WXR512","","","Billed","","-100.00","PSS KUAH LANGKAWI","","Standalone","","","31 Jul 2018"
"19/07/2018 09:30","Purchase","'70838153003500681","WXR512","","Diesel","Billed","37.69","82.16","PSS PADANG MAT SIRAT","","Standalone","","","31 Jul 2018"
"19/07/2018 09:28","Reload","'70838153003500681","WXR512","","","Billed","","-150.00","PSS PADANG MAT SIRAT","","Standalone","","","31 Jul 2018"
"11/07/2018 14:24","Purchase","'70838153003500681","WXR512","","PRIMAX 95","Billed","22.73","50.00","PSS KELEBANG LANGKAWI","","Standalone","","","31 Jul 2018"
"06/07/2018 09:02","Purchase","'70838153003500681","WXR512","","PRIMAX 95","Billed","22.73","50.00","PSS KELEBANG LANGKAWI","","Standalone","","","31 Jul 2018"
"02/07/2018 11:21","Purchase","'70838153003500681","WXR512","","PRIMAX 95","Billed","23.28","51.20","PSS TOK SENIK","","Standalone","","","31 Jul 2018"