"Date Time","Transaction Type","Card Number","Vehicle Number","Driver Card Number","Product Type","Billing Type","Transaction Volume (Litres)","Transaction Amount (RM)","Station Name","Odometer","Card Type","Cost Centre","Cost Centre Name","Statement Month"
"27/07/2018 18:15","Purchase","'70838153003501143","WXR700","","PRIMAX 95","Billed","25.00","55.00","PSS BANDAR BARU NILAI","187000","Standalone","","","31 Jul 2018"
"22/07/2018 19:33","Purchase","'70838153003501143","WXR700","","PRIMAX 95","Billed","25.00","55.00","PSS BANDAR SERI PUTRA","186500","Standalone","","","31 Jul 2018"
"18/07/2018 18:06","Purchase","'70838153003501143","WXR700","","PRIMAX 95","Billed","25.00","55.00","PSS BANDAR BARU NILAI","186600","Standalone","","","31 Jul 2018"
"18/07/2018 18:05","Reload","'70838153003501143","WXR700","","","Billed","","-250.00","PSS BANDAR BARU NILAI","","Standalone","","","31 Jul 2018"
"18/07/2018 07:15","Purchase","'70838153003501143","WXR700","","PRIMAX 95","Billed","1.82","4.00","PSS BANDAR BARU NILAI","186500","Standalone","","","31 Jul 2018"
"09/07/2018 18:28","Purchase","'70838153003501143","WXR700","","PRIMAX 95","Billed","30.00","66.00","PSS BANDAR BARU NILAI","186000","Standalone","","","31 Jul 2018"
"02/07/2018 13:58","Purchase","'70838153003501143","WXR700","","PRIMAX 95","Billed","30.00","66.00","PSS BANDAR BARU NILAI","286000","Standalone","","","31 Jul 2018"
"02/07/2018 13:57","Reload","'70838153003501143","WXR700","","","Billed","","-100.00","PSS BANDAR BARU NILAI","","Standalone","","","31 Jul 2018"