"Date Time","Transaction Type","Card Number","Vehicle Number","Driver Card Number","Product Type","Billing Type","Transaction Volume (Litres)","Transaction Amount (RM)","Station Name","Odometer","Card Type","Cost Centre","Cost Centre Name","Statement Month"
"31/07/2018 19:46","Purchase","'70838153003502125","WXR750","","PRIMAX 95","Billed","20.45","45.00","PSS BAYU SENIBONG","597270","Standalone","","","31 Jul 2018"
"31/07/2018 19:44","Reload","'70838153003502125","WXR750","","","Billed","","-100.00","PSS BAYU SENIBONG","","Standalone","","","31 Jul 2018"
"29/07/2018 23:14","Purchase","'70838153003502125","WXR750","","PRIMAX 95","Billed","25.09","55.20","PSS FAS","596776","Standalone","","","31 Jul 2018"
"28/07/2018 21:23","Purchase","'70838153003502125","WXR750","","PRIMAX 95","Billed","43.09","94.80","PSS RAWAT & REHAT (U) SBAN-KL","596002","Standalone","","","31 Jul 2018"
"28/07/2018 15:13","Purchase","'70838153003502125","WXR750","","PRIMAX 95","Billed","31.82","70.00","PSS PASIR GUDANG (JB BOUND)","595655","Standalone","","","31 Jul 2018"
"28/07/2018 15:09","Reload","'70838153003502125","WXR750","","","Billed","","-220.00","PSS PASIR GUDANG (JB BOUND)","","Standalone","","","31 Jul 2018"
"26/07/2018 23:16","Purchase","'70838153003502125","WXR750","","PRIMAX 95","Billed","33.64","74.00","PSS NKVE HIGHWAY","594495","Standalone","","","31 Jul 2018"
"26/07/2018 14:21","Purchase","'70838153003502125","WXR750","","PRIMAX 95","Billed","27.27","60.00","PSS LEBUHRAYA PASIR GUDANG 1","594061","Standalone","","","31 Jul 2018"
"26/07/2018 14:16","Reload","'70838153003502125","WXR750","","","Billed","","-100.00","PSS LEBUHRAYA PASIR GUDANG 1","","Standalone","","","31 Jul 2018"
"25/07/2018 02:34","Purchase","'70838153003502125","WXR750","","PRIMAX 95","Billed","31.82","70.00","PSS NKVE HIGHWAY","593001","Standalone","","","31 Jul 2018"
"24/07/2018 18:09","Purchase","'70838153003502125","WXR750","","PRIMAX 95","Billed","21.25","46.76","PSS LEBUHRAYA PASIR GUDANG 1","593628","Standalone","","","31 Jul 2018"
"24/07/2018 18:05","Reload","'70838153003502125","WXR750","","","Billed","","-150.00","PSS LEBUHRAYA PASIR GUDANG 1","","Standalone","","","31 Jul 2018"
"22/07/2018 17:55","Purchase","'70838153003502125","WXR750","","PRIMAX 95","Billed","51.93","114.24","PSS JALAN LANGKASUKA","591643","Standalone","","","31 Jul 2018"
"22/07/2018 17:53","Reload","'70838153003502125","WXR750","","","Billed","","-100.00","PSS JALAN LANGKASUKA","","Standalone","","","31 Jul 2018"
"20/07/2018 17:51","Purchase","'70838153003502125","WXR750","","PRIMAX 95","Billed","43.18","95.00","PSS BAYU SENIBONG","590718","Standalone","","","31 Jul 2018"
"20/07/2018 17:49","Reload","'70838153003502125","WXR750","","","Billed","","-100.00","PSS BAYU SENIBONG","","Standalone","","","31 Jul 2018"
"16/07/2018 13:17","Purchase","'70838153003502125","WXR750","","PRIMAX 95","Billed","40.91","90.00","PSS ROSMERAH","587568","Standalone","","","31 Jul 2018"
"16/07/2018 13:15","Reload","'70838153003502125","WXR750","","","Billed","","-100.00","PSS ROSMERAH","","Standalone","","","31 Jul 2018"
"11/07/2018 17:32","Purchase","'70838153003502125","WXR750","","PRIMAX 95","Billed","45.45","100.00","PSS TAMAN RINTING","584779","Standalone","","","31 Jul 2018"
"11/07/2018 15:02","Reload","'70838153003502125","WXR750","","","Billed","","-100.00","PSS BAYU PUTERI","","Standalone","","","31 Jul 2018"
"08/07/2018 17:34","Purchase","'70838153003502125","WXR750","","PRIMAX 95","Billed","28.06","61.73","PSS AIR KEROH RSA SOUTH BOUND","","Standalone","","","31 Jul 2018"
"08/07/2018 17:32","Reload","'70838153003502125","WXR750","","","Billed","","-50.00","PSS AIR KEROH RSA SOUTH BOUND","","Standalone","","","31 Jul 2018"
"08/07/2018 01:29","Purchase","'70838153003502125","WXR750","","PRIMAX 95","Billed","36.00","79.20","PSS FAS","582732","Standalone","","","31 Jul 2018"
"07/07/2018 15:44","Purchase","'70838153003502125","WXR750","","PRIMAX 95","Billed","31.82","70.00","PSS INNER RING ROAD","582335","Standalone","","","31 Jul 2018"
"07/07/2018 15:42","Reload","'70838153003502125","WXR750","'70838153003502125","","Billed","","-150.00","PSS INNER RING ROAD","","Standalone","","","31 Jul 2018"
"05/07/2018 20:03","Purchase","'70838153003502125","WXR750","","PRIMAX 95","Billed","45.45","100.00","PSS PASIR GUDANG (JB BOUND)","580844","Standalone","","","31 Jul 2018"
"05/07/2018 18:35","Reload","'70838153003502125","WXR750","","","Billed","","-100.00","PSS BAYU PUTERI","","Standalone","","","31 Jul 2018"