"Date Time","Transaction Type","Card Number","Vehicle Number","Driver Card Number","Product Type","Billing Type","Transaction Volume (Litres)","Transaction Amount (RM)","Station Name","Odometer","Card Type","Cost Centre","Cost Centre Name","Statement Month"
"31/07/2018 15:28","Purchase","'70838153003495866","WXR549","","PRIMAX 97","Billed","19.69","50.00","PSS BATU FERINGGI","","Standalone","","","31 Jul 2018"
"30/07/2018 16:30","Purchase","'70838153003495866","WXR549","","PRIMAX 97","Billed","19.69","50.00","PSS BATU FERINGGI","","Standalone","","","31 Jul 2018"
"30/07/2018 16:28","Reload","'70838153003495866","WXR549","","","Billed","","-100.00","PSS BATU FERINGGI","","Standalone","","","31 Jul 2018"
"29/07/2018 09:09","Purchase","'70838153003495866","WXR549","","PRIMAX 97","Billed","19.69","50.00","PSS BATU FERINGGI","","Standalone","","","31 Jul 2018"
"28/07/2018 11:58","Purchase","'70838153003495866","WXR549","","PRIMAX 97","Billed","19.69","50.00","PSS BATU FERINGGI","","Standalone","","","31 Jul 2018"
"28/07/2018 11:56","Reload","'70838153003495866","WXR549","","","Billed","","-100.00","PSS BATU FERINGGI","","Standalone","","","31 Jul 2018"
"26/07/2018 10:29","Purchase","'70838153003495866","WXR549","","PRIMAX 97","Billed","19.69","50.00","PSS BALIK PULAU 1 (LOT 179)","","Standalone","","","31 Jul 2018"
"26/07/2018 10:28","Reload","'70838153003495866","WXR549","","","Billed","","-50.00","PSS BALIK PULAU 1 (LOT 179)","","Standalone","","","31 Jul 2018"
"24/07/2018 10:47","Purchase","'70838153003495866","WXR549","","PRIMAX 97","Billed","19.53","50.00","PSS BATU FERINGGI","","Standalone","","","31 Jul 2018"
"24/07/2018 10:45","Reload","'70838153003495866","WXR549","","","Billed","","-50.00","PSS BATU FERINGGI","","Standalone","","","31 Jul 2018"
"23/07/2018 10:00","Purchase","'70838153003495866","WXR549","","PRIMAX 97","Billed","17.58","45.00","PSS BATU FERINGGI","","Standalone","","","31 Jul 2018"
"23/07/2018 09:59","Purchase","'70838153003495866","WXR549","","PRIMAX 97","Billed","1.96","5.00","PSS BATU FERINGGI","","Standalone","","","31 Jul 2018"
"23/07/2018 09:58","Reload","'70838153003495866","WXR549","","","Billed","","-50.00","PSS BATU FERINGGI","","Standalone","","","31 Jul 2018"
"20/07/2018 22:45","Purchase","'70838153003495866","WXR549","","PRIMAX 97","Billed","19.53","50.00","PSS BATU FERINGGI","","Standalone","","","31 Jul 2018"
"20/07/2018 22:43","Reload","'70838153003495866","WXR549","","","Billed","","-100.00","PSS BATU FERINGGI","","Standalone","","","31 Jul 2018"
"19/07/2018 10:24","Purchase","'70838153003495866","WXR549","","PRIMAX 97","Billed","19.53","50.00","PSS BATU FERINGGI","","Standalone","","","31 Jul 2018"
"18/07/2018 10:37","Purchase","'70838153003495866","WXR549","","PRIMAX 97","Billed","19.31","50.00","PSS BATU FERINGGI","","Standalone","","","31 Jul 2018"
"18/07/2018 10:36","Reload","'70838153003495866","WXR549","","","Billed","","-100.00","PSS BATU FERINGGI","","Standalone","","","31 Jul 2018"
"16/07/2018 23:23","Purchase","'70838153003495866","WXR549","","PRIMAX 97","Billed","19.31","50.00","PSS BAGAN JERMAL","","Standalone","","","31 Jul 2018"
"16/07/2018 23:22","Reload","'70838153003495866","WXR549","","","Billed","","-50.00","PSS BAGAN JERMAL","","Standalone","","","31 Jul 2018"
"15/07/2018 21:48","Purchase","'70838153003495866","WXR549","","PRIMAX 97","Billed","19.31","50.00","PSS BATU FERINGGI","","Standalone","","","31 Jul 2018"
"14/07/2018 21:25","Purchase","'70838153003495866","WXR549","","PRIMAX 97","Billed","19.31","50.00","PSS BATU FERINGGI","","Standalone","","","31 Jul 2018"
"14/07/2018 21:24","Reload","'70838153003495866","WXR549","","","Billed","","-100.00","PSS BATU FERINGGI","","Standalone","","","31 Jul 2018"
"13/07/2018 11:07","Purchase","'70838153003495866","WXR549","","PRIMAX 97","Billed","19.31","50.00","PSS BATU FERINGGI","","Standalone","","","31 Jul 2018"
"13/07/2018 11:06","Reload","'70838153003495866","WXR549","","","Billed","","-50.00","PSS BATU FERINGGI","","Standalone","","","31 Jul 2018"
"12/07/2018 10:46","Purchase","'70838153003495866","WXR549","","PRIMAX 97","Billed","19.31","50.00","PSS BATU FERINGGI","","Standalone","","","31 Jul 2018"
"11/07/2018 10:32","Purchase","'70838153003495866","WXR549","","PRIMAX 97","Billed","19.38","50.00","PSS BATU FERINGGI","","Standalone","","","31 Jul 2018"
"11/07/2018 10:30","Reload","'70838153003495866","WXR549","","","Billed","","-100.00","PSS BATU FERINGGI","","Standalone","","","31 Jul 2018"
"09/07/2018 15:36","Purchase","'70838153003495866","WXR549","","PRIMAX 97","Billed","19.38","50.00","PSS BATU FERINGGI","","Standalone","","","31 Jul 2018"
"09/07/2018 15:35","Reload","'70838153003495866","WXR549","","","Billed","","-50.00","PSS BATU FERINGGI","","Standalone","","","31 Jul 2018"
"08/07/2018 09:57","Purchase","'70838153003495866","WXR549","","PRIMAX 97","Billed","19.38","50.00","PSS BATU FERINGGI","","Standalone","","","31 Jul 2018"
"08/07/2018 09:54","Reload","'70838153003495866","WXR549","","","Billed","","-50.00","PSS BATU FERINGGI","","Standalone","","","31 Jul 2018"
"06/07/2018 19:22","Purchase","'70838153003495866","WXR549","","PRIMAX 97","Billed","19.38","50.00","PSS BATU FERINGGI","","Standalone","","","31 Jul 2018"
"05/07/2018 15:23","Purchase","'70838153003495866","WXR549","","PRIMAX 97","Billed","19.38","50.00","PSS BATU FERINGGI","","Standalone","","","31 Jul 2018"
"05/07/2018 15:22","Reload","'70838153003495866","WXR549","","","Billed","","-100.00","PSS BATU FERINGGI","","Standalone","","","31 Jul 2018"
"03/07/2018 17:57","Purchase","'70838153003495866","WXR549","","PRIMAX 97","Billed","20.00","50.00","PSS BATU FERINGGI","","Standalone","","","31 Jul 2018"
"02/07/2018 10:35","Purchase","'70838153003495866","WXR549","","PRIMAX 97","Billed","20.00","50.00","PSS BATU FERINGGI","","Standalone","","","31 Jul 2018"
"02/07/2018 10:34","Reload","'70838153003495866","WXR549","","","Billed","","-100.00","PSS BATU FERINGGI","","Standalone","","","31 Jul 2018"
"01/07/2018 10:38","Purchase","'70838153003495866","WXR549","","PRIMAX 95","Billed","18.28","40.22","PSS BATU FERINGGI","","Standalone","","","31 Jul 2018"