"Date Time","Transaction Type","Card Number","Vehicle Number","Driver Card Number","Product Type","Billing Type","Transaction Volume (Litres)","Transaction Amount (RM)","Station Name","Odometer","Card Type","Cost Centre","Cost Centre Name","Statement Month"
"27/07/2018 16:30","Purchase","'70838153003424148","WXR300","","PRIMAX 95","Billed","13.64","30.00","PSS BATU FERINGGI","","Standalone","","","31 Jul 2018"
"27/07/2018 16:29","Reload","'70838153003424148","WXR300","","","Billed","","-50.00","PSS BATU FERINGGI","","Standalone","","","31 Jul 2018"
"25/07/2018 15:47","Purchase","'70838153003424148","WXR300","","PRIMAX 95","Billed","9.09","20.00","PSS BATU FERINGGI","","Standalone","","","31 Jul 2018"
"23/07/2018 08:49","Purchase","'70838153003424148","WXR300","","PRIMAX 95","Billed","13.64","30.00","PSS BATU FERINGGI","","Standalone","","","31 Jul 2018"
"23/07/2018 08:41","Reload","'70838153003424148","WXR300","","","Billed","","-50.00","PSS BATU FERINGGI","","Standalone","","","31 Jul 2018"
"21/07/2018 09:18","Purchase","'70838153003424148","WXR300","","PRIMAX 95","Billed","9.14","20.10","PSS BATU FERINGGI","","Standalone","","","31 Jul 2018"
"17/07/2018 20:22","Purchase","'70838153003424148","WXR300","","PRIMAX 95","Billed","9.09","20.00","PSS BATU FERINGGI","","Standalone","","","31 Jul 2018"
"17/07/2018 10:56","Purchase","'70838153003424148","WXR300","","PRIMAX 95","Billed","13.64","30.00","PSS BATU FERINGGI","","Standalone","","","31 Jul 2018"
"17/07/2018 10:55","Reload","'70838153003424148","WXR300","","","Billed","","-50.00","PSS BATU FERINGGI","","Standalone","","","31 Jul 2018"
"14/07/2018 10:33","Purchase","'70838153003424148","WXR300","","PRIMAX 95","Billed","13.64","30.00","PSS BATU FERINGGI","","Standalone","","","31 Jul 2018"
"13/07/2018 09:57","Purchase","'70838153003424148","WXR300","","PRIMAX 95","Billed","18.18","40.00","PSS BATU FERINGGI","","Standalone","","","31 Jul 2018"
"13/07/2018 09:55","Reload","'70838153003424148","WXR300","","","Billed","","-50.00","PSS BATU FERINGGI","","Standalone","","","31 Jul 2018"
"12/07/2018 15:42","Purchase","'70838153003424148","WXR300","","PRIMAX 95","Billed","13.64","30.00","PSS BATU FERINGGI","","Standalone","","","31 Jul 2018"
"12/07/2018 15:41","Reload","'70838153003424148","WXR300","","","Billed","","-50.00","PSS BATU FERINGGI","","Standalone","","","31 Jul 2018"
"11/07/2018 06:38","Purchase","'70838153003424148","WXR300","","PRIMAX 95","Billed","13.64","30.00","PSS BATU FERINGGI","","Standalone","","","31 Jul 2018"
"11/07/2018 06:36","Reload","'70838153003424148","WXR300","","","Billed","","-50.00","PSS BATU FERINGGI","","Standalone","","","31 Jul 2018"
"09/07/2018 08:44","Purchase","'70838153003424148","WXR300","","PRIMAX 95","Billed","9.09","20.00","PSS BATU FERINGGI","","Standalone","","","31 Jul 2018"
"07/07/2018 09:00","Purchase","'70838153003424148","WXR300","","PRIMAX 95","Billed","13.64","30.00","PSS BATU FERINGGI","","Standalone","","","31 Jul 2018"
"07/07/2018 08:50","Reload","'70838153003424148","WXR300","","","Billed","","-50.00","PSS BATU FERINGGI","","Standalone","","","31 Jul 2018"
"06/07/2018 09:43","Purchase","'70838153003424148","WXR300","","PRIMAX 95","Billed","9.09","20.00","PSS BATU FERINGGI","","Standalone","","","31 Jul 2018"
"04/07/2018 09:28","Purchase","'70838153003424148","WXR300","","PRIMAX 95","Billed","13.64","30.00","PSS BATU FERINGGI","","Standalone","","","31 Jul 2018"
"04/07/2018 09:28","Reload","'70838153003424148","WXR300","","","Billed","","-50.00","PSS BATU FERINGGI","","Standalone","","","31 Jul 2018"