"Date Time","Transaction Type","Card Number","Vehicle Number","Driver Card Number","Product Type","Billing Type","Transaction Volume (Litres)","Transaction Amount (RM)","Station Name","Odometer","Card Type","Cost Centre","Cost Centre Name","Statement Month"
"31/07/2018 13:56","Purchase","'70838153003501234","WXR985","","PRIMAX 95","Billed","15.00","33.00","PSS JLN KUCHING","","Standalone","","","31 Jul 2018"
"30/07/2018 14:40","Purchase","'70838153003501234","WXR985","","PRIMAX 95","Billed","15.00","33.00","PSS JLN KUCHING","","Standalone","","","31 Jul 2018"
"29/07/2018 12:00","Purchase","'70838153003501234","WXR985","","PRIMAX 95","Billed","20.00","44.00","PSS MUTIARA DAMANSARA","","Standalone","","","31 Jul 2018"
"29/07/2018 11:58","Reload","'70838153003501234","WXR985","","","Billed","","-100.00","PSS MUTIARA DAMANSARA","","Standalone","","","31 Jul 2018"
"28/07/2018 10:58","Purchase","'70838153003501234","WXR985","","PRIMAX 95","Billed","20.00","44.00","PSS JLN KUCHING","","Standalone","","","31 Jul 2018"
"25/07/2018 21:08","Purchase","'70838153003501234","WXR985","","PRIMAX 95","Billed","25.00","55.00","PSS MANJALARA","","Standalone","","","31 Jul 2018"
"25/07/2018 21:06","Reload","'70838153003501234","WXR985","","","Billed","","-100.00","PSS MANJALARA","","Standalone","","","31 Jul 2018"
"24/07/2018 20:54","Purchase","'70838153003501234","WXR985","","PRIMAX 95","Billed","20.00","44.00","PSS KELANA JAYA 2","","Standalone","","","31 Jul 2018"
"23/07/2018 09:28","Purchase","'70838153003501234","WXR985","","PRIMAX 95","Billed","20.00","44.00","PSS DAMANSARA JAYA 2","","Standalone","","","31 Jul 2018"
"21/07/2018 16:35","Purchase","'70838153003501234","WXR985","","PRIMAX 95","Billed","20.00","44.00","PSS JALAN JAMBU JERTEH","","Standalone","","","31 Jul 2018"
"21/07/2018 16:34","Reload","'70838153003501234","WXR985","","","Billed","","-100.00","PSS JALAN JAMBU JERTEH","","Standalone","","","31 Jul 2018"
"20/07/2018 15:27","Purchase","'70838153003501234","WXR985","","PRIMAX 95","Billed","25.00","55.00","PSS JALAN JAMBU JERTEH","","Standalone","","","31 Jul 2018"
"19/07/2018 19:39","Purchase","'70838153003501234","WXR985","","PRIMAX 95","Billed","20.00","44.00","PSS JLN KUCHING","","Standalone","","","31 Jul 2018"
"19/07/2018 19:38","Reload","'70838153003501234","WXR985","","","Billed","","-100.00","PSS JLN KUCHING","","Standalone","","","31 Jul 2018"
"18/07/2018 18:34","Purchase","'70838153003501234","WXR985","","PRIMAX 95","Billed","20.00","44.00","PSS MANJALARA","","Standalone","","","31 Jul 2018"
"16/07/2018 22:54","Purchase","'70838153003501234","WXR985","","PRIMAX 95","Billed","25.00","55.00","PSS JALAN JAMBU JERTEH","","Standalone","","","31 Jul 2018"
"16/07/2018 22:53","Reload","'70838153003501234","WXR985","","","Billed","","-100.00","PSS JALAN JAMBU JERTEH","","Standalone","","","31 Jul 2018"
"15/07/2018 18:49","Purchase","'70838153003501234","WXR985","","PRIMAX 95","Billed","15.00","33.00","PSS KLIA 1","","Standalone","","","31 Jul 2018"
"15/07/2018 18:43","Reload","'70838153003501234","WXR985","","","Billed","","-50.00","PSS KLIA 1","","Standalone","","","31 Jul 2018"
"14/07/2018 17:18","Purchase","'70838153003501234","WXR985","","PRIMAX 95","Billed","25.00","55.00","PSS JLN KUCHING","","Standalone","","","31 Jul 2018"
"12/07/2018 22:39","Purchase","'70838153003501234","WXR985","","PRIMAX 95","Billed","25.00","55.00","PSS BATU 6 JALAN IPOH","","Standalone","","","31 Jul 2018"
"12/07/2018 22:38","Reload","'70838153003501234","WXR985","","","Billed","","-100.00","PSS BATU 6 JALAN IPOH","","Standalone","","","31 Jul 2018"
"09/07/2018 17:44","Purchase","'70838153003501234","WXR985","","PRIMAX 95","Billed","20.00","44.00","PSS JALAN JAMBU JERTEH","","Standalone","","","31 Jul 2018"
"07/07/2018 22:03","Purchase","'70838153003501234","WXR985","","PRIMAX 95","Billed","25.00","55.00","PSS JALAN JAMBU JERTEH","","Standalone","","","31 Jul 2018"
"07/07/2018 22:02","Reload","'70838153003501234","WXR985","","","Billed","","-100.00","PSS JALAN JAMBU JERTEH","","Standalone","","","31 Jul 2018"
"06/07/2018 21:04","Purchase","'70838153003501234","WXR985","","PRIMAX 95","Billed","25.00","55.00","PSS SRI HARTAMAS","","Standalone","","","31 Jul 2018"
"04/07/2018 23:10","Purchase","'70838153003501234","WXR985","","PRIMAX 95","Billed","15.00","33.00","PSS JALAN JAMBU JERTEH","","Standalone","","","31 Jul 2018"
"03/07/2018 23:44","Purchase","'70838153003501234","WXR985","","PRIMAX 95","Billed","25.00","55.00","PSS JALAN JAMBU JERTEH","","Standalone","","","31 Jul 2018"
"03/07/2018 23:42","Reload","'70838153003501234","WXR985","","","Billed","","-150.00","PSS JALAN JAMBU JERTEH","","Standalone","","","31 Jul 2018"
"01/07/2018 20:49","Purchase","'70838153003501234","WXR985","","PRIMAX 95","Billed","25.00","55.00","PSS JINJANG","","Standalone","","","31 Jul 2018"