"Date Time","Transaction Type","Card Number","Vehicle Number","Driver Card Number","Product Type","Billing Type","Transaction Volume (Litres)","Transaction Amount (RM)","Station Name","Odometer","Card Type","Cost Centre","Cost Centre Name","Statement Month"
"30/07/2018 14:37","Purchase","'70838153003498449","WXR874","","Diesel","Billed","61.93","135.00","PSS JALAN BUKIT KEMPAS 1","","Standalone","","","31 Jul 2018"
"30/07/2018 14:35","Reload","'70838153003498449","WXR874","","","Billed","","-200.00","PSS JALAN BUKIT KEMPAS 1","","Standalone","","","31 Jul 2018"
"25/07/2018 20:50","Purchase","'70838153003498449","WXR874","","Diesel","Billed","36.70","80.00","PSS JALAN BUKIT KEMPAS 1","","Standalone","","","31 Jul 2018"
"25/07/2018 20:48","Reload","'70838153003498449","WXR874","","","Billed","","-100.00","PSS JALAN BUKIT KEMPAS 1","","Standalone","","","31 Jul 2018"
"17/07/2018 15:37","Purchase","'70838153003498449","WXR874","","Diesel","Billed","9.17","20.00","PSS TAMAN CEMPAKA","","Standalone","","","31 Jul 2018"
"15/07/2018 18:09","Purchase","'70838153003498449","WXR874","","Diesel","Billed","22.94","50.00","PSS TAMAN IMPIAN EMAS","","Standalone","","","31 Jul 2018"
"14/07/2018 16:21","Purchase","'70838153003498449","WXR874","","PRIMAX 95","Billed","22.73","50.00","PSS JALAN BUKIT KEMPAS 1","","Standalone","","","31 Jul 2018"
"14/07/2018 16:20","Reload","'70838153003498449","WXR874","","","Billed","","-100.00","PSS JALAN BUKIT KEMPAS 1","","Standalone","","","31 Jul 2018"
"11/07/2018 15:08","Purchase","'70838153003498449","WXR874","","Diesel","Billed","36.70","80.00","PSS JALAN BUKIT KEMPAS 1","","Standalone","","","31 Jul 2018"
"11/07/2018 15:02","Reload","'70838153003498449","WXR874","","","Billed","","-100.00","PSS JALAN BUKIT KEMPAS 1","","Standalone","","","31 Jul 2018"