"Date Time","Transaction Type","Card Number","Vehicle Number","Driver Card Number","Product Type","Billing Type","Transaction Volume (Litres)","Transaction Amount (RM)","Station Name","Odometer","Card Type","Cost Centre","Cost Centre Name","Statement Month"
"24/07/2018 09:26","Purchase","'70838153003498142","WXR416","","PRIMAX 95","Billed","9.09","20.00","PSS JALAN GOPENG I","20","Standalone","","","31 Jul 2018"
"24/07/2018 09:26","Reload","'70838153003498142","WXR416","","","Billed","","-20.00","PSS JALAN GOPENG I","","Standalone","","","31 Jul 2018"
"16/07/2018 21:23","Purchase","'70838153003498142","WXR416","","PRIMAX 95","Billed","13.64","30.00","PSS JALAN GOPENG I","30","Standalone","","","31 Jul 2018"
"16/07/2018 21:21","Reload","'70838153003498142","WXR416","","","Billed","","-30.00","PSS JALAN GOPENG I","","Standalone","","","31 Jul 2018"
"16/07/2018 14:19","Purchase","'70838153003498142","WXR416","","PRIMAX 95","Billed","4.55","10.00","PSS JALAN GOPENG I","20","Standalone","","","31 Jul 2018"
"14/07/2018 22:58","Purchase","'70838153003498142","WXR416","","PRIMAX 95","Billed","27.27","60.00","PSS BANDAR BARU NILAI","60","Standalone","","","31 Jul 2018"
"14/07/2018 22:55","Reload","'70838153003498142","WXR416","","","Billed","","-70.00","PSS BANDAR BARU NILAI","","Standalone","","","31 Jul 2018"
"13/07/2018 11:56","Purchase","'70838153003498142","WXR416","","PRIMAX 95","Billed","22.73","50.00","PSS SIMPANG PULAI ARAH SELATAN","50","Standalone","","","31 Jul 2018"
"13/07/2018 11:55","Reload","'70838153003498142","WXR416","","","Billed","","-50.00","PSS SIMPANG PULAI ARAH SELATAN","","Standalone","","","31 Jul 2018"
"12/07/2018 06:51","Purchase","'70838153003498142","WXR416","","PRIMAX 95","Billed","8.94","19.67","PSS JALAN GOPENG II","20","Standalone","","","31 Jul 2018"
"08/07/2018 18:19","Purchase","'70838153003498142","WXR416","","PRIMAX 95","Billed","18.18","40.00","PSS JALAN GOPENG I","40","Standalone","","","31 Jul 2018"
"08/07/2018 18:17","Reload","'70838153003498142","WXR416","","","Billed","","-50.00","PSS JALAN GOPENG I","","Standalone","","","31 Jul 2018"
"06/07/2018 18:16","Purchase","'70838153003498142","WXR416","","PRIMAX 95","Billed","18.18","40.00","PSS JALAN GOPENG I","40","Standalone","","","31 Jul 2018"
"06/07/2018 18:15","Reload","'70838153003498142","WXR416","","","Billed","","-42.00","PSS JALAN GOPENG I","","Standalone","","","31 Jul 2018"