"Date Time","Transaction Type","Card Number","Vehicle Number","Driver Card Number","Product Type","Billing Type","Transaction Volume (Litres)","Transaction Amount (RM)","Station Name","Odometer","Card Type","Cost Centre","Cost Centre Name","Statement Month"
"31/07/2018 18:16","Purchase","'70838153003732904","WXR 5775","","PRIMAX 95","Billed","22.73","50.00","PSS JASIN BESTARI","","Standalone","","","31 Jul 2018"
"29/07/2018 19:03","Purchase","'70838153003732904","WXR 5775","","PRIMAX 97","Billed","19.69","50.00","PSS PERINGGIT JAYA","","Standalone","","","31 Jul 2018"
"29/07/2018 19:02","Reload","'70838153003732904","WXR 5775","","","Billed","","-100.00","PSS PERINGGIT JAYA","","Standalone","","","31 Jul 2018"
"27/07/2018 09:10","Purchase","'70838153003732904","WXR 5775","","PRIMAX 95","Billed","22.73","50.00","PSS JASIN BESTARI","","Standalone","","","31 Jul 2018"
"27/07/2018 09:09","Reload","'70838153003732904","WXR 5775","","","Billed","","-50.00","PSS JASIN BESTARI","","Standalone","","","31 Jul 2018"
"24/07/2018 17:06","Purchase","'70838153003732904","WXR 5775","","PRIMAX 95","Billed","27.27","60.00","PSS SELANDAR","","Standalone","","","31 Jul 2018"
"24/07/2018 17:04","Reload","'70838153003732904","WXR 5775","","","Billed","","-50.00","PSS SELANDAR","","Standalone","","","31 Jul 2018"
"21/07/2018 11:02","Purchase","'70838153003732904","WXR 5775","","PRIMAX 95","Billed","15.91","35.00","PSS SG BULOH LAYBY","","Standalone","","","31 Jul 2018"
"20/07/2018 11:49","Purchase","'70838153003732904","WXR 5775","","PRIMAX 95","Billed","20.48","45.05","PSS SIMPANG EMPAT","","Standalone","","","31 Jul 2018"
"20/07/2018 11:47","Reload","'70838153003732904","WXR 5775","","","Billed","","-100.00","PSS SIMPANG EMPAT","","Standalone","","","31 Jul 2018"
"16/07/2018 16:58","Purchase","'70838153003732904","WXR 5775","","PRIMAX 95","Billed","22.73","50.00","PSS SELANDAR","","Standalone","","","31 Jul 2018"
"12/07/2018 14:36","Purchase","'70838153003732904","WXR 5775","","PRIMAX 95","Billed","22.73","50.00","PSS SELANDAR","","Standalone","","","31 Jul 2018"
"12/07/2018 14:34","Reload","'70838153003732904","WXR 5775","","","Billed","","-100.00","PSS SELANDAR","","Standalone","","","31 Jul 2018"
"09/07/2018 12:56","Purchase","'70838153003732904","WXR 5775","","PRIMAX 95","Billed","22.73","50.00","PSS AYER KEROH 3","","Standalone","","","31 Jul 2018"
"04/07/2018 17:04","Purchase","'70838153003732904","WXR 5775","","PRIMAX 95","Billed","22.73","50.00","PSS SELANDAR","","Standalone","","","31 Jul 2018"
"04/07/2018 17:03","Reload","'70838153003732904","WXR 5775","","","Billed","","-100.00","PSS SELANDAR","","Standalone","","","31 Jul 2018"
"01/07/2018 13:58","Purchase","'70838153003732904","WXR 5775","","PRIMAX 95","Billed","22.73","50.00","PSS BUKIT KATIL","","Standalone","","","31 Jul 2018"
"01/07/2018 13:56","Reload","'70838153003732904","WXR 5775","","","Billed","","-50.00","PSS BUKIT KATIL","","Standalone","","","31 Jul 2018"