"Date Time","Transaction Type","Card Number","Vehicle Number","Driver Card Number","Product Type","Billing Type","Transaction Volume (Litres)","Transaction Amount (RM)","Station Name","Odometer","Card Type","Cost Centre","Cost Centre Name","Statement Month"
"25/07/2018 16:58","Purchase","'70838153003924758","WXR 8630","","PRIMAX 97","Billed","3.13","8.00","PSS TAMAN PELANGI SEMENYIH","","Standalone","","","31 Jul 2018"
"25/07/2018 10:16","Purchase","'70838153003924758","WXR 8630","","PRIMAX 97","Billed","2.73","7.00","PSS TAMAN PELANGI SEMENYIH","","Standalone","","","31 Jul 2018"
"24/07/2018 20:59","Purchase","'70838153003924758","WXR 8630","","PRIMAX 95","Billed","4.55","10.00","PSS TAMAN PELANGI SEMENYIH","","Standalone","","","31 Jul 2018"
"24/07/2018 09:57","Purchase","'70838153003924758","WXR 8630","","PRIMAX 97","Billed","1.95","5.00","PSS TAMAN PELANGI SEMENYIH","","Standalone","","","31 Jul 2018"
"24/07/2018 09:55","Reload","'70838153003924758","WXR 8630","","","Billed","","-30.00","PSS TAMAN PELANGI SEMENYIH","","Standalone","","","31 Jul 2018"
"23/07/2018 17:16","Purchase","'70838153003924758","WXR 8630","","PRIMAX 97","Billed","1.95","5.00","PSS BALAKONG II","","Standalone","","","31 Jul 2018"
"23/07/2018 09:24","Purchase","'70838153003924758","WXR 8630","","PRIMAX 97","Billed","1.95","5.00","PSS TAMAN PELANGI SEMENYIH","","Standalone","","","31 Jul 2018"
"22/07/2018 11:40","Purchase","'70838153003924758","WXR 8630","","PRIMAX 97","Billed","1.96","5.00","PSS NPE TAMAN DESA","","Standalone","","","31 Jul 2018"
"20/07/2018 19:17","Purchase","'70838153003924758","WXR 8630","","PRIMAX 97","Billed","1.95","5.00","PSS SEMENYIH","","Standalone","","","31 Jul 2018"
"20/07/2018 19:14","Reload","'70838153003924758","WXR 8630","","","Billed","","-20.00","PSS SEMENYIH","","Standalone","","","31 Jul 2018"
"18/07/2018 09:17","Purchase","'70838153003924758","WXR 8630","","PRIMAX 97","Billed","3.48","9.01","PSS TAMAN PELANGI SEMENYIH","","Standalone","","","31 Jul 2018"
"17/07/2018 21:38","Purchase","'70838153003924758","WXR 8630","","PRIMAX 95","Billed","5.46","12.00","PSS TAMAN PELANGI SEMENYIH","5","Standalone","","","31 Jul 2018"
"17/07/2018 09:58","Purchase","'70838153003924758","WXR 8630","","PRIMAX 97","Billed","3.63","9.40","PSS TAMAN PELANGI SEMENYIH","","Standalone","","","31 Jul 2018"
"17/07/2018 09:56","Reload","'70838153003924758","WXR 8630","","","Billed","","-30.00","PSS TAMAN PELANGI SEMENYIH","","Standalone","","","31 Jul 2018"
"13/07/2018 10:05","Purchase","'70838153003924758","WXR 8630","","PRIMAX 97","Billed","1.54","4.00","PSS TAMAN PELANGI SEMENYIH","","Standalone","","","31 Jul 2018"
"09/07/2018 21:28","Purchase","'70838153003924758","WXR 8630","","PRIMAX 95","Billed","9.09","20.00","PSS BALAKONG II","","Standalone","","","31 Jul 2018"
"09/07/2018 15:09","Purchase","'70838153003924758","WXR 8630","","PRIMAX 97","Billed","2.33","6.00","PSS KM 305 PLUS ARAH SELATAN","","Standalone","","","31 Jul 2018"
"07/07/2018 16:11","Purchase","'70838153003924758","WXR 8630","","PRIMAX 95","Billed","11.36","25.00","PSS TAMAN PELANGI SEMENYIH","","Standalone","","","31 Jul 2018"
"07/07/2018 16:09","Reload","'70838153003924758","WXR 8630","","","Billed","","-50.00","PSS TAMAN PELANGI SEMENYIH","","Standalone","","","31 Jul 2018"
"06/07/2018 19:32","Purchase","'70838153003924758","WXR 8630","","PRIMAX 97","Billed","2.94","7.59","PSS SEMENYIH","","Standalone","","","31 Jul 2018"
"06/07/2018 09:53","Purchase","'70838153003924758","WXR 8630","","PRIMAX 97","Billed","2.71","7.00","PSS TAMAN PELANGI SEMENYIH","","Standalone","","","31 Jul 2018"