"Date Time","Transaction Type","Card Number","Vehicle Number","Driver Card Number","Product Type","Billing Type","Transaction Volume (Litres)","Transaction Amount (RM)","Station Name","Odometer","Card Type","Cost Centre","Cost Centre Name","Statement Month"
"30/07/2018 16:30","Purchase","'70838153003584248","WXR1500","","PRIMAX 95","Billed","22.73","50.00","PSS KEPAYAN","","Standalone","","","31 Jul 2018"
"30/07/2018 16:29","Reload","'70838153003584248","WXR1500","","","Billed","","-50.00","PSS KEPAYAN","","Standalone","","","31 Jul 2018"
"28/07/2018 09:09","Purchase","'70838153003584248","WXR1500","","PRIMAX 95","Billed","9.09","20.00","PSS LINTAS KEPAYAN","","Standalone","","","31 Jul 2018"
"25/07/2018 11:27","Purchase","'70838153003584248","WXR1500","","PRIMAX 95","Billed","10.00","22.00","PSS KEPAYAN","","Standalone","","","31 Jul 2018"
"25/07/2018 11:26","Reload","'70838153003584248","WXR1500","","","Billed","","-50.00","PSS KEPAYAN","","Standalone","","","31 Jul 2018"
"21/07/2018 09:16","Purchase","'70838153003584248","WXR1500","","PRIMAX 95","Billed","5.00","11.00","PSS JALAN LINTAS","","Standalone","","","31 Jul 2018"
"19/07/2018 09:34","Purchase","'70838153003584248","WXR1500","","PRIMAX 95","Billed","10.00","22.00","PSS JALAN MAT SALLEH","","Standalone","","","31 Jul 2018"
"17/07/2018 11:21","Purchase","'70838153003584248","WXR1500","","PRIMAX 95","Billed","10.00","22.00","PSS KEPAYAN","","Standalone","","","31 Jul 2018"
"17/07/2018 11:20","Reload","'70838153003584248","WXR1500","","","Billed","","-50.00","PSS KEPAYAN","","Standalone","","","31 Jul 2018"
"11/07/2018 14:43","Purchase","'70838153003584248","WXR1500","","PRIMAX 95","Billed","5.00","11.00","PSS LINTAS KEPAYAN","91700","Standalone","","","31 Jul 2018"
"04/07/2018 11:24","Purchase","'70838153003584248","WXR1500","","PRIMAX 95","Billed","10.00","22.00","PSS KEPAYAN","91600","Standalone","","","31 Jul 2018"
"01/07/2018 17:14","Purchase","'70838153003584248","WXR1500","","PRIMAX 95","Billed","10.00","22.00","PSS LIKAS","91590","Standalone","","","31 Jul 2018"