"Date Time","Transaction Type","Card Number","Vehicle Number","Driver Card Number","Product Type","Billing Type","Transaction Volume (Litres)","Transaction Amount (RM)","Station Name","Odometer","Card Type","Cost Centre","Cost Centre Name","Statement Month"
"31/07/2018 22:38","Purchase","'70838153003582747","WXR1187","","PRIMAX 95","Billed","27.27","60.00","PSS KOTA KEMUNING","","Standalone","","","31 Jul 2018"
"31/07/2018 22:32","Reload","'70838153003582747","WXR1187","","","Billed","","-200.00","PSS KOTA KEMUNING","","Standalone","","","31 Jul 2018"
"20/07/2018 22:21","Purchase","'70838153003582747","WXR1187","","PRIMAX 95","Billed","15.91","34.99","PSS KOTA KEMUNING","","Standalone","","","31 Jul 2018"
"14/07/2018 09:29","Purchase","'70838153003582747","WXR1187","","PRIMAX 95","Billed","20.46","45.01","PSS KOTA KEMUNING","","Standalone","","","31 Jul 2018"
"14/07/2018 09:27","Reload","'70838153003582747","WXR1187","","","Billed","","-80.00","PSS KOTA KEMUNING","","Standalone","","","31 Jul 2018"
"12/07/2018 13:14","Purchase","'70838153003582747","WXR1187","","PRIMAX 95","Billed","13.15","28.92","PSS KOTA KEMUNING","","Standalone","","","31 Jul 2018"
"07/07/2018 14:02","Purchase","'70838153003582747","WXR1187","","PRIMAX 95","Billed","13.64","30.00","PSS KOTA KEMUNING","","Standalone","","","31 Jul 2018"
"04/07/2018 20:03","Purchase","'70838153003582747","WXR1187","","PRIMAX 95","Billed","18.18","40.00","PSS TELOK SISEK","","Standalone","","","31 Jul 2018"
"02/07/2018 20:29","Purchase","'70838153003582747","WXR1187","","PRIMAX 95","Billed","27.46","60.42","PSS KOTA KEMUNING","","Standalone","","","31 Jul 2018"
"02/07/2018 20:28","Reload","'70838153003582747","WXR1187","","","Billed","","-150.00","PSS KOTA KEMUNING","","Standalone","","","31 Jul 2018"