"Date Time","Transaction Type","Card Number","Vehicle Number","Driver Card Number","Product Type","Billing Type","Transaction Volume (Litres)","Transaction Amount (RM)","Station Name","Odometer","Card Type","Cost Centre","Cost Centre Name","Statement Month"
"26/07/2018 14:46","Purchase","'70838153003424064","WXR26","","PRIMAX 95","Billed","13.64","30.00","PSS SEKSYEN 16 BANDAR BARU BANGI","","Standalone","","","31 Jul 2018"
"26/07/2018 14:44","Reload","'70838153003424064","WXR26","","","Billed","","-30.00","PSS SEKSYEN 16 BANDAR BARU BANGI","","Standalone","","","31 Jul 2018"
"24/07/2018 13:50","Purchase","'70838153003424064","WXR26","","PRIMAX 95","Billed","9.09","20.00","PSS BANDAR BARU BANGI","","Standalone","","","31 Jul 2018"
"24/07/2018 13:49","Reload","'70838153003424064","WXR26","","","Billed","","-20.00","PSS BANDAR BARU BANGI","","Standalone","","","31 Jul 2018"
"18/07/2018 17:26","Purchase","'70838153003424064","WXR26","","PRIMAX 95","Billed","9.09","20.00","PSS SEKSYEN 16 BANDAR BARU BANGI","","Standalone","","","31 Jul 2018"
"18/07/2018 17:25","Reload","'70838153003424064","WXR26","","","Billed","","-30.00","PSS SEKSYEN 16 BANDAR BARU BANGI","","Standalone","","","31 Jul 2018"
"09/07/2018 10:16","Purchase","'70838153003424064","WXR26","","PRIMAX 95","Billed","18.13","39.88","PSS SEK 3 BANDAR BARU BANGI","","Standalone","","","31 Jul 2018"
"04/07/2018 07:38","Purchase","'70838153003424064","WXR26","","PRIMAX 95","Billed","9.09","20.00","PSS SEKSYEN 16 BANDAR BARU BANGI","","Standalone","","","31 Jul 2018"
"04/07/2018 07:36","Reload","'70838153003424064","WXR26","","","Billed","","-50.00","PSS SEKSYEN 16 BANDAR BARU BANGI","","Standalone","","","31 Jul 2018"