"Date Time","Transaction Type","Card Number","Vehicle Number","Driver Card Number","Product Type","Billing Type","Transaction Volume (Litres)","Transaction Amount (RM)","Station Name","Odometer","Card Type","Cost Centre","Cost Centre Name","Statement Month"
"12/07/2018 13:52","Purchase","'70838153003423983","WXR21","","PRIMAX 95","Billed","29.07","63.96","PSS PEDAS LINGGI LAYBY","","Standalone","","","31 Jul 2018"
"09/07/2018 19:08","Purchase","'70838153003423983","WXR21","","PRIMAX 95","Billed","23.36","51.39","PSS REMBAU","","Standalone","","","31 Jul 2018"
"08/07/2018 11:09","Reload","'70838153003423983","WXR21","","","Billed","","-100.00","PSS REMBAU","","Standalone","","","31 Jul 2018"
"08/07/2018 11:08","Purchase","'70838153003423983","WXR21","","PRIMAX 95","Billed","29.10","64.01","PSS REMBAU","","Standalone","","","31 Jul 2018"
"05/07/2018 07:34","Purchase","'70838153003423983","WXR21","","PRIMAX 95","Billed","35.01","77.02","PSS RAWAT & REHAT (U) SBAN-KL","","Standalone","","","31 Jul 2018"
"04/07/2018 14:53","Reload","'70838153003423983","WXR21","","","Billed","","-150.00","PSS BANDAR BARU NILAI","","Standalone","","","31 Jul 2018"