"Date Time","Transaction Type","Card Number","Vehicle Number","Driver Card Number","Product Type","Billing Type","Transaction Volume (Litres)","Transaction Amount (RM)","Station Name","Odometer","Card Type","Cost Centre","Cost Centre Name","Statement Month"
"31/07/2018 13:35","Purchase","'70838153003720214","WXR 5407","","PRIMAX 95","Billed","30.00","66.00","PSS LEBUHRAYA SILK","282827","Standalone","","","31 Jul 2018"
"29/07/2018 16:03","Purchase","'70838153003720214","WXR 5407","","PRIMAX 95","Billed","30.00","66.00","PSS SKVE","282474","Standalone","","","31 Jul 2018"
"27/07/2018 16:35","Purchase","'70838153003720214","WXR 5407","","PRIMAX 95","Billed","30.00","66.00","PSS PRIMA SAUJANA 1","282167","Standalone","","","31 Jul 2018"
"27/07/2018 16:34","Reload","'70838153003720214","WXR 5407","","","Billed","","-200.00","PSS PRIMA SAUJANA 1","","Standalone","","","31 Jul 2018"
"23/07/2018 16:15","Purchase","'70838153003720214","WXR 5407","","PRIMAX 95","Billed","19.96","43.90","PSS JALAN REKO2","171276","Standalone","","","31 Jul 2018"
"22/07/2018 14:45","Purchase","'70838153003720214","WXR 5407","","PRIMAX 95","Billed","20.00","44.00","PSS BATU 1 JALAN SEMENYIH","276171","Standalone","","","31 Jul 2018"
"21/07/2018 15:09","Purchase","'70838153003720214","WXR 5407","","PRIMAX 95","Billed","20.00","44.00","PSS BATU 1 JALAN SEMENYIH","276171","Standalone","","","31 Jul 2018"
"20/07/2018 19:44","Purchase","'70838153003720214","WXR 5407","","PRIMAX 95","Billed","35.00","77.00","PSS LEBUHRAYA SILK","281709","Standalone","","","31 Jul 2018"
"20/07/2018 19:43","Reload","'70838153003720214","WXR 5407","","","Billed","","-200.00","PSS LEBUHRAYA SILK","","Standalone","","","31 Jul 2018"
"20/07/2018 01:04","Purchase","'70838153003720214","WXR 5407","","PRIMAX 95","Billed","10.00","22.00","PSS SEMENYIH","276171","Standalone","","","31 Jul 2018"
"20/07/2018 01:02","Reload","'70838153003720214","WXR 5407","","","Billed","","-22.00","PSS SEMENYIH","","Standalone","","","31 Jul 2018"
"18/07/2018 10:49","Purchase","'70838153003720214","WXR 5407","","PRIMAX 95","Billed","30.00","66.00","PSS JALAN REKO2","281416","Standalone","","","31 Jul 2018"
"18/07/2018 10:46","Reload","'70838153003720214","WXR 5407","","","Billed","","-66.00","PSS JALAN REKO2","","Standalone","","","31 Jul 2018"
"17/07/2018 00:37","Purchase","'70838153003720214","WXR 5407","","PRIMAX 95","Billed","10.00","22.00","PSS SEMENYIH","171276","Standalone","","","31 Jul 2018"
"17/07/2018 00:36","Reload","'70838153003720214","WXR 5407","","","Billed","","-22.00","PSS SEMENYIH","","Standalone","","","31 Jul 2018"
"15/07/2018 01:19","Purchase","'70838153003720214","WXR 5407","","PRIMAX 95","Billed","30.00","66.00","PSS SEMENYIH","281142","Standalone","","","31 Jul 2018"
"13/07/2018 00:17","Purchase","'70838153003720214","WXR 5407","","PRIMAX 95","Billed","30.00","66.00","PSS BATU 8 JALAN IPOH","280801","Standalone","","","31 Jul 2018"
"10/07/2018 22:57","Purchase","'70838153003720214","WXR 5407","","PRIMAX 95","Billed","30.00","66.00","PSS PRIMA SAUJANA 2","280391","Standalone","","","31 Jul 2018"
"10/07/2018 22:56","Reload","'70838153003720214","WXR 5407","","","Billed","","-200.00","PSS PRIMA SAUJANA 2","","Standalone","","","31 Jul 2018"
"08/07/2018 19:40","Purchase","'70838153003720214","WXR 5407","","PRIMAX 95","Billed","30.00","66.00","PSS PUCHONG BT 14","280145","Standalone","","","31 Jul 2018"
"08/07/2018 19:38","Reload","'70838153003720214","WXR 5407","","","Billed","","-66.00","PSS PUCHONG BT 14","","Standalone","","","31 Jul 2018"
"06/07/2018 12:08","Purchase","'70838153003720214","WXR 5407","","PRIMAX 95","Billed","10.00","22.00","PSS BATU 1 JALAN SEMENYIH","279684","Standalone","","","31 Jul 2018"
"03/07/2018 16:50","Purchase","'70838153003720214","WXR 5407","","PRIMAX 95","Billed","10.00","22.00","PSS SG BULOH LAYBY","282643","Standalone","","","31 Jul 2018"
"03/07/2018 16:48","Reload","'70838153003720214","WXR 5407","","","Billed","","-22.00","PSS SG BULOH LAYBY","","Standalone","","","31 Jul 2018"
"03/07/2018 00:05","Purchase","'70838153003720214","WXR 5407","","PRIMAX 95","Billed","20.00","44.00","PSS SEMENYIH","199487","Standalone","","","31 Jul 2018"
"03/07/2018 00:03","Reload","'70838153003720214","WXR 5407","","","Billed","","-44.00","PSS SEMENYIH","","Standalone","","","31 Jul 2018"