"Date Time","Transaction Type","Card Number","Vehicle Number","Driver Card Number","Product Type","Billing Type","Transaction Volume (Litres)","Transaction Amount (RM)","Station Name","Odometer","Card Type","Cost Centre","Cost Centre Name","Statement Month"
"30/07/2018 18:31","Purchase","'70838153003425301","WXR75","","PRIMAX 95","Billed","13.64","30.00","PSS JALAN KUARI","1800","Standalone","","","31 Jul 2018"
"28/07/2018 09:36","Reload","'70838153003425301","WXR75","","","Billed","","-200.00","PSS PANDAN INDAH","","Standalone","","","31 Jul 2018"
"27/07/2018 18:13","Purchase","'70838153003425301","WXR75","","PRIMAX 95","Billed","13.64","30.00","PSS JALAN KUARI","1800","Standalone","","","31 Jul 2018"
"21/07/2018 14:27","Purchase","'70838153003425301","WXR75","","PRIMAX 95","Billed","18.18","40.00","PSS JALAN KUARI","1800","Standalone","","","31 Jul 2018"
"14/07/2018 22:37","Purchase","'70838153003425301","WXR75","","PRIMAX 95","Billed","18.18","40.00","PSS JALAN KUARI","1900","Standalone","","","31 Jul 2018"
"12/07/2018 21:22","Purchase","'70838153003425301","WXR75","","PRIMAX 95","Billed","13.64","30.00","PSS JALAN KUARI","1800","Standalone","","","31 Jul 2018"
"07/07/2018 17:39","Purchase","'70838153003425301","WXR75","","PRIMAX 95","Billed","13.64","30.00","PSS JALAN KUARI","1800","Standalone","","","31 Jul 2018"
"06/07/2018 16:39","Reload","'70838153003425301","WXR75","","","Billed","","-200.00","PSS PANDAN INDAH","","Standalone","","","31 Jul 2018"