"Date Time","Transaction Type","Card Number","Vehicle Number","Driver Card Number","Product Type","Billing Type","Transaction Volume (Litres)","Transaction Amount (RM)","Station Name","Odometer","Card Type","Cost Centre","Cost Centre Name","Statement Month"
"29/07/2018 08:47","Purchase","'70838153003922216","WXR 8412","","PRIMAX 95","Billed","2.58","5.66","PSS MERBAU INDAH","","Standalone","","","31 Jul 2018"
"28/07/2018 14:25","Purchase","'70838153003922216","WXR 8412","","PRIMAX 95","Billed","2.52","5.52","PSS MERBAU INDAH","","Standalone","","","31 Jul 2018"
"27/07/2018 14:13","Purchase","'70838153003922216","WXR 8412","","PRIMAX 95","Billed","3.08","6.78","PSS MERBAU INDAH","","Standalone","","","31 Jul 2018"
"26/07/2018 13:26","Purchase","'70838153003922216","WXR 8412","","PRIMAX 95","Billed","11.37","25.01","PSS MERBAU INDAH","","Standalone","","","31 Jul 2018"
"24/07/2018 08:04","Purchase","'70838153003922216","WXR 8412","","PRIMAX 95","Billed","2.51","5.52","PSS MERBAU INDAH","","Standalone","","","31 Jul 2018"
"24/07/2018 08:02","Reload","'70838153003922216","WXR 8412","","","Billed","","-50.00","PSS MERBAU INDAH","","Standalone","","","31 Jul 2018"
"23/07/2018 09:03","Purchase","'70838153003922216","WXR 8412","","PRIMAX 95","Billed","2.37","5.21","PSS MERBAU INDAH","","Standalone","","","31 Jul 2018"
"22/07/2018 14:13","Purchase","'70838153003922216","WXR 8412","","PRIMAX 95","Billed","2.86","6.30","PSS MERBAU INDAH","","Standalone","","","31 Jul 2018"
"21/07/2018 12:56","Purchase","'70838153003922216","WXR 8412","","PRIMAX 95","Billed","2.55","5.61","PSS MERBAU INDAH","","Standalone","","","31 Jul 2018"
"19/07/2018 08:36","Purchase","'70838153003922216","WXR 8412","","PRIMAX 95","Billed","2.31","5.08","PSS MERBAU INDAH","","Standalone","","","31 Jul 2018"
"18/07/2018 09:33","Purchase","'70838153003922216","WXR 8412","","PRIMAX 95","Billed","2.71","5.96","PSS MERBAU INDAH","","Standalone","","","31 Jul 2018"
"17/07/2018 08:58","Purchase","'70838153003922216","WXR 8412","","PRIMAX 95","Billed","3.00","6.60","PSS MERBAU INDAH","","Standalone","","","31 Jul 2018"
"17/07/2018 08:56","Reload","'70838153003922216","WXR 8412","","","Billed","","-50.00","PSS MERBAU INDAH","","Standalone","","","31 Jul 2018"
"15/07/2018 22:11","Purchase","'70838153003922216","WXR 8412","","PRIMAX 97","Billed","2.78","7.21","PSS MERBAU INDAH","","Standalone","","","31 Jul 2018"
"15/07/2018 12:03","Purchase","'70838153003922216","WXR 8412","","PRIMAX 95","Billed","2.48","5.45","PSS AIR KEROH RSA SOUTH BOUND","","Standalone","","","31 Jul 2018"
"15/07/2018 11:15","Purchase","'70838153003922216","WXR 8412","","PRIMAX 95","Billed","1.82","3.99","PSS RAWAT & REHAT(S) KL- SEREMBAN","","Standalone","","","31 Jul 2018"