"Date Time","Transaction Type","Card Number","Vehicle Number","Driver Card Number","Product Type","Billing Type","Transaction Volume (Litres)","Transaction Amount (RM)","Station Name","Odometer","Card Type","Cost Centre","Cost Centre Name","Statement Month"
"31/07/2018 23:14","Purchase","'70838153003498704","WXR438","","PRIMAX 95","Billed","22.73","50.00","PSS TAMAN DAYA","","Standalone","","","31 Jul 2018"
"31/07/2018 14:49","Purchase","'70838153003498704","WXR438","","PRIMAX 95","Billed","22.73","50.00","PSS FAS","","Standalone","","","31 Jul 2018"
"31/07/2018 14:47","Reload","'70838153003498704","WXR438","","","Billed","","-100.00","PSS FAS","","Standalone","","","31 Jul 2018"
"28/07/2018 16:05","Purchase","'70838153003498704","WXR438","","PRIMAX 95","Billed","22.73","50.00","PSS SG MAS2","","Standalone","","","31 Jul 2018"
"20/07/2018 23:23","Purchase","'70838153003498704","WXR438","","PRIMAX 95","Billed","22.73","50.00","PSS TAMAN DAYA","","Standalone","","","31 Jul 2018"
"14/07/2018 14:15","Purchase","'70838153003498704","WXR438","","PRIMAX 95","Billed","22.73","50.00","PSS YONG PENG","","Standalone","","","31 Jul 2018"
"14/07/2018 10:07","Reload","'70838153003498704","WXR438","","","Billed","","-100.00","PSS SG MAS2","","Standalone","","","31 Jul 2018"