"Date Time","Transaction Type","Card Number","Vehicle Number","Driver Card Number","Product Type","Billing Type","Transaction Volume (Litres)","Transaction Amount (RM)","Station Name","Odometer","Card Type","Cost Centre","Cost Centre Name","Statement Month"
"27/07/2018 16:40","Purchase","'70838153003728142","WXR 5395","","Diesel","Billed","45.87","100.00","PSS JALAN SEGAMA","86499","Standalone","","","31 Jul 2018"
"27/07/2018 16:37","Reload","'70838153003728142","WXR 5395","","","Billed","","-100.00","PSS JALAN SEGAMA","","Standalone","","","31 Jul 2018"
"13/07/2018 20:03","Purchase","'70838153003728142","WXR 5395","","PRIMAX 95","Billed","22.73","50.00","PSS JALAN SEGAMA","191782","Standalone","","","31 Jul 2018"
"01/07/2018 20:45","Purchase","'70838153003728142","WXR 5395","","Diesel","Billed","22.94","50.00","PSS JALAN SEGAMA","85116","Standalone","","","31 Jul 2018"
"01/07/2018 20:41","Reload","'70838153003728142","WXR 5395","","","Billed","","-100.00","PSS JALAN SEGAMA","","Standalone","","","31 Jul 2018"