"Date Time","Transaction Type","Card Number","Vehicle Number","Driver Card Number","Product Type","Billing Type","Transaction Volume (Litres)","Transaction Amount (RM)","Station Name","Odometer","Card Type","Cost Centre","Cost Centre Name","Statement Month"
"30/07/2018 17:49","Purchase","'70838153003424882","WXR58","","PRIMAX 95","Billed","22.35","49.17","PSS TAMAN MELATI","","Standalone","","","31 Jul 2018"
"24/07/2018 13:08","Purchase","'70838153003424882","WXR58","","PRIMAX 95","Billed","46.67","102.66","PSS TAMAN MELATI","","Standalone","","","31 Jul 2018"
"23/07/2018 16:19","Purchase","'70838153003424882","WXR58","","PRIMAX 95","Billed","13.87","30.51","PSS GLENMARIE TTDI JAYA","","Standalone","","","31 Jul 2018"
"19/07/2018 11:13","Purchase","'70838153003424882","WXR58","","PRIMAX 97","Billed","20.58","52.68","PSS TAMAN MELATI","","Standalone","","","31 Jul 2018"
"19/07/2018 11:10","Reload","'70838153003424882","WXR58","","","Billed","","-300.00","PSS TAMAN MELATI","","Standalone","","","31 Jul 2018"
"17/07/2018 22:44","Purchase","'70838153003424882","WXR58","","PRIMAX 95","Billed","54.03","118.87","PSS TAMAN MELATI","","Standalone","","","31 Jul 2018"
"16/07/2018 12:12","Purchase","'70838153003424882","WXR58","","PRIMAX 95","Billed","35.57","78.26","PSS TAMAN MELATI","","Standalone","","","31 Jul 2018"
"15/07/2018 02:17","Purchase","'70838153003424882","WXR58","","PRIMAX 95","Billed","9.20","20.23","PSS KL-KARAK","","Standalone","","","31 Jul 2018"
"14/07/2018 09:54","Purchase","'70838153003424882","WXR58","","PRIMAX 95","Billed","42.27","93.00","PSS BUKIT ANTARABANGSA","","Standalone","","","31 Jul 2018"
"11/07/2018 13:58","Reload","'70838153003424882","WXR58","","","Billed","","-400.00","PSS TAMAN MELATI","","Standalone","","","31 Jul 2018"
"11/07/2018 12:57","Purchase","'70838153003424882","WXR58","","PRIMAX 95","Billed","16.20","35.64","PSS TAMAN MELATI","","Standalone","","","31 Jul 2018"
"02/07/2018 12:38","Purchase","'70838153003424882","WXR58","","PRIMAX 95","Billed","28.48","62.65","PSS TAMAN MELATI","","Standalone","","","31 Jul 2018"
"02/07/2018 11:25","Purchase","'70838153003424882","WXR58","","PRIMAX 95","Billed","51.31","112.88","PSS TAMAN MELATI","","Standalone","","","31 Jul 2018"
"01/07/2018 13:20","Purchase","'70838153003424882","WXR58","","PRIMAX 95","Billed","44.67","98.27","PSS TAMAN MELATI","","Standalone","","","31 Jul 2018"
"01/07/2018 12:54","Reload","'70838153003424882","WXR58","","","Billed","","-300.00","PSS TAMAN MELATI","","Standalone","","","31 Jul 2018"