"Date Time","Transaction Type","Card Number","Vehicle Number","Driver Card Number","Product Type","Billing Type","Transaction Volume (Litres)","Transaction Amount (RM)","Station Name","Odometer","Card Type","Cost Centre","Cost Centre Name","Statement Month"
"29/07/2018 23:30","Purchase","'70838153003497623","WXR400","","PRIMAX 95","Billed","40.00","88.00","PSS BALAKONG II","","Standalone","","","31 Jul 2018"
"29/07/2018 23:29","Reload","'70838153003497623","WXR400","","","Billed","","-100.00","PSS BALAKONG II","","Standalone","","","31 Jul 2018"
"26/07/2018 13:59","Purchase","'70838153003497623","WXR400","","PRIMAX 95","Billed","40.00","88.00","PSS JLN KUCHING","","Standalone","","","31 Jul 2018"
"23/07/2018 12:49","Purchase","'70838153003497623","WXR400","","PRIMAX 95","Billed","40.00","88.00","PSS BALAKONG II","","Standalone","","","31 Jul 2018"
"23/07/2018 12:34","Reload","'70838153003497623","WXR400","","","Billed","","-150.00","PSS BALAKONG II","","Standalone","","","31 Jul 2018"
"22/07/2018 19:51","Purchase","'70838153003497623","WXR400","","PRIMAX 95","Billed","10.00","22.00","PSS GRAND SAGA  KL BOUND","","Standalone","","","31 Jul 2018"
"21/07/2018 19:48","Purchase","'70838153003497623","WXR400","","PRIMAX 95","Billed","10.00","22.00","PSS BALAKONG II","","Standalone","","","31 Jul 2018"
"21/07/2018 09:15","Purchase","'70838153003497623","WXR400","","PRIMAX 95","Billed","20.00","44.00","PSS SALAK SOUTH","","Standalone","","","31 Jul 2018"
"21/07/2018 09:13","Reload","'70838153003497623","WXR400","","","Billed","","-100.00","PSS SALAK SOUTH","","Standalone","","","31 Jul 2018"
"19/07/2018 16:47","Purchase","'70838153003497623","WXR400","","PRIMAX 95","Billed","10.00","22.00","PSS CHERAS PERDANA","","Standalone","","","31 Jul 2018"
"15/07/2018 19:58","Purchase","'70838153003497623","WXR400","","PRIMAX 95","Billed","50.00","110.00","PSS JALAN SELANGOR","","Standalone","","","31 Jul 2018"
"15/07/2018 19:56","Reload","'70838153003497623","WXR400","","","Billed","","-100.00","PSS JALAN SELANGOR","","Standalone","","","31 Jul 2018"
"13/07/2018 22:53","Purchase","'70838153003497623","WXR400","","PRIMAX 95","Billed","10.00","22.00","PSS SALAK SOUTH","","Standalone","","","31 Jul 2018"
"12/07/2018 20:14","Purchase","'70838153003497623","WXR400","","PRIMAX 95","Billed","40.00","88.00","PSS JALAN RHU AMPANG","","Standalone","","","31 Jul 2018"
"12/07/2018 20:13","Reload","'70838153003497623","WXR400","","","Billed","","-100.00","PSS JALAN RHU AMPANG","","Standalone","","","31 Jul 2018"
"12/07/2018 10:25","Purchase","'70838153003497623","WXR400","","PRIMAX 95","Billed","10.00","22.00","PSS SKVE","","Standalone","","","31 Jul 2018"
"11/07/2018 10:11","Purchase","'70838153003497623","WXR400","","PRIMAX 95","Billed","10.00","22.00","PSS BANDAR SERI PUTRA","","Standalone","","","31 Jul 2018"
"03/07/2018 10:48","Purchase","'70838153003497623","WXR400","","PRIMAX 95","Billed","45.46","100.00","PSS SKVE","","Standalone","","","31 Jul 2018"
"03/07/2018 10:46","Reload","'70838153003497623","WXR400","","","Billed","","-200.00","PSS SKVE","","Standalone","","","31 Jul 2018"
"01/07/2018 19:43","Purchase","'70838153003497623","WXR400","","PRIMAX 95","Billed","22.77","50.10","PSS BRICKFIELDS","","Standalone","","","31 Jul 2018"