"Date Time","Transaction Type","Card Number","Vehicle Number","Driver Card Number","Product Type","Billing Type","Transaction Volume (Litres)","Transaction Amount (RM)","Station Name","Odometer","Card Type","Cost Centre","Cost Centre Name","Statement Month"
"09/07/2018 22:54","Purchase","'70838153003855044","WXR 6310","","PRIMAX 95","Billed","13.64","30.00","PSS SETAPAK","","Standalone","","","31 Jul 2018"
"07/07/2018 04:42","Purchase","'70838153003855044","WXR 6310","","PRIMAX 95","Billed","13.64","30.00","PSS JALAN RHU AMPANG","","Standalone","","","31 Jul 2018"
"07/07/2018 04:31","Reload","'70838153003855044","WXR 6310","","","Billed","","-50.00","PSS JALAN KOLAM AYER","","Standalone","","","31 Jul 2018"
"05/07/2018 21:47","Purchase","'70838153003855044","WXR 6310","","PRIMAX 95","Billed","22.73","50.00","PSS TAMAN SAMUDERA BATU CAVES","","Standalone","","","31 Jul 2018"
"04/07/2018 18:18","Reload","'70838153003855044","WXR 6310","","","Billed","","-50.00","PSS JALAN GOMBAK","","Standalone","","","31 Jul 2018"
"03/07/2018 21:55","Purchase","'70838153003855044","WXR 6310","","PRIMAX 95","Billed","22.73","50.00","PSS WANGSA MAJU SEK 2","","Standalone","","","31 Jul 2018"
"02/07/2018 08:37","Purchase","'70838153003855044","WXR 6310","","PRIMAX 95","Billed","22.73","50.00","PSS JALAN TUN RAZAK","","Standalone","","","31 Jul 2018"