"Date Time","Transaction Type","Card Number","Vehicle Number","Driver Card Number","Product Type","Billing Type","Transaction Volume (Litres)","Transaction Amount (RM)","Station Name","Odometer","Card Type","Cost Centre","Cost Centre Name","Statement Month"
"30/07/2018 07:56","Purchase","'70838153003676077","WXR 2807","","PRIMAX 95","Billed","39.55","87.00","PSS PRIMA SAUJANA 1","","Standalone","","","31 Jul 2018"
"30/07/2018 07:55","Reload","'70838153003676077","WXR 2807","","","Billed","","-100.00","PSS PRIMA SAUJANA 1","","Standalone","","","31 Jul 2018"
"20/07/2018 15:01","Purchase","'70838153003676077","WXR 2807","","PRIMAX 95","Billed","42.96","94.51","PSS GRAND SAGA 2","","Standalone","","","31 Jul 2018"
"20/07/2018 14:59","Reload","'70838153003676077","WXR 2807","","","Billed","","-100.00","PSS GRAND SAGA 2","","Standalone","","","31 Jul 2018"
"12/07/2018 10:48","Purchase","'70838153003676077","WXR 2807","","PRIMAX 95","Billed","31.82","70.00","PSS LEBUHRAYA SILK","","Standalone","","","31 Jul 2018"
"12/07/2018 09:06","Purchase","'70838153003676077","WXR 2807","","PRIMAX 95","Billed","4.55","10.00","PSS PRIMA SAUJANA 2","","Standalone","","","31 Jul 2018"
"12/07/2018 09:03","Purchase","'70838153003676077","WXR 2807","","PRIMAX 95","Billed","9.09","20.00","PSS PRIMA SAUJANA 2","","Standalone","","","31 Jul 2018"
"12/07/2018 09:00","Reload","'70838153003676077","WXR 2807","","","Billed","","-100.00","PSS PRIMA SAUJANA 2","","Standalone","","","31 Jul 2018"
"06/07/2018 13:15","Purchase","'70838153003676077","WXR 2807","","PRIMAX 95","Billed","36.86","81.09","PSS KM5.5 JALAN CHERAS","","Standalone","","","31 Jul 2018"
"05/07/2018 16:29","Reload","'70838153003676077","WXR 2807","","","Billed","","-80.00","PSS TAMAN TENAGA","","Standalone","","","31 Jul 2018"
"02/07/2018 08:04","Purchase","'70838153003676077","WXR 2807","","PRIMAX 95","Billed","11.37","25.00","PSS BANDAR TUN HUSSEIN ONN 1","","Standalone","","","31 Jul 2018"
"02/07/2018 08:03","Reload","'70838153003676077","WXR 2807","","","Billed","","-25.00","PSS BANDAR TUN HUSSEIN ONN 1","","Standalone","","","31 Jul 2018"