"Date Time","Transaction Type","Card Number","Vehicle Number","Driver Card Number","Product Type","Billing Type","Transaction Volume (Litres)","Transaction Amount (RM)","Station Name","Odometer","Card Type","Cost Centre","Cost Centre Name","Statement Month"
"29/07/2018 06:56","Purchase","'70838153003721816","WXR 5455","","PRIMAX 95","Billed","56.45","124.19","PSS MRR2 BATU CAVES","","Standalone","","","31 Jul 2018"
"29/07/2018 06:51","Reload","'70838153003721816","WXR 5455","","","Billed","","-150.00","PSS MRR2 BATU CAVES","","Standalone","","","31 Jul 2018"
"19/07/2018 19:13","Purchase","'70838153003721816","WXR 5455","","PRIMAX 95","Billed","22.73","50.00","PSS MRR2 BATU CAVES","","Standalone","","","31 Jul 2018"
"19/07/2018 19:11","Reload","'70838153003721816","WXR 5455","","","Billed","","-30.00","PSS MRR2 BATU CAVES","","Standalone","","","31 Jul 2018"
"06/07/2018 15:41","Purchase","'70838153003721816","WXR 5455","","PRIMAX 95","Billed","55.47","122.02","PSS TAMAN DAYA KEPONG","","Standalone","","","31 Jul 2018"
"06/07/2018 15:39","Reload","'70838153003721816","WXR 5455","","","Billed","","-100.00","PSS TAMAN DAYA KEPONG","","Standalone","","","31 Jul 2018"