"Date Time","Transaction Type","Card Number","Vehicle Number","Driver Card Number","Product Type","Billing Type","Transaction Volume (Litres)","Transaction Amount (RM)","Station Name","Odometer","Card Type","Cost Centre","Cost Centre Name","Statement Month"
"31/07/2018 13:32","Purchase","'70838153003875083","WXR 6688","","PRIMAX 95","Billed","2.86","6.29","PSS RAWANG RSA","","Standalone","","","31 Jul 2018"
"27/07/2018 22:29","Purchase","'70838153003875083","WXR 6688","","PRIMAX 95","Billed","3.44","7.56","PSS RAWANG RSA","","Standalone","","","31 Jul 2018"
"25/07/2018 13:45","Purchase","'70838153003875083","WXR 6688","","PRIMAX 95","Billed","1.36","3.00","PSS SUNGAI CHOH RAWANG","","Standalone","","","31 Jul 2018"
"24/07/2018 13:51","Purchase","'70838153003875083","WXR 6688","","PRIMAX 95","Billed","1.82","4.00","PSS RAWANG RSA","","Standalone","","","31 Jul 2018"
"21/07/2018 21:03","Purchase","'70838153003875083","WXR 6688","","PRIMAX 95","Billed","1.36","3.00","PSS RAWANG RSA","","Standalone","","","31 Jul 2018"
"20/07/2018 21:07","Purchase","'70838153003875083","WXR 6688","","PRIMAX 95","Billed","1.36","3.00","PSS RAWANG RSA","","Standalone","","","31 Jul 2018"
"19/07/2018 13:12","Purchase","'70838153003875083","WXR 6688","","PRIMAX 95","Billed","2.27","5.00","PSS RAWANG RSA","","Standalone","","","31 Jul 2018"
"18/07/2018 12:10","Reload","'70838153003875083","WXR 6688","","","Billed","","-80.00","PSS RAWANG RSA","","Standalone","","","31 Jul 2018"
"18/07/2018 12:06","Purchase","'70838153003875083","WXR 6688","","PRIMAX 95","Billed","0.68","1.50","PSS RAWANG RSA","","Standalone","","","31 Jul 2018"
"17/07/2018 16:36","Purchase","'70838153003875083","WXR 6688","","PRIMAX 95","Billed","1.82","4.00","PSS RAWANG RSA","","Standalone","","","31 Jul 2018"
"15/07/2018 20:53","Purchase","'70838153003875083","WXR 6688","","PRIMAX 95","Billed","1.36","3.00","PSS RAWANG RSA","","Standalone","","","31 Jul 2018"
"15/07/2018 07:02","Purchase","'70838153003875083","WXR 6688","","PRIMAX 95","Billed","2.27","5.00","PSS SUNGAI CHOH RAWANG","","Standalone","","","31 Jul 2018"
"14/07/2018 20:43","Purchase","'70838153003875083","WXR 6688","","PRIMAX 95","Billed","1.36","3.00","PSS RAWANG RSA","","Standalone","","","31 Jul 2018"
"13/07/2018 12:11","Purchase","'70838153003875083","WXR 6688","","PRIMAX 95","Billed","1.59","3.50","PSS RAWANG RSA","35","Standalone","","","31 Jul 2018"