"Date Time","Transaction Type","Card Number","Vehicle Number","Driver Card Number","Product Type","Billing Type","Transaction Volume (Litres)","Transaction Amount (RM)","Station Name","Odometer","Card Type","Cost Centre","Cost Centre Name","Statement Month"
"25/07/2018 16:05","Purchase","'70838153003674106","WXR 2741","","PRIMAX 95","Billed","1.26","2.77","PSS BATANG KALI","3282","Standalone","","","31 Jul 2018"
"24/07/2018 08:08","Purchase","'70838153003674106","WXR 2741","","PRIMAX 95","Billed","1.82","4.01","PSS JLN KUCHING","3282","Standalone","","","31 Jul 2018"
"20/07/2018 15:52","Purchase","'70838153003674106","WXR 2741","","PRIMAX 95","Billed","2.28","5.02","PSS JLN KUCHING","3282","Standalone","","","31 Jul 2018"
"18/07/2018 16:00","Purchase","'70838153003674106","WXR 2741","","PRIMAX 95","Billed","1.37","3.01","PSS JLN KUCHING","223","Standalone","","","31 Jul 2018"
"11/07/2018 16:24","Purchase","'70838153003674106","WXR 2741","","PRIMAX 95","Billed","2.36","5.19","PSS JLN KUCHING","3282","Standalone","","","31 Jul 2018"