"Date Time","Transaction Type","Card Number","Vehicle Number","Driver Card Number","Product Type","Billing Type","Transaction Volume (Litres)","Transaction Amount (RM)","Station Name","Odometer","Card Type","Cost Centre","Cost Centre Name","Statement Month"
"31/07/2018 07:00","Purchase","'70838153003710280","WXR 4515","","PRIMAX 97","Billed","19.69","50.00","PSS KESAS ARAH SUBANG","24036","Standalone","","","31 Jul 2018"
"31/07/2018 06:57","Reload","'70838153003710280","WXR 4515","","","Billed","","-100.00","PSS KESAS ARAH SUBANG","","Standalone","","","31 Jul 2018"
"21/07/2018 16:38","Purchase","'70838153003710280","WXR 4515","","PRIMAX 95","Billed","13.64","30.00","PSS KOTA KEMUNING","185776","Standalone","","","31 Jul 2018"
"21/07/2018 16:36","Reload","'70838153003710280","WXR 4515","","","Billed","","-30.00","PSS KOTA KEMUNING","","Standalone","","","31 Jul 2018"
"18/07/2018 15:12","Purchase","'70838153003710280","WXR 4515","","PRIMAX 95","Billed","22.73","50.00","PSS PETALING UTAMA","185499","Standalone","","","31 Jul 2018"
"18/07/2018 15:10","Reload","'70838153003710280","WXR 4515","","","Billed","","-50.00","PSS PETALING UTAMA","","Standalone","","","31 Jul 2018"
"08/07/2018 11:07","Purchase","'70838153003710280","WXR 4515","","PRIMAX 95","Billed","22.73","50.00","PSS KESAS ARAH SUBANG","184581","Standalone","","","31 Jul 2018"
"08/07/2018 11:04","Reload","'70838153003710280","WXR 4515","","","Billed","","-50.00","PSS KESAS ARAH SUBANG","","Standalone","","","31 Jul 2018"
"07/07/2018 16:44","Purchase","'70838153003710280","WXR 4515","","PRIMAX 95","Billed","4.55","10.00","PSS KOTA KEMUNING","184547","Standalone","","","31 Jul 2018"
"03/07/2018 18:01","Purchase","'70838153003710280","WXR 4515","","PRIMAX 97","Billed","20.00","50.00","PSS KESAS ARAH KELANG","184287","Standalone","","","31 Jul 2018"
"03/07/2018 18:00","Reload","'70838153003710280","WXR 4515","","","Billed","","-50.00","PSS KESAS ARAH KELANG","","Standalone","","","31 Jul 2018"
"01/07/2018 20:45","Purchase","'70838153003710280","WXR 4515","","PRIMAX 97","Billed","16.00","40.00","PSS MACHAP ARAH UTARA","92123","Standalone","","","31 Jul 2018"
"01/07/2018 20:43","Reload","'70838153003710280","WXR 4515","","","Billed","","-50.00","PSS MACHAP ARAH UTARA","","Standalone","","","31 Jul 2018"