"Date Time","Transaction Type","Card Number","Vehicle Number","Driver Card Number","Product Type","Billing Type","Transaction Volume (Litres)","Transaction Amount (RM)","Station Name","Odometer","Card Type","Cost Centre","Cost Centre Name","Statement Month"
"29/07/2018 19:09","Purchase","'70838153003501945","WXR736","","PRIMAX 95","Billed","13.64","30.00","PSS TAMAN RAMBAI UTAMA","","Standalone","","","31 Jul 2018"
"29/07/2018 15:02","Reload","'70838153003501945","WXR736","","","Billed","","-100.00","PSS MUAR BYPASS","","Standalone","","","31 Jul 2018"
"28/07/2018 17:02","Purchase","'70838153003501945","WXR736","","PRIMAX 95","Billed","13.64","30.00","PSS SUNGAI RAMBAI","","Standalone","","","31 Jul 2018"
"25/07/2018 23:23","Purchase","'70838153003501945","WXR736","","PRIMAX 95","Billed","13.64","30.00","PSS BAKRI 2 MUAR","","Standalone","","","31 Jul 2018"
"24/07/2018 20:17","Purchase","'70838153003501945","WXR736","","PRIMAX 95","Billed","13.64","30.00","PSS LEBUH AMJ BALAI PANJANG","","Standalone","","","31 Jul 2018"
"24/07/2018 20:13","Reload","'70838153003501945","WXR736","","","Billed","","-100.00","PSS LEBUH AMJ BALAI PANJANG","","Standalone","","","31 Jul 2018"
"19/07/2018 08:30","Purchase","'70838153003501945","WXR736","","PRIMAX 95","Billed","13.64","30.00","PSS PARIT BINTANG","","Standalone","","","31 Jul 2018"
"18/07/2018 12:57","Purchase","'70838153003501945","WXR736","","PRIMAX 95","Billed","13.64","30.00","PSS SUNGAI RAMBAI","","Standalone","","","31 Jul 2018"
"17/07/2018 08:24","Purchase","'70838153003501945","WXR736","","PRIMAX 95","Billed","18.18","40.00","PSS MUAR BYPASS","","Standalone","","","31 Jul 2018"
"17/07/2018 08:22","Reload","'70838153003501945","WXR736","","","Billed","","-100.00","PSS MUAR BYPASS","","Standalone","","","31 Jul 2018"
"07/07/2018 17:19","Purchase","'70838153003501945","WXR736","","PRIMAX 95","Billed","16.25","35.75","PSS MUAR BYPASS","","Standalone","","","31 Jul 2018"
"06/07/2018 10:36","Purchase","'70838153003501945","WXR736","","PRIMAX 95","Billed","18.18","40.00","PSS BUKIT PASIR","","Standalone","","","31 Jul 2018"
"03/07/2018 11:25","Purchase","'70838153003501945","WXR736","","PRIMAX 95","Billed","18.18","40.00","PSS SUNGAI RAMBAI","","Standalone","","","31 Jul 2018"
"02/07/2018 12:32","Purchase","'70838153003501945","WXR736","","PRIMAX 95","Billed","18.18","40.00","PSS MUAR BYPASS","","Standalone","","","31 Jul 2018"
"02/07/2018 12:31","Reload","'70838153003501945","WXR736","","","Billed","","-100.00","PSS MUAR BYPASS","","Standalone","","","31 Jul 2018"