"Date Time","Transaction Type","Card Number","Vehicle Number","Driver Card Number","Product Type","Billing Type","Transaction Volume (Litres)","Transaction Amount (RM)","Station Name","Odometer","Card Type","Cost Centre","Cost Centre Name","Statement Month"
"31/07/2018 23:05","Purchase","'70838153003498407","WXR624","","PRIMAX 95","Un-billed","36.37","80.00","PSS AYER TAWAR","","Standalone","","","Unbilled Transaction"
"27/07/2018 11:52","Purchase","'70838153003498407","WXR624","","PRIMAX 95","Billed","22.73","50.00","PSS AYER TAWAR","","Standalone","","","31 Jul 2018"
"27/07/2018 11:50","Reload","'70838153003498407","WXR624","","","Billed","","-200.00","PSS AYER TAWAR","","Standalone","","","31 Jul 2018"
"25/07/2018 09:44","Purchase","'70838153003498407","WXR624","","PRIMAX 95","Billed","25.00","55.00","PSS AYER TAWAR","","Standalone","","","31 Jul 2018"
"21/07/2018 22:20","Purchase","'70838153003498407","WXR624","","PRIMAX 95","Billed","27.28","60.00","PSS AYER TAWAR","","Standalone","","","31 Jul 2018"
"20/07/2018 09:37","Purchase","'70838153003498407","WXR624","","PRIMAX 95","Billed","13.64","30.00","PSS AYER TAWAR","","Standalone","","","31 Jul 2018"
"13/07/2018 09:08","Purchase","'70838153003498407","WXR624","","PRIMAX 95","Billed","20.92","46.02","PSS AYER TAWAR","","Standalone","","","31 Jul 2018"
"12/07/2018 10:50","Purchase","'70838153003498407","WXR624","","PRIMAX 95","Billed","27.27","60.00","PSS KAMPUNG KOH","","Standalone","","","31 Jul 2018"
"11/07/2018 10:36","Purchase","'70838153003498407","WXR624","","PRIMAX 95","Billed","19.10","42.01","PSS AYER TAWAR","","Standalone","","","31 Jul 2018"
"06/07/2018 19:10","Purchase","'70838153003498407","WXR624","","PRIMAX 95","Billed","22.73","50.00","PSS AYER TAWAR","","Standalone","","","31 Jul 2018"
"03/07/2018 21:55","Reload","'70838153003498407","WXR624","","","Billed","","-250.00","PSS AYER TAWAR","","Standalone","","","31 Jul 2018"
"02/07/2018 11:36","Purchase","'70838153003498407","WXR624","","PRIMAX 95","Billed","27.28","60.00","PSS AYER TAWAR","","Standalone","","","31 Jul 2018"
"01/07/2018 19:43","Purchase","'70838153003498407","WXR624","","PRIMAX 95","Billed","34.09","75.00","PSS AYER TAWAR","","Standalone","","","31 Jul 2018"
"01/07/2018 19:41","Reload","'70838153003498407","WXR624","","","Billed","","-200.00","PSS AYER TAWAR","","Standalone","","","31 Jul 2018"
"01/07/2018 11:57","Purchase","'70838153003498407","WXR624","","PRIMAX 95","Billed","22.73","50.00","PSS AYER TAWAR","","Standalone","","","31 Jul 2018"