"Date Time","Transaction Type","Card Number","Vehicle Number","Driver Card Number","Product Type","Billing Type","Transaction Volume (Litres)","Transaction Amount (RM)","Station Name","Odometer","Card Type","Cost Centre","Cost Centre Name","Statement Month"
"30/07/2018 16:59","Purchase","'70838153003496773","WXR571","","PRIMAX 95","Billed","18.18","40.00","PSS BATU FERINGGI","","Standalone","","","31 Jul 2018"
"30/07/2018 16:55","Reload","'70838153003496773","WXR571","","","Billed","","-60.00","PSS BATU FERINGGI","","Standalone","","","31 Jul 2018"
"27/07/2018 19:28","Purchase","'70838153003496773","WXR571","","PRIMAX 95","Billed","27.27","60.00","PSS BATU FERINGGI","","Standalone","","","31 Jul 2018"
"27/07/2018 19:23","Reload","'70838153003496773","WXR571","","","Billed","","-60.00","PSS BATU FERINGGI","","Standalone","","","31 Jul 2018"
"25/07/2018 18:03","Purchase","'70838153003496773","WXR571","","PRIMAX 95","Billed","22.73","50.00","PSS BATU FERINGGI","","Standalone","","","31 Jul 2018"
"25/07/2018 18:02","Reload","'70838153003496773","WXR571","","","Billed","","-50.00","PSS BATU FERINGGI","","Standalone","","","31 Jul 2018"
"24/07/2018 15:23","Purchase","'70838153003496773","WXR571","","PRIMAX 95","Billed","22.73","50.00","PSS BATU FERINGGI","","Standalone","","","31 Jul 2018"
"24/07/2018 15:22","Reload","'70838153003496773","WXR571","","","Billed","","-50.00","PSS BATU FERINGGI","","Standalone","","","31 Jul 2018"
"22/07/2018 08:17","Purchase","'70838153003496773","WXR571","","PRIMAX 95","Billed","27.27","60.00","PSS BATU FERINGGI","","Standalone","","","31 Jul 2018"
"22/07/2018 08:15","Reload","'70838153003496773","WXR571","","","Billed","","-60.00","PSS BATU FERINGGI","","Standalone","","","31 Jul 2018"
"20/07/2018 08:06","Purchase","'70838153003496773","WXR571","","PRIMAX 95","Billed","27.27","60.00","PSS BATU FERINGGI","","Standalone","","","31 Jul 2018"
"20/07/2018 08:04","Reload","'70838153003496773","WXR571","","","Billed","","-60.00","PSS BATU FERINGGI","","Standalone","","","31 Jul 2018"
"17/07/2018 19:34","Purchase","'70838153003496773","WXR571","","PRIMAX 95","Billed","27.27","60.00","PSS BATU FERINGGI","","Standalone","","","31 Jul 2018"
"17/07/2018 19:33","Reload","'70838153003496773","WXR571","","","Billed","","-60.00","PSS BATU FERINGGI","","Standalone","","","31 Jul 2018"
"16/07/2018 08:00","Purchase","'70838153003496773","WXR571","","PRIMAX 95","Billed","22.73","50.00","PSS BATU FERINGGI","","Standalone","","","31 Jul 2018"
"16/07/2018 07:59","Reload","'70838153003496773","WXR571","","","Billed","","-50.00","PSS BATU FERINGGI","","Standalone","","","31 Jul 2018"
"13/07/2018 18:12","Purchase","'70838153003496773","WXR571","","PRIMAX 95","Billed","31.82","70.00","PSS JALAN PAYA TERUBUNG","","Standalone","","","31 Jul 2018"
"13/07/2018 18:10","Reload","'70838153003496773","WXR571","","","Billed","","-70.00","PSS JALAN PAYA TERUBUNG","","Standalone","","","31 Jul 2018"
"11/07/2018 17:45","Purchase","'70838153003496773","WXR571","","PRIMAX 95","Billed","27.27","60.00","PSS BATU FERINGGI","","Standalone","","","31 Jul 2018"
"11/07/2018 17:43","Reload","'70838153003496773","WXR571","","","Billed","","-60.00","PSS BATU FERINGGI","","Standalone","","","31 Jul 2018"
"10/07/2018 09:27","Purchase","'70838153003496773","WXR571","","PRIMAX 95","Billed","13.64","30.00","PSS BATU FERINGGI","","Standalone","","","31 Jul 2018"
"10/07/2018 09:24","Reload","'70838153003496773","WXR571","","","Billed","","-30.00","PSS BATU FERINGGI","","Standalone","","","31 Jul 2018"
"08/07/2018 11:45","Purchase","'70838153003496773","WXR571","","PRIMAX 95","Billed","31.82","70.00","PSS BATU FERINGGI","","Standalone","","","31 Jul 2018"
"08/07/2018 11:44","Reload","'70838153003496773","WXR571","","","Billed","","-70.00","PSS BATU FERINGGI","","Standalone","","","31 Jul 2018"
"05/07/2018 16:48","Purchase","'70838153003496773","WXR571","","PRIMAX 95","Billed","31.82","70.00","PSS BAYAN BARU","","Standalone","","","31 Jul 2018"
"05/07/2018 16:47","Reload","'70838153003496773","WXR571","","","Billed","","-60.00","PSS BAYAN BARU","","Standalone","","","31 Jul 2018"
"03/07/2018 20:57","Purchase","'70838153003496773","WXR571","","PRIMAX 95","Billed","22.73","50.00","PSS JALAN PAYA TERUBUNG","","Standalone","","","31 Jul 2018"
"03/07/2018 20:56","Reload","'70838153003496773","WXR571","","","Billed","","-50.00","PSS JALAN PAYA TERUBUNG","","Standalone","","","31 Jul 2018"
"01/07/2018 20:12","Purchase","'70838153003496773","WXR571","","PRIMAX 95","Billed","27.27","60.00","PSS TANJONG TOKONG","","Standalone","","","31 Jul 2018"
"01/07/2018 20:10","Reload","'70838153003496773","WXR571","","","Billed","","-60.00","PSS TANJONG TOKONG","","Standalone","","","31 Jul 2018"