"Date Time","Transaction Type","Card Number","Vehicle Number","Driver Card Number","Product Type","Billing Type","Transaction Volume (Litres)","Transaction Amount (RM)","Station Name","Odometer","Card Type","Cost Centre","Cost Centre Name","Statement Month"
"23/07/2018 14:38","Purchase","'70838153003495387","WXR320","","PRIMAX 95","Billed","30.00","66.00","PSS SUNGAI SELUANG","99","Standalone","","","31 Jul 2018"
"23/07/2018 14:37","Reload","'70838153003495387","WXR320","","","Billed","","-100.00","PSS SUNGAI SELUANG","","Standalone","","","31 Jul 2018"
"20/07/2018 13:44","Purchase","'70838153003495387","WXR320","","PRIMAX 95","Billed","30.00","66.00","PSS PERMATANG RAWA","99","Standalone","","","31 Jul 2018"
"12/07/2018 12:00","Purchase","'70838153003495387","WXR320","","PRIMAX 95","Billed","30.00","66.00","PSS KULIM SQUARE","99","Standalone","","","31 Jul 2018"
"12/07/2018 11:59","Reload","'70838153003495387","WXR320","","","Billed","","-100.00","PSS KULIM SQUARE","","Standalone","","","31 Jul 2018"
"07/07/2018 16:17","Purchase","'70838153003495387","WXR320","","PRIMAX 95","Billed","30.00","66.00","PSS SUNGAI KOB","99","Standalone","","","31 Jul 2018"
"05/07/2018 09:25","Purchase","'70838153003495387","WXR320","","PRIMAX 95","Billed","30.00","66.00","PSS KULIM SQUARE","99","Standalone","","","31 Jul 2018"
"05/07/2018 09:23","Reload","'70838153003495387","WXR320","","","Billed","","-100.00","PSS KULIM SQUARE","","Standalone","","","31 Jul 2018"