"Date Time","Transaction Type","Card Number","Vehicle Number","Driver Card Number","Product Type","Billing Type","Transaction Volume (Litres)","Transaction Amount (RM)","Station Name","Odometer","Card Type","Cost Centre","Cost Centre Name","Statement Month"
"31/07/2018 14:03","Purchase","'70838153003424189","WXR297","","PRIMAX 95","Billed","43.45","95.59","PSS BT 2 1/2 JALAN KAPAR","","Standalone","","","31 Jul 2018"
"31/07/2018 14:02","Reload","'70838153003424189","WXR297","","","Billed","","-100.00","PSS BT 2 1/2 JALAN KAPAR","","Standalone","","","31 Jul 2018"
"30/07/2018 08:10","Purchase","'70838153003424189","WXR297","","PRIMAX 95","Billed","55.26","121.57","PSS TAMAN SUNGAI KAPAR INDAH","","Standalone","","","31 Jul 2018"
"29/07/2018 20:53","Purchase","'70838153003424189","WXR297","","PRIMAX 95","Billed","41.05","90.31","PSS TAMAN KLANG UTAMA","","Standalone","","","31 Jul 2018"
"29/07/2018 20:51","Reload","'70838153003424189","WXR297","","","Billed","","-230.00","PSS TAMAN KLANG UTAMA","","Standalone","","","31 Jul 2018"
"26/07/2018 08:02","Purchase","'70838153003424189","WXR297","","PRIMAX 95","Billed","45.46","100.00","PSS TAMAN SUNGAI KAPAR INDAH","","Standalone","","","31 Jul 2018"
"26/07/2018 08:00","Reload","'70838153003424189","WXR297","","","Billed","","-100.00","PSS TAMAN SUNGAI KAPAR INDAH","","Standalone","","","31 Jul 2018"
"24/07/2018 19:35","Purchase","'70838153003424189","WXR297","","PRIMAX 95","Billed","56.58","124.48","PSS BT 2 1/2 JALAN KAPAR","","Standalone","","","31 Jul 2018"
"24/07/2018 19:33","Reload","'70838153003424189","WXR297","","","Billed","","-100.00","PSS BT 2 1/2 JALAN KAPAR","","Standalone","","","31 Jul 2018"
"22/07/2018 21:29","Purchase","'70838153003424189","WXR297","","PRIMAX 95","Billed","61.32","134.91","PSS BT 2 1/2 JALAN KAPAR","","Standalone","","","31 Jul 2018"
"22/07/2018 20:55","Purchase","'70838153003424189","WXR297","","PRIMAX 95","Billed","43.84","96.45","PSS TAMAN KLANG UTAMA","","Standalone","","","31 Jul 2018"
"22/07/2018 20:54","Reload","'70838153003424189","WXR297","","","Billed","","-230.00","PSS TAMAN KLANG UTAMA","","Standalone","","","31 Jul 2018"
"19/07/2018 08:09","Purchase","'70838153003424189","WXR297","","PRIMAX 95","Billed","36.37","80.00","PSS TAMAN SUNGAI KAPAR INDAH","","Standalone","","","31 Jul 2018"
"19/07/2018 08:07","Reload","'70838153003424189","WXR297","","","Billed","","-100.00","PSS TAMAN SUNGAI KAPAR INDAH","","Standalone","","","31 Jul 2018"
"17/07/2018 19:33","Purchase","'70838153003424189","WXR297","","PRIMAX 95","Billed","52.27","115.00","PSS BT 2 1/2 JALAN KAPAR","","Standalone","","","31 Jul 2018"
"17/07/2018 19:32","Reload","'70838153003424189","WXR297","","","Billed","","-120.00","PSS BT 2 1/2 JALAN KAPAR","","Standalone","","","31 Jul 2018"
"15/07/2018 21:17","Purchase","'70838153003424189","WXR297","","PRIMAX 95","Billed","40.91","90.00","PSS BT 2 1/2 JALAN KAPAR","","Standalone","","","31 Jul 2018"
"15/07/2018 21:15","Reload","'70838153003424189","WXR297","","","Billed","","-80.00","PSS BT 2 1/2 JALAN KAPAR","","Standalone","","","31 Jul 2018"
"15/07/2018 15:41","Purchase","'70838153003424189","WXR297","","PRIMAX 95","Billed","54.16","119.16","PSS BT 2 1/2 JALAN KAPAR","","Standalone","","","31 Jul 2018"
"15/07/2018 15:39","Purchase","'70838153003424189","WXR297","","PRIMAX 95","Billed","9.09","20.00","PSS BT 2 1/2 JALAN KAPAR","","Standalone","","","31 Jul 2018"
"15/07/2018 15:37","Reload","'70838153003424189","WXR297","","","Billed","","-150.00","PSS BT 2 1/2 JALAN KAPAR","","Standalone","","","31 Jul 2018"
"11/07/2018 08:12","Purchase","'70838153003424189","WXR297","","PRIMAX 95","Billed","47.62","104.76","PSS TAMAN SUNGAI KAPAR INDAH","","Standalone","","","31 Jul 2018"
"11/07/2018 08:11","Reload","'70838153003424189","WXR297","","","Billed","","-100.00","PSS TAMAN SUNGAI KAPAR INDAH","","Standalone","","","31 Jul 2018"
"10/07/2018 16:10","Purchase","'70838153003424189","WXR297","","PRIMAX 95","Billed","9.09","20.00","PSS TAMAN KLANG UTAMA","","Standalone","","","31 Jul 2018"
"08/07/2018 21:10","Purchase","'70838153003424189","WXR297","","PRIMAX 95","Billed","43.60","95.91","PSS TAMAN KLANG UTAMA","","Standalone","","","31 Jul 2018"
"08/07/2018 21:09","Reload","'70838153003424189","WXR297","","","Billed","","-90.00","PSS TAMAN KLANG UTAMA","","Standalone","","","31 Jul 2018"
"08/07/2018 19:50","Purchase","'70838153003424189","WXR297","","PRIMAX 95","Billed","38.63","84.99","PSS BT 2 1/2 JALAN KAPAR","","Standalone","","","31 Jul 2018"
"08/07/2018 19:47","Reload","'70838153003424189","WXR297","","","Billed","","-100.00","PSS BT 2 1/2 JALAN KAPAR","","Standalone","","","31 Jul 2018"
"04/07/2018 08:12","Purchase","'70838153003424189","WXR297","","PRIMAX 95","Billed","53.68","118.10","PSS TAMAN SUNGAI KAPAR INDAH","","Standalone","","","31 Jul 2018"
"04/07/2018 08:11","Reload","'70838153003424189","WXR297","","","Billed","","-100.00","PSS TAMAN SUNGAI KAPAR INDAH","","Standalone","","","31 Jul 2018"
"01/07/2018 20:13","Purchase","'70838153003424189","WXR297","","PRIMAX 95","Billed","56.81","124.99","PSS BT 2 1/2 JALAN KAPAR","","Standalone","","","31 Jul 2018"
"01/07/2018 20:12","Reload","'70838153003424189","WXR297","","","Billed","","-120.00","PSS BT 2 1/2 JALAN KAPAR","","Standalone","","","31 Jul 2018"