"Date Time","Transaction Type","Card Number","Vehicle Number","Driver Card Number","Product Type","Billing Type","Transaction Volume (Litres)","Transaction Amount (RM)","Station Name","Odometer","Card Type","Cost Centre","Cost Centre Name","Statement Month"
"21/07/2018 21:30","Purchase","'70838153003673561","WXR 2713","","PRIMAX 95","Billed","22.73","50.00","PSS GRAND SAGA 3","","Standalone","","","31 Jul 2018"
"21/07/2018 21:28","Reload","'70838153003673561","WXR 2713","","","Billed","","-50.00","PSS GRAND SAGA 3","","Standalone","","","31 Jul 2018"
"10/07/2018 16:56","Purchase","'70838153003673561","WXR 2713","","PRIMAX 95","Billed","2.39","5.26","PSS KM5.5 JALAN CHERAS","","Standalone","","","31 Jul 2018"
"09/07/2018 09:44","Purchase","'70838153003673561","WXR 2713","","PRIMAX 95","Billed","3.48","7.65","PSS KM5.5 JALAN CHERAS","","Standalone","","","31 Jul 2018"
"04/07/2018 10:57","Purchase","'70838153003673561","WXR 2713","","PRIMAX 95","Billed","2.23","4.91","PSS KM5.5 JALAN CHERAS","74704","Standalone","","","31 Jul 2018"