"Date Time","Transaction Type","Card Number","Vehicle Number","Driver Card Number","Product Type","Billing Type","Transaction Volume (Litres)","Transaction Amount (RM)","Station Name","Odometer","Card Type","Cost Centre","Cost Centre Name","Statement Month"
"13/07/2018 14:01","Purchase","'70838153003582721","WXR1185","","PRIMAX 95","Billed","0.17","0.38","PSS LEBUHRAYA SPRINT","123456","Standalone","","","31 Jul 2018"
"11/07/2018 22:01","Purchase","'70838153003582721","WXR1185","","PRIMAX 95","Billed","2.27","5.00","PSS KOTA DAMANSARA 2","123456","Standalone","","","31 Jul 2018"
"09/07/2018 12:40","Purchase","'70838153003582721","WXR1185","","PRIMAX 95","Billed","2.27","5.00","PSS SALAK JAYA","123456","Standalone","","","31 Jul 2018"
"03/07/2018 13:12","Purchase","'70838153003582721","WXR1185","","PRIMAX 95","Billed","2.73","6.00","PSS SALAK SOUTH","123456","Standalone","","","31 Jul 2018"
"01/07/2018 11:31","Purchase","'70838153003582721","WXR1185","","PRIMAX 97","Billed","3.20","8.00","PSS SUBANG BESTARI","123456","Standalone","","","31 Jul 2018"