"Date Time","Transaction Type","Card Number","Vehicle Number","Driver Card Number","Product Type","Billing Type","Transaction Volume (Litres)","Transaction Amount (RM)","Station Name","Odometer","Card Type","Cost Centre","Cost Centre Name","Statement Month"
"31/07/2018 20:48","Purchase","'70838153003588991","WXR1905","","PRIMAX 95","Un-billed","3.43","7.54","PSS BUKIT RAHMAN PUTRA","","Standalone","","","Unbilled Transaction"
"29/07/2018 21:14","Purchase","'70838153003588991","WXR1905","","PRIMAX 95","Billed","2.74","6.02","PSS BUKIT RAHMAN PUTRA","","Standalone","","","31 Jul 2018"
"29/07/2018 15:04","Purchase","'70838153003588991","WXR1905","","PRIMAX 95","Billed","0.91","2.00","PSS BUKIT RAHMAN PUTRA","","Standalone","","","31 Jul 2018"
"26/07/2018 17:05","Purchase","'70838153003588991","WXR1905","","PRIMAX 95","Billed","3.18","7.00","PSS JALAN COCHRANE","","Standalone","","","31 Jul 2018"
"24/07/2018 17:27","Purchase","'70838153003588991","WXR1905","","PRIMAX 97","Billed","2.69","6.89","PSS BUKIT RAHMAN PUTRA","","Standalone","","","31 Jul 2018"
"23/07/2018 08:09","Purchase","'70838153003588991","WXR1905","","PRIMAX 95","Billed","2.99","6.57","PSS BUKIT RAHMAN PUTRA","","Standalone","","","31 Jul 2018"
"23/07/2018 08:06","Reload","'70838153003588991","WXR1905","","","Billed","","-50.00","PSS BUKIT RAHMAN PUTRA","","Standalone","","","31 Jul 2018"
"19/07/2018 10:24","Purchase","'70838153003588991","WXR1905","","PRIMAX 97","Billed","1.95","5.00","PSS BUKIT RAHMAN PUTRA","","Standalone","","","31 Jul 2018"
"17/07/2018 21:25","Purchase","'70838153003588991","WXR1905","","PRIMAX 95","Billed","1.82","4.00","PSS BUKIT RAHMAN PUTRA","","Standalone","","","31 Jul 2018"
"15/07/2018 15:59","Purchase","'70838153003588991","WXR1905","","PRIMAX 95","Billed","1.37","3.00","PSS JALAN COCHRANE","","Standalone","","","31 Jul 2018"