"Date Time","Transaction Type","Card Number","Vehicle Number","Driver Card Number","Product Type","Billing Type","Transaction Volume (Litres)","Transaction Amount (RM)","Station Name","Odometer","Card Type","Cost Centre","Cost Centre Name","Statement Month"
"30/07/2018 19:50","Purchase","'70838153003676473","WXR 2825","","PRIMAX 95","Billed","22.73","50.00","PSS AMPANGAN TINGGI","","Standalone","","","31 Jul 2018"
"26/07/2018 17:50","Purchase","'70838153003676473","WXR 2825","","PRIMAX 95","Billed","13.64","30.00","PSS MATAHARI HEIGHTS","","Standalone","","","31 Jul 2018"
"25/07/2018 17:49","Reload","'70838153003676473","WXR 2825","","","Billed","","-400.00","PSS MATAHARI HEIGHTS","","Standalone","","","31 Jul 2018"
"23/07/2018 18:39","Purchase","'70838153003676473","WXR 2825","","PRIMAX 95","Billed","15.91","35.00","PSS AMPANGAN TINGGI","","Standalone","","","31 Jul 2018"
"22/07/2018 13:14","Purchase","'70838153003676473","WXR 2825","","PRIMAX 95","Billed","13.64","30.00","PSS LOT 4783 BUKIT JALIL","","Standalone","","","31 Jul 2018"
"22/07/2018 13:13","Reload","'70838153003676473","WXR 2825","","","Billed","","-30.00","PSS LOT 4783 BUKIT JALIL","","Standalone","","","31 Jul 2018"
"19/07/2018 18:37","Purchase","'70838153003676473","WXR 2825","","PRIMAX 95","Billed","22.73","50.00","PSS AMPANGAN TINGGI","","Standalone","","","31 Jul 2018"
"15/07/2018 20:57","Purchase","'70838153003676473","WXR 2825","","PRIMAX 95","Billed","22.73","50.00","PSS JALAN JUASEH BAHAU 2","","Standalone","","","31 Jul 2018"
"12/07/2018 13:35","Purchase","'70838153003676473","WXR 2825","","PRIMAX 95","Billed","2.27","5.00","PSS LAVENDER HEIGHTS","","Standalone","","","31 Jul 2018"
"12/07/2018 13:34","Purchase","'70838153003676473","WXR 2825","","PRIMAX 95","Billed","4.55","10.00","PSS LAVENDER HEIGHTS","","Standalone","","","31 Jul 2018"
"12/07/2018 13:31","Reload","'70838153003676473","WXR 2825","","","Billed","","-150.00","PSS LAVENDER HEIGHTS","","Standalone","","","31 Jul 2018"