"Date Time","Transaction Type","Card Number","Vehicle Number","Driver Card Number","Product Type","Billing Type","Transaction Volume (Litres)","Transaction Amount (RM)","Station Name","Odometer","Card Type","Cost Centre","Cost Centre Name","Statement Month"
"29/07/2018 00:20","Purchase","'70838153003586755","WXR1845","","PRIMAX 95","Billed","18.18","40.00","PSS LEBOH AMJ SEMABOK","","Standalone","","","31 Jul 2018"
"28/07/2018 12:01","Purchase","'70838153003586755","WXR1845","","PRIMAX 95","Billed","13.64","30.00","PSS JALAN MAAROF","","Standalone","","","31 Jul 2018"
"28/07/2018 12:00","Reload","'70838153003586755","WXR1845","","","Billed","","-50.00","PSS JALAN MAAROF","","Standalone","","","31 Jul 2018"
"27/07/2018 17:53","Purchase","'70838153003586755","WXR1845","","PRIMAX 95","Billed","13.64","30.00","PSS BRICKFIELDS","","Standalone","","","31 Jul 2018"
"27/07/2018 17:51","Reload","'70838153003586755","WXR1845","","","Billed","","-50.00","PSS BRICKFIELDS","","Standalone","","","31 Jul 2018"
"25/07/2018 09:58","Purchase","'70838153003586755","WXR1845","","PRIMAX 95","Billed","13.64","30.00","PSS KM5.5 JALAN CHERAS","","Standalone","","","31 Jul 2018"
"24/07/2018 10:52","Purchase","'70838153003586755","WXR1845","","PRIMAX 95","Billed","13.64","30.00","PSS KM5.5 JALAN CHERAS","","Standalone","","","31 Jul 2018"
"24/07/2018 10:50","Reload","'70838153003586755","WXR1845","","","Billed","","-50.00","PSS KM5.5 JALAN CHERAS","","Standalone","","","31 Jul 2018"
"20/07/2018 20:33","Purchase","'70838153003586755","WXR1845","","PRIMAX 95","Billed","22.73","50.00","PSS KOTA SARANG SEMUT","","Standalone","","","31 Jul 2018"
"20/07/2018 16:01","Purchase","'70838153003586755","WXR1845","","PRIMAX 95","Billed","13.64","30.00","PSS TAPAH ARAH UTARA","","Standalone","","","31 Jul 2018"
"20/07/2018 09:53","Purchase","'70838153003586755","WXR1845","","PRIMAX 95","Billed","13.64","30.00","PSS KM5.5 JALAN CHERAS","","Standalone","","","31 Jul 2018"
"20/07/2018 09:51","Reload","'70838153003586755","WXR1845","","","Billed","","-50.00","PSS KM5.5 JALAN CHERAS","","Standalone","","","31 Jul 2018"
"19/07/2018 10:34","Purchase","'70838153003586755","WXR1845","","PRIMAX 95","Billed","13.64","30.00","PSS KM5.5 JALAN CHERAS","","Standalone","","","31 Jul 2018"
"19/07/2018 10:33","Reload","'70838153003586755","WXR1845","","","Billed","","-70.00","PSS KM5.5 JALAN CHERAS","","Standalone","","","31 Jul 2018"
"18/07/2018 18:33","Purchase","'70838153003586755","WXR1845","","PRIMAX 95","Billed","13.64","30.00","PSS BRICKFIELDS","","Standalone","","","31 Jul 2018"
"17/07/2018 18:27","Purchase","'70838153003586755","WXR1845","","PRIMAX 95","Billed","13.64","30.00","PSS BRICKFIELDS","","Standalone","","","31 Jul 2018"
"16/07/2018 09:19","Purchase","'70838153003586755","WXR1845","","PRIMAX 95","Billed","13.64","30.00","PSS KUALA PILAH 2","","Standalone","","","31 Jul 2018"
"15/07/2018 18:33","Purchase","'70838153003586755","WXR1845","","PRIMAX 95","Billed","13.64","30.00","PSS BANDAR SRI PERMAISURI","","Standalone","","","31 Jul 2018"
"15/07/2018 18:31","Reload","'70838153003586755","WXR1845","","","Billed","","-150.00","PSS BANDAR SRI PERMAISURI","","Standalone","","","31 Jul 2018"
"14/07/2018 16:28","Purchase","'70838153003586755","WXR1845","","PRIMAX 95","Billed","22.73","50.00","PSS LOT 353 JLN CHERAS","","Standalone","","","31 Jul 2018"
"13/07/2018 22:35","Purchase","'70838153003586755","WXR1845","","PRIMAX 95","Billed","13.64","30.00","PSS BANDAR BARU NILAI","","Standalone","","","31 Jul 2018"
"13/07/2018 22:31","Reload","'70838153003586755","WXR1845","","","Billed","","-70.00","PSS BANDAR BARU NILAI","","Standalone","","","31 Jul 2018"
"12/07/2018 10:19","Purchase","'70838153003586755","WXR1845","","PRIMAX 95","Billed","13.64","30.00","PSS KM5.5 JALAN CHERAS","","Standalone","","","31 Jul 2018"
"08/07/2018 17:49","Purchase","'70838153003586755","WXR1845","","PRIMAX 95","Billed","13.64","30.00","PSS FAS","131876","Standalone","","","31 Jul 2018"
"08/07/2018 17:46","Reload","'70838153003586755","WXR1845","","","Billed","","-50.00","PSS FAS","","Standalone","","","31 Jul 2018"