"Date Time","Transaction Type","Card Number","Vehicle Number","Driver Card Number","Product Type","Billing Type","Transaction Volume (Litres)","Transaction Amount (RM)","Station Name","Odometer","Card Type","Cost Centre","Cost Centre Name","Statement Month"
"31/07/2018 13:21","Purchase","'70838153003666623","WXR2002","","Diesel","Billed","46.63","101.66","PSS JALAN GENUANG SEGAMAT","182557","Standalone","","","31 Jul 2018"
"31/07/2018 07:45","Purchase","'70838153003666623","WXR2002","","Diesel","Billed","68.81","150.01","PSS BANDAR BARU AIR HITAM","182281","Standalone","","","31 Jul 2018"
"30/07/2018 13:45","Purchase","'70838153003666623","WXR2002","","Diesel","Billed","46.37","101.08","PSS JALAN PLUMBUM","248268","Standalone","","","31 Jul 2018"
"30/07/2018 13:43","Reload","'70838153003666623","WXR2002","","","Billed","","-500.00","PSS JALAN PLUMBUM","","Standalone","","","31 Jul 2018"
"25/07/2018 16:58","Purchase","'70838153003666623","WXR2002","","Diesel","Billed","12.38","26.99","PSS KLANG GATE","248143","Standalone","","","31 Jul 2018"
"23/07/2018 17:13","Purchase","'70838153003666623","WXR2002","","Diesel","Billed","45.87","100.00","PSS JALAN GENTING KLANG 2","247769","Standalone","","","31 Jul 2018"
"19/07/2018 19:30","Purchase","'70838153003666623","WXR2002","","Diesel","Billed","41.29","90.00","PSS JLN KUCHING","247412","Standalone","","","31 Jul 2018"
"18/07/2018 10:22","Purchase","'70838153003666623","WXR2002","","Diesel","Billed","38.99","85.00","PSS JALAN PLUMBUM","247024","Standalone","","","31 Jul 2018"
"13/07/2018 17:41","Purchase","'70838153003666623","WXR2002","","Diesel","Billed","46.80","102.01","PSS WANGSA MELAWATI","246692","Standalone","","","31 Jul 2018"
"11/07/2018 10:58","Purchase","'70838153003666623","WXR2002","","Diesel","Billed","44.04","96.00","PSS JALAN PLUMBUM","246272","Standalone","","","31 Jul 2018"
"11/07/2018 10:56","Reload","'70838153003666623","WXR2002","","","Billed","","-500.00","PSS JALAN PLUMBUM","","Standalone","","","31 Jul 2018"
"10/07/2018 10:46","Purchase","'70838153003666623","WXR2002","","Diesel","Billed","14.51","31.62","PSS NKVE HIGHWAY","246082","Standalone","","","31 Jul 2018"
"07/07/2018 09:41","Purchase","'70838153003666623","WXR2002","","Diesel","Billed","33.49","73.00","PSS JALAN PLUMBUM","245703","Standalone","","","31 Jul 2018"
"05/07/2018 16:33","Purchase","'70838153003666623","WXR2002","","Diesel","Billed","41.76","91.04","PSS KG MELAYU SUBANG","245441","Standalone","","","31 Jul 2018"
"03/07/2018 13:29","Purchase","'70838153003666623","WXR2002","","Diesel","Billed","39.91","87.00","PSS JALAN GOMBAK","245043","Standalone","","","31 Jul 2018"