"Date Time","Transaction Type","Card Number","Vehicle Number","Driver Card Number","Product Type","Billing Type","Transaction Volume (Litres)","Transaction Amount (RM)","Station Name","Odometer","Card Type","Cost Centre","Cost Centre Name","Statement Month"
"31/07/2018 18:00","Purchase","'70838153003424676","WXR128","","PRIMAX 95","Un-billed","10.00","22.00","PSS KG. UBAI","","Standalone","","","Unbilled Transaction"
"31/07/2018 17:58","Reload","'70838153003424676","WXR128","","","Un-billed","","-40.00","PSS KG. UBAI","","Standalone","","","Unbilled Transaction"
"21/07/2018 16:51","Purchase","'70838153003424676","WXR128","","PRIMAX 95","Billed","2.27","5.00","PSS GENTING SEMPAH","","Standalone","","","31 Jul 2018"
"20/07/2018 12:55","Purchase","'70838153003424676","WXR128","","PRIMAX 95","Billed","25.00","55.00","PSS GAMBANG RSA WEST","","Standalone","","","31 Jul 2018"
"20/07/2018 12:16","Reload","'70838153003424676","WXR128","","","Billed","","-60.00","PSS KM 16 JALAN GAMBANG","","Standalone","","","31 Jul 2018"
"18/07/2018 14:08","Purchase","'70838153003424676","WXR128","","PRIMAX 95","Billed","6.05","13.30","PSS JAYA GADING","","Standalone","","","31 Jul 2018"
"16/07/2018 20:57","Purchase","'70838153003424676","WXR128","","PRIMAX 95","Billed","15.00","33.00","PSS KG. UBAI","","Standalone","","","31 Jul 2018"
"16/07/2018 20:56","Reload","'70838153003424676","WXR128","","","Billed","","-20.00","PSS KG. UBAI","","Standalone","","","31 Jul 2018"
"15/07/2018 15:33","Purchase","'70838153003424676","WXR128","","PRIMAX 95","Billed","10.00","22.00","PSS KG. UBAI","","Standalone","","","31 Jul 2018"
"15/07/2018 15:32","Reload","'70838153003424676","WXR128","","","Billed","","-40.00","PSS KG. UBAI","","Standalone","","","31 Jul 2018"
"14/07/2018 11:35","Purchase","'70838153003424676","WXR128","","PRIMAX 95","Billed","15.00","33.00","PSS KAMPUNG AWAH","","Standalone","","","31 Jul 2018"
"14/07/2018 11:29","Reload","'70838153003424676","WXR128","","","Billed","","-30.00","PSS KAMPUNG AWAH","","Standalone","","","31 Jul 2018"
"13/07/2018 20:31","Purchase","'70838153003424676","WXR128","","PRIMAX 95","Billed","15.00","33.00","PSS DURIAN MAS DUNGUN","","Standalone","","","31 Jul 2018"
"13/07/2018 20:30","Reload","'70838153003424676","WXR128","","","Billed","","-40.00","PSS DURIAN MAS DUNGUN","","Standalone","","","31 Jul 2018"
"11/07/2018 16:05","Purchase","'70838153003424676","WXR128","","PRIMAX 95","Billed","10.00","22.00","PSS KG. UBAI","","Standalone","","","31 Jul 2018"
"11/07/2018 16:02","Reload","'70838153003424676","WXR128","","","Billed","","-26.30","PSS KG. UBAI","","Standalone","","","31 Jul 2018"
"10/07/2018 13:30","Purchase","'70838153003424676","WXR128","","PRIMAX 95","Billed","3.19","7.02","PSS PEKAN BANDAR DIRAJA","","Standalone","","","31 Jul 2018"
"09/07/2018 15:07","Purchase","'70838153003424676","WXR128","","PRIMAX 95","Billed","15.00","33.00","PSS KG. UBAI","","Standalone","","","31 Jul 2018"
"09/07/2018 15:06","Reload","'70838153003424676","WXR128","","","Billed","","-30.00","PSS KG. UBAI","","Standalone","","","31 Jul 2018"
"06/07/2018 07:33","Purchase","'70838153003424676","WXR128","","PRIMAX 95","Billed","13.64","30.00","PSS JAYA GADING","","Standalone","","","31 Jul 2018"
"06/07/2018 07:32","Reload","'70838153003424676","WXR128","","","Billed","","-20.00","PSS JAYA GADING","","Standalone","","","31 Jul 2018"
"02/07/2018 15:39","Purchase","'70838153003424676","WXR128","","PRIMAX 95","Billed","5.46","12.00","PSS KM 4 JALAN GAMBANG","","Standalone","","","31 Jul 2018"
"01/07/2018 11:11","Purchase","'70838153003424676","WXR128","","PRIMAX 95","Billed","15.00","33.00","PSS KG. UBAI","","Standalone","","","31 Jul 2018"
"01/07/2018 11:10","Reload","'70838153003424676","WXR128","","","Billed","","-40.00","PSS KG. UBAI","","Standalone","","","31 Jul 2018"