"Date Time","Transaction Type","Card Number","Vehicle Number","Driver Card Number","Product Type","Billing Type","Transaction Volume (Litres)","Transaction Amount (RM)","Station Name","Odometer","Card Type","Cost Centre","Cost Centre Name","Statement Month"
"30/07/2018 19:00","Reload","'70838153003498258","WXR425","","","Billed","","-30.00","PSS LATAR 1 (KLS ARAH KUALA SEL)","","Standalone","","","31 Jul 2018"
"29/07/2018 17:39","Purchase","'70838153003498258","WXR425","","PRIMAX 95","Billed","1.36","3.00","PSS TAMAN SETIAWANGSA","","Standalone","","","31 Jul 2018"
"29/07/2018 15:13","Purchase","'70838153003498258","WXR425","","PRIMAX 95","Billed","11.82","26.00","PSS KLIA 2","","Standalone","","","31 Jul 2018"
"28/07/2018 21:32","Purchase","'70838153003498258","WXR425","","PRIMAX 95","Billed","25.00","55.00","PSS TANJUNG KARANG 2","","Standalone","","","31 Jul 2018"
"28/07/2018 21:30","Reload","'70838153003498258","WXR425","","","Billed","","-100.00","PSS TANJUNG KARANG 2","","Standalone","","","31 Jul 2018"
"24/07/2018 20:56","Purchase","'70838153003498258","WXR425","","PRIMAX 95","Billed","19.09","42.00","PSS TANJUNG KARANG 2","","Standalone","","","31 Jul 2018"
"24/07/2018 20:54","Purchase","'70838153003498258","WXR425","","PRIMAX 95","Billed","3.64","8.00","PSS TANJUNG KARANG 2","","Standalone","","","31 Jul 2018"
"24/07/2018 20:52","Reload","'70838153003498258","WXR425","","","Billed","","-50.00","PSS TANJUNG KARANG 2","","Standalone","","","31 Jul 2018"
"21/07/2018 16:01","Purchase","'70838153003498258","WXR425","","PRIMAX 95","Billed","10.23","22.50","PSS BUKIT RAHMAN PUTRA","","Standalone","","","31 Jul 2018"
"21/07/2018 15:59","Reload","'70838153003498258","WXR425","","","Billed","","-20.00","PSS BUKIT RAHMAN PUTRA","","Standalone","","","31 Jul 2018"
"20/07/2018 17:48","Purchase","'70838153003498258","WXR425","","PRIMAX 95","Billed","2.27","5.00","PSS LATAR 1 (KLS ARAH KUALA SEL)","","Standalone","","","31 Jul 2018"
"20/07/2018 07:58","Purchase","'70838153003498258","WXR425","","PRIMAX 95","Billed","2.32","5.10","PSS  LATAR 2 (KLS ARAH KL)","","Standalone","","","31 Jul 2018"
"20/07/2018 07:56","Reload","'70838153003498258","WXR425","","","Billed","","-10.00","PSS  LATAR 2 (KLS ARAH KL)","","Standalone","","","31 Jul 2018"
"18/07/2018 08:06","Purchase","'70838153003498258","WXR425","","PRIMAX 95","Billed","1.36","3.00","PSS SG BULOH LAYBY","95","Standalone","","","31 Jul 2018"
"16/07/2018 11:21","Purchase","'70838153003498258","WXR425","","PRIMAX 95","Billed","2.27","5.00","PSS TAMAN SETIAWANGSA","95","Standalone","","","31 Jul 2018"
"14/07/2018 21:58","Purchase","'70838153003498258","WXR425","","PRIMAX 95","Billed","11.36","25.00","PSS TANJUNG KARANG 2","95","Standalone","","","31 Jul 2018"
"14/07/2018 21:56","Reload","'70838153003498258","WXR425","","","Billed","","-20.00","PSS TANJUNG KARANG 2","","Standalone","","","31 Jul 2018"
"14/07/2018 17:53","Purchase","'70838153003498258","WXR425","","PRIMAX 95","Billed","2.00","4.40","PSS TAMAN SETIAWANGSA","95","Standalone","","","31 Jul 2018"
"14/07/2018 17:51","Reload","'70838153003498258","WXR425","","","Billed","","-20.00","PSS TAMAN SETIAWANGSA","","Standalone","","","31 Jul 2018"
"13/07/2018 10:04","Purchase","'70838153003498258","WXR425","","PRIMAX 95","Billed","1.40","3.07","PSS TAMAN SETIAWANGSA","95","Standalone","","","31 Jul 2018"
"12/07/2018 10:49","Purchase","'70838153003498258","WXR425","","PRIMAX 95","Billed","1.82","4.00","PSS TAMAN SETIAWANGSA","95","Standalone","","","31 Jul 2018"
"05/07/2018 22:40","Purchase","'70838153003498258","WXR425","","PRIMAX 95","Billed","9.09","20.00","PSS JERAM","95","Standalone","","","31 Jul 2018"
"05/07/2018 22:38","Reload","'70838153003498258","WXR425","","","Billed","","-20.00","PSS JERAM","","Standalone","","","31 Jul 2018"
"03/07/2018 22:01","Purchase","'70838153003498258","WXR425","","PRIMAX 95","Billed","10.00","22.00","PSS TANJUNG KARANG 2","95","Standalone","","","31 Jul 2018"
"03/07/2018 22:00","Reload","'70838153003498258","WXR425","","","Billed","","-25.00","PSS TANJUNG KARANG 2","","Standalone","","","31 Jul 2018"