"Date Time","Transaction Type","Card Number","Vehicle Number","Driver Card Number","Product Type","Billing Type","Transaction Volume (Litres)","Transaction Amount (RM)","Station Name","Odometer","Card Type","Cost Centre","Cost Centre Name","Statement Month"
"31/07/2018 19:29","Purchase","'70838153003579156","WXR1004","","PRIMAX 95","Un-billed","2.16","4.76","PSS JLN AHMAD BADAWI","8779","Standalone","","","Unbilled Transaction"
"30/07/2018 19:23","Purchase","'70838153003579156","WXR1004","","PRIMAX 95","Billed","2.97","6.52","PSS JLN AHMAD BADAWI","8779","Standalone","","","31 Jul 2018"
"27/07/2018 22:01","Purchase","'70838153003579156","WXR1004","","PRIMAX 95","Billed","26.02","57.23","PSS TAMAN BERTAM","8779","Standalone","","","31 Jul 2018"
"27/07/2018 19:11","Purchase","'70838153003579156","WXR1004","","PRIMAX 95","Billed","3.01","6.61","PSS JLN AHMAD BADAWI","8779","Standalone","","","31 Jul 2018"
"25/07/2018 19:27","Purchase","'70838153003579156","WXR1004","","PRIMAX 95","Billed","1.74","3.83","PSS JLN AHMAD BADAWI","8779","Standalone","","","31 Jul 2018"
"24/07/2018 19:21","Purchase","'70838153003579156","WXR1004","","PRIMAX 95","Billed","2.48","5.45","PSS JLN AHMAD BADAWI","8779","Standalone","","","31 Jul 2018"
"24/07/2018 19:19","Reload","'70838153003579156","WXR1004","","","Billed","","-100.00","PSS JLN AHMAD BADAWI","","Standalone","","","31 Jul 2018"
"23/07/2018 19:22","Purchase","'70838153003579156","WXR1004","","PRIMAX 95","Billed","3.68","8.09","PSS JLN AHMAD BADAWI","877","Standalone","","","31 Jul 2018"
"18/07/2018 09:45","Purchase","'70838153003579156","WXR1004","","PRIMAX 95","Billed","35.02","77.04","PSS JLN AHMAD BADAWI","8779","Standalone","","","31 Jul 2018"
"17/07/2018 19:42","Purchase","'70838153003579156","WXR1004","","PRIMAX 95","Billed","2.90","6.38","PSS JLN AHMAD BADAWI","8779","Standalone","","","31 Jul 2018"
"16/07/2018 09:13","Purchase","'70838153003579156","WXR1004","","PRIMAX 95","Billed","2.77","6.08","PSS BAYAN BARU","8779","Standalone","","","31 Jul 2018"
"13/07/2018 19:26","Purchase","'70838153003579156","WXR1004","","PRIMAX 95","Billed","3.48","7.66","PSS JLN AHMAD BADAWI","8779","Standalone","","","31 Jul 2018"
"11/07/2018 19:41","Purchase","'70838153003579156","WXR1004","","PRIMAX 95","Billed","3.00","6.60","PSS JLN AHMAD BADAWI","8779","Standalone","","","31 Jul 2018"
"08/07/2018 10:11","Purchase","'70838153003579156","WXR1004","","PRIMAX 95","Billed","2.16","4.76","PSS JLN AHMAD BADAWI","8779","Standalone","","","31 Jul 2018"
"07/07/2018 18:34","Purchase","'70838153003579156","WXR1004","","PRIMAX 95","Billed","3.76","8.28","PSS SUNGAI LOKAN","8779","Standalone","","","31 Jul 2018"
"06/07/2018 22:24","Purchase","'70838153003579156","WXR1004","","PRIMAX 95","Billed","21.07","46.34","PSS JLN AHMAD BADAWI","8779","Standalone","","","31 Jul 2018"
"06/07/2018 19:29","Purchase","'70838153003579156","WXR1004","","PRIMAX 95","Billed","3.01","6.62","PSS JLN AHMAD BADAWI","8779","Standalone","","","31 Jul 2018"
"05/07/2018 19:26","Reload","'70838153003579156","WXR1004","","","Billed","","-100.00","PSS JLN AHMAD BADAWI","","Standalone","","","31 Jul 2018"
"05/07/2018 19:21","Purchase","'70838153003579156","WXR1004","","PRIMAX 95","Billed","3.07","6.75","PSS JLN AHMAD BADAWI","8779","Standalone","","","31 Jul 2018"
"01/07/2018 16:28","Purchase","'70838153003579156","WXR1004","","PRIMAX 95","Billed","35.01","77.02","PSS JLN AHMAD BADAWI","8779","Standalone","","","31 Jul 2018"