"Date Time","Transaction Type","Card Number","Vehicle Number","Driver Card Number","Product Type","Billing Type","Transaction Volume (Litres)","Transaction Amount (RM)","Station Name","Odometer","Card Type","Cost Centre","Cost Centre Name","Statement Month"
"31/07/2018 07:35","Purchase","'70838153003856059","WXR 6151","","PRIMAX 95","Billed","4.55","10.00","PSS GRAND SAGA 2","","Standalone","","","31 Jul 2018"
"29/07/2018 19:01","Purchase","'70838153003856059","WXR 6151","","PRIMAX 97","Billed","7.88","20.00","PSS SEMENYIH","","Standalone","","","31 Jul 2018"
"27/07/2018 19:06","Purchase","'70838153003856059","WXR 6151","","PRIMAX 95","Billed","13.64","30.00","PSS LEBUHRAYA SILK","","Standalone","","","31 Jul 2018"
"27/07/2018 17:17","Reload","'70838153003856059","WXR 6151","","","Billed","","-50.00","PSS SEMENYIH","","Standalone","","","31 Jul 2018"
"27/07/2018 08:21","Purchase","'70838153003856059","WXR 6151","","PRIMAX 95","Billed","4.55","10.00","PSS GRAND SAGA 2","","Standalone","","","31 Jul 2018"
"24/07/2018 19:03","Purchase","'70838153003856059","WXR 6151","","PRIMAX 95","Billed","15.91","35.00","PSS GRAND SAGA 2","","Standalone","","","31 Jul 2018"
"24/07/2018 17:01","Reload","'70838153003856059","WXR 6151","","","Billed","","-50.00","PSS GRAND SAGA 3","","Standalone","","","31 Jul 2018"
"24/07/2018 16:58","Purchase","'70838153003856059","WXR 6151","","PRIMAX 95","Billed","3.64","8.00","PSS GRAND SAGA 3","","Standalone","","","31 Jul 2018"
"22/07/2018 15:07","Purchase","'70838153003856059","WXR 6151","","PRIMAX 95","Billed","15.91","35.00","PSS SUNGAI PERAK (S)","","Standalone","","","31 Jul 2018"
"21/07/2018 08:32","Purchase","'70838153003856059","WXR 6151","","PRIMAX 95","Billed","4.55","10.00","PSS GRAND SAGA 2","","Standalone","","","31 Jul 2018"
"20/07/2018 07:55","Purchase","'70838153003856059","WXR 6151","","PRIMAX 95","Billed","1.36","3.00","PSS PRIMA SAUJANA 2","","Standalone","","","31 Jul 2018"
"18/07/2018 17:58","Reload","'70838153003856059","WXR 6151","","","Billed","","-50.00","PSS GRAND SAGA 3","","Standalone","","","31 Jul 2018"
"12/07/2018 08:05","Reload","'70838153003856059","WXR 6151","","","Billed","","-20.00","PSS GRAND SAGA 2","","Standalone","","","31 Jul 2018"