"Date Time","Transaction Type","Card Number","Vehicle Number","Driver Card Number","Product Type","Billing Type","Transaction Volume (Litres)","Transaction Amount (RM)","Station Name","Odometer","Card Type","Cost Centre","Cost Centre Name","Statement Month"
"30/07/2018 01:38","Purchase","'70838153003588512","WXR1982","","PRIMAX 95","Billed","22.73","50.00","PSS RAWANG TEMPLER","","Standalone","","","31 Jul 2018"
"26/07/2018 07:09","Purchase","'70838153003588512","WXR1982","","PRIMAX 95","Billed","2.73","6.01","PSS MRR2 BATU CAVES","","Standalone","","","31 Jul 2018"
"23/07/2018 07:16","Purchase","'70838153003588512","WXR1982","","PRIMAX 95","Billed","2.00","4.41","PSS MRR2 BATU CAVES","","Standalone","","","31 Jul 2018"
"19/07/2018 22:18","Purchase","'70838153003588512","WXR1982","","PRIMAX 95","Billed","20.00","44.00","PSS MRR2 BATU CAVES","","Standalone","","","31 Jul 2018"
"19/07/2018 09:35","Purchase","'70838153003588512","WXR1982","","Diesel","Billed","36.70","80.00","PSS KL-KARAK","","Standalone","","","31 Jul 2018"
"18/07/2018 07:31","Purchase","'70838153003588512","WXR1982","","PRIMAX 95","Billed","4.61","10.15","PSS MRR2 BATU CAVES","","Standalone","","","31 Jul 2018"
"18/07/2018 07:29","Reload","'70838153003588512","WXR1982","","","Billed","","-200.00","PSS MRR2 BATU CAVES","","Standalone","","","31 Jul 2018"
"12/07/2018 13:47","Purchase","'70838153003588512","WXR1982","","PRIMAX 95","Billed","4.09","8.99","PSS TAMAN DAYA KEPONG","","Standalone","","","31 Jul 2018"
"10/07/2018 13:12","Purchase","'70838153003588512","WXR1982","","PRIMAX 95","Billed","3.64","8.00","PSS SENTUL","","Standalone","","","31 Jul 2018"