"Date Time","Transaction Type","Card Number","Vehicle Number","Driver Card Number","Product Type","Billing Type","Transaction Volume (Litres)","Transaction Amount (RM)","Station Name","Odometer","Card Type","Cost Centre","Cost Centre Name","Statement Month"
"28/07/2018 22:19","Purchase","'70838153003884127","WXR 6753","","PRIMAX 95","Billed","22.73","50.00","PSS JLN KUCHING","","Standalone","","","31 Jul 2018"
"28/07/2018 22:18","Reload","'70838153003884127","WXR 6753","","","Billed","","-50.00","PSS JLN KUCHING","","Standalone","","","31 Jul 2018"
"28/07/2018 17:42","Purchase","'70838153003884127","WXR 6753","","PRIMAX 95","Billed","2.27","5.00","PSS JALAN JAMBU JERTEH","","Standalone","","","31 Jul 2018"
"25/07/2018 08:23","Purchase","'70838153003884127","WXR 6753","","PRIMAX 95","Billed","2.27","5.00","PSS JALAN JAMBU JERTEH","","Standalone","","","31 Jul 2018"
"23/07/2018 07:28","Purchase","'70838153003884127","WXR 6753","","PRIMAX 95","Billed","2.27","5.00","PSS JALAN JAMBU JERTEH","","Standalone","","","31 Jul 2018"
"22/07/2018 13:07","Purchase","'70838153003884127","WXR 6753","","PRIMAX 95","Billed","13.64","30.00","PSS GRAND SAGA 3","","Standalone","","","31 Jul 2018"
"22/07/2018 13:05","Reload","'70838153003884127","WXR 6753","","","Billed","","-50.00","PSS GRAND SAGA 3","","Standalone","","","31 Jul 2018"
"14/07/2018 08:07","Purchase","'70838153003884127","WXR 6753","","PRIMAX 95","Billed","2.27","5.00","PSS JALAN JAMBU JERTEH","","Standalone","","","31 Jul 2018"
"12/07/2018 16:24","Purchase","'70838153003884127","WXR 6753","","PRIMAX 95","Billed","2.27","5.00","PSS JALAN JAMBU JERTEH","","Standalone","","","31 Jul 2018"
"07/07/2018 19:44","Purchase","'70838153003884127","WXR 6753","","PRIMAX 95","Billed","2.27","5.00","PSS JALAN JAMBU JERTEH","","Standalone","","","31 Jul 2018"