"Date Time","Transaction Type","Card Number","Vehicle Number","Driver Card Number","Product Type","Billing Type","Transaction Volume (Litres)","Transaction Amount (RM)","Station Name","Odometer","Card Type","Cost Centre","Cost Centre Name","Statement Month"
"27/07/2018 09:17","Purchase","'70838153003886148","WXR 6895","","PRIMAX 95","Billed","1.36","3.00","PSS KM 305 PLUS ARAH SELATAN","","Standalone","","","31 Jul 2018"
"22/07/2018 01:47","Purchase","'70838153003886148","WXR 6895","","PRIMAX 95","Billed","13.64","30.00","PSS TAMAN MALURI","","Standalone","","","31 Jul 2018"
"20/07/2018 20:18","Purchase","'70838153003886148","WXR 6895","","PRIMAX 95","Billed","13.64","30.00","PSS  LATAR 2 (KLS ARAH KL)","","Standalone","","","31 Jul 2018"
"19/07/2018 07:34","Purchase","'70838153003886148","WXR 6895","","PRIMAX 95","Billed","3.18","7.00","PSS SG BULOH LAYBY","","Standalone","","","31 Jul 2018"
"18/07/2018 19:35","Purchase","'70838153003886148","WXR 6895","","PRIMAX 95","Billed","13.64","30.00","PSS BANDAR TASEK PUTERI","","Standalone","","","31 Jul 2018"
"18/07/2018 19:32","Reload","'70838153003886148","WXR 6895","","","Billed","","-100.00","PSS BANDAR TASEK PUTERI","","Standalone","","","31 Jul 2018"
"16/07/2018 07:38","Purchase","'70838153003886148","WXR 6895","","PRIMAX 95","Billed","2.27","5.00","PSS SG BULOH LAYBY","","Standalone","","","31 Jul 2018"
"14/07/2018 03:46","Purchase","'70838153003886148","WXR 6895","","PRIMAX 95","Billed","18.18","40.00","PSS LOT 59 JALAN AMPANG","","Standalone","","","31 Jul 2018"
"14/07/2018 03:42","Reload","'70838153003886148","WXR 6895","","","Billed","","-40.00","PSS LOT 59 JALAN AMPANG","","Standalone","","","31 Jul 2018"
"13/07/2018 22:04","Purchase","'70838153003886148","WXR 6895","","PRIMAX 95","Billed","18.18","40.00","PSS BANDAR TASEK PUTERI","","Standalone","","","31 Jul 2018"
"13/07/2018 19:11","Reload","'70838153003886148","WXR 6895","","","Billed","","-30.00","PSS BANDAR TASEK PUTERI","","Standalone","","","31 Jul 2018"
"12/07/2018 19:19","Purchase","'70838153003886148","WXR 6895","","PRIMAX 95","Billed","2.27","5.00","PSS LATAR 1 (KLS ARAH KUALA SEL)","","Standalone","","","31 Jul 2018"