"Date Time","Transaction Type","Card Number","Vehicle Number","Driver Card Number","Product Type","Billing Type","Transaction Volume (Litres)","Transaction Amount (RM)","Station Name","Odometer","Card Type","Cost Centre","Cost Centre Name","Statement Month"
"31/07/2018 09:27","Purchase","'70838153003498837","WXR895","","PRIMAX 95","Billed","22.73","50.00","PSS TASEK","244242","Standalone","","","31 Jul 2018"
"28/07/2018 16:57","Purchase","'70838153003498837","WXR895","","PRIMAX 95","Billed","22.73","50.00","PSS SUNGAI PERAK (S)","244042","Standalone","","","31 Jul 2018"
"28/07/2018 16:54","Reload","'70838153003498837","WXR895","","","Billed","","-100.00","PSS SUNGAI PERAK (S)","","Standalone","","","31 Jul 2018"
"27/07/2018 16:00","Purchase","'70838153003498837","WXR895","","PRIMAX 95","Billed","22.72","49.99","PSS GUNUNG LANG","243895","Standalone","","","31 Jul 2018"
"24/07/2018 09:23","Purchase","'70838153003498837","WXR895","","PRIMAX 95","Billed","45.46","100.01","PSS TASEK","243444","Standalone","","","31 Jul 2018"
"24/07/2018 09:20","Reload","'70838153003498837","WXR895","","","Billed","","-150.00","PSS TASEK","","Standalone","","","31 Jul 2018"
"21/07/2018 14:45","Purchase","'70838153003498837","WXR895","","PRIMAX 95","Billed","22.73","50.00","PSS SUNGAI PERAK (S)","243202","Standalone","","","31 Jul 2018"
"19/07/2018 16:04","Purchase","'70838153003498837","WXR895","","PRIMAX 95","Billed","22.73","50.00","PSS TASEK","242989","Standalone","","","31 Jul 2018"
"19/07/2018 16:01","Reload","'70838153003498837","WXR895","","","Billed","","-100.00","PSS TASEK","","Standalone","","","31 Jul 2018"
"18/07/2018 09:42","Purchase","'70838153003498837","WXR895","","PRIMAX 95","Billed","22.73","50.00","PSS GUNUNG LANG","242762","Standalone","","","31 Jul 2018"
"16/07/2018 21:30","Purchase","'70838153003498837","WXR895","","PRIMAX 95","Billed","22.73","50.00","PSS SUNGAI PERAK (S)","242608","Standalone","","","31 Jul 2018"
"16/07/2018 13:00","Purchase","'70838153003498837","WXR895","","PRIMAX 95","Billed","22.73","50.00","PSS TASEK","242320","Standalone","","","31 Jul 2018"
"15/07/2018 14:07","Purchase","'70838153003498837","WXR895","","PRIMAX 95","Billed","22.73","50.00","PSS PADANG RENGAS","242164","Standalone","","","31 Jul 2018"
"15/07/2018 14:04","Reload","'70838153003498837","WXR895","","","Billed","","-200.00","PSS PADANG RENGAS","","Standalone","","","31 Jul 2018"
"14/07/2018 09:17","Purchase","'70838153003498837","WXR895","","PRIMAX 95","Billed","18.18","40.00","PSS PADANG RENGAS","241972","Standalone","","","31 Jul 2018"
"13/07/2018 08:44","Purchase","'70838153003498837","WXR895","","PRIMAX 95","Billed","22.73","50.00","PSS GUNUNG LANG","241776","Standalone","","","31 Jul 2018"
"11/07/2018 09:48","Purchase","'70838153003498837","WXR895","","PRIMAX 95","Billed","22.73","50.00","PSS GUNUNG LANG","241632","Standalone","","","31 Jul 2018"
"08/07/2018 11:59","Purchase","'70838153003498837","WXR895","","PRIMAX 95","Billed","27.28","60.00","PSS KOTA KENARI","241359","Standalone","","","31 Jul 2018"
"08/07/2018 11:57","Reload","'70838153003498837","WXR895","","","Billed","","-200.00","PSS KOTA KENARI","","Standalone","","","31 Jul 2018"
"07/07/2018 10:17","Purchase","'70838153003498837","WXR895","","PRIMAX 95","Billed","22.73","50.00","PSS TASEK","241094","Standalone","","","31 Jul 2018"
"05/07/2018 19:01","Purchase","'70838153003498837","WXR895","","PRIMAX 95","Billed","22.73","50.00","PSS TASEK","240931","Standalone","","","31 Jul 2018"
"04/07/2018 10:59","Purchase","'70838153003498837","WXR895","","PRIMAX 95","Billed","22.73","50.00","PSS TASEK","240709","Standalone","","","31 Jul 2018"
"02/07/2018 12:41","Purchase","'70838153003498837","WXR895","","PRIMAX 95","Billed","22.73","50.00","PSS TASEK","240478","Standalone","","","31 Jul 2018"
"02/07/2018 12:40","Reload","'70838153003498837","WXR895","","","Billed","","-200.00","PSS TASEK","","Standalone","","","31 Jul 2018"
"02/07/2018 12:38","Purchase","'70838153003498837","WXR895","","PRIMAX 95","Billed","4.74","10.42","PSS TASEK","240478","Standalone","","","31 Jul 2018"
"01/07/2018 13:02","Purchase","'70838153003498837","WXR895","","PRIMAX 95","Billed","22.73","50.00","PSS TASEK","240260","Standalone","","","31 Jul 2018"