"Date Time","Transaction Type","Card Number","Vehicle Number","Driver Card Number","Product Type","Billing Type","Transaction Volume (Litres)","Transaction Amount (RM)","Station Name","Odometer","Card Type","Cost Centre","Cost Centre Name","Statement Month"
"25/07/2018 16:43","Purchase","'70838153003423116","WXR1","","PRIMAX 95","Billed","43.09","94.79","PSS SALAK JAYA","","Standalone","","","31 Jul 2018"
"16/07/2018 22:48","Purchase","'70838153003423116","WXR1","","PRIMAX 95","Billed","40.22","88.47","PSS BANGSAR","","Standalone","","","31 Jul 2018"
"11/07/2018 11:52","Purchase","'70838153003423116","WXR1","","PRIMAX 95","Billed","39.09","86.00","PSS NPE PANTAI DALAM","","Standalone","","","31 Jul 2018"
"11/07/2018 11:51","Reload","'70838153003423116","WXR1","","","Billed","","-100.00","PSS NPE PANTAI DALAM","","Standalone","","","31 Jul 2018"
"06/07/2018 09:57","Purchase","'70838153003423116","WXR1","","PRIMAX 95","Billed","31.82","70.00","PSS NPE PANTAI DALAM","","Standalone","","","31 Jul 2018"
"06/07/2018 09:56","Reload","'70838153003423116","WXR1","","","Billed","","-70.00","PSS NPE PANTAI DALAM","","Standalone","","","31 Jul 2018"