"Date Time","Transaction Type","Card Number","Vehicle Number","Driver Card Number","Product Type","Billing Type","Transaction Volume (Litres)","Transaction Amount (RM)","Station Name","Odometer","Card Type","Cost Centre","Cost Centre Name","Statement Month"
"31/07/2018 18:16","Purchase","'70838153003581491","WXR1098","","PRIMAX 95","Un-billed","54.59","120.09","PSS BRICKFIELDS","","Standalone","","","Unbilled Transaction"
"26/07/2018 18:14","Purchase","'70838153003581491","WXR1098","","PRIMAX 95","Billed","53.18","117.00","PSS SRI HARTAMAS","","Standalone","","","31 Jul 2018"
"22/07/2018 07:04","Purchase","'70838153003581491","WXR1098","","PRIMAX 95","Billed","53.20","117.03","PSS KLIA 1","","Standalone","","","31 Jul 2018"
"15/07/2018 18:42","Purchase","'70838153003581491","WXR1098","","PRIMAX 95","Billed","57.73","127.01","PSS JALAN SELANGOR","","Standalone","","","31 Jul 2018"
"13/07/2018 13:51","Reload","'70838153003581491","WXR1098","","","Billed","","-600.00","PSS SEK 17 SUBANG JAYA","","Standalone","","","31 Jul 2018"
"10/07/2018 21:41","Purchase","'70838153003581491","WXR1098","","PRIMAX 95","Billed","44.55","98.01","PSS LEBUHRAYA SPRINT","","Standalone","","","31 Jul 2018"
"05/07/2018 17:31","Purchase","'70838153003581491","WXR1098","","PRIMAX 95","Billed","54.58","120.07","PSS SRI HARTAMAS","","Standalone","","","31 Jul 2018"