"Date Time","Transaction Type","Card Number","Vehicle Number","Driver Card Number","Product Type","Billing Type","Transaction Volume (Litres)","Transaction Amount (RM)","Station Name","Odometer","Card Type","Cost Centre","Cost Centre Name","Statement Month"
"28/07/2018 09:25","Purchase","'70838153003680061","WXR 2643","","PRIMAX 95","Billed","6.82","15.00","PSS LOT 4783 BUKIT JALIL","","Standalone","","","31 Jul 2018"
"23/07/2018 17:21","Purchase","'70838153003680061","WXR 2643","","PRIMAX 95","Billed","38.18","84.00","PSS SUNGAI BESI - PUCHONG BYPASS","","Standalone","","","31 Jul 2018"
"23/07/2018 17:20","Reload","'70838153003680061","WXR 2643","","","Billed","","-100.00","PSS SUNGAI BESI - PUCHONG BYPASS","","Standalone","","","31 Jul 2018"
"18/07/2018 19:57","Purchase","'70838153003680061","WXR 2643","","PRIMAX 95","Billed","13.64","30.00","PSS SUNGAI BESI - PUCHONG BYPASS","5160","Standalone","","","31 Jul 2018"
"18/07/2018 19:54","Reload","'70838153003680061","WXR 2643","","","Billed","","-30.00","PSS SUNGAI BESI - PUCHONG BYPASS","","Standalone","","","31 Jul 2018"
"08/07/2018 10:37","Purchase","'70838153003680061","WXR 2643","","PRIMAX 95","Billed","22.73","50.00","PSS SUNGAI BESI - PUCHONG BYPASS","","Standalone","","","31 Jul 2018"
"08/07/2018 10:36","Reload","'70838153003680061","WXR 2643","","","Billed","","-50.00","PSS SUNGAI BESI - PUCHONG BYPASS","","Standalone","","","31 Jul 2018"