"Date Time","Transaction Type","Card Number","Vehicle Number","Driver Card Number","Product Type","Billing Type","Transaction Volume (Litres)","Transaction Amount (RM)","Station Name","Odometer","Card Type","Cost Centre","Cost Centre Name","Statement Month"
"30/07/2018 23:03","Purchase","'70838153003422928","WXR85","","PRIMAX 95","Billed","9.09","20.00","PSS JALAN LAHAT MENGLEMBU","","Standalone","","","31 Jul 2018"
"30/07/2018 23:01","Reload","'70838153003422928","WXR85","","","Billed","","-20.00","PSS JALAN LAHAT MENGLEMBU","","Standalone","","","31 Jul 2018"
"29/07/2018 19:42","Purchase","'70838153003422928","WXR85","","PRIMAX 95","Billed","13.64","30.00","PSS JALAN LAHAT MENGLEMBU","","Standalone","","","31 Jul 2018"
"29/07/2018 19:40","Reload","'70838153003422928","WXR85","","","Billed","","-30.00","PSS JALAN LAHAT MENGLEMBU","","Standalone","","","31 Jul 2018"
"28/07/2018 12:03","Purchase","'70838153003422928","WXR85","","PRIMAX 95","Billed","13.64","30.00","PSS JALAN LAHAT MENGLEMBU","","Standalone","","","31 Jul 2018"
"28/07/2018 12:01","Reload","'70838153003422928","WXR85","","","Billed","","-30.00","PSS JALAN LAHAT MENGLEMBU","","Standalone","","","31 Jul 2018"
"27/07/2018 20:38","Purchase","'70838153003422928","WXR85","","PRIMAX 95","Billed","13.64","30.00","PSS JALAN LAHAT MENGLEMBU","","Standalone","","","31 Jul 2018"
"27/07/2018 20:37","Reload","'70838153003422928","WXR85","","","Billed","","-30.00","PSS JALAN LAHAT MENGLEMBU","","Standalone","","","31 Jul 2018"
"26/07/2018 21:42","Purchase","'70838153003422928","WXR85","","PRIMAX 95","Billed","13.64","30.00","PSS JALAN LAHAT MENGLEMBU","","Standalone","","","31 Jul 2018"
"26/07/2018 21:40","Reload","'70838153003422928","WXR85","","","Billed","","-30.00","PSS JALAN LAHAT MENGLEMBU","","Standalone","","","31 Jul 2018"
"25/07/2018 20:47","Purchase","'70838153003422928","WXR85","","PRIMAX 95","Billed","13.64","30.00","PSS JALAN LAHAT MENGLEMBU","","Standalone","","","31 Jul 2018"
"25/07/2018 20:46","Reload","'70838153003422928","WXR85","","","Billed","","-30.00","PSS JALAN LAHAT MENGLEMBU","","Standalone","","","31 Jul 2018"
"24/07/2018 23:31","Purchase","'70838153003422928","WXR85","","PRIMAX 95","Billed","13.64","30.00","PSS GUNUNG LANG","","Standalone","","","31 Jul 2018"
"24/07/2018 23:30","Reload","'70838153003422928","WXR85","","","Billed","","-30.00","PSS GUNUNG LANG","","Standalone","","","31 Jul 2018"
"23/07/2018 14:40","Purchase","'70838153003422928","WXR85","","PRIMAX 95","Billed","22.73","50.00","PSS TAPAH ARAH UTARA","","Standalone","","","31 Jul 2018"
"23/07/2018 14:38","Reload","'70838153003422928","WXR85","","","Billed","","-50.00","PSS TAPAH ARAH UTARA","","Standalone","","","31 Jul 2018"
"23/07/2018 05:43","Purchase","'70838153003422928","WXR85","","PRIMAX 95","Billed","22.73","50.00","PSS SIMPANG PULAI ARAH SELATAN","","Standalone","","","31 Jul 2018"
"23/07/2018 05:41","Reload","'70838153003422928","WXR85","","","Billed","","-50.00","PSS SIMPANG PULAI ARAH SELATAN","","Standalone","","","31 Jul 2018"
"21/07/2018 20:39","Purchase","'70838153003422928","WXR85","","PRIMAX 95","Billed","13.64","30.00","PSS JALAN LAHAT MENGLEMBU","","Standalone","","","31 Jul 2018"
"21/07/2018 20:37","Reload","'70838153003422928","WXR85","","","Billed","","-30.00","PSS JALAN LAHAT MENGLEMBU","","Standalone","","","31 Jul 2018"
"20/07/2018 22:55","Purchase","'70838153003422928","WXR85","","PRIMAX 95","Billed","13.64","30.00","PSS JALAN LAHAT MENGLEMBU","","Standalone","","","31 Jul 2018"
"20/07/2018 22:53","Reload","'70838153003422928","WXR85","","","Billed","","-30.00","PSS JALAN LAHAT MENGLEMBU","","Standalone","","","31 Jul 2018"
"19/07/2018 10:12","Purchase","'70838153003422928","WXR85","","PRIMAX 95","Billed","13.64","30.00","PSS JALAN LAHAT MENGLEMBU","","Standalone","","","31 Jul 2018"
"19/07/2018 10:10","Reload","'70838153003422928","WXR85","","","Billed","","-30.00","PSS JALAN LAHAT MENGLEMBU","","Standalone","","","31 Jul 2018"
"18/07/2018 10:46","Purchase","'70838153003422928","WXR85","","PRIMAX 95","Billed","13.64","30.00","PSS TAMAN SAUJANA BATU GAJAH","","Standalone","","","31 Jul 2018"
"18/07/2018 10:44","Reload","'70838153003422928","WXR85","","","Billed","","-30.00","PSS TAMAN SAUJANA BATU GAJAH","","Standalone","","","31 Jul 2018"
"17/07/2018 09:41","Purchase","'70838153003422928","WXR85","","PRIMAX 95","Billed","13.64","30.00","PSS TAMAN SAUJANA BATU GAJAH","","Standalone","","","31 Jul 2018"
"17/07/2018 09:39","Reload","'70838153003422928","WXR85","","","Billed","","-30.00","PSS TAMAN SAUJANA BATU GAJAH","","Standalone","","","31 Jul 2018"
"16/07/2018 18:03","Purchase","'70838153003422928","WXR85","","PRIMAX 95","Billed","13.64","30.00","PSS JALAN LAHAT MENGLEMBU","","Standalone","","","31 Jul 2018"
"16/07/2018 18:02","Reload","'70838153003422928","WXR85","","","Billed","","-30.00","PSS JALAN LAHAT MENGLEMBU","","Standalone","","","31 Jul 2018"
"15/07/2018 17:47","Purchase","'70838153003422928","WXR85","","PRIMAX 95","Billed","13.64","30.00","PSS JALAN LAHAT MENGLEMBU","","Standalone","","","31 Jul 2018"
"15/07/2018 17:45","Reload","'70838153003422928","WXR85","","","Billed","","-30.00","PSS JALAN LAHAT MENGLEMBU","","Standalone","","","31 Jul 2018"
"14/07/2018 19:51","Purchase","'70838153003422928","WXR85","","PRIMAX 95","Billed","13.64","30.00","PSS JALAN LAHAT MENGLEMBU","","Standalone","","","31 Jul 2018"
"14/07/2018 19:49","Reload","'70838153003422928","WXR85","","","Billed","","-30.00","PSS JALAN LAHAT MENGLEMBU","","Standalone","","","31 Jul 2018"
"13/07/2018 22:29","Purchase","'70838153003422928","WXR85","","PRIMAX 95","Billed","13.64","30.00","PSS JALAN LAHAT MENGLEMBU","","Standalone","","","31 Jul 2018"
"13/07/2018 22:27","Reload","'70838153003422928","WXR85","","","Billed","","-30.00","PSS JALAN LAHAT MENGLEMBU","","Standalone","","","31 Jul 2018"
"12/07/2018 00:21","Purchase","'70838153003422928","WXR85","","PRIMAX 95","Billed","9.09","20.00","PSS JLN RAJA DIHILIR","","Standalone","","","31 Jul 2018"
"12/07/2018 00:20","Reload","'70838153003422928","WXR85","","","Billed","","-20.00","PSS JLN RAJA DIHILIR","","Standalone","","","31 Jul 2018"
"10/07/2018 23:15","Purchase","'70838153003422928","WXR85","","PRIMAX 95","Billed","9.09","20.00","PSS BANDAR MERU RAYA","","Standalone","","","31 Jul 2018"
"10/07/2018 23:14","Reload","'70838153003422928","WXR85","","","Billed","","-20.00","PSS BANDAR MERU RAYA","","Standalone","","","31 Jul 2018"
"09/07/2018 08:56","Purchase","'70838153003422928","WXR85","","PRIMAX 95","Billed","13.64","30.00","PSS TAMAN SAUJANA BATU GAJAH","","Standalone","","","31 Jul 2018"
"09/07/2018 08:54","Reload","'70838153003422928","WXR85","","","Billed","","-30.00","PSS TAMAN SAUJANA BATU GAJAH","","Standalone","","","31 Jul 2018"
"06/07/2018 18:58","Purchase","'70838153003422928","WXR85","","PRIMAX 95","Billed","15.00","33.00","PSS JALAN LAHAT MENGLEMBU","","Standalone","","","31 Jul 2018"
"06/07/2018 18:56","Reload","'70838153003422928","WXR85","","","Billed","","-30.00","PSS JALAN LAHAT MENGLEMBU","","Standalone","","","31 Jul 2018"
"04/07/2018 20:45","Purchase","'70838153003422928","WXR85","","PRIMAX 95","Billed","12.28","27.00","PSS JALAN LAHAT MENGLEMBU","","Standalone","","","31 Jul 2018"
"04/07/2018 20:44","Reload","'70838153003422928","WXR85","","","Billed","","-30.00","PSS JALAN LAHAT MENGLEMBU","","Standalone","","","31 Jul 2018"
"03/07/2018 20:40","Purchase","'70838153003422928","WXR85","","PRIMAX 95","Billed","13.64","30.00","PSS JALAN LAHAT MENGLEMBU","","Standalone","","","31 Jul 2018"
"03/07/2018 20:36","Reload","'70838153003422928","WXR85","","","Billed","","-30.00","PSS JALAN LAHAT MENGLEMBU","","Standalone","","","31 Jul 2018"
"02/07/2018 21:20","Purchase","'70838153003422928","WXR85","","PRIMAX 95","Billed","17.75","39.04","PSS JALAN LAHAT MENGLEMBU","","Standalone","","","31 Jul 2018"
"02/07/2018 21:18","Reload","'70838153003422928","WXR85","","","Billed","","-30.00","PSS JALAN LAHAT MENGLEMBU","","Standalone","","","31 Jul 2018"
"01/07/2018 09:42","Purchase","'70838153003422928","WXR85","","PRIMAX 95","Billed","13.95","30.68","PSS TAMAN PENGKALAN UTAMA","","Standalone","","","31 Jul 2018"
"01/07/2018 09:41","Reload","'70838153003422928","WXR85","","","Billed","","-30.00","PSS TAMAN PENGKALAN UTAMA","","Standalone","","","31 Jul 2018"